21-Aug-2025 15:25:37.035 INFO [main] org.apache.catalina.startup.VersionLoggerListener.log Server version name:   Apache Tomcat/10.1.44
21-Aug-2025 15:25:37.037 INFO [main] org.apache.catalina.startup.VersionLoggerListener.log Server built:          Aug 4 2025 13:14:17 UTC
21-Aug-2025 15:25:37.037 INFO [main] org.apache.catalina.startup.VersionLoggerListener.log Server version number: 10.1.44.0
21-Aug-2025 15:25:37.037 INFO [main] org.apache.catalina.startup.VersionLoggerListener.log OS Name:               Mac OS X
21-Aug-2025 15:25:37.037 INFO [main] org.apache.catalina.startup.VersionLoggerListener.log OS Version:            15.6
21-Aug-2025 15:25:37.037 INFO [main] org.apache.catalina.startup.VersionLoggerListener.log Architecture:          aarch64
21-Aug-2025 15:25:37.037 INFO [main] org.apache.catalina.startup.VersionLoggerListener.log Java Home:             /opt/homebrew/Cellar/openjdk@17/17.0.15/libexec/openjdk.jdk/Contents/Home
21-Aug-2025 15:25:37.037 INFO [main] org.apache.catalina.startup.VersionLoggerListener.log JVM Version:           17.0.15+0
21-Aug-2025 15:25:37.037 INFO [main] org.apache.catalina.startup.VersionLoggerListener.log JVM Vendor:            Homebrew
21-Aug-2025 15:25:37.037 INFO [main] org.apache.catalina.startup.VersionLoggerListener.log CATALINA_BASE:         /Users/nguyendinhtanloc/Documents/Semester_1_2025/Web/apache-tomcat-10.1.44
21-Aug-2025 15:25:37.037 INFO [main] org.apache.catalina.startup.VersionLoggerListener.log CATALINA_HOME:         /Users/nguyendinhtanloc/Documents/Semester_1_2025/Web/apache-tomcat-10.1.44
21-Aug-2025 15:25:37.067 INFO [main] org.apache.catalina.startup.VersionLoggerListener.log Command line argument: -Djava.util.logging.config.file=/Users/nguyendinhtanloc/Documents/Semester_1_2025/Web/apache-tomcat-10.1.44/conf/logging.properties
21-Aug-2025 15:25:37.068 INFO [main] org.apache.catalina.startup.VersionLoggerListener.log Command line argument: -Djava.util.logging.manager=org.apache.juli.ClassLoaderLogManager
21-Aug-2025 15:25:37.068 INFO [main] org.apache.catalina.startup.VersionLoggerListener.log Command line argument: -Djdk.tls.ephemeralDHKeySize=2048
21-Aug-2025 15:25:37.068 INFO [main] org.apache.catalina.startup.VersionLoggerListener.log Command line argument: -Djava.protocol.handler.pkgs=org.apache.catalina.webresources
21-Aug-2025 15:25:37.068 INFO [main] org.apache.catalina.startup.VersionLoggerListener.log Command line argument: -Dsun.io.useCanonCaches=false
21-Aug-2025 15:25:37.068 INFO [main] org.apache.catalina.startup.VersionLoggerListener.log Command line argument: -Dorg.apache.catalina.security.SecurityListener.UMASK=0027
21-Aug-2025 15:25:37.068 INFO [main] org.apache.catalina.startup.VersionLoggerListener.log Command line argument: --add-opens=java.base/java.lang=ALL-UNNAMED
21-Aug-2025 15:25:37.068 INFO [main] org.apache.catalina.startup.VersionLoggerListener.log Command line argument: --add-opens=java.base/java.lang.reflect=ALL-UNNAMED
21-Aug-2025 15:25:37.068 INFO [main] org.apache.catalina.startup.VersionLoggerListener.log Command line argument: --add-opens=java.base/java.io=ALL-UNNAMED
21-Aug-2025 15:25:37.068 INFO [main] org.apache.catalina.startup.VersionLoggerListener.log Command line argument: --add-opens=java.base/java.util=ALL-UNNAMED
21-Aug-2025 15:25:37.068 INFO [main] org.apache.catalina.startup.VersionLoggerListener.log Command line argument: --add-opens=java.base/java.util.concurrent=ALL-UNNAMED
21-Aug-2025 15:25:37.068 INFO [main] org.apache.catalina.startup.VersionLoggerListener.log Command line argument: --add-opens=java.rmi/sun.rmi.transport=ALL-UNNAMED
21-Aug-2025 15:25:37.068 INFO [main] org.apache.catalina.startup.VersionLoggerListener.log Command line argument: -Dcatalina.base=/Users/nguyendinhtanloc/Documents/Semester_1_2025/Web/apache-tomcat-10.1.44
21-Aug-2025 15:25:37.068 INFO [main] org.apache.catalina.startup.VersionLoggerListener.log Command line argument: -Dcatalina.home=/Users/nguyendinhtanloc/Documents/Semester_1_2025/Web/apache-tomcat-10.1.44
21-Aug-2025 15:25:37.068 INFO [main] org.apache.catalina.startup.VersionLoggerListener.log Command line argument: -Djava.io.tmpdir=/Users/nguyendinhtanloc/Documents/Semester_1_2025/Web/apache-tomcat-10.1.44/temp
21-Aug-2025 15:25:37.075 INFO [main] org.apache.catalina.core.AprLifecycleListener.lifecycleEvent The Apache Tomcat Native library which allows using OpenSSL was not found on the java.library.path: [/Users/nguyendinhtanloc/Library/Java/Extensions:/Library/Java/Extensions:/Network/Library/Java/Extensions:/System/Library/Java/Extensions:/usr/lib/java:.]
21-Aug-2025 15:25:37.195 INFO [main] org.apache.coyote.AbstractProtocol.init Initializing ProtocolHandler ["http-nio-8080"]
21-Aug-2025 15:25:37.224 INFO [main] org.apache.catalina.startup.Catalina.load Server initialization in [283] milliseconds
21-Aug-2025 15:25:37.242 INFO [main] org.apache.catalina.core.StandardService.startInternal Starting service [Catalina]
21-Aug-2025 15:25:37.242 INFO [main] org.apache.catalina.core.StandardEngine.startInternal Starting Servlet engine: [Apache Tomcat/10.1.44]
21-Aug-2025 15:25:37.245 INFO [main] org.apache.catalina.startup.HostConfig.deployDirectory Deploying web application directory [/Users/nguyendinhtanloc/Documents/Semester_1_2025/Web/apache-tomcat-10.1.44/webapps/docs]
21-Aug-2025 15:25:37.366 INFO [main] org.apache.catalina.startup.HostConfig.deployDirectory Deployment of web application directory [/Users/nguyendinhtanloc/Documents/Semester_1_2025/Web/apache-tomcat-10.1.44/webapps/docs] has finished in [121] ms
21-Aug-2025 15:25:37.366 INFO [main] org.apache.catalina.startup.HostConfig.deployDirectory Deploying web application directory [/Users/nguyendinhtanloc/Documents/Semester_1_2025/Web/apache-tomcat-10.1.44/webapps/manager]
21-Aug-2025 15:25:37.379 INFO [main] org.apache.catalina.startup.HostConfig.deployDirectory Deployment of web application directory [/Users/nguyendinhtanloc/Documents/Semester_1_2025/Web/apache-tomcat-10.1.44/webapps/manager] has finished in [13] ms
21-Aug-2025 15:25:37.379 INFO [main] org.apache.catalina.startup.HostConfig.deployDirectory Deploying web application directory [/Users/nguyendinhtanloc/Documents/Semester_1_2025/Web/apache-tomcat-10.1.44/webapps/examples]
21-Aug-2025 15:25:37.474 INFO [main] org.apache.catalina.startup.HostConfig.deployDirectory Deployment of web application directory [/Users/nguyendinhtanloc/Documents/Semester_1_2025/Web/apache-tomcat-10.1.44/webapps/examples] has finished in [95] ms
21-Aug-2025 15:25:37.474 INFO [main] org.apache.catalina.startup.HostConfig.deployDirectory Deploying web application directory [/Users/nguyendinhtanloc/Documents/Semester_1_2025/Web/apache-tomcat-10.1.44/webapps/ROOT]
21-Aug-2025 15:25:37.481 INFO [main] org.apache.catalina.startup.HostConfig.deployDirectory Deployment of web application directory [/Users/nguyendinhtanloc/Documents/Semester_1_2025/Web/apache-tomcat-10.1.44/webapps/ROOT] has finished in [7] ms
21-Aug-2025 15:25:37.481 INFO [main] org.apache.catalina.startup.HostConfig.deployDirectory Deploying web application directory [/Users/nguyendinhtanloc/Documents/Semester_1_2025/Web/apache-tomcat-10.1.44/webapps/host-manager]
21-Aug-2025 15:25:37.488 INFO [main] org.apache.catalina.startup.HostConfig.deployDirectory Deployment of web application directory [/Users/nguyendinhtanloc/Documents/Semester_1_2025/Web/apache-tomcat-10.1.44/webapps/host-manager] has finished in [7] ms
21-Aug-2025 15:25:37.489 INFO [main] org.apache.coyote.AbstractProtocol.start Starting ProtocolHandler ["http-nio-8080"]
21-Aug-2025 15:25:37.495 INFO [main] org.apache.catalina.startup.Catalina.start Server startup in [270] milliseconds
21-Aug-2025 15:55:24.092 INFO [main] org.apache.catalina.core.StandardServer.await A valid shutdown command was received via the shutdown port. Stopping the Server instance.
21-Aug-2025 15:55:24.094 INFO [main] org.apache.coyote.AbstractProtocol.pause Pausing ProtocolHandler ["http-nio-8080"]
21-Aug-2025 15:55:25.098 INFO [main] org.apache.catalina.core.StandardService.stopInternal Stopping service [Catalina]
21-Aug-2025 15:55:25.131 INFO [main] org.apache.coyote.AbstractProtocol.stop Stopping ProtocolHandler ["http-nio-8080"]
21-Aug-2025 15:55:25.736 WARNING [main] org.apache.tomcat.util.net.Acceptor.stopMillis The acceptor thread [http-nio-8080-Acceptor] did not stop cleanly
21-Aug-2025 15:55:25.747 INFO [main] org.apache.coyote.AbstractProtocol.destroy Destroying ProtocolHandler ["http-nio-8080"]
22-Aug-2025 02:07:47.792 INFO [main] org.apache.catalina.startup.VersionLoggerListener.log Server version name:   Apache Tomcat/10.1.44
22-Aug-2025 02:07:47.795 INFO [main] org.apache.catalina.startup.VersionLoggerListener.log Server built:          Aug 4 2025 13:14:17 UTC
22-Aug-2025 02:07:47.795 INFO [main] org.apache.catalina.startup.VersionLoggerListener.log Server version number: 10.1.44.0
22-Aug-2025 02:07:47.795 INFO [main] org.apache.catalina.startup.VersionLoggerListener.log OS Name:               Mac OS X
22-Aug-2025 02:07:47.795 INFO [main] org.apache.catalina.startup.VersionLoggerListener.log OS Version:            15.6
22-Aug-2025 02:07:47.795 INFO [main] org.apache.catalina.startup.VersionLoggerListener.log Architecture:          aarch64
22-Aug-2025 02:07:47.795 INFO [main] org.apache.catalina.startup.VersionLoggerListener.log Java Home:             /opt/homebrew/Cellar/openjdk@17/17.0.15/libexec/openjdk.jdk/Contents/Home
22-Aug-2025 02:07:47.795 INFO [main] org.apache.catalina.startup.VersionLoggerListener.log JVM Version:           17.0.15+0
22-Aug-2025 02:07:47.795 INFO [main] org.apache.catalina.startup.VersionLoggerListener.log JVM Vendor:            Homebrew
22-Aug-2025 02:07:47.795 INFO [main] org.apache.catalina.startup.VersionLoggerListener.log CATALINA_BASE:         /Users/nguyendinhtanloc/Documents/Semester_1_2025/Web/apache-tomcat-10.1.44
22-Aug-2025 02:07:47.795 INFO [main] org.apache.catalina.startup.VersionLoggerListener.log CATALINA_HOME:         /Users/nguyendinhtanloc/Documents/Semester_1_2025/Web/apache-tomcat-10.1.44
22-Aug-2025 02:07:47.829 INFO [main] org.apache.catalina.startup.VersionLoggerListener.log Command line argument: -Djava.util.logging.config.file=/Users/nguyendinhtanloc/Documents/Semester_1_2025/Web/apache-tomcat-10.1.44/conf/logging.properties
22-Aug-2025 02:07:47.829 INFO [main] org.apache.catalina.startup.VersionLoggerListener.log Command line argument: -Djava.util.logging.manager=org.apache.juli.ClassLoaderLogManager
22-Aug-2025 02:07:47.829 INFO [main] org.apache.catalina.startup.VersionLoggerListener.log Command line argument: -Djdk.tls.ephemeralDHKeySize=2048
22-Aug-2025 02:07:47.829 INFO [main] org.apache.catalina.startup.VersionLoggerListener.log Command line argument: -Djava.protocol.handler.pkgs=org.apache.catalina.webresources
22-Aug-2025 02:07:47.829 INFO [main] org.apache.catalina.startup.VersionLoggerListener.log Command line argument: -Dsun.io.useCanonCaches=false
22-Aug-2025 02:07:47.829 INFO [main] org.apache.catalina.startup.VersionLoggerListener.log Command line argument: -Dorg.apache.catalina.security.SecurityListener.UMASK=0027
22-Aug-2025 02:07:47.829 INFO [main] org.apache.catalina.startup.VersionLoggerListener.log Command line argument: --add-opens=java.base/java.lang=ALL-UNNAMED
22-Aug-2025 02:07:47.829 INFO [main] org.apache.catalina.startup.VersionLoggerListener.log Command line argument: --add-opens=java.base/java.lang.reflect=ALL-UNNAMED
22-Aug-2025 02:07:47.829 INFO [main] org.apache.catalina.startup.VersionLoggerListener.log Command line argument: --add-opens=java.base/java.io=ALL-UNNAMED
22-Aug-2025 02:07:47.829 INFO [main] org.apache.catalina.startup.VersionLoggerListener.log Command line argument: --add-opens=java.base/java.util=ALL-UNNAMED
22-Aug-2025 02:07:47.829 INFO [main] org.apache.catalina.startup.VersionLoggerListener.log Command line argument: --add-opens=java.base/java.util.concurrent=ALL-UNNAMED
22-Aug-2025 02:07:47.829 INFO [main] org.apache.catalina.startup.VersionLoggerListener.log Command line argument: --add-opens=java.rmi/sun.rmi.transport=ALL-UNNAMED
22-Aug-2025 02:07:47.829 INFO [main] org.apache.catalina.startup.VersionLoggerListener.log Command line argument: -Dcatalina.base=/Users/nguyendinhtanloc/Documents/Semester_1_2025/Web/apache-tomcat-10.1.44
22-Aug-2025 02:07:47.829 INFO [main] org.apache.catalina.startup.VersionLoggerListener.log Command line argument: -Dcatalina.home=/Users/nguyendinhtanloc/Documents/Semester_1_2025/Web/apache-tomcat-10.1.44
22-Aug-2025 02:07:47.829 INFO [main] org.apache.catalina.startup.VersionLoggerListener.log Command line argument: -Djava.io.tmpdir=/Users/nguyendinhtanloc/Documents/Semester_1_2025/Web/apache-tomcat-10.1.44/temp
22-Aug-2025 02:07:47.836 INFO [main] org.apache.catalina.core.AprLifecycleListener.lifecycleEvent The Apache Tomcat Native library which allows using OpenSSL was not found on the java.library.path: [/Users/nguyendinhtanloc/Library/Java/Extensions:/Library/Java/Extensions:/Network/Library/Java/Extensions:/System/Library/Java/Extensions:/usr/lib/java:.]
22-Aug-2025 02:07:47.954 INFO [main] org.apache.coyote.AbstractProtocol.init Initializing ProtocolHandler ["http-nio-8080"]
22-Aug-2025 02:07:47.970 INFO [main] org.apache.catalina.startup.Catalina.load Server initialization in [271] milliseconds
22-Aug-2025 02:07:47.987 INFO [main] org.apache.catalina.core.StandardService.startInternal Starting service [Catalina]
22-Aug-2025 02:07:47.987 INFO [main] org.apache.catalina.core.StandardEngine.startInternal Starting Servlet engine: [Apache Tomcat/10.1.44]
22-Aug-2025 02:07:47.991 INFO [main] org.apache.catalina.startup.HostConfig.deployDirectory Deploying web application directory [/Users/nguyendinhtanloc/Documents/Semester_1_2025/Web/apache-tomcat-10.1.44/webapps/docs]
22-Aug-2025 02:07:48.115 INFO [main] org.apache.catalina.startup.HostConfig.deployDirectory Deployment of web application directory [/Users/nguyendinhtanloc/Documents/Semester_1_2025/Web/apache-tomcat-10.1.44/webapps/docs] has finished in [124] ms
22-Aug-2025 02:07:48.115 INFO [main] org.apache.catalina.startup.HostConfig.deployDirectory Deploying web application directory [/Users/nguyendinhtanloc/Documents/Semester_1_2025/Web/apache-tomcat-10.1.44/webapps/manager]
22-Aug-2025 02:07:48.130 INFO [main] org.apache.catalina.startup.HostConfig.deployDirectory Deployment of web application directory [/Users/nguyendinhtanloc/Documents/Semester_1_2025/Web/apache-tomcat-10.1.44/webapps/manager] has finished in [14] ms
22-Aug-2025 02:07:48.130 INFO [main] org.apache.catalina.startup.HostConfig.deployDirectory Deploying web application directory [/Users/nguyendinhtanloc/Documents/Semester_1_2025/Web/apache-tomcat-10.1.44/webapps/examples]
22-Aug-2025 02:07:48.229 INFO [main] org.apache.catalina.startup.HostConfig.deployDirectory Deployment of web application directory [/Users/nguyendinhtanloc/Documents/Semester_1_2025/Web/apache-tomcat-10.1.44/webapps/examples] has finished in [98] ms
22-Aug-2025 02:07:48.229 INFO [main] org.apache.catalina.startup.HostConfig.deployDirectory Deploying web application directory [/Users/nguyendinhtanloc/Documents/Semester_1_2025/Web/apache-tomcat-10.1.44/webapps/ROOT]
22-Aug-2025 02:07:48.235 INFO [main] org.apache.catalina.startup.HostConfig.deployDirectory Deployment of web application directory [/Users/nguyendinhtanloc/Documents/Semester_1_2025/Web/apache-tomcat-10.1.44/webapps/ROOT] has finished in [6] ms
22-Aug-2025 02:07:48.235 INFO [main] org.apache.catalina.startup.HostConfig.deployDirectory Deploying web application directory [/Users/nguyendinhtanloc/Documents/Semester_1_2025/Web/apache-tomcat-10.1.44/webapps/host-manager]
22-Aug-2025 02:07:48.243 INFO [main] org.apache.catalina.startup.HostConfig.deployDirectory Deployment of web application directory [/Users/nguyendinhtanloc/Documents/Semester_1_2025/Web/apache-tomcat-10.1.44/webapps/host-manager] has finished in [8] ms
22-Aug-2025 02:07:48.244 INFO [main] org.apache.coyote.AbstractProtocol.start Starting ProtocolHandler ["http-nio-8080"]
22-Aug-2025 02:07:48.249 INFO [main] org.apache.catalina.startup.Catalina.start Server startup in [279] milliseconds
22-Aug-2025 02:13:08.520 INFO [Catalina-utility-1] org.apache.catalina.users.MemoryUserDatabase.backgroundProcess Reloading memory user database [UserDatabase] from updated source [file:/Users/nguyendinhtanloc/Documents/Semester_1_2025/Web/apache-tomcat-10.1.44/conf/tomcat-users.xml]
22-Aug-2025 02:13:08.522 SEVERE [Catalina-utility-1] org.apache.catalina.users.MemoryUserDatabase.open The specified user database [conf/tomcat-users.xml] could not be found
22-Aug-2025 02:13:09.028 INFO [Catalina-utility-1] org.apache.catalina.startup.HostConfig.undeploy Undeploying context []
22-Aug-2025 02:13:09.044 WARNING [Catalina-utility-1] org.apache.catalina.loader.WebappClassLoaderBase.clearReferencesJdbc JDBC driver de-registration failed for web application [ROOT]
	java.io.FileNotFoundException: org/apache/catalina/loader/JdbcLeakPrevention.class
		at org.apache.catalina.loader.WebappClassLoaderBase.clearReferencesJdbc(WebappClassLoaderBase.java:1655)
		at org.apache.catalina.loader.WebappClassLoaderBase.clearReferences(WebappClassLoaderBase.java:1598)
		at org.apache.catalina.loader.WebappClassLoaderBase.stop(WebappClassLoaderBase.java:1535)
		at org.apache.catalina.loader.WebappLoader.stopInternal(WebappLoader.java:374)
		at org.apache.catalina.util.LifecycleBase.stop(LifecycleBase.java:235)
		at org.apache.catalina.core.StandardContext.stopInternal(StandardContext.java:4737)
		at org.apache.catalina.util.LifecycleBase.stop(LifecycleBase.java:235)
		at org.apache.catalina.core.ContainerBase.removeChild(ContainerBase.java:659)
		at org.apache.catalina.startup.HostConfig.undeploy(HostConfig.java:1479)
		at org.apache.catalina.startup.HostConfig.checkResources(HostConfig.java:1408)
		at org.apache.catalina.startup.HostConfig.check(HostConfig.java:1657)
		at org.apache.catalina.startup.HostConfig.lifecycleEvent(HostConfig.java:299)
		at org.apache.catalina.util.LifecycleBase.fireLifecycleEvent(LifecycleBase.java:109)
		at org.apache.catalina.core.ContainerBase.backgroundProcess(ContainerBase.java:973)
		at org.apache.catalina.core.ContainerBase$ContainerBackgroundProcessor.processChildren(ContainerBase.java:1172)
		at org.apache.catalina.core.ContainerBase$ContainerBackgroundProcessor.processChildren(ContainerBase.java:1176)
		at org.apache.catalina.core.ContainerBase$ContainerBackgroundProcessor.run(ContainerBase.java:1154)
		at java.base/java.util.concurrent.Executors$RunnableAdapter.call(Executors.java:539)
		at java.base/java.util.concurrent.FutureTask.runAndReset(FutureTask.java:305)
		at java.base/java.util.concurrent.ScheduledThreadPoolExecutor$ScheduledFutureTask.run(ScheduledThreadPoolExecutor.java:305)
		at java.base/java.util.concurrent.ThreadPoolExecutor.runWorker(ThreadPoolExecutor.java:1136)
		at java.base/java.util.concurrent.ThreadPoolExecutor$Worker.run(ThreadPoolExecutor.java:635)
		at org.apache.tomcat.util.threads.TaskThread$WrappingRunnable.run(TaskThread.java:63)
		at java.base/java.lang.Thread.run(Thread.java:840)
22-Aug-2025 02:13:09.566 INFO [Catalina-utility-1] org.apache.catalina.startup.HostConfig.undeploy Undeploying context [/examples]
22-Aug-2025 02:13:09.572 WARNING [Catalina-utility-1] org.apache.catalina.loader.WebappClassLoaderBase.clearReferencesJdbc JDBC driver de-registration failed for web application [examples]
	java.lang.IllegalStateException: java.nio.file.NoSuchFileException: /Users/nguyendinhtanloc/Documents/Semester_1_2025/Web/apache-tomcat-10.1.44/webapps/examples/WEB-INF/lib/taglibs-standard-spec-1.2.5-migrated-0.0.1.jar
		at org.apache.catalina.webresources.AbstractSingleArchiveResourceSet.getArchiveEntry(AbstractSingleArchiveResourceSet.java:100)
		at org.apache.catalina.webresources.AbstractArchiveResourceSet.getResource(AbstractArchiveResourceSet.java:251)
		at org.apache.catalina.webresources.StandardRoot.getResourceInternal(StandardRoot.java:273)
		at org.apache.catalina.webresources.Cache.getResource(Cache.java:64)
		at org.apache.catalina.webresources.StandardRoot.getResource(StandardRoot.java:212)
		at org.apache.catalina.webresources.StandardRoot.getClassLoaderResource(StandardRoot.java:221)
		at org.apache.catalina.loader.WebappClassLoaderBase.getResourceAsStream(WebappClassLoaderBase.java:1094)
		at org.apache.catalina.loader.WebappClassLoaderBase.clearReferencesJdbc(WebappClassLoaderBase.java:1653)
		at org.apache.catalina.loader.WebappClassLoaderBase.clearReferences(WebappClassLoaderBase.java:1598)
		at org.apache.catalina.loader.WebappClassLoaderBase.stop(WebappClassLoaderBase.java:1535)
		at org.apache.catalina.loader.WebappLoader.stopInternal(WebappLoader.java:374)
		at org.apache.catalina.util.LifecycleBase.stop(LifecycleBase.java:235)
		at org.apache.catalina.core.StandardContext.stopInternal(StandardContext.java:4737)
		at org.apache.catalina.util.LifecycleBase.stop(LifecycleBase.java:235)
		at org.apache.catalina.core.ContainerBase.removeChild(ContainerBase.java:659)
		at org.apache.catalina.startup.HostConfig.undeploy(HostConfig.java:1479)
		at org.apache.catalina.startup.HostConfig.checkResources(HostConfig.java:1408)
		at org.apache.catalina.startup.HostConfig.check(HostConfig.java:1657)
		at org.apache.catalina.startup.HostConfig.lifecycleEvent(HostConfig.java:299)
		at org.apache.catalina.util.LifecycleBase.fireLifecycleEvent(LifecycleBase.java:109)
		at org.apache.catalina.core.ContainerBase.backgroundProcess(ContainerBase.java:973)
		at org.apache.catalina.core.ContainerBase$ContainerBackgroundProcessor.processChildren(ContainerBase.java:1172)
		at org.apache.catalina.core.ContainerBase$ContainerBackgroundProcessor.processChildren(ContainerBase.java:1176)
		at org.apache.catalina.core.ContainerBase$ContainerBackgroundProcessor.run(ContainerBase.java:1154)
		at java.base/java.util.concurrent.Executors$RunnableAdapter.call(Executors.java:539)
		at java.base/java.util.concurrent.FutureTask.runAndReset(FutureTask.java:305)
		at java.base/java.util.concurrent.ScheduledThreadPoolExecutor$ScheduledFutureTask.run(ScheduledThreadPoolExecutor.java:305)
		at java.base/java.util.concurrent.ThreadPoolExecutor.runWorker(ThreadPoolExecutor.java:1136)
		at java.base/java.util.concurrent.ThreadPoolExecutor$Worker.run(ThreadPoolExecutor.java:635)
		at org.apache.tomcat.util.threads.TaskThread$WrappingRunnable.run(TaskThread.java:63)
		at java.base/java.lang.Thread.run(Thread.java:840)
	Caused by: java.nio.file.NoSuchFileException: /Users/nguyendinhtanloc/Documents/Semester_1_2025/Web/apache-tomcat-10.1.44/webapps/examples/WEB-INF/lib/taglibs-standard-spec-1.2.5-migrated-0.0.1.jar
		at java.base/sun.nio.fs.UnixException.translateToIOException(UnixException.java:92)
		at java.base/sun.nio.fs.UnixException.rethrowAsIOException(UnixException.java:106)
		at java.base/sun.nio.fs.UnixException.rethrowAsIOException(UnixException.java:111)
		at java.base/sun.nio.fs.UnixFileAttributeViews$Basic.readAttributes(UnixFileAttributeViews.java:55)
		at java.base/sun.nio.fs.UnixFileSystemProvider.readAttributes(UnixFileSystemProvider.java:148)
		at java.base/java.nio.file.Files.readAttributes(Files.java:1851)
		at java.base/java.util.zip.ZipFile$Source.get(ZipFile.java:1432)
		at java.base/java.util.zip.ZipFile$CleanableResource.<init>(ZipFile.java:717)
		at java.base/java.util.zip.ZipFile.<init>(ZipFile.java:251)
		at java.base/java.util.zip.ZipFile.<init>(ZipFile.java:180)
		at java.base/java.util.jar.JarFile.<init>(JarFile.java:346)
		at org.apache.catalina.webresources.AbstractArchiveResourceSet.openJarFile(AbstractArchiveResourceSet.java:320)
		at org.apache.catalina.webresources.AbstractSingleArchiveResourceSet.getArchiveEntry(AbstractSingleArchiveResourceSet.java:96)
		... 30 more
22-Aug-2025 02:13:10.082 INFO [Catalina-utility-1] org.apache.catalina.startup.HostConfig.undeploy Undeploying context [/host-manager]
22-Aug-2025 02:13:10.086 WARNING [Catalina-utility-1] org.apache.catalina.loader.WebappClassLoaderBase.clearReferencesJdbc JDBC driver de-registration failed for web application [host-manager]
	java.io.FileNotFoundException: org/apache/catalina/loader/JdbcLeakPrevention.class
		at org.apache.catalina.loader.WebappClassLoaderBase.clearReferencesJdbc(WebappClassLoaderBase.java:1655)
		at org.apache.catalina.loader.WebappClassLoaderBase.clearReferences(WebappClassLoaderBase.java:1598)
		at org.apache.catalina.loader.WebappClassLoaderBase.stop(WebappClassLoaderBase.java:1535)
		at org.apache.catalina.loader.WebappLoader.stopInternal(WebappLoader.java:374)
		at org.apache.catalina.util.LifecycleBase.stop(LifecycleBase.java:235)
		at org.apache.catalina.core.StandardContext.stopInternal(StandardContext.java:4737)
		at org.apache.catalina.util.LifecycleBase.stop(LifecycleBase.java:235)
		at org.apache.catalina.core.ContainerBase.removeChild(ContainerBase.java:659)
		at org.apache.catalina.startup.HostConfig.undeploy(HostConfig.java:1479)
		at org.apache.catalina.startup.HostConfig.checkResources(HostConfig.java:1408)
		at org.apache.catalina.startup.HostConfig.check(HostConfig.java:1657)
		at org.apache.catalina.startup.HostConfig.lifecycleEvent(HostConfig.java:299)
		at org.apache.catalina.util.LifecycleBase.fireLifecycleEvent(LifecycleBase.java:109)
		at org.apache.catalina.core.ContainerBase.backgroundProcess(ContainerBase.java:973)
		at org.apache.catalina.core.ContainerBase$ContainerBackgroundProcessor.processChildren(ContainerBase.java:1172)
		at org.apache.catalina.core.ContainerBase$ContainerBackgroundProcessor.processChildren(ContainerBase.java:1176)
		at org.apache.catalina.core.ContainerBase$ContainerBackgroundProcessor.run(ContainerBase.java:1154)
		at java.base/java.util.concurrent.Executors$RunnableAdapter.call(Executors.java:539)
		at java.base/java.util.concurrent.FutureTask.runAndReset(FutureTask.java:305)
		at java.base/java.util.concurrent.ScheduledThreadPoolExecutor$ScheduledFutureTask.run(ScheduledThreadPoolExecutor.java:305)
		at java.base/java.util.concurrent.ThreadPoolExecutor.runWorker(ThreadPoolExecutor.java:1136)
		at java.base/java.util.concurrent.ThreadPoolExecutor$Worker.run(ThreadPoolExecutor.java:635)
		at org.apache.tomcat.util.threads.TaskThread$WrappingRunnable.run(TaskThread.java:63)
		at java.base/java.lang.Thread.run(Thread.java:840)
22-Aug-2025 02:13:10.595 INFO [Catalina-utility-1] org.apache.catalina.startup.HostConfig.undeploy Undeploying context [/manager]
22-Aug-2025 02:13:10.599 WARNING [Catalina-utility-1] org.apache.catalina.loader.WebappClassLoaderBase.clearReferencesJdbc JDBC driver de-registration failed for web application [manager]
	java.io.FileNotFoundException: org/apache/catalina/loader/JdbcLeakPrevention.class
		at org.apache.catalina.loader.WebappClassLoaderBase.clearReferencesJdbc(WebappClassLoaderBase.java:1655)
		at org.apache.catalina.loader.WebappClassLoaderBase.clearReferences(WebappClassLoaderBase.java:1598)
		at org.apache.catalina.loader.WebappClassLoaderBase.stop(WebappClassLoaderBase.java:1535)
		at org.apache.catalina.loader.WebappLoader.stopInternal(WebappLoader.java:374)
		at org.apache.catalina.util.LifecycleBase.stop(LifecycleBase.java:235)
		at org.apache.catalina.core.StandardContext.stopInternal(StandardContext.java:4737)
		at org.apache.catalina.util.LifecycleBase.stop(LifecycleBase.java:235)
		at org.apache.catalina.core.ContainerBase.removeChild(ContainerBase.java:659)
		at org.apache.catalina.startup.HostConfig.undeploy(HostConfig.java:1479)
		at org.apache.catalina.startup.HostConfig.checkResources(HostConfig.java:1408)
		at org.apache.catalina.startup.HostConfig.check(HostConfig.java:1657)
		at org.apache.catalina.startup.HostConfig.lifecycleEvent(HostConfig.java:299)
		at org.apache.catalina.util.LifecycleBase.fireLifecycleEvent(LifecycleBase.java:109)
		at org.apache.catalina.core.ContainerBase.backgroundProcess(ContainerBase.java:973)
		at org.apache.catalina.core.ContainerBase$ContainerBackgroundProcessor.processChildren(ContainerBase.java:1172)
		at org.apache.catalina.core.ContainerBase$ContainerBackgroundProcessor.processChildren(ContainerBase.java:1176)
		at org.apache.catalina.core.ContainerBase$ContainerBackgroundProcessor.run(ContainerBase.java:1154)
		at java.base/java.util.concurrent.Executors$RunnableAdapter.call(Executors.java:539)
		at java.base/java.util.concurrent.FutureTask.runAndReset(FutureTask.java:305)
		at java.base/java.util.concurrent.ScheduledThreadPoolExecutor$ScheduledFutureTask.run(ScheduledThreadPoolExecutor.java:305)
		at java.base/java.util.concurrent.ThreadPoolExecutor.runWorker(ThreadPoolExecutor.java:1136)
		at java.base/java.util.concurrent.ThreadPoolExecutor$Worker.run(ThreadPoolExecutor.java:635)
		at org.apache.tomcat.util.threads.TaskThread$WrappingRunnable.run(TaskThread.java:63)
		at java.base/java.lang.Thread.run(Thread.java:840)
22-Aug-2025 02:13:11.108 INFO [Catalina-utility-1] org.apache.catalina.startup.HostConfig.undeploy Undeploying context [/docs]
22-Aug-2025 02:13:11.112 WARNING [Catalina-utility-1] org.apache.catalina.loader.WebappClassLoaderBase.clearReferencesJdbc JDBC driver de-registration failed for web application [docs]
	java.io.FileNotFoundException: org/apache/catalina/loader/JdbcLeakPrevention.class
		at org.apache.catalina.loader.WebappClassLoaderBase.clearReferencesJdbc(WebappClassLoaderBase.java:1655)
		at org.apache.catalina.loader.WebappClassLoaderBase.clearReferences(WebappClassLoaderBase.java:1598)
		at org.apache.catalina.loader.WebappClassLoaderBase.stop(WebappClassLoaderBase.java:1535)
		at org.apache.catalina.loader.WebappLoader.stopInternal(WebappLoader.java:374)
		at org.apache.catalina.util.LifecycleBase.stop(LifecycleBase.java:235)
		at org.apache.catalina.core.StandardContext.stopInternal(StandardContext.java:4737)
		at org.apache.catalina.util.LifecycleBase.stop(LifecycleBase.java:235)
		at org.apache.catalina.core.ContainerBase.removeChild(ContainerBase.java:659)
		at org.apache.catalina.startup.HostConfig.undeploy(HostConfig.java:1479)
		at org.apache.catalina.startup.HostConfig.checkResources(HostConfig.java:1408)
		at org.apache.catalina.startup.HostConfig.check(HostConfig.java:1657)
		at org.apache.catalina.startup.HostConfig.lifecycleEvent(HostConfig.java:299)
		at org.apache.catalina.util.LifecycleBase.fireLifecycleEvent(LifecycleBase.java:109)
		at org.apache.catalina.core.ContainerBase.backgroundProcess(ContainerBase.java:973)
		at org.apache.catalina.core.ContainerBase$ContainerBackgroundProcessor.processChildren(ContainerBase.java:1172)
		at org.apache.catalina.core.ContainerBase$ContainerBackgroundProcessor.processChildren(ContainerBase.java:1176)
		at org.apache.catalina.core.ContainerBase$ContainerBackgroundProcessor.run(ContainerBase.java:1154)
		at java.base/java.util.concurrent.Executors$RunnableAdapter.call(Executors.java:539)
		at java.base/java.util.concurrent.FutureTask.runAndReset(FutureTask.java:305)
		at java.base/java.util.concurrent.ScheduledThreadPoolExecutor$ScheduledFutureTask.run(ScheduledThreadPoolExecutor.java:305)
		at java.base/java.util.concurrent.ThreadPoolExecutor.runWorker(ThreadPoolExecutor.java:1136)
		at java.base/java.util.concurrent.ThreadPoolExecutor$Worker.run(ThreadPoolExecutor.java:635)
		at org.apache.tomcat.util.threads.TaskThread$WrappingRunnable.run(TaskThread.java:63)
		at java.base/java.lang.Thread.run(Thread.java:840)
22-Aug-2025 02:17:14.982 INFO [main] org.apache.catalina.startup.VersionLoggerListener.log Server version name:   Apache Tomcat/10.1.44
22-Aug-2025 02:17:14.984 INFO [main] org.apache.catalina.startup.VersionLoggerListener.log Server built:          Aug 4 2025 13:14:17 UTC
22-Aug-2025 02:17:14.984 INFO [main] org.apache.catalina.startup.VersionLoggerListener.log Server version number: 10.1.44.0
22-Aug-2025 02:17:14.984 INFO [main] org.apache.catalina.startup.VersionLoggerListener.log OS Name:               Mac OS X
22-Aug-2025 02:17:14.984 INFO [main] org.apache.catalina.startup.VersionLoggerListener.log OS Version:            15.6
22-Aug-2025 02:17:14.984 INFO [main] org.apache.catalina.startup.VersionLoggerListener.log Architecture:          aarch64
22-Aug-2025 02:17:14.985 INFO [main] org.apache.catalina.startup.VersionLoggerListener.log Java Home:             /opt/homebrew/Cellar/openjdk@17/17.0.15/libexec/openjdk.jdk/Contents/Home
22-Aug-2025 02:17:14.985 INFO [main] org.apache.catalina.startup.VersionLoggerListener.log JVM Version:           17.0.15+0
22-Aug-2025 02:17:14.985 INFO [main] org.apache.catalina.startup.VersionLoggerListener.log JVM Vendor:            Homebrew
22-Aug-2025 02:17:14.985 INFO [main] org.apache.catalina.startup.VersionLoggerListener.log CATALINA_BASE:         /Users/nguyendinhtanloc/Documents/Semester_1_2025/Web/TomCat
22-Aug-2025 02:17:14.985 INFO [main] org.apache.catalina.startup.VersionLoggerListener.log CATALINA_HOME:         /Users/nguyendinhtanloc/Documents/Semester_1_2025/Web/TomCat
22-Aug-2025 02:17:14.992 INFO [main] org.apache.catalina.startup.VersionLoggerListener.log Command line argument: -Djava.util.logging.config.file=/Users/nguyendinhtanloc/Documents/Semester_1_2025/Web/TomCat/conf/logging.properties
22-Aug-2025 02:17:14.992 INFO [main] org.apache.catalina.startup.VersionLoggerListener.log Command line argument: -Djava.util.logging.manager=org.apache.juli.ClassLoaderLogManager
22-Aug-2025 02:17:14.992 INFO [main] org.apache.catalina.startup.VersionLoggerListener.log Command line argument: -Djdk.tls.ephemeralDHKeySize=2048
22-Aug-2025 02:17:14.992 INFO [main] org.apache.catalina.startup.VersionLoggerListener.log Command line argument: -Djava.protocol.handler.pkgs=org.apache.catalina.webresources
22-Aug-2025 02:17:14.992 INFO [main] org.apache.catalina.startup.VersionLoggerListener.log Command line argument: -Dsun.io.useCanonCaches=false
22-Aug-2025 02:17:14.992 INFO [main] org.apache.catalina.startup.VersionLoggerListener.log Command line argument: -Dorg.apache.catalina.security.SecurityListener.UMASK=0027
22-Aug-2025 02:17:14.992 INFO [main] org.apache.catalina.startup.VersionLoggerListener.log Command line argument: --add-opens=java.base/java.lang=ALL-UNNAMED
22-Aug-2025 02:17:14.992 INFO [main] org.apache.catalina.startup.VersionLoggerListener.log Command line argument: --add-opens=java.base/java.lang.reflect=ALL-UNNAMED
22-Aug-2025 02:17:14.992 INFO [main] org.apache.catalina.startup.VersionLoggerListener.log Command line argument: --add-opens=java.base/java.io=ALL-UNNAMED
22-Aug-2025 02:17:14.992 INFO [main] org.apache.catalina.startup.VersionLoggerListener.log Command line argument: --add-opens=java.base/java.util=ALL-UNNAMED
22-Aug-2025 02:17:14.992 INFO [main] org.apache.catalina.startup.VersionLoggerListener.log Command line argument: --add-opens=java.base/java.util.concurrent=ALL-UNNAMED
22-Aug-2025 02:17:14.992 INFO [main] org.apache.catalina.startup.VersionLoggerListener.log Command line argument: --add-opens=java.rmi/sun.rmi.transport=ALL-UNNAMED
22-Aug-2025 02:17:14.992 INFO [main] org.apache.catalina.startup.VersionLoggerListener.log Command line argument: -Dcatalina.base=/Users/nguyendinhtanloc/Documents/Semester_1_2025/Web/TomCat
22-Aug-2025 02:17:14.992 INFO [main] org.apache.catalina.startup.VersionLoggerListener.log Command line argument: -Dcatalina.home=/Users/nguyendinhtanloc/Documents/Semester_1_2025/Web/TomCat
22-Aug-2025 02:17:14.993 INFO [main] org.apache.catalina.startup.VersionLoggerListener.log Command line argument: -Djava.io.tmpdir=/Users/nguyendinhtanloc/Documents/Semester_1_2025/Web/TomCat/temp
22-Aug-2025 02:17:14.997 INFO [main] org.apache.catalina.core.AprLifecycleListener.lifecycleEvent The Apache Tomcat Native library which allows using OpenSSL was not found on the java.library.path: [/Users/nguyendinhtanloc/Library/Java/Extensions:/Library/Java/Extensions:/Network/Library/Java/Extensions:/System/Library/Java/Extensions:/usr/lib/java:.]
22-Aug-2025 02:17:15.116 INFO [main] org.apache.coyote.AbstractProtocol.init Initializing ProtocolHandler ["http-nio-8080"]
22-Aug-2025 02:17:15.125 SEVERE [main] org.apache.catalina.util.LifecycleBase.handleSubClassException Failed to initialize component [Connector["http-nio-8080"]]
	org.apache.catalina.LifecycleException: Protocol handler initialization failed
		at org.apache.catalina.connector.Connector.initInternal(Connector.java:1075)
		at org.apache.catalina.util.LifecycleBase.init(LifecycleBase.java:122)
		at org.apache.catalina.core.StandardService.initInternal(StandardService.java:522)
		at org.apache.catalina.util.LifecycleBase.init(LifecycleBase.java:122)
		at org.apache.catalina.core.StandardServer.initInternal(StandardServer.java:957)
		at org.apache.catalina.util.LifecycleBase.init(LifecycleBase.java:122)
		at org.apache.catalina.startup.Catalina.load(Catalina.java:712)
		at org.apache.catalina.startup.Catalina.load(Catalina.java:735)
		at java.base/jdk.internal.reflect.NativeMethodAccessorImpl.invoke0(Native Method)
		at java.base/jdk.internal.reflect.NativeMethodAccessorImpl.invoke(NativeMethodAccessorImpl.java:77)
		at java.base/jdk.internal.reflect.DelegatingMethodAccessorImpl.invoke(DelegatingMethodAccessorImpl.java:43)
		at java.base/java.lang.reflect.Method.invoke(Method.java:569)
		at org.apache.catalina.startup.Bootstrap.load(Bootstrap.java:302)
		at org.apache.catalina.startup.Bootstrap.main(Bootstrap.java:475)
	Caused by: java.net.BindException: Address already in use
		at java.base/sun.nio.ch.Net.bind0(Native Method)
		at java.base/sun.nio.ch.Net.bind(Net.java:555)
		at java.base/sun.nio.ch.ServerSocketChannelImpl.netBind(ServerSocketChannelImpl.java:337)
		at java.base/sun.nio.ch.ServerSocketChannelImpl.bind(ServerSocketChannelImpl.java:294)
		at org.apache.tomcat.util.net.NioEndpoint.initServerSocket(NioEndpoint.java:266)
		at org.apache.tomcat.util.net.NioEndpoint.bind(NioEndpoint.java:221)
		at org.apache.tomcat.util.net.AbstractEndpoint.bindWithCleanup(AbstractEndpoint.java:1399)
		at org.apache.tomcat.util.net.AbstractEndpoint.init(AbstractEndpoint.java:1412)
		at org.apache.coyote.AbstractProtocol.init(AbstractProtocol.java:633)
		at org.apache.coyote.http11.AbstractHttp11Protocol.init(AbstractHttp11Protocol.java:82)
		at org.apache.catalina.connector.Connector.initInternal(Connector.java:1073)
		... 13 more
22-Aug-2025 02:17:15.126 INFO [main] org.apache.catalina.startup.Catalina.load Server initialization in [239] milliseconds
22-Aug-2025 02:17:15.148 INFO [main] org.apache.catalina.core.StandardService.startInternal Starting service [Catalina]
22-Aug-2025 02:17:15.148 INFO [main] org.apache.catalina.core.StandardEngine.startInternal Starting Servlet engine: [Apache Tomcat/10.1.44]
22-Aug-2025 02:17:15.154 INFO [main] org.apache.catalina.startup.HostConfig.deployWAR Deploying web application archive [/Users/nguyendinhtanloc/Documents/Semester_1_2025/Web/TomCat/webapps/Week1.war]
22-Aug-2025 02:17:15.288 INFO [main] org.apache.catalina.startup.HostConfig.deployWAR Deployment of web application archive [/Users/nguyendinhtanloc/Documents/Semester_1_2025/Web/TomCat/webapps/Week1.war] has finished in [134] ms
22-Aug-2025 02:17:15.289 INFO [main] org.apache.catalina.startup.HostConfig.deployDirectory Deploying web application directory [/Users/nguyendinhtanloc/Documents/Semester_1_2025/Web/TomCat/webapps/docs]
22-Aug-2025 02:17:15.298 INFO [main] org.apache.catalina.startup.HostConfig.deployDirectory Deployment of web application directory [/Users/nguyendinhtanloc/Documents/Semester_1_2025/Web/TomCat/webapps/docs] has finished in [9] ms
22-Aug-2025 02:17:15.298 INFO [main] org.apache.catalina.startup.HostConfig.deployDirectory Deploying web application directory [/Users/nguyendinhtanloc/Documents/Semester_1_2025/Web/TomCat/webapps/manager]
22-Aug-2025 02:17:15.310 INFO [main] org.apache.catalina.startup.HostConfig.deployDirectory Deployment of web application directory [/Users/nguyendinhtanloc/Documents/Semester_1_2025/Web/TomCat/webapps/manager] has finished in [12] ms
22-Aug-2025 02:17:15.310 INFO [main] org.apache.catalina.startup.HostConfig.deployDirectory Deploying web application directory [/Users/nguyendinhtanloc/Documents/Semester_1_2025/Web/TomCat/webapps/examples]
22-Aug-2025 02:17:15.401 INFO [main] org.apache.catalina.startup.HostConfig.deployDirectory Deployment of web application directory [/Users/nguyendinhtanloc/Documents/Semester_1_2025/Web/TomCat/webapps/examples] has finished in [91] ms
22-Aug-2025 02:17:15.401 INFO [main] org.apache.catalina.startup.HostConfig.deployDirectory Deploying web application directory [/Users/nguyendinhtanloc/Documents/Semester_1_2025/Web/TomCat/webapps/ROOT]
22-Aug-2025 02:17:15.407 INFO [main] org.apache.catalina.startup.HostConfig.deployDirectory Deployment of web application directory [/Users/nguyendinhtanloc/Documents/Semester_1_2025/Web/TomCat/webapps/ROOT] has finished in [6] ms
22-Aug-2025 02:17:15.407 INFO [main] org.apache.catalina.startup.HostConfig.deployDirectory Deploying web application directory [/Users/nguyendinhtanloc/Documents/Semester_1_2025/Web/TomCat/webapps/host-manager]
22-Aug-2025 02:17:15.414 INFO [main] org.apache.catalina.startup.HostConfig.deployDirectory Deployment of web application directory [/Users/nguyendinhtanloc/Documents/Semester_1_2025/Web/TomCat/webapps/host-manager] has finished in [7] ms
22-Aug-2025 02:17:15.415 INFO [main] org.apache.catalina.startup.Catalina.start Server startup in [289] milliseconds
22-Aug-2025 02:17:15.421 SEVERE [main] org.apache.catalina.core.StandardServer.await Failed to create server shutdown socket on address [localhost] and port [8005] (base port [8005] and offset [0])
	java.net.BindException: Address already in use
		at java.base/sun.nio.ch.Net.bind0(Native Method)
		at java.base/sun.nio.ch.Net.bind(Net.java:555)
		at java.base/sun.nio.ch.Net.bind(Net.java:544)
		at java.base/sun.nio.ch.NioSocketImpl.bind(NioSocketImpl.java:648)
		at java.base/java.net.ServerSocket.bind(ServerSocket.java:388)
		at java.base/java.net.ServerSocket.<init>(ServerSocket.java:274)
		at org.apache.catalina.core.StandardServer.await(StandardServer.java:533)
		at org.apache.catalina.startup.Catalina.await(Catalina.java:851)
		at org.apache.catalina.startup.Catalina.start(Catalina.java:799)
		at java.base/jdk.internal.reflect.NativeMethodAccessorImpl.invoke0(Native Method)
		at java.base/jdk.internal.reflect.NativeMethodAccessorImpl.invoke(NativeMethodAccessorImpl.java:77)
		at java.base/jdk.internal.reflect.DelegatingMethodAccessorImpl.invoke(DelegatingMethodAccessorImpl.java:43)
		at java.base/java.lang.reflect.Method.invoke(Method.java:569)
		at org.apache.catalina.startup.Bootstrap.start(Bootstrap.java:345)
		at org.apache.catalina.startup.Bootstrap.main(Bootstrap.java:476)
22-Aug-2025 02:17:15.421 INFO [main] org.apache.coyote.AbstractProtocol.pause Pausing ProtocolHandler ["http-nio-8080"]
22-Aug-2025 02:17:15.421 INFO [main] org.apache.catalina.core.StandardService.stopInternal Stopping service [Catalina]
22-Aug-2025 02:17:15.430 INFO [main] org.apache.coyote.AbstractProtocol.stop Stopping ProtocolHandler ["http-nio-8080"]
22-Aug-2025 02:17:15.430 INFO [main] org.apache.coyote.AbstractProtocol.destroy Destroying ProtocolHandler ["http-nio-8080"]
22-Aug-2025 02:18:26.804 INFO [main] org.apache.catalina.core.StandardServer.await A valid shutdown command was received via the shutdown port. Stopping the Server instance.
22-Aug-2025 02:18:26.805 INFO [main] org.apache.coyote.AbstractProtocol.pause Pausing ProtocolHandler ["http-nio-8080"]
22-Aug-2025 02:18:26.808 INFO [main] org.apache.catalina.core.StandardService.stopInternal Stopping service [Catalina]
22-Aug-2025 02:18:26.809 INFO [main] org.apache.coyote.AbstractProtocol.stop Stopping ProtocolHandler ["http-nio-8080"]
22-Aug-2025 02:18:26.812 INFO [main] org.apache.coyote.AbstractProtocol.destroy Destroying ProtocolHandler ["http-nio-8080"]
22-Aug-2025 02:18:32.180 INFO [main] org.apache.catalina.startup.VersionLoggerListener.log Server version name:   Apache Tomcat/10.1.44
22-Aug-2025 02:18:32.181 INFO [main] org.apache.catalina.startup.VersionLoggerListener.log Server built:          Aug 4 2025 13:14:17 UTC
22-Aug-2025 02:18:32.181 INFO [main] org.apache.catalina.startup.VersionLoggerListener.log Server version number: 10.1.44.0
22-Aug-2025 02:18:32.181 INFO [main] org.apache.catalina.startup.VersionLoggerListener.log OS Name:               Mac OS X
22-Aug-2025 02:18:32.181 INFO [main] org.apache.catalina.startup.VersionLoggerListener.log OS Version:            15.6
22-Aug-2025 02:18:32.182 INFO [main] org.apache.catalina.startup.VersionLoggerListener.log Architecture:          aarch64
22-Aug-2025 02:18:32.182 INFO [main] org.apache.catalina.startup.VersionLoggerListener.log Java Home:             /opt/homebrew/Cellar/openjdk@17/17.0.15/libexec/openjdk.jdk/Contents/Home
22-Aug-2025 02:18:32.182 INFO [main] org.apache.catalina.startup.VersionLoggerListener.log JVM Version:           17.0.15+0
22-Aug-2025 02:18:32.182 INFO [main] org.apache.catalina.startup.VersionLoggerListener.log JVM Vendor:            Homebrew
22-Aug-2025 02:18:32.182 INFO [main] org.apache.catalina.startup.VersionLoggerListener.log CATALINA_BASE:         /Users/nguyendinhtanloc/Documents/Semester_1_2025/Web/TomCat
22-Aug-2025 02:18:32.182 INFO [main] org.apache.catalina.startup.VersionLoggerListener.log CATALINA_HOME:         /Users/nguyendinhtanloc/Documents/Semester_1_2025/Web/TomCat
22-Aug-2025 02:18:32.186 INFO [main] org.apache.catalina.startup.VersionLoggerListener.log Command line argument: -Djava.util.logging.config.file=/Users/nguyendinhtanloc/Documents/Semester_1_2025/Web/TomCat/conf/logging.properties
22-Aug-2025 02:18:32.186 INFO [main] org.apache.catalina.startup.VersionLoggerListener.log Command line argument: -Djava.util.logging.manager=org.apache.juli.ClassLoaderLogManager
22-Aug-2025 02:18:32.186 INFO [main] org.apache.catalina.startup.VersionLoggerListener.log Command line argument: -Djdk.tls.ephemeralDHKeySize=2048
22-Aug-2025 02:18:32.186 INFO [main] org.apache.catalina.startup.VersionLoggerListener.log Command line argument: -Djava.protocol.handler.pkgs=org.apache.catalina.webresources
22-Aug-2025 02:18:32.186 INFO [main] org.apache.catalina.startup.VersionLoggerListener.log Command line argument: -Dsun.io.useCanonCaches=false
22-Aug-2025 02:18:32.186 INFO [main] org.apache.catalina.startup.VersionLoggerListener.log Command line argument: -Dorg.apache.catalina.security.SecurityListener.UMASK=0027
22-Aug-2025 02:18:32.186 INFO [main] org.apache.catalina.startup.VersionLoggerListener.log Command line argument: --add-opens=java.base/java.lang=ALL-UNNAMED
22-Aug-2025 02:18:32.186 INFO [main] org.apache.catalina.startup.VersionLoggerListener.log Command line argument: --add-opens=java.base/java.lang.reflect=ALL-UNNAMED
22-Aug-2025 02:18:32.187 INFO [main] org.apache.catalina.startup.VersionLoggerListener.log Command line argument: --add-opens=java.base/java.io=ALL-UNNAMED
22-Aug-2025 02:18:32.187 INFO [main] org.apache.catalina.startup.VersionLoggerListener.log Command line argument: --add-opens=java.base/java.util=ALL-UNNAMED
22-Aug-2025 02:18:32.187 INFO [main] org.apache.catalina.startup.VersionLoggerListener.log Command line argument: --add-opens=java.base/java.util.concurrent=ALL-UNNAMED
22-Aug-2025 02:18:32.187 INFO [main] org.apache.catalina.startup.VersionLoggerListener.log Command line argument: --add-opens=java.rmi/sun.rmi.transport=ALL-UNNAMED
22-Aug-2025 02:18:32.187 INFO [main] org.apache.catalina.startup.VersionLoggerListener.log Command line argument: -Dcatalina.base=/Users/nguyendinhtanloc/Documents/Semester_1_2025/Web/TomCat
22-Aug-2025 02:18:32.187 INFO [main] org.apache.catalina.startup.VersionLoggerListener.log Command line argument: -Dcatalina.home=/Users/nguyendinhtanloc/Documents/Semester_1_2025/Web/TomCat
22-Aug-2025 02:18:32.187 INFO [main] org.apache.catalina.startup.VersionLoggerListener.log Command line argument: -Djava.io.tmpdir=/Users/nguyendinhtanloc/Documents/Semester_1_2025/Web/TomCat/temp
22-Aug-2025 02:18:32.191 INFO [main] org.apache.catalina.core.AprLifecycleListener.lifecycleEvent The Apache Tomcat Native library which allows using OpenSSL was not found on the java.library.path: [/Users/nguyendinhtanloc/Library/Java/Extensions:/Library/Java/Extensions:/Network/Library/Java/Extensions:/System/Library/Java/Extensions:/usr/lib/java:.]
22-Aug-2025 02:18:32.298 INFO [main] org.apache.coyote.AbstractProtocol.init Initializing ProtocolHandler ["http-nio-8080"]
22-Aug-2025 02:18:32.311 INFO [main] org.apache.catalina.startup.Catalina.load Server initialization in [205] milliseconds
22-Aug-2025 02:18:32.325 INFO [main] org.apache.catalina.core.StandardService.startInternal Starting service [Catalina]
22-Aug-2025 02:18:32.325 INFO [main] org.apache.catalina.core.StandardEngine.startInternal Starting Servlet engine: [Apache Tomcat/10.1.44]
22-Aug-2025 02:18:32.328 INFO [main] org.apache.catalina.startup.HostConfig.deployDirectory Deploying web application directory [/Users/nguyendinhtanloc/Documents/Semester_1_2025/Web/TomCat/webapps/Week1]
22-Aug-2025 02:18:32.438 INFO [main] org.apache.catalina.startup.HostConfig.deployDirectory Deployment of web application directory [/Users/nguyendinhtanloc/Documents/Semester_1_2025/Web/TomCat/webapps/Week1] has finished in [110] ms
22-Aug-2025 02:18:32.438 INFO [main] org.apache.catalina.startup.HostConfig.deployDirectory Deploying web application directory [/Users/nguyendinhtanloc/Documents/Semester_1_2025/Web/TomCat/webapps/docs]
22-Aug-2025 02:18:32.448 INFO [main] org.apache.catalina.startup.HostConfig.deployDirectory Deployment of web application directory [/Users/nguyendinhtanloc/Documents/Semester_1_2025/Web/TomCat/webapps/docs] has finished in [10] ms
22-Aug-2025 02:18:32.448 INFO [main] org.apache.catalina.startup.HostConfig.deployDirectory Deploying web application directory [/Users/nguyendinhtanloc/Documents/Semester_1_2025/Web/TomCat/webapps/manager]
22-Aug-2025 02:18:32.460 INFO [main] org.apache.catalina.startup.HostConfig.deployDirectory Deployment of web application directory [/Users/nguyendinhtanloc/Documents/Semester_1_2025/Web/TomCat/webapps/manager] has finished in [12] ms
22-Aug-2025 02:18:32.460 INFO [main] org.apache.catalina.startup.HostConfig.deployDirectory Deploying web application directory [/Users/nguyendinhtanloc/Documents/Semester_1_2025/Web/TomCat/webapps/examples]
22-Aug-2025 02:18:32.552 INFO [main] org.apache.catalina.startup.HostConfig.deployDirectory Deployment of web application directory [/Users/nguyendinhtanloc/Documents/Semester_1_2025/Web/TomCat/webapps/examples] has finished in [92] ms
22-Aug-2025 02:18:32.552 INFO [main] org.apache.catalina.startup.HostConfig.deployDirectory Deploying web application directory [/Users/nguyendinhtanloc/Documents/Semester_1_2025/Web/TomCat/webapps/ROOT]
22-Aug-2025 02:18:32.558 INFO [main] org.apache.catalina.startup.HostConfig.deployDirectory Deployment of web application directory [/Users/nguyendinhtanloc/Documents/Semester_1_2025/Web/TomCat/webapps/ROOT] has finished in [5] ms
22-Aug-2025 02:18:32.558 INFO [main] org.apache.catalina.startup.HostConfig.deployDirectory Deploying web application directory [/Users/nguyendinhtanloc/Documents/Semester_1_2025/Web/TomCat/webapps/host-manager]
22-Aug-2025 02:18:32.566 INFO [main] org.apache.catalina.startup.HostConfig.deployDirectory Deployment of web application directory [/Users/nguyendinhtanloc/Documents/Semester_1_2025/Web/TomCat/webapps/host-manager] has finished in [8] ms
22-Aug-2025 02:18:32.567 INFO [main] org.apache.coyote.AbstractProtocol.start Starting ProtocolHandler ["http-nio-8080"]
22-Aug-2025 02:18:32.571 INFO [main] org.apache.catalina.startup.Catalina.start Server startup in [260] milliseconds
22-Aug-2025 02:20:22.655 INFO [Catalina-utility-1] org.apache.catalina.startup.HostConfig.undeploy Undeploying context [/Week1]
22-Aug-2025 02:20:22.681 INFO [Catalina-utility-1] org.apache.catalina.startup.HostConfig.deployWAR Deploying web application archive [/Users/nguyendinhtanloc/Documents/Semester_1_2025/Web/TomCat/webapps/Week1.war]
22-Aug-2025 02:20:22.701 INFO [Catalina-utility-1] org.apache.catalina.startup.HostConfig.deployWAR Deployment of web application archive [/Users/nguyendinhtanloc/Documents/Semester_1_2025/Web/TomCat/webapps/Week1.war] has finished in [20] ms
22-Aug-2025 02:20:31.395 INFO [main] org.apache.catalina.core.StandardServer.await A valid shutdown command was received via the shutdown port. Stopping the Server instance.
22-Aug-2025 02:20:31.396 INFO [main] org.apache.coyote.AbstractProtocol.pause Pausing ProtocolHandler ["http-nio-8080"]
22-Aug-2025 02:20:31.398 INFO [main] org.apache.catalina.core.StandardService.stopInternal Stopping service [Catalina]
22-Aug-2025 02:20:31.405 INFO [main] org.apache.coyote.AbstractProtocol.stop Stopping ProtocolHandler ["http-nio-8080"]
22-Aug-2025 02:20:31.407 INFO [main] org.apache.coyote.AbstractProtocol.destroy Destroying ProtocolHandler ["http-nio-8080"]
22-Aug-2025 02:20:33.976 INFO [main] org.apache.catalina.startup.VersionLoggerListener.log Server version name:   Apache Tomcat/10.1.44
22-Aug-2025 02:20:33.978 INFO [main] org.apache.catalina.startup.VersionLoggerListener.log Server built:          Aug 4 2025 13:14:17 UTC
22-Aug-2025 02:20:33.978 INFO [main] org.apache.catalina.startup.VersionLoggerListener.log Server version number: 10.1.44.0
22-Aug-2025 02:20:33.978 INFO [main] org.apache.catalina.startup.VersionLoggerListener.log OS Name:               Mac OS X
22-Aug-2025 02:20:33.978 INFO [main] org.apache.catalina.startup.VersionLoggerListener.log OS Version:            15.6
22-Aug-2025 02:20:33.978 INFO [main] org.apache.catalina.startup.VersionLoggerListener.log Architecture:          aarch64
22-Aug-2025 02:20:33.978 INFO [main] org.apache.catalina.startup.VersionLoggerListener.log Java Home:             /opt/homebrew/Cellar/openjdk@17/17.0.15/libexec/openjdk.jdk/Contents/Home
22-Aug-2025 02:20:33.978 INFO [main] org.apache.catalina.startup.VersionLoggerListener.log JVM Version:           17.0.15+0
22-Aug-2025 02:20:33.978 INFO [main] org.apache.catalina.startup.VersionLoggerListener.log JVM Vendor:            Homebrew
22-Aug-2025 02:20:33.978 INFO [main] org.apache.catalina.startup.VersionLoggerListener.log CATALINA_BASE:         /Users/nguyendinhtanloc/Documents/Semester_1_2025/Web/TomCat
22-Aug-2025 02:20:33.978 INFO [main] org.apache.catalina.startup.VersionLoggerListener.log CATALINA_HOME:         /Users/nguyendinhtanloc/Documents/Semester_1_2025/Web/TomCat
22-Aug-2025 02:20:33.985 INFO [main] org.apache.catalina.startup.VersionLoggerListener.log Command line argument: -Djava.util.logging.config.file=/Users/nguyendinhtanloc/Documents/Semester_1_2025/Web/TomCat/conf/logging.properties
22-Aug-2025 02:20:33.985 INFO [main] org.apache.catalina.startup.VersionLoggerListener.log Command line argument: -Djava.util.logging.manager=org.apache.juli.ClassLoaderLogManager
22-Aug-2025 02:20:33.985 INFO [main] org.apache.catalina.startup.VersionLoggerListener.log Command line argument: -Djdk.tls.ephemeralDHKeySize=2048
22-Aug-2025 02:20:33.985 INFO [main] org.apache.catalina.startup.VersionLoggerListener.log Command line argument: -Djava.protocol.handler.pkgs=org.apache.catalina.webresources
22-Aug-2025 02:20:33.985 INFO [main] org.apache.catalina.startup.VersionLoggerListener.log Command line argument: -Dsun.io.useCanonCaches=false
22-Aug-2025 02:20:33.985 INFO [main] org.apache.catalina.startup.VersionLoggerListener.log Command line argument: -Dorg.apache.catalina.security.SecurityListener.UMASK=0027
22-Aug-2025 02:20:33.985 INFO [main] org.apache.catalina.startup.VersionLoggerListener.log Command line argument: --add-opens=java.base/java.lang=ALL-UNNAMED
22-Aug-2025 02:20:33.985 INFO [main] org.apache.catalina.startup.VersionLoggerListener.log Command line argument: --add-opens=java.base/java.lang.reflect=ALL-UNNAMED
22-Aug-2025 02:20:33.985 INFO [main] org.apache.catalina.startup.VersionLoggerListener.log Command line argument: --add-opens=java.base/java.io=ALL-UNNAMED
22-Aug-2025 02:20:33.985 INFO [main] org.apache.catalina.startup.VersionLoggerListener.log Command line argument: --add-opens=java.base/java.util=ALL-UNNAMED
22-Aug-2025 02:20:33.985 INFO [main] org.apache.catalina.startup.VersionLoggerListener.log Command line argument: --add-opens=java.base/java.util.concurrent=ALL-UNNAMED
22-Aug-2025 02:20:33.985 INFO [main] org.apache.catalina.startup.VersionLoggerListener.log Command line argument: --add-opens=java.rmi/sun.rmi.transport=ALL-UNNAMED
22-Aug-2025 02:20:33.985 INFO [main] org.apache.catalina.startup.VersionLoggerListener.log Command line argument: -Dcatalina.base=/Users/nguyendinhtanloc/Documents/Semester_1_2025/Web/TomCat
22-Aug-2025 02:20:33.985 INFO [main] org.apache.catalina.startup.VersionLoggerListener.log Command line argument: -Dcatalina.home=/Users/nguyendinhtanloc/Documents/Semester_1_2025/Web/TomCat
22-Aug-2025 02:20:33.985 INFO [main] org.apache.catalina.startup.VersionLoggerListener.log Command line argument: -Djava.io.tmpdir=/Users/nguyendinhtanloc/Documents/Semester_1_2025/Web/TomCat/temp
22-Aug-2025 02:20:33.990 INFO [main] org.apache.catalina.core.AprLifecycleListener.lifecycleEvent The Apache Tomcat Native library which allows using OpenSSL was not found on the java.library.path: [/Users/nguyendinhtanloc/Library/Java/Extensions:/Library/Java/Extensions:/Network/Library/Java/Extensions:/System/Library/Java/Extensions:/usr/lib/java:.]
22-Aug-2025 02:20:34.107 INFO [main] org.apache.coyote.AbstractProtocol.init Initializing ProtocolHandler ["http-nio-8080"]
22-Aug-2025 02:20:34.119 INFO [main] org.apache.catalina.startup.Catalina.load Server initialization in [221] milliseconds
22-Aug-2025 02:20:34.137 INFO [main] org.apache.catalina.core.StandardService.startInternal Starting service [Catalina]
22-Aug-2025 02:20:34.137 INFO [main] org.apache.catalina.core.StandardEngine.startInternal Starting Servlet engine: [Apache Tomcat/10.1.44]
22-Aug-2025 02:20:34.143 INFO [main] org.apache.catalina.startup.HostConfig.deployWAR Deploying web application archive [/Users/nguyendinhtanloc/Documents/Semester_1_2025/Web/TomCat/webapps/Week1.war]
22-Aug-2025 02:20:34.276 INFO [main] org.apache.catalina.startup.HostConfig.deployWAR Deployment of web application archive [/Users/nguyendinhtanloc/Documents/Semester_1_2025/Web/TomCat/webapps/Week1.war] has finished in [133] ms
22-Aug-2025 02:20:34.276 INFO [main] org.apache.catalina.startup.HostConfig.deployDirectory Deploying web application directory [/Users/nguyendinhtanloc/Documents/Semester_1_2025/Web/TomCat/webapps/docs]
22-Aug-2025 02:20:34.286 INFO [main] org.apache.catalina.startup.HostConfig.deployDirectory Deployment of web application directory [/Users/nguyendinhtanloc/Documents/Semester_1_2025/Web/TomCat/webapps/docs] has finished in [10] ms
22-Aug-2025 02:20:34.286 INFO [main] org.apache.catalina.startup.HostConfig.deployDirectory Deploying web application directory [/Users/nguyendinhtanloc/Documents/Semester_1_2025/Web/TomCat/webapps/manager]
22-Aug-2025 02:20:34.300 INFO [main] org.apache.catalina.startup.HostConfig.deployDirectory Deployment of web application directory [/Users/nguyendinhtanloc/Documents/Semester_1_2025/Web/TomCat/webapps/manager] has finished in [14] ms
22-Aug-2025 02:20:34.300 INFO [main] org.apache.catalina.startup.HostConfig.deployDirectory Deploying web application directory [/Users/nguyendinhtanloc/Documents/Semester_1_2025/Web/TomCat/webapps/examples]
22-Aug-2025 02:20:34.388 INFO [main] org.apache.catalina.startup.HostConfig.deployDirectory Deployment of web application directory [/Users/nguyendinhtanloc/Documents/Semester_1_2025/Web/TomCat/webapps/examples] has finished in [87] ms
22-Aug-2025 02:20:34.388 INFO [main] org.apache.catalina.startup.HostConfig.deployDirectory Deploying web application directory [/Users/nguyendinhtanloc/Documents/Semester_1_2025/Web/TomCat/webapps/ROOT]
22-Aug-2025 02:20:34.393 INFO [main] org.apache.catalina.startup.HostConfig.deployDirectory Deployment of web application directory [/Users/nguyendinhtanloc/Documents/Semester_1_2025/Web/TomCat/webapps/ROOT] has finished in [5] ms
22-Aug-2025 02:20:34.394 INFO [main] org.apache.catalina.startup.HostConfig.deployDirectory Deploying web application directory [/Users/nguyendinhtanloc/Documents/Semester_1_2025/Web/TomCat/webapps/host-manager]
22-Aug-2025 02:20:34.401 INFO [main] org.apache.catalina.startup.HostConfig.deployDirectory Deployment of web application directory [/Users/nguyendinhtanloc/Documents/Semester_1_2025/Web/TomCat/webapps/host-manager] has finished in [8] ms
22-Aug-2025 02:20:34.403 INFO [main] org.apache.coyote.AbstractProtocol.start Starting ProtocolHandler ["http-nio-8080"]
22-Aug-2025 02:20:34.408 INFO [main] org.apache.catalina.startup.Catalina.start Server startup in [288] milliseconds
22-Aug-2025 02:27:54.830 INFO [Catalina-utility-1] org.apache.catalina.startup.HostConfig.undeploy Undeploying context [/Week1]
22-Aug-2025 02:28:54.930 INFO [Catalina-utility-2] org.apache.catalina.startup.HostConfig.deployWAR Deploying web application archive [/Users/nguyendinhtanloc/Documents/Semester_1_2025/Web/TomCat/webapps/Week1.war]
22-Aug-2025 02:28:54.976 INFO [Catalina-utility-2] org.apache.catalina.startup.HostConfig.deployWAR Deployment of web application archive [/Users/nguyendinhtanloc/Documents/Semester_1_2025/Web/TomCat/webapps/Week1.war] has finished in [46] ms
22-Aug-2025 02:30:25.678 INFO [main] org.apache.catalina.core.StandardServer.await A valid shutdown command was received via the shutdown port. Stopping the Server instance.
22-Aug-2025 02:30:25.681 INFO [main] org.apache.coyote.AbstractProtocol.pause Pausing ProtocolHandler ["http-nio-8080"]
22-Aug-2025 02:30:25.683 INFO [main] org.apache.catalina.core.StandardService.stopInternal Stopping service [Catalina]
22-Aug-2025 02:30:25.692 INFO [main] org.apache.coyote.AbstractProtocol.stop Stopping ProtocolHandler ["http-nio-8080"]
22-Aug-2025 02:30:25.694 INFO [main] org.apache.coyote.AbstractProtocol.destroy Destroying ProtocolHandler ["http-nio-8080"]
22-Aug-2025 02:30:29.766 INFO [main] org.apache.catalina.startup.VersionLoggerListener.log Server version name:   Apache Tomcat/10.1.44
22-Aug-2025 02:30:29.768 INFO [main] org.apache.catalina.startup.VersionLoggerListener.log Server built:          Aug 4 2025 13:14:17 UTC
22-Aug-2025 02:30:29.768 INFO [main] org.apache.catalina.startup.VersionLoggerListener.log Server version number: 10.1.44.0
22-Aug-2025 02:30:29.768 INFO [main] org.apache.catalina.startup.VersionLoggerListener.log OS Name:               Mac OS X
22-Aug-2025 02:30:29.768 INFO [main] org.apache.catalina.startup.VersionLoggerListener.log OS Version:            15.6
22-Aug-2025 02:30:29.768 INFO [main] org.apache.catalina.startup.VersionLoggerListener.log Architecture:          aarch64
22-Aug-2025 02:30:29.768 INFO [main] org.apache.catalina.startup.VersionLoggerListener.log Java Home:             /opt/homebrew/Cellar/openjdk@17/17.0.15/libexec/openjdk.jdk/Contents/Home
22-Aug-2025 02:30:29.768 INFO [main] org.apache.catalina.startup.VersionLoggerListener.log JVM Version:           17.0.15+0
22-Aug-2025 02:30:29.768 INFO [main] org.apache.catalina.startup.VersionLoggerListener.log JVM Vendor:            Homebrew
22-Aug-2025 02:30:29.768 INFO [main] org.apache.catalina.startup.VersionLoggerListener.log CATALINA_BASE:         /Users/nguyendinhtanloc/Documents/Semester_1_2025/Web/TomCat
22-Aug-2025 02:30:29.768 INFO [main] org.apache.catalina.startup.VersionLoggerListener.log CATALINA_HOME:         /Users/nguyendinhtanloc/Documents/Semester_1_2025/Web/TomCat
22-Aug-2025 02:30:29.775 INFO [main] org.apache.catalina.startup.VersionLoggerListener.log Command line argument: -Djava.util.logging.config.file=/Users/nguyendinhtanloc/Documents/Semester_1_2025/Web/TomCat/conf/logging.properties
22-Aug-2025 02:30:29.776 INFO [main] org.apache.catalina.startup.VersionLoggerListener.log Command line argument: -Djava.util.logging.manager=org.apache.juli.ClassLoaderLogManager
22-Aug-2025 02:30:29.776 INFO [main] org.apache.catalina.startup.VersionLoggerListener.log Command line argument: -Djdk.tls.ephemeralDHKeySize=2048
22-Aug-2025 02:30:29.776 INFO [main] org.apache.catalina.startup.VersionLoggerListener.log Command line argument: -Djava.protocol.handler.pkgs=org.apache.catalina.webresources
22-Aug-2025 02:30:29.776 INFO [main] org.apache.catalina.startup.VersionLoggerListener.log Command line argument: -Dsun.io.useCanonCaches=false
22-Aug-2025 02:30:29.776 INFO [main] org.apache.catalina.startup.VersionLoggerListener.log Command line argument: -Dorg.apache.catalina.security.SecurityListener.UMASK=0027
22-Aug-2025 02:30:29.776 INFO [main] org.apache.catalina.startup.VersionLoggerListener.log Command line argument: --add-opens=java.base/java.lang=ALL-UNNAMED
22-Aug-2025 02:30:29.776 INFO [main] org.apache.catalina.startup.VersionLoggerListener.log Command line argument: --add-opens=java.base/java.lang.reflect=ALL-UNNAMED
22-Aug-2025 02:30:29.776 INFO [main] org.apache.catalina.startup.VersionLoggerListener.log Command line argument: --add-opens=java.base/java.io=ALL-UNNAMED
22-Aug-2025 02:30:29.776 INFO [main] org.apache.catalina.startup.VersionLoggerListener.log Command line argument: --add-opens=java.base/java.util=ALL-UNNAMED
22-Aug-2025 02:30:29.776 INFO [main] org.apache.catalina.startup.VersionLoggerListener.log Command line argument: --add-opens=java.base/java.util.concurrent=ALL-UNNAMED
22-Aug-2025 02:30:29.776 INFO [main] org.apache.catalina.startup.VersionLoggerListener.log Command line argument: --add-opens=java.rmi/sun.rmi.transport=ALL-UNNAMED
22-Aug-2025 02:30:29.776 INFO [main] org.apache.catalina.startup.VersionLoggerListener.log Command line argument: -Dcatalina.base=/Users/nguyendinhtanloc/Documents/Semester_1_2025/Web/TomCat
22-Aug-2025 02:30:29.776 INFO [main] org.apache.catalina.startup.VersionLoggerListener.log Command line argument: -Dcatalina.home=/Users/nguyendinhtanloc/Documents/Semester_1_2025/Web/TomCat
22-Aug-2025 02:30:29.776 INFO [main] org.apache.catalina.startup.VersionLoggerListener.log Command line argument: -Djava.io.tmpdir=/Users/nguyendinhtanloc/Documents/Semester_1_2025/Web/TomCat/temp
22-Aug-2025 02:30:29.781 INFO [main] org.apache.catalina.core.AprLifecycleListener.lifecycleEvent The Apache Tomcat Native library which allows using OpenSSL was not found on the java.library.path: [/Users/nguyendinhtanloc/Library/Java/Extensions:/Library/Java/Extensions:/Network/Library/Java/Extensions:/System/Library/Java/Extensions:/usr/lib/java:.]
22-Aug-2025 02:30:29.895 INFO [main] org.apache.coyote.AbstractProtocol.init Initializing ProtocolHandler ["http-nio-8080"]
22-Aug-2025 02:30:29.908 INFO [main] org.apache.catalina.startup.Catalina.load Server initialization in [217] milliseconds
22-Aug-2025 02:30:29.925 INFO [main] org.apache.catalina.core.StandardService.startInternal Starting service [Catalina]
22-Aug-2025 02:30:29.925 INFO [main] org.apache.catalina.core.StandardEngine.startInternal Starting Servlet engine: [Apache Tomcat/10.1.44]
22-Aug-2025 02:30:29.931 INFO [main] org.apache.catalina.startup.HostConfig.deployWAR Deploying web application archive [/Users/nguyendinhtanloc/Documents/Semester_1_2025/Web/TomCat/webapps/Week1.war]
22-Aug-2025 02:30:30.047 INFO [main] org.apache.catalina.startup.HostConfig.deployWAR Deployment of web application archive [/Users/nguyendinhtanloc/Documents/Semester_1_2025/Web/TomCat/webapps/Week1.war] has finished in [116] ms
22-Aug-2025 02:30:30.047 INFO [main] org.apache.catalina.startup.HostConfig.deployDirectory Deploying web application directory [/Users/nguyendinhtanloc/Documents/Semester_1_2025/Web/TomCat/webapps/docs]
22-Aug-2025 02:30:30.057 INFO [main] org.apache.catalina.startup.HostConfig.deployDirectory Deployment of web application directory [/Users/nguyendinhtanloc/Documents/Semester_1_2025/Web/TomCat/webapps/docs] has finished in [10] ms
22-Aug-2025 02:30:30.057 INFO [main] org.apache.catalina.startup.HostConfig.deployDirectory Deploying web application directory [/Users/nguyendinhtanloc/Documents/Semester_1_2025/Web/TomCat/webapps/manager]
22-Aug-2025 02:30:30.071 INFO [main] org.apache.catalina.startup.HostConfig.deployDirectory Deployment of web application directory [/Users/nguyendinhtanloc/Documents/Semester_1_2025/Web/TomCat/webapps/manager] has finished in [14] ms
22-Aug-2025 02:30:30.071 INFO [main] org.apache.catalina.startup.HostConfig.deployDirectory Deploying web application directory [/Users/nguyendinhtanloc/Documents/Semester_1_2025/Web/TomCat/webapps/examples]
22-Aug-2025 02:30:30.159 INFO [main] org.apache.catalina.startup.HostConfig.deployDirectory Deployment of web application directory [/Users/nguyendinhtanloc/Documents/Semester_1_2025/Web/TomCat/webapps/examples] has finished in [88] ms
22-Aug-2025 02:30:30.160 INFO [main] org.apache.catalina.startup.HostConfig.deployDirectory Deploying web application directory [/Users/nguyendinhtanloc/Documents/Semester_1_2025/Web/TomCat/webapps/ROOT]
22-Aug-2025 02:30:30.166 INFO [main] org.apache.catalina.startup.HostConfig.deployDirectory Deployment of web application directory [/Users/nguyendinhtanloc/Documents/Semester_1_2025/Web/TomCat/webapps/ROOT] has finished in [6] ms
22-Aug-2025 02:30:30.166 INFO [main] org.apache.catalina.startup.HostConfig.deployDirectory Deploying web application directory [/Users/nguyendinhtanloc/Documents/Semester_1_2025/Web/TomCat/webapps/host-manager]
22-Aug-2025 02:30:30.173 INFO [main] org.apache.catalina.startup.HostConfig.deployDirectory Deployment of web application directory [/Users/nguyendinhtanloc/Documents/Semester_1_2025/Web/TomCat/webapps/host-manager] has finished in [7] ms
22-Aug-2025 02:30:30.175 INFO [main] org.apache.coyote.AbstractProtocol.start Starting ProtocolHandler ["http-nio-8080"]
22-Aug-2025 02:30:30.179 INFO [main] org.apache.catalina.startup.Catalina.start Server startup in [270] milliseconds
22-Aug-2025 02:34:10.369 INFO [Catalina-utility-1] org.apache.catalina.startup.HostConfig.undeploy Undeploying context [/Week1]
22-Aug-2025 02:34:10.411 INFO [Catalina-utility-1] org.apache.catalina.startup.HostConfig.deployWAR Deploying web application archive [/Users/nguyendinhtanloc/Documents/Semester_1_2025/Web/TomCat/webapps/Week1.war]
22-Aug-2025 02:34:10.439 INFO [Catalina-utility-1] org.apache.catalina.startup.HostConfig.deployWAR Deployment of web application archive [/Users/nguyendinhtanloc/Documents/Semester_1_2025/Web/TomCat/webapps/Week1.war] has finished in [29] ms
22-Aug-2025 02:34:24.884 INFO [main] org.apache.catalina.core.StandardServer.await A valid shutdown command was received via the shutdown port. Stopping the Server instance.
22-Aug-2025 02:34:24.885 INFO [main] org.apache.coyote.AbstractProtocol.pause Pausing ProtocolHandler ["http-nio-8080"]
22-Aug-2025 02:34:24.887 INFO [main] org.apache.catalina.core.StandardService.stopInternal Stopping service [Catalina]
22-Aug-2025 02:34:24.894 INFO [main] org.apache.coyote.AbstractProtocol.stop Stopping ProtocolHandler ["http-nio-8080"]
22-Aug-2025 02:34:24.896 INFO [main] org.apache.coyote.AbstractProtocol.destroy Destroying ProtocolHandler ["http-nio-8080"]
22-Aug-2025 02:34:27.241 INFO [main] org.apache.catalina.startup.VersionLoggerListener.log Server version name:   Apache Tomcat/10.1.44
22-Aug-2025 02:34:27.242 INFO [main] org.apache.catalina.startup.VersionLoggerListener.log Server built:          Aug 4 2025 13:14:17 UTC
22-Aug-2025 02:34:27.242 INFO [main] org.apache.catalina.startup.VersionLoggerListener.log Server version number: 10.1.44.0
22-Aug-2025 02:34:27.242 INFO [main] org.apache.catalina.startup.VersionLoggerListener.log OS Name:               Mac OS X
22-Aug-2025 02:34:27.242 INFO [main] org.apache.catalina.startup.VersionLoggerListener.log OS Version:            15.6
22-Aug-2025 02:34:27.242 INFO [main] org.apache.catalina.startup.VersionLoggerListener.log Architecture:          aarch64
22-Aug-2025 02:34:27.242 INFO [main] org.apache.catalina.startup.VersionLoggerListener.log Java Home:             /opt/homebrew/Cellar/openjdk@17/17.0.15/libexec/openjdk.jdk/Contents/Home
22-Aug-2025 02:34:27.242 INFO [main] org.apache.catalina.startup.VersionLoggerListener.log JVM Version:           17.0.15+0
22-Aug-2025 02:34:27.243 INFO [main] org.apache.catalina.startup.VersionLoggerListener.log JVM Vendor:            Homebrew
22-Aug-2025 02:34:27.243 INFO [main] org.apache.catalina.startup.VersionLoggerListener.log CATALINA_BASE:         /Users/nguyendinhtanloc/Documents/Semester_1_2025/Web/TomCat
22-Aug-2025 02:34:27.243 INFO [main] org.apache.catalina.startup.VersionLoggerListener.log CATALINA_HOME:         /Users/nguyendinhtanloc/Documents/Semester_1_2025/Web/TomCat
22-Aug-2025 02:34:27.248 INFO [main] org.apache.catalina.startup.VersionLoggerListener.log Command line argument: -Djava.util.logging.config.file=/Users/nguyendinhtanloc/Documents/Semester_1_2025/Web/TomCat/conf/logging.properties
22-Aug-2025 02:34:27.248 INFO [main] org.apache.catalina.startup.VersionLoggerListener.log Command line argument: -Djava.util.logging.manager=org.apache.juli.ClassLoaderLogManager
22-Aug-2025 02:34:27.249 INFO [main] org.apache.catalina.startup.VersionLoggerListener.log Command line argument: -Djdk.tls.ephemeralDHKeySize=2048
22-Aug-2025 02:34:27.249 INFO [main] org.apache.catalina.startup.VersionLoggerListener.log Command line argument: -Djava.protocol.handler.pkgs=org.apache.catalina.webresources
22-Aug-2025 02:34:27.249 INFO [main] org.apache.catalina.startup.VersionLoggerListener.log Command line argument: -Dsun.io.useCanonCaches=false
22-Aug-2025 02:34:27.249 INFO [main] org.apache.catalina.startup.VersionLoggerListener.log Command line argument: -Dorg.apache.catalina.security.SecurityListener.UMASK=0027
22-Aug-2025 02:34:27.249 INFO [main] org.apache.catalina.startup.VersionLoggerListener.log Command line argument: --add-opens=java.base/java.lang=ALL-UNNAMED
22-Aug-2025 02:34:27.249 INFO [main] org.apache.catalina.startup.VersionLoggerListener.log Command line argument: --add-opens=java.base/java.lang.reflect=ALL-UNNAMED
22-Aug-2025 02:34:27.249 INFO [main] org.apache.catalina.startup.VersionLoggerListener.log Command line argument: --add-opens=java.base/java.io=ALL-UNNAMED
22-Aug-2025 02:34:27.249 INFO [main] org.apache.catalina.startup.VersionLoggerListener.log Command line argument: --add-opens=java.base/java.util=ALL-UNNAMED
22-Aug-2025 02:34:27.249 INFO [main] org.apache.catalina.startup.VersionLoggerListener.log Command line argument: --add-opens=java.base/java.util.concurrent=ALL-UNNAMED
22-Aug-2025 02:34:27.249 INFO [main] org.apache.catalina.startup.VersionLoggerListener.log Command line argument: --add-opens=java.rmi/sun.rmi.transport=ALL-UNNAMED
22-Aug-2025 02:34:27.249 INFO [main] org.apache.catalina.startup.VersionLoggerListener.log Command line argument: -Dcatalina.base=/Users/nguyendinhtanloc/Documents/Semester_1_2025/Web/TomCat
22-Aug-2025 02:34:27.249 INFO [main] org.apache.catalina.startup.VersionLoggerListener.log Command line argument: -Dcatalina.home=/Users/nguyendinhtanloc/Documents/Semester_1_2025/Web/TomCat
22-Aug-2025 02:34:27.249 INFO [main] org.apache.catalina.startup.VersionLoggerListener.log Command line argument: -Djava.io.tmpdir=/Users/nguyendinhtanloc/Documents/Semester_1_2025/Web/TomCat/temp
22-Aug-2025 02:34:27.253 INFO [main] org.apache.catalina.core.AprLifecycleListener.lifecycleEvent The Apache Tomcat Native library which allows using OpenSSL was not found on the java.library.path: [/Users/nguyendinhtanloc/Library/Java/Extensions:/Library/Java/Extensions:/Network/Library/Java/Extensions:/System/Library/Java/Extensions:/usr/lib/java:.]
22-Aug-2025 02:34:27.366 INFO [main] org.apache.coyote.AbstractProtocol.init Initializing ProtocolHandler ["http-nio-8080"]
22-Aug-2025 02:34:27.379 INFO [main] org.apache.catalina.startup.Catalina.load Server initialization in [215] milliseconds
22-Aug-2025 02:34:27.396 INFO [main] org.apache.catalina.core.StandardService.startInternal Starting service [Catalina]
22-Aug-2025 02:34:27.396 INFO [main] org.apache.catalina.core.StandardEngine.startInternal Starting Servlet engine: [Apache Tomcat/10.1.44]
22-Aug-2025 02:34:27.403 INFO [main] org.apache.catalina.startup.HostConfig.deployWAR Deploying web application archive [/Users/nguyendinhtanloc/Documents/Semester_1_2025/Web/TomCat/webapps/Week1.war]
22-Aug-2025 02:34:27.519 INFO [main] org.apache.catalina.startup.HostConfig.deployWAR Deployment of web application archive [/Users/nguyendinhtanloc/Documents/Semester_1_2025/Web/TomCat/webapps/Week1.war] has finished in [117] ms
22-Aug-2025 02:34:27.520 INFO [main] org.apache.catalina.startup.HostConfig.deployDirectory Deploying web application directory [/Users/nguyendinhtanloc/Documents/Semester_1_2025/Web/TomCat/webapps/docs]
22-Aug-2025 02:34:27.530 INFO [main] org.apache.catalina.startup.HostConfig.deployDirectory Deployment of web application directory [/Users/nguyendinhtanloc/Documents/Semester_1_2025/Web/TomCat/webapps/docs] has finished in [10] ms
22-Aug-2025 02:34:27.530 INFO [main] org.apache.catalina.startup.HostConfig.deployDirectory Deploying web application directory [/Users/nguyendinhtanloc/Documents/Semester_1_2025/Web/TomCat/webapps/manager]
22-Aug-2025 02:34:27.545 INFO [main] org.apache.catalina.startup.HostConfig.deployDirectory Deployment of web application directory [/Users/nguyendinhtanloc/Documents/Semester_1_2025/Web/TomCat/webapps/manager] has finished in [15] ms
22-Aug-2025 02:34:27.545 INFO [main] org.apache.catalina.startup.HostConfig.deployDirectory Deploying web application directory [/Users/nguyendinhtanloc/Documents/Semester_1_2025/Web/TomCat/webapps/examples]
22-Aug-2025 02:34:27.631 INFO [main] org.apache.catalina.startup.HostConfig.deployDirectory Deployment of web application directory [/Users/nguyendinhtanloc/Documents/Semester_1_2025/Web/TomCat/webapps/examples] has finished in [86] ms
22-Aug-2025 02:34:27.631 INFO [main] org.apache.catalina.startup.HostConfig.deployDirectory Deploying web application directory [/Users/nguyendinhtanloc/Documents/Semester_1_2025/Web/TomCat/webapps/ROOT]
22-Aug-2025 02:34:27.637 INFO [main] org.apache.catalina.startup.HostConfig.deployDirectory Deployment of web application directory [/Users/nguyendinhtanloc/Documents/Semester_1_2025/Web/TomCat/webapps/ROOT] has finished in [6] ms
22-Aug-2025 02:34:27.637 INFO [main] org.apache.catalina.startup.HostConfig.deployDirectory Deploying web application directory [/Users/nguyendinhtanloc/Documents/Semester_1_2025/Web/TomCat/webapps/host-manager]
22-Aug-2025 02:34:27.644 INFO [main] org.apache.catalina.startup.HostConfig.deployDirectory Deployment of web application directory [/Users/nguyendinhtanloc/Documents/Semester_1_2025/Web/TomCat/webapps/host-manager] has finished in [7] ms
22-Aug-2025 02:34:27.646 INFO [main] org.apache.coyote.AbstractProtocol.start Starting ProtocolHandler ["http-nio-8080"]
22-Aug-2025 02:34:27.650 INFO [main] org.apache.catalina.startup.Catalina.start Server startup in [270] milliseconds
22-Aug-2025 02:43:08.119 INFO [Catalina-utility-1] org.apache.catalina.startup.HostConfig.undeploy Undeploying context [/Week1]
22-Aug-2025 02:43:08.148 INFO [Catalina-utility-1] org.apache.catalina.startup.HostConfig.deployWAR Deploying web application archive [/Users/nguyendinhtanloc/Documents/Semester_1_2025/Web/TomCat/webapps/Week1.war]
22-Aug-2025 02:43:08.169 INFO [Catalina-utility-1] org.apache.catalina.startup.HostConfig.deployWAR Deployment of web application archive [/Users/nguyendinhtanloc/Documents/Semester_1_2025/Web/TomCat/webapps/Week1.war] has finished in [20] ms
22-Aug-2025 02:43:27.330 INFO [main] org.apache.catalina.core.StandardServer.await A valid shutdown command was received via the shutdown port. Stopping the Server instance.
22-Aug-2025 02:43:27.331 INFO [main] org.apache.coyote.AbstractProtocol.pause Pausing ProtocolHandler ["http-nio-8080"]
22-Aug-2025 02:43:27.332 INFO [main] org.apache.catalina.core.StandardService.stopInternal Stopping service [Catalina]
22-Aug-2025 02:43:27.339 INFO [main] org.apache.coyote.AbstractProtocol.stop Stopping ProtocolHandler ["http-nio-8080"]
22-Aug-2025 02:43:27.342 INFO [main] org.apache.coyote.AbstractProtocol.destroy Destroying ProtocolHandler ["http-nio-8080"]
22-Aug-2025 02:43:29.335 INFO [main] org.apache.catalina.startup.VersionLoggerListener.log Server version name:   Apache Tomcat/10.1.44
22-Aug-2025 02:43:29.337 INFO [main] org.apache.catalina.startup.VersionLoggerListener.log Server built:          Aug 4 2025 13:14:17 UTC
22-Aug-2025 02:43:29.337 INFO [main] org.apache.catalina.startup.VersionLoggerListener.log Server version number: 10.1.44.0
22-Aug-2025 02:43:29.337 INFO [main] org.apache.catalina.startup.VersionLoggerListener.log OS Name:               Mac OS X
22-Aug-2025 02:43:29.337 INFO [main] org.apache.catalina.startup.VersionLoggerListener.log OS Version:            15.6
22-Aug-2025 02:43:29.337 INFO [main] org.apache.catalina.startup.VersionLoggerListener.log Architecture:          aarch64
22-Aug-2025 02:43:29.337 INFO [main] org.apache.catalina.startup.VersionLoggerListener.log Java Home:             /opt/homebrew/Cellar/openjdk@17/17.0.15/libexec/openjdk.jdk/Contents/Home
22-Aug-2025 02:43:29.337 INFO [main] org.apache.catalina.startup.VersionLoggerListener.log JVM Version:           17.0.15+0
22-Aug-2025 02:43:29.337 INFO [main] org.apache.catalina.startup.VersionLoggerListener.log JVM Vendor:            Homebrew
22-Aug-2025 02:43:29.337 INFO [main] org.apache.catalina.startup.VersionLoggerListener.log CATALINA_BASE:         /Users/nguyendinhtanloc/Documents/Semester_1_2025/Web/TomCat
22-Aug-2025 02:43:29.337 INFO [main] org.apache.catalina.startup.VersionLoggerListener.log CATALINA_HOME:         /Users/nguyendinhtanloc/Documents/Semester_1_2025/Web/TomCat
22-Aug-2025 02:43:29.344 INFO [main] org.apache.catalina.startup.VersionLoggerListener.log Command line argument: -Djava.util.logging.config.file=/Users/nguyendinhtanloc/Documents/Semester_1_2025/Web/TomCat/conf/logging.properties
22-Aug-2025 02:43:29.344 INFO [main] org.apache.catalina.startup.VersionLoggerListener.log Command line argument: -Djava.util.logging.manager=org.apache.juli.ClassLoaderLogManager
22-Aug-2025 02:43:29.344 INFO [main] org.apache.catalina.startup.VersionLoggerListener.log Command line argument: -Djdk.tls.ephemeralDHKeySize=2048
22-Aug-2025 02:43:29.344 INFO [main] org.apache.catalina.startup.VersionLoggerListener.log Command line argument: -Djava.protocol.handler.pkgs=org.apache.catalina.webresources
22-Aug-2025 02:43:29.344 INFO [main] org.apache.catalina.startup.VersionLoggerListener.log Command line argument: -Dsun.io.useCanonCaches=false
22-Aug-2025 02:43:29.344 INFO [main] org.apache.catalina.startup.VersionLoggerListener.log Command line argument: -Dorg.apache.catalina.security.SecurityListener.UMASK=0027
22-Aug-2025 02:43:29.344 INFO [main] org.apache.catalina.startup.VersionLoggerListener.log Command line argument: --add-opens=java.base/java.lang=ALL-UNNAMED
22-Aug-2025 02:43:29.344 INFO [main] org.apache.catalina.startup.VersionLoggerListener.log Command line argument: --add-opens=java.base/java.lang.reflect=ALL-UNNAMED
22-Aug-2025 02:43:29.345 INFO [main] org.apache.catalina.startup.VersionLoggerListener.log Command line argument: --add-opens=java.base/java.io=ALL-UNNAMED
22-Aug-2025 02:43:29.345 INFO [main] org.apache.catalina.startup.VersionLoggerListener.log Command line argument: --add-opens=java.base/java.util=ALL-UNNAMED
22-Aug-2025 02:43:29.345 INFO [main] org.apache.catalina.startup.VersionLoggerListener.log Command line argument: --add-opens=java.base/java.util.concurrent=ALL-UNNAMED
22-Aug-2025 02:43:29.345 INFO [main] org.apache.catalina.startup.VersionLoggerListener.log Command line argument: --add-opens=java.rmi/sun.rmi.transport=ALL-UNNAMED
22-Aug-2025 02:43:29.345 INFO [main] org.apache.catalina.startup.VersionLoggerListener.log Command line argument: -Dcatalina.base=/Users/nguyendinhtanloc/Documents/Semester_1_2025/Web/TomCat
22-Aug-2025 02:43:29.345 INFO [main] org.apache.catalina.startup.VersionLoggerListener.log Command line argument: -Dcatalina.home=/Users/nguyendinhtanloc/Documents/Semester_1_2025/Web/TomCat
22-Aug-2025 02:43:29.345 INFO [main] org.apache.catalina.startup.VersionLoggerListener.log Command line argument: -Djava.io.tmpdir=/Users/nguyendinhtanloc/Documents/Semester_1_2025/Web/TomCat/temp
22-Aug-2025 02:43:29.349 INFO [main] org.apache.catalina.core.AprLifecycleListener.lifecycleEvent The Apache Tomcat Native library which allows using OpenSSL was not found on the java.library.path: [/Users/nguyendinhtanloc/Library/Java/Extensions:/Library/Java/Extensions:/Network/Library/Java/Extensions:/System/Library/Java/Extensions:/usr/lib/java:.]
22-Aug-2025 02:43:29.462 INFO [main] org.apache.coyote.AbstractProtocol.init Initializing ProtocolHandler ["http-nio-8080"]
22-Aug-2025 02:43:29.475 INFO [main] org.apache.catalina.startup.Catalina.load Server initialization in [216] milliseconds
22-Aug-2025 02:43:29.491 INFO [main] org.apache.catalina.core.StandardService.startInternal Starting service [Catalina]
22-Aug-2025 02:43:29.491 INFO [main] org.apache.catalina.core.StandardEngine.startInternal Starting Servlet engine: [Apache Tomcat/10.1.44]
22-Aug-2025 02:43:29.497 INFO [main] org.apache.catalina.startup.HostConfig.deployWAR Deploying web application archive [/Users/nguyendinhtanloc/Documents/Semester_1_2025/Web/TomCat/webapps/Week1.war]
22-Aug-2025 02:43:29.615 INFO [main] org.apache.catalina.startup.HostConfig.deployWAR Deployment of web application archive [/Users/nguyendinhtanloc/Documents/Semester_1_2025/Web/TomCat/webapps/Week1.war] has finished in [118] ms
22-Aug-2025 02:43:29.615 INFO [main] org.apache.catalina.startup.HostConfig.deployDirectory Deploying web application directory [/Users/nguyendinhtanloc/Documents/Semester_1_2025/Web/TomCat/webapps/docs]
22-Aug-2025 02:43:29.624 INFO [main] org.apache.catalina.startup.HostConfig.deployDirectory Deployment of web application directory [/Users/nguyendinhtanloc/Documents/Semester_1_2025/Web/TomCat/webapps/docs] has finished in [9] ms
22-Aug-2025 02:43:29.624 INFO [main] org.apache.catalina.startup.HostConfig.deployDirectory Deploying web application directory [/Users/nguyendinhtanloc/Documents/Semester_1_2025/Web/TomCat/webapps/manager]
22-Aug-2025 02:43:29.636 INFO [main] org.apache.catalina.startup.HostConfig.deployDirectory Deployment of web application directory [/Users/nguyendinhtanloc/Documents/Semester_1_2025/Web/TomCat/webapps/manager] has finished in [12] ms
22-Aug-2025 02:43:29.636 INFO [main] org.apache.catalina.startup.HostConfig.deployDirectory Deploying web application directory [/Users/nguyendinhtanloc/Documents/Semester_1_2025/Web/TomCat/webapps/examples]
22-Aug-2025 02:43:29.727 INFO [main] org.apache.catalina.startup.HostConfig.deployDirectory Deployment of web application directory [/Users/nguyendinhtanloc/Documents/Semester_1_2025/Web/TomCat/webapps/examples] has finished in [90] ms
22-Aug-2025 02:43:29.727 INFO [main] org.apache.catalina.startup.HostConfig.deployDirectory Deploying web application directory [/Users/nguyendinhtanloc/Documents/Semester_1_2025/Web/TomCat/webapps/ROOT]
22-Aug-2025 02:43:29.733 INFO [main] org.apache.catalina.startup.HostConfig.deployDirectory Deployment of web application directory [/Users/nguyendinhtanloc/Documents/Semester_1_2025/Web/TomCat/webapps/ROOT] has finished in [6] ms
22-Aug-2025 02:43:29.733 INFO [main] org.apache.catalina.startup.HostConfig.deployDirectory Deploying web application directory [/Users/nguyendinhtanloc/Documents/Semester_1_2025/Web/TomCat/webapps/host-manager]
22-Aug-2025 02:43:29.739 INFO [main] org.apache.catalina.startup.HostConfig.deployDirectory Deployment of web application directory [/Users/nguyendinhtanloc/Documents/Semester_1_2025/Web/TomCat/webapps/host-manager] has finished in [6] ms
22-Aug-2025 02:43:29.741 INFO [main] org.apache.coyote.AbstractProtocol.start Starting ProtocolHandler ["http-nio-8080"]
22-Aug-2025 02:43:29.745 INFO [main] org.apache.catalina.startup.Catalina.start Server startup in [269] milliseconds
22-Aug-2025 02:46:20.930 INFO [main] org.apache.catalina.core.StandardServer.await A valid shutdown command was received via the shutdown port. Stopping the Server instance.
22-Aug-2025 02:46:20.936 INFO [main] org.apache.coyote.AbstractProtocol.pause Pausing ProtocolHandler ["http-nio-8080"]
22-Aug-2025 02:46:20.939 INFO [main] org.apache.catalina.core.StandardService.stopInternal Stopping service [Catalina]
22-Aug-2025 02:46:20.953 INFO [main] org.apache.coyote.AbstractProtocol.stop Stopping ProtocolHandler ["http-nio-8080"]
22-Aug-2025 02:46:20.964 INFO [main] org.apache.coyote.AbstractProtocol.destroy Destroying ProtocolHandler ["http-nio-8080"]
22-Aug-2025 02:47:53.199 INFO [main] org.apache.catalina.startup.VersionLoggerListener.log Server version name:   Apache Tomcat/10.1.44
22-Aug-2025 02:47:53.201 INFO [main] org.apache.catalina.startup.VersionLoggerListener.log Server built:          Aug 4 2025 13:14:17 UTC
22-Aug-2025 02:47:53.201 INFO [main] org.apache.catalina.startup.VersionLoggerListener.log Server version number: 10.1.44.0
22-Aug-2025 02:47:53.201 INFO [main] org.apache.catalina.startup.VersionLoggerListener.log OS Name:               Mac OS X
22-Aug-2025 02:47:53.201 INFO [main] org.apache.catalina.startup.VersionLoggerListener.log OS Version:            15.6
22-Aug-2025 02:47:53.201 INFO [main] org.apache.catalina.startup.VersionLoggerListener.log Architecture:          aarch64
22-Aug-2025 02:47:53.201 INFO [main] org.apache.catalina.startup.VersionLoggerListener.log Java Home:             /opt/homebrew/Cellar/openjdk@17/17.0.15/libexec/openjdk.jdk/Contents/Home
22-Aug-2025 02:47:53.201 INFO [main] org.apache.catalina.startup.VersionLoggerListener.log JVM Version:           17.0.15+0
22-Aug-2025 02:47:53.201 INFO [main] org.apache.catalina.startup.VersionLoggerListener.log JVM Vendor:            Homebrew
22-Aug-2025 02:47:53.201 INFO [main] org.apache.catalina.startup.VersionLoggerListener.log CATALINA_BASE:         /Users/nguyendinhtanloc/Documents/Semester_1_2025/Web/TomCat
22-Aug-2025 02:47:53.201 INFO [main] org.apache.catalina.startup.VersionLoggerListener.log CATALINA_HOME:         /Users/nguyendinhtanloc/Documents/Semester_1_2025/Web/TomCat
22-Aug-2025 02:47:53.208 INFO [main] org.apache.catalina.startup.VersionLoggerListener.log Command line argument: -Djava.util.logging.config.file=/Users/nguyendinhtanloc/Documents/Semester_1_2025/Web/TomCat/conf/logging.properties
22-Aug-2025 02:47:53.208 INFO [main] org.apache.catalina.startup.VersionLoggerListener.log Command line argument: -Djava.util.logging.manager=org.apache.juli.ClassLoaderLogManager
22-Aug-2025 02:47:53.208 INFO [main] org.apache.catalina.startup.VersionLoggerListener.log Command line argument: -Djdk.tls.ephemeralDHKeySize=2048
22-Aug-2025 02:47:53.208 INFO [main] org.apache.catalina.startup.VersionLoggerListener.log Command line argument: -Djava.protocol.handler.pkgs=org.apache.catalina.webresources
22-Aug-2025 02:47:53.208 INFO [main] org.apache.catalina.startup.VersionLoggerListener.log Command line argument: -Dsun.io.useCanonCaches=false
22-Aug-2025 02:47:53.208 INFO [main] org.apache.catalina.startup.VersionLoggerListener.log Command line argument: -Dorg.apache.catalina.security.SecurityListener.UMASK=0027
22-Aug-2025 02:47:53.208 INFO [main] org.apache.catalina.startup.VersionLoggerListener.log Command line argument: --add-opens=java.base/java.lang=ALL-UNNAMED
22-Aug-2025 02:47:53.208 INFO [main] org.apache.catalina.startup.VersionLoggerListener.log Command line argument: --add-opens=java.base/java.lang.reflect=ALL-UNNAMED
22-Aug-2025 02:47:53.208 INFO [main] org.apache.catalina.startup.VersionLoggerListener.log Command line argument: --add-opens=java.base/java.io=ALL-UNNAMED
22-Aug-2025 02:47:53.208 INFO [main] org.apache.catalina.startup.VersionLoggerListener.log Command line argument: --add-opens=java.base/java.util=ALL-UNNAMED
22-Aug-2025 02:47:53.208 INFO [main] org.apache.catalina.startup.VersionLoggerListener.log Command line argument: --add-opens=java.base/java.util.concurrent=ALL-UNNAMED
22-Aug-2025 02:47:53.208 INFO [main] org.apache.catalina.startup.VersionLoggerListener.log Command line argument: --add-opens=java.rmi/sun.rmi.transport=ALL-UNNAMED
22-Aug-2025 02:47:53.208 INFO [main] org.apache.catalina.startup.VersionLoggerListener.log Command line argument: -Dcatalina.base=/Users/nguyendinhtanloc/Documents/Semester_1_2025/Web/TomCat
22-Aug-2025 02:47:53.208 INFO [main] org.apache.catalina.startup.VersionLoggerListener.log Command line argument: -Dcatalina.home=/Users/nguyendinhtanloc/Documents/Semester_1_2025/Web/TomCat
22-Aug-2025 02:47:53.208 INFO [main] org.apache.catalina.startup.VersionLoggerListener.log Command line argument: -Djava.io.tmpdir=/Users/nguyendinhtanloc/Documents/Semester_1_2025/Web/TomCat/temp
22-Aug-2025 02:47:53.213 INFO [main] org.apache.catalina.core.AprLifecycleListener.lifecycleEvent The Apache Tomcat Native library which allows using OpenSSL was not found on the java.library.path: [/Users/nguyendinhtanloc/Library/Java/Extensions:/Library/Java/Extensions:/Network/Library/Java/Extensions:/System/Library/Java/Extensions:/usr/lib/java:.]
22-Aug-2025 02:47:53.327 INFO [main] org.apache.coyote.AbstractProtocol.init Initializing ProtocolHandler ["http-nio-8080"]
22-Aug-2025 02:47:53.341 INFO [main] org.apache.catalina.startup.Catalina.load Server initialization in [220] milliseconds
22-Aug-2025 02:47:53.360 INFO [main] org.apache.catalina.core.StandardService.startInternal Starting service [Catalina]
22-Aug-2025 02:47:53.360 INFO [main] org.apache.catalina.core.StandardEngine.startInternal Starting Servlet engine: [Apache Tomcat/10.1.44]
22-Aug-2025 02:47:53.365 INFO [main] org.apache.catalina.startup.HostConfig.deployWAR Deploying web application archive [/Users/nguyendinhtanloc/Documents/Semester_1_2025/Web/TomCat/webapps/Week1.war]
22-Aug-2025 02:47:53.374 INFO [main] org.apache.catalina.startup.ExpandWar.expand An expanded directory [/Users/nguyendinhtanloc/Documents/Semester_1_2025/Web/TomCat/webapps/Week1] was found with a last modified time that did not match the associated WAR. It will be deleted.
22-Aug-2025 02:47:53.493 INFO [main] org.apache.catalina.startup.HostConfig.deployWAR Deployment of web application archive [/Users/nguyendinhtanloc/Documents/Semester_1_2025/Web/TomCat/webapps/Week1.war] has finished in [128] ms
22-Aug-2025 02:47:53.493 INFO [main] org.apache.catalina.startup.HostConfig.deployDirectory Deploying web application directory [/Users/nguyendinhtanloc/Documents/Semester_1_2025/Web/TomCat/webapps/docs]
22-Aug-2025 02:47:53.502 INFO [main] org.apache.catalina.startup.HostConfig.deployDirectory Deployment of web application directory [/Users/nguyendinhtanloc/Documents/Semester_1_2025/Web/TomCat/webapps/docs] has finished in [9] ms
22-Aug-2025 02:47:53.502 INFO [main] org.apache.catalina.startup.HostConfig.deployDirectory Deploying web application directory [/Users/nguyendinhtanloc/Documents/Semester_1_2025/Web/TomCat/webapps/manager]
22-Aug-2025 02:47:53.515 INFO [main] org.apache.catalina.startup.HostConfig.deployDirectory Deployment of web application directory [/Users/nguyendinhtanloc/Documents/Semester_1_2025/Web/TomCat/webapps/manager] has finished in [13] ms
22-Aug-2025 02:47:53.515 INFO [main] org.apache.catalina.startup.HostConfig.deployDirectory Deploying web application directory [/Users/nguyendinhtanloc/Documents/Semester_1_2025/Web/TomCat/webapps/examples]
22-Aug-2025 02:47:53.609 INFO [main] org.apache.catalina.startup.HostConfig.deployDirectory Deployment of web application directory [/Users/nguyendinhtanloc/Documents/Semester_1_2025/Web/TomCat/webapps/examples] has finished in [94] ms
22-Aug-2025 02:47:53.609 INFO [main] org.apache.catalina.startup.HostConfig.deployDirectory Deploying web application directory [/Users/nguyendinhtanloc/Documents/Semester_1_2025/Web/TomCat/webapps/ROOT]
22-Aug-2025 02:47:53.614 INFO [main] org.apache.catalina.startup.HostConfig.deployDirectory Deployment of web application directory [/Users/nguyendinhtanloc/Documents/Semester_1_2025/Web/TomCat/webapps/ROOT] has finished in [5] ms
22-Aug-2025 02:47:53.615 INFO [main] org.apache.catalina.startup.HostConfig.deployDirectory Deploying web application directory [/Users/nguyendinhtanloc/Documents/Semester_1_2025/Web/TomCat/webapps/host-manager]
22-Aug-2025 02:47:53.621 INFO [main] org.apache.catalina.startup.HostConfig.deployDirectory Deployment of web application directory [/Users/nguyendinhtanloc/Documents/Semester_1_2025/Web/TomCat/webapps/host-manager] has finished in [6] ms
22-Aug-2025 02:47:53.623 INFO [main] org.apache.coyote.AbstractProtocol.start Starting ProtocolHandler ["http-nio-8080"]
22-Aug-2025 02:47:53.627 INFO [main] org.apache.catalina.startup.Catalina.start Server startup in [285] milliseconds
User added: 23133041@student.hcmute.edu.vn
22-Aug-2025 02:52:06.832 INFO [main] org.apache.catalina.core.StandardServer.await A valid shutdown command was received via the shutdown port. Stopping the Server instance.
22-Aug-2025 02:52:06.834 INFO [main] org.apache.coyote.AbstractProtocol.pause Pausing ProtocolHandler ["http-nio-8080"]
22-Aug-2025 02:52:06.836 INFO [main] org.apache.catalina.core.StandardService.stopInternal Stopping service [Catalina]
22-Aug-2025 02:52:06.851 INFO [main] org.apache.coyote.AbstractProtocol.stop Stopping ProtocolHandler ["http-nio-8080"]
22-Aug-2025 02:52:06.862 INFO [main] org.apache.coyote.AbstractProtocol.destroy Destroying ProtocolHandler ["http-nio-8080"]
22-Aug-2025 02:53:26.915 INFO [main] org.apache.catalina.startup.VersionLoggerListener.log Server version name:   Apache Tomcat/10.1.44
22-Aug-2025 02:53:26.917 INFO [main] org.apache.catalina.startup.VersionLoggerListener.log Server built:          Aug 4 2025 13:14:17 UTC
22-Aug-2025 02:53:26.917 INFO [main] org.apache.catalina.startup.VersionLoggerListener.log Server version number: 10.1.44.0
22-Aug-2025 02:53:26.917 INFO [main] org.apache.catalina.startup.VersionLoggerListener.log OS Name:               Mac OS X
22-Aug-2025 02:53:26.917 INFO [main] org.apache.catalina.startup.VersionLoggerListener.log OS Version:            15.6
22-Aug-2025 02:53:26.917 INFO [main] org.apache.catalina.startup.VersionLoggerListener.log Architecture:          aarch64
22-Aug-2025 02:53:26.917 INFO [main] org.apache.catalina.startup.VersionLoggerListener.log Java Home:             /opt/homebrew/Cellar/openjdk@17/17.0.15/libexec/openjdk.jdk/Contents/Home
22-Aug-2025 02:53:26.917 INFO [main] org.apache.catalina.startup.VersionLoggerListener.log JVM Version:           17.0.15+0
22-Aug-2025 02:53:26.917 INFO [main] org.apache.catalina.startup.VersionLoggerListener.log JVM Vendor:            Homebrew
22-Aug-2025 02:53:26.917 INFO [main] org.apache.catalina.startup.VersionLoggerListener.log CATALINA_BASE:         /Users/nguyendinhtanloc/Documents/Semester_1_2025/Web/TomCat
22-Aug-2025 02:53:26.917 INFO [main] org.apache.catalina.startup.VersionLoggerListener.log CATALINA_HOME:         /Users/nguyendinhtanloc/Documents/Semester_1_2025/Web/TomCat
22-Aug-2025 02:53:26.924 INFO [main] org.apache.catalina.startup.VersionLoggerListener.log Command line argument: -Djava.util.logging.config.file=/Users/nguyendinhtanloc/Documents/Semester_1_2025/Web/TomCat/conf/logging.properties
22-Aug-2025 02:53:26.924 INFO [main] org.apache.catalina.startup.VersionLoggerListener.log Command line argument: -Djava.util.logging.manager=org.apache.juli.ClassLoaderLogManager
22-Aug-2025 02:53:26.924 INFO [main] org.apache.catalina.startup.VersionLoggerListener.log Command line argument: -Djdk.tls.ephemeralDHKeySize=2048
22-Aug-2025 02:53:26.924 INFO [main] org.apache.catalina.startup.VersionLoggerListener.log Command line argument: -Djava.protocol.handler.pkgs=org.apache.catalina.webresources
22-Aug-2025 02:53:26.924 INFO [main] org.apache.catalina.startup.VersionLoggerListener.log Command line argument: -Dsun.io.useCanonCaches=false
22-Aug-2025 02:53:26.924 INFO [main] org.apache.catalina.startup.VersionLoggerListener.log Command line argument: -Dorg.apache.catalina.security.SecurityListener.UMASK=0027
22-Aug-2025 02:53:26.924 INFO [main] org.apache.catalina.startup.VersionLoggerListener.log Command line argument: --add-opens=java.base/java.lang=ALL-UNNAMED
22-Aug-2025 02:53:26.924 INFO [main] org.apache.catalina.startup.VersionLoggerListener.log Command line argument: --add-opens=java.base/java.lang.reflect=ALL-UNNAMED
22-Aug-2025 02:53:26.924 INFO [main] org.apache.catalina.startup.VersionLoggerListener.log Command line argument: --add-opens=java.base/java.io=ALL-UNNAMED
22-Aug-2025 02:53:26.925 INFO [main] org.apache.catalina.startup.VersionLoggerListener.log Command line argument: --add-opens=java.base/java.util=ALL-UNNAMED
22-Aug-2025 02:53:26.925 INFO [main] org.apache.catalina.startup.VersionLoggerListener.log Command line argument: --add-opens=java.base/java.util.concurrent=ALL-UNNAMED
22-Aug-2025 02:53:26.925 INFO [main] org.apache.catalina.startup.VersionLoggerListener.log Command line argument: --add-opens=java.rmi/sun.rmi.transport=ALL-UNNAMED
22-Aug-2025 02:53:26.925 INFO [main] org.apache.catalina.startup.VersionLoggerListener.log Command line argument: -Dcatalina.base=/Users/nguyendinhtanloc/Documents/Semester_1_2025/Web/TomCat
22-Aug-2025 02:53:26.925 INFO [main] org.apache.catalina.startup.VersionLoggerListener.log Command line argument: -Dcatalina.home=/Users/nguyendinhtanloc/Documents/Semester_1_2025/Web/TomCat
22-Aug-2025 02:53:26.925 INFO [main] org.apache.catalina.startup.VersionLoggerListener.log Command line argument: -Djava.io.tmpdir=/Users/nguyendinhtanloc/Documents/Semester_1_2025/Web/TomCat/temp
22-Aug-2025 02:53:26.931 INFO [main] org.apache.catalina.core.AprLifecycleListener.lifecycleEvent The Apache Tomcat Native library which allows using OpenSSL was not found on the java.library.path: [/Users/nguyendinhtanloc/Library/Java/Extensions:/Library/Java/Extensions:/Network/Library/Java/Extensions:/System/Library/Java/Extensions:/usr/lib/java:.]
22-Aug-2025 02:53:27.044 INFO [main] org.apache.coyote.AbstractProtocol.init Initializing ProtocolHandler ["http-nio-8080"]
22-Aug-2025 02:53:27.059 INFO [main] org.apache.catalina.startup.Catalina.load Server initialization in [223] milliseconds
22-Aug-2025 02:53:27.077 INFO [main] org.apache.catalina.core.StandardService.startInternal Starting service [Catalina]
22-Aug-2025 02:53:27.077 INFO [main] org.apache.catalina.core.StandardEngine.startInternal Starting Servlet engine: [Apache Tomcat/10.1.44]
22-Aug-2025 02:53:27.083 INFO [main] org.apache.catalina.startup.HostConfig.deployWAR Deploying web application archive [/Users/nguyendinhtanloc/Documents/Semester_1_2025/Web/TomCat/webapps/Week1.war]
22-Aug-2025 02:53:27.089 INFO [main] org.apache.catalina.startup.ExpandWar.expand An expanded directory [/Users/nguyendinhtanloc/Documents/Semester_1_2025/Web/TomCat/webapps/Week1] was found with a last modified time that did not match the associated WAR. It will be deleted.
22-Aug-2025 02:53:27.210 INFO [main] org.apache.catalina.startup.HostConfig.deployWAR Deployment of web application archive [/Users/nguyendinhtanloc/Documents/Semester_1_2025/Web/TomCat/webapps/Week1.war] has finished in [127] ms
22-Aug-2025 02:53:27.210 INFO [main] org.apache.catalina.startup.HostConfig.deployDirectory Deploying web application directory [/Users/nguyendinhtanloc/Documents/Semester_1_2025/Web/TomCat/webapps/docs]
22-Aug-2025 02:53:27.221 INFO [main] org.apache.catalina.startup.HostConfig.deployDirectory Deployment of web application directory [/Users/nguyendinhtanloc/Documents/Semester_1_2025/Web/TomCat/webapps/docs] has finished in [11] ms
22-Aug-2025 02:53:27.221 INFO [main] org.apache.catalina.startup.HostConfig.deployDirectory Deploying web application directory [/Users/nguyendinhtanloc/Documents/Semester_1_2025/Web/TomCat/webapps/manager]
22-Aug-2025 02:53:27.236 INFO [main] org.apache.catalina.startup.HostConfig.deployDirectory Deployment of web application directory [/Users/nguyendinhtanloc/Documents/Semester_1_2025/Web/TomCat/webapps/manager] has finished in [15] ms
22-Aug-2025 02:53:27.236 INFO [main] org.apache.catalina.startup.HostConfig.deployDirectory Deploying web application directory [/Users/nguyendinhtanloc/Documents/Semester_1_2025/Web/TomCat/webapps/examples]
22-Aug-2025 02:53:27.334 INFO [main] org.apache.catalina.startup.HostConfig.deployDirectory Deployment of web application directory [/Users/nguyendinhtanloc/Documents/Semester_1_2025/Web/TomCat/webapps/examples] has finished in [98] ms
22-Aug-2025 02:53:27.335 INFO [main] org.apache.catalina.startup.HostConfig.deployDirectory Deploying web application directory [/Users/nguyendinhtanloc/Documents/Semester_1_2025/Web/TomCat/webapps/ROOT]
22-Aug-2025 02:53:27.341 INFO [main] org.apache.catalina.startup.HostConfig.deployDirectory Deployment of web application directory [/Users/nguyendinhtanloc/Documents/Semester_1_2025/Web/TomCat/webapps/ROOT] has finished in [6] ms
22-Aug-2025 02:53:27.341 INFO [main] org.apache.catalina.startup.HostConfig.deployDirectory Deploying web application directory [/Users/nguyendinhtanloc/Documents/Semester_1_2025/Web/TomCat/webapps/host-manager]
22-Aug-2025 02:53:27.348 INFO [main] org.apache.catalina.startup.HostConfig.deployDirectory Deployment of web application directory [/Users/nguyendinhtanloc/Documents/Semester_1_2025/Web/TomCat/webapps/host-manager] has finished in [7] ms
22-Aug-2025 02:53:27.349 INFO [main] org.apache.coyote.AbstractProtocol.start Starting ProtocolHandler ["http-nio-8080"]
22-Aug-2025 02:53:27.353 INFO [main] org.apache.catalina.startup.Catalina.start Server startup in [294] milliseconds
User added: 23133041@student.hcmute.edu.vn
User added: 23133041@student.hcmute.edu.vn
22-Aug-2025 02:56:50.531 INFO [main] org.apache.catalina.core.StandardServer.await A valid shutdown command was received via the shutdown port. Stopping the Server instance.
22-Aug-2025 02:56:50.532 INFO [main] org.apache.coyote.AbstractProtocol.pause Pausing ProtocolHandler ["http-nio-8080"]
22-Aug-2025 02:56:50.534 INFO [main] org.apache.catalina.core.StandardService.stopInternal Stopping service [Catalina]
22-Aug-2025 02:56:50.552 INFO [main] org.apache.coyote.AbstractProtocol.stop Stopping ProtocolHandler ["http-nio-8080"]
22-Aug-2025 02:56:50.556 INFO [main] org.apache.coyote.AbstractProtocol.destroy Destroying ProtocolHandler ["http-nio-8080"]
22-Aug-2025 02:57:59.370 INFO [main] org.apache.catalina.startup.VersionLoggerListener.log Server version name:   Apache Tomcat/10.1.44
22-Aug-2025 02:57:59.372 INFO [main] org.apache.catalina.startup.VersionLoggerListener.log Server built:          Aug 4 2025 13:14:17 UTC
22-Aug-2025 02:57:59.372 INFO [main] org.apache.catalina.startup.VersionLoggerListener.log Server version number: 10.1.44.0
22-Aug-2025 02:57:59.372 INFO [main] org.apache.catalina.startup.VersionLoggerListener.log OS Name:               Mac OS X
22-Aug-2025 02:57:59.372 INFO [main] org.apache.catalina.startup.VersionLoggerListener.log OS Version:            15.6
22-Aug-2025 02:57:59.372 INFO [main] org.apache.catalina.startup.VersionLoggerListener.log Architecture:          aarch64
22-Aug-2025 02:57:59.372 INFO [main] org.apache.catalina.startup.VersionLoggerListener.log Java Home:             /opt/homebrew/Cellar/openjdk@17/17.0.15/libexec/openjdk.jdk/Contents/Home
22-Aug-2025 02:57:59.372 INFO [main] org.apache.catalina.startup.VersionLoggerListener.log JVM Version:           17.0.15+0
22-Aug-2025 02:57:59.372 INFO [main] org.apache.catalina.startup.VersionLoggerListener.log JVM Vendor:            Homebrew
22-Aug-2025 02:57:59.372 INFO [main] org.apache.catalina.startup.VersionLoggerListener.log CATALINA_BASE:         /Users/nguyendinhtanloc/Documents/Semester_1_2025/Web/TomCat
22-Aug-2025 02:57:59.372 INFO [main] org.apache.catalina.startup.VersionLoggerListener.log CATALINA_HOME:         /Users/nguyendinhtanloc/Documents/Semester_1_2025/Web/TomCat
22-Aug-2025 02:57:59.378 INFO [main] org.apache.catalina.startup.VersionLoggerListener.log Command line argument: -Djava.util.logging.config.file=/Users/nguyendinhtanloc/Documents/Semester_1_2025/Web/TomCat/conf/logging.properties
22-Aug-2025 02:57:59.378 INFO [main] org.apache.catalina.startup.VersionLoggerListener.log Command line argument: -Djava.util.logging.manager=org.apache.juli.ClassLoaderLogManager
22-Aug-2025 02:57:59.378 INFO [main] org.apache.catalina.startup.VersionLoggerListener.log Command line argument: -Djdk.tls.ephemeralDHKeySize=2048
22-Aug-2025 02:57:59.379 INFO [main] org.apache.catalina.startup.VersionLoggerListener.log Command line argument: -Djava.protocol.handler.pkgs=org.apache.catalina.webresources
22-Aug-2025 02:57:59.379 INFO [main] org.apache.catalina.startup.VersionLoggerListener.log Command line argument: -Dsun.io.useCanonCaches=false
22-Aug-2025 02:57:59.379 INFO [main] org.apache.catalina.startup.VersionLoggerListener.log Command line argument: -Dorg.apache.catalina.security.SecurityListener.UMASK=0027
22-Aug-2025 02:57:59.379 INFO [main] org.apache.catalina.startup.VersionLoggerListener.log Command line argument: --add-opens=java.base/java.lang=ALL-UNNAMED
22-Aug-2025 02:57:59.379 INFO [main] org.apache.catalina.startup.VersionLoggerListener.log Command line argument: --add-opens=java.base/java.lang.reflect=ALL-UNNAMED
22-Aug-2025 02:57:59.379 INFO [main] org.apache.catalina.startup.VersionLoggerListener.log Command line argument: --add-opens=java.base/java.io=ALL-UNNAMED
22-Aug-2025 02:57:59.379 INFO [main] org.apache.catalina.startup.VersionLoggerListener.log Command line argument: --add-opens=java.base/java.util=ALL-UNNAMED
22-Aug-2025 02:57:59.379 INFO [main] org.apache.catalina.startup.VersionLoggerListener.log Command line argument: --add-opens=java.base/java.util.concurrent=ALL-UNNAMED
22-Aug-2025 02:57:59.379 INFO [main] org.apache.catalina.startup.VersionLoggerListener.log Command line argument: --add-opens=java.rmi/sun.rmi.transport=ALL-UNNAMED
22-Aug-2025 02:57:59.379 INFO [main] org.apache.catalina.startup.VersionLoggerListener.log Command line argument: -Dcatalina.base=/Users/nguyendinhtanloc/Documents/Semester_1_2025/Web/TomCat
22-Aug-2025 02:57:59.379 INFO [main] org.apache.catalina.startup.VersionLoggerListener.log Command line argument: -Dcatalina.home=/Users/nguyendinhtanloc/Documents/Semester_1_2025/Web/TomCat
22-Aug-2025 02:57:59.379 INFO [main] org.apache.catalina.startup.VersionLoggerListener.log Command line argument: -Djava.io.tmpdir=/Users/nguyendinhtanloc/Documents/Semester_1_2025/Web/TomCat/temp
22-Aug-2025 02:57:59.384 INFO [main] org.apache.catalina.core.AprLifecycleListener.lifecycleEvent The Apache Tomcat Native library which allows using OpenSSL was not found on the java.library.path: [/Users/nguyendinhtanloc/Library/Java/Extensions:/Library/Java/Extensions:/Network/Library/Java/Extensions:/System/Library/Java/Extensions:/usr/lib/java:.]
22-Aug-2025 02:57:59.493 INFO [main] org.apache.coyote.AbstractProtocol.init Initializing ProtocolHandler ["http-nio-8080"]
22-Aug-2025 02:57:59.507 INFO [main] org.apache.catalina.startup.Catalina.load Server initialization in [213] milliseconds
22-Aug-2025 02:57:59.521 INFO [main] org.apache.catalina.core.StandardService.startInternal Starting service [Catalina]
22-Aug-2025 02:57:59.521 INFO [main] org.apache.catalina.core.StandardEngine.startInternal Starting Servlet engine: [Apache Tomcat/10.1.44]
22-Aug-2025 02:57:59.527 INFO [main] org.apache.catalina.startup.HostConfig.deployWAR Deploying web application archive [/Users/nguyendinhtanloc/Documents/Semester_1_2025/Web/TomCat/webapps/Week1.war]
22-Aug-2025 02:57:59.534 INFO [main] org.apache.catalina.startup.ExpandWar.expand An expanded directory [/Users/nguyendinhtanloc/Documents/Semester_1_2025/Web/TomCat/webapps/Week1] was found with a last modified time that did not match the associated WAR. It will be deleted.
22-Aug-2025 02:57:59.644 INFO [main] org.apache.catalina.startup.HostConfig.deployWAR Deployment of web application archive [/Users/nguyendinhtanloc/Documents/Semester_1_2025/Web/TomCat/webapps/Week1.war] has finished in [117] ms
22-Aug-2025 02:57:59.644 INFO [main] org.apache.catalina.startup.HostConfig.deployDirectory Deploying web application directory [/Users/nguyendinhtanloc/Documents/Semester_1_2025/Web/TomCat/webapps/docs]
22-Aug-2025 02:57:59.654 INFO [main] org.apache.catalina.startup.HostConfig.deployDirectory Deployment of web application directory [/Users/nguyendinhtanloc/Documents/Semester_1_2025/Web/TomCat/webapps/docs] has finished in [10] ms
22-Aug-2025 02:57:59.654 INFO [main] org.apache.catalina.startup.HostConfig.deployDirectory Deploying web application directory [/Users/nguyendinhtanloc/Documents/Semester_1_2025/Web/TomCat/webapps/manager]
22-Aug-2025 02:57:59.668 INFO [main] org.apache.catalina.startup.HostConfig.deployDirectory Deployment of web application directory [/Users/nguyendinhtanloc/Documents/Semester_1_2025/Web/TomCat/webapps/manager] has finished in [14] ms
22-Aug-2025 02:57:59.668 INFO [main] org.apache.catalina.startup.HostConfig.deployDirectory Deploying web application directory [/Users/nguyendinhtanloc/Documents/Semester_1_2025/Web/TomCat/webapps/examples]
22-Aug-2025 02:57:59.754 INFO [main] org.apache.catalina.startup.HostConfig.deployDirectory Deployment of web application directory [/Users/nguyendinhtanloc/Documents/Semester_1_2025/Web/TomCat/webapps/examples] has finished in [86] ms
22-Aug-2025 02:57:59.754 INFO [main] org.apache.catalina.startup.HostConfig.deployDirectory Deploying web application directory [/Users/nguyendinhtanloc/Documents/Semester_1_2025/Web/TomCat/webapps/ROOT]
22-Aug-2025 02:57:59.760 INFO [main] org.apache.catalina.startup.HostConfig.deployDirectory Deployment of web application directory [/Users/nguyendinhtanloc/Documents/Semester_1_2025/Web/TomCat/webapps/ROOT] has finished in [6] ms
22-Aug-2025 02:57:59.760 INFO [main] org.apache.catalina.startup.HostConfig.deployDirectory Deploying web application directory [/Users/nguyendinhtanloc/Documents/Semester_1_2025/Web/TomCat/webapps/host-manager]
22-Aug-2025 02:57:59.767 INFO [main] org.apache.catalina.startup.HostConfig.deployDirectory Deployment of web application directory [/Users/nguyendinhtanloc/Documents/Semester_1_2025/Web/TomCat/webapps/host-manager] has finished in [7] ms
22-Aug-2025 02:57:59.768 INFO [main] org.apache.coyote.AbstractProtocol.start Starting ProtocolHandler ["http-nio-8080"]
22-Aug-2025 02:57:59.772 INFO [main] org.apache.catalina.startup.Catalina.start Server startup in [265] milliseconds
User added: 23133041@student.hcmute.edu.vn
22-Aug-2025 02:58:25.963 INFO [main] org.apache.catalina.core.StandardServer.await A valid shutdown command was received via the shutdown port. Stopping the Server instance.
22-Aug-2025 02:58:25.964 INFO [main] org.apache.coyote.AbstractProtocol.pause Pausing ProtocolHandler ["http-nio-8080"]
22-Aug-2025 02:58:25.966 INFO [main] org.apache.catalina.core.StandardService.stopInternal Stopping service [Catalina]
22-Aug-2025 02:58:25.978 INFO [main] org.apache.coyote.AbstractProtocol.stop Stopping ProtocolHandler ["http-nio-8080"]
22-Aug-2025 02:58:25.991 INFO [main] org.apache.coyote.AbstractProtocol.destroy Destroying ProtocolHandler ["http-nio-8080"]
