NOTE: Picked up JDK_JAVA_OPTIONS:  --add-opens=java.base/java.lang=ALL-UNNAMED --add-opens=java.base/java.lang.invoke=ALL-UNNAMED --add-opens=java.base/java.lang.reflect=ALL-UNNAMED --add-opens=java.base/java.io=ALL-UNNAMED --add-opens=java.base/java.util=ALL-UNNAMED --add-opens=java.base/java.util.concurrent=ALL-UNNAMED --add-opens=java.rmi/sun.rmi.transport=ALL-UNNAMED
30-Aug-2025 00:58:03.984 INFO [main] org.apache.catalina.startup.VersionLoggerListener.log Server version name:   Apache Tomcat/9.0.108
30-Aug-2025 00:58:03.986 INFO [main] org.apache.catalina.startup.VersionLoggerListener.log Server built:          Jul 31 2025 18:19:48 UTC
30-Aug-2025 00:58:03.986 INFO [main] org.apache.catalina.startup.VersionLoggerListener.log Server version number: 9.0.108.0
30-Aug-2025 00:58:03.986 INFO [main] org.apache.catalina.startup.VersionLoggerListener.log OS Name:               Mac OS X
30-Aug-2025 00:58:03.986 INFO [main] org.apache.catalina.startup.VersionLoggerListener.log OS Version:            15.6.1
30-Aug-2025 00:58:03.986 INFO [main] org.apache.catalina.startup.VersionLoggerListener.log Architecture:          aarch64
30-Aug-2025 00:58:03.986 INFO [main] org.apache.catalina.startup.VersionLoggerListener.log Java Home:             /opt/homebrew/Cellar/openjdk@17/17.0.15/libexec/openjdk.jdk/Contents/Home
30-Aug-2025 00:58:03.986 INFO [main] org.apache.catalina.startup.VersionLoggerListener.log JVM Version:           17.0.15+0
30-Aug-2025 00:58:03.986 INFO [main] org.apache.catalina.startup.VersionLoggerListener.log JVM Vendor:            Homebrew
30-Aug-2025 00:58:03.986 INFO [main] org.apache.catalina.startup.VersionLoggerListener.log CATALINA_BASE:         /Users/nguyendinhtanloc/Documents/Semester_1_2025/Web/Week0/TomCat
30-Aug-2025 00:58:03.986 INFO [main] org.apache.catalina.startup.VersionLoggerListener.log CATALINA_HOME:         /Users/nguyendinhtanloc/Documents/Semester_1_2025/Web/Week0/TomCat
30-Aug-2025 00:58:03.997 INFO [main] org.apache.catalina.startup.VersionLoggerListener.log Command line argument: --add-opens=java.base/java.lang=ALL-UNNAMED
30-Aug-2025 00:58:03.997 INFO [main] org.apache.catalina.startup.VersionLoggerListener.log Command line argument: --add-opens=java.base/java.lang.invoke=ALL-UNNAMED
30-Aug-2025 00:58:03.997 INFO [main] org.apache.catalina.startup.VersionLoggerListener.log Command line argument: --add-opens=java.base/java.lang.reflect=ALL-UNNAMED
30-Aug-2025 00:58:03.997 INFO [main] org.apache.catalina.startup.VersionLoggerListener.log Command line argument: --add-opens=java.base/java.io=ALL-UNNAMED
30-Aug-2025 00:58:03.997 INFO [main] org.apache.catalina.startup.VersionLoggerListener.log Command line argument: --add-opens=java.base/java.util=ALL-UNNAMED
30-Aug-2025 00:58:03.997 INFO [main] org.apache.catalina.startup.VersionLoggerListener.log Command line argument: --add-opens=java.base/java.util.concurrent=ALL-UNNAMED
30-Aug-2025 00:58:03.997 INFO [main] org.apache.catalina.startup.VersionLoggerListener.log Command line argument: --add-opens=java.rmi/sun.rmi.transport=ALL-UNNAMED
30-Aug-2025 00:58:03.997 INFO [main] org.apache.catalina.startup.VersionLoggerListener.log Command line argument: -Djava.util.logging.config.file=/Users/nguyendinhtanloc/Documents/Semester_1_2025/Web/Week0/TomCat/conf/logging.properties
30-Aug-2025 00:58:03.998 INFO [main] org.apache.catalina.startup.VersionLoggerListener.log Command line argument: -Djava.util.logging.manager=org.apache.juli.ClassLoaderLogManager
30-Aug-2025 00:58:03.998 INFO [main] org.apache.catalina.startup.VersionLoggerListener.log Command line argument: -Djdk.tls.ephemeralDHKeySize=2048
30-Aug-2025 00:58:03.998 INFO [main] org.apache.catalina.startup.VersionLoggerListener.log Command line argument: -Djava.protocol.handler.pkgs=org.apache.catalina.webresources
30-Aug-2025 00:58:03.998 INFO [main] org.apache.catalina.startup.VersionLoggerListener.log Command line argument: -Dsun.io.useCanonCaches=false
30-Aug-2025 00:58:03.998 INFO [main] org.apache.catalina.startup.VersionLoggerListener.log Command line argument: -Dorg.apache.catalina.security.SecurityListener.UMASK=0027
30-Aug-2025 00:58:03.998 INFO [main] org.apache.catalina.startup.VersionLoggerListener.log Command line argument: -Dignore.endorsed.dirs=
30-Aug-2025 00:58:03.998 INFO [main] org.apache.catalina.startup.VersionLoggerListener.log Command line argument: -Dcatalina.base=/Users/nguyendinhtanloc/Documents/Semester_1_2025/Web/Week0/TomCat
30-Aug-2025 00:58:03.998 INFO [main] org.apache.catalina.startup.VersionLoggerListener.log Command line argument: -Dcatalina.home=/Users/nguyendinhtanloc/Documents/Semester_1_2025/Web/Week0/TomCat
30-Aug-2025 00:58:03.998 INFO [main] org.apache.catalina.startup.VersionLoggerListener.log Command line argument: -Djava.io.tmpdir=/Users/nguyendinhtanloc/Documents/Semester_1_2025/Web/Week0/TomCat/temp
30-Aug-2025 00:58:04.003 INFO [main] org.apache.catalina.core.AprLifecycleListener.lifecycleEvent The Apache Tomcat Native library which allows using OpenSSL was not found on the java.library.path: [/Users/nguyendinhtanloc/Library/Java/Extensions:/Library/Java/Extensions:/Network/Library/Java/Extensions:/System/Library/Java/Extensions:/usr/lib/java:.]
30-Aug-2025 00:58:04.131 INFO [main] org.apache.coyote.AbstractProtocol.init Initializing ProtocolHandler ["http-nio-8080"]
30-Aug-2025 00:58:04.142 INFO [main] org.apache.catalina.startup.Catalina.load Server initialization in [245] milliseconds
30-Aug-2025 00:58:04.156 INFO [main] org.apache.catalina.core.StandardService.startInternal Starting service [Catalina]
30-Aug-2025 00:58:04.156 INFO [main] org.apache.catalina.core.StandardEngine.startInternal Starting Servlet engine: [Apache Tomcat/9.0.108]
30-Aug-2025 00:58:04.161 INFO [main] org.apache.catalina.startup.HostConfig.deployWAR Deploying web application archive [/Users/nguyendinhtanloc/Documents/Semester_1_2025/Web/Week0/TomCat/webapps/Week0.war]
30-Aug-2025 00:58:04.326 INFO [main] org.apache.jasper.servlet.TldScanner.scanJars At least one JAR was scanned for TLDs yet contained no TLDs. Enable debug logging for this logger for a complete list of JARs that were scanned but no TLDs were found in them. Skipping unneeded JARs during scanning can improve startup time and JSP compilation time.
30-Aug-2025 00:58:04.342 INFO [main] org.apache.catalina.startup.HostConfig.deployWAR Deployment of web application archive [/Users/nguyendinhtanloc/Documents/Semester_1_2025/Web/Week0/TomCat/webapps/Week0.war] has finished in [180] ms
30-Aug-2025 00:58:04.342 INFO [main] org.apache.catalina.startup.HostConfig.deployDirectory Deploying web application directory [/Users/nguyendinhtanloc/Documents/Semester_1_2025/Web/Week0/TomCat/webapps/docs]
30-Aug-2025 00:58:04.351 INFO [main] org.apache.catalina.startup.HostConfig.deployDirectory Deployment of web application directory [/Users/nguyendinhtanloc/Documents/Semester_1_2025/Web/Week0/TomCat/webapps/docs] has finished in [9] ms
30-Aug-2025 00:58:04.351 INFO [main] org.apache.catalina.startup.HostConfig.deployDirectory Deploying web application directory [/Users/nguyendinhtanloc/Documents/Semester_1_2025/Web/Week0/TomCat/webapps/manager]
30-Aug-2025 00:58:04.364 INFO [main] org.apache.catalina.startup.HostConfig.deployDirectory Deployment of web application directory [/Users/nguyendinhtanloc/Documents/Semester_1_2025/Web/Week0/TomCat/webapps/manager] has finished in [13] ms
30-Aug-2025 00:58:04.364 INFO [main] org.apache.catalina.startup.HostConfig.deployDirectory Deploying web application directory [/Users/nguyendinhtanloc/Documents/Semester_1_2025/Web/Week0/TomCat/webapps/examples]
30-Aug-2025 00:58:04.444 INFO [main] org.apache.catalina.startup.HostConfig.deployDirectory Deployment of web application directory [/Users/nguyendinhtanloc/Documents/Semester_1_2025/Web/Week0/TomCat/webapps/examples] has finished in [80] ms
30-Aug-2025 00:58:04.444 INFO [main] org.apache.catalina.startup.HostConfig.deployDirectory Deploying web application directory [/Users/nguyendinhtanloc/Documents/Semester_1_2025/Web/Week0/TomCat/webapps/ROOT]
30-Aug-2025 00:58:04.450 INFO [main] org.apache.catalina.startup.HostConfig.deployDirectory Deployment of web application directory [/Users/nguyendinhtanloc/Documents/Semester_1_2025/Web/Week0/TomCat/webapps/ROOT] has finished in [6] ms
30-Aug-2025 00:58:04.450 INFO [main] org.apache.catalina.startup.HostConfig.deployDirectory Deploying web application directory [/Users/nguyendinhtanloc/Documents/Semester_1_2025/Web/Week0/TomCat/webapps/host-manager]
30-Aug-2025 00:58:04.457 INFO [main] org.apache.catalina.startup.HostConfig.deployDirectory Deployment of web application directory [/Users/nguyendinhtanloc/Documents/Semester_1_2025/Web/Week0/TomCat/webapps/host-manager] has finished in [7] ms
30-Aug-2025 00:58:04.458 INFO [main] org.apache.coyote.AbstractProtocol.start Starting ProtocolHandler ["http-nio-8080"]
30-Aug-2025 00:58:04.462 INFO [main] org.apache.catalina.startup.Catalina.start Server startup in [319] milliseconds
30-Aug-2025 01:00:04.554 INFO [Catalina-utility-1] org.apache.catalina.startup.HostConfig.undeploy Undeploying context [/Week0]
30-Aug-2025 01:00:04.576 INFO [Catalina-utility-1] org.apache.catalina.startup.HostConfig.deployWAR Deploying web application archive [/Users/nguyendinhtanloc/Documents/Semester_1_2025/Web/Week0/TomCat/webapps/lesson.war]
30-Aug-2025 01:00:04.648 INFO [Catalina-utility-1] org.apache.jasper.servlet.TldScanner.scanJars At least one JAR was scanned for TLDs yet contained no TLDs. Enable debug logging for this logger for a complete list of JARs that were scanned but no TLDs were found in them. Skipping unneeded JARs during scanning can improve startup time and JSP compilation time.
30-Aug-2025 01:00:04.651 INFO [Catalina-utility-1] org.apache.catalina.startup.HostConfig.deployWAR Deployment of web application archive [/Users/nguyendinhtanloc/Documents/Semester_1_2025/Web/Week0/TomCat/webapps/lesson.war] has finished in [75] ms
30-Aug-2025 01:00:07.695 INFO [main] org.apache.catalina.core.StandardServer.await A valid shutdown command was received via the shutdown port. Stopping the Server instance.
30-Aug-2025 01:00:07.695 INFO [main] org.apache.coyote.AbstractProtocol.pause Pausing ProtocolHandler ["http-nio-8080"]
30-Aug-2025 01:00:07.697 INFO [main] org.apache.catalina.core.StandardService.stopInternal Stopping service [Catalina]
30-Aug-2025 01:00:07.705 INFO [main] org.apache.coyote.AbstractProtocol.stop Stopping ProtocolHandler ["http-nio-8080"]
30-Aug-2025 01:00:07.708 INFO [main] org.apache.coyote.AbstractProtocol.destroy Destroying ProtocolHandler ["http-nio-8080"]
NOTE: Picked up JDK_JAVA_OPTIONS:  --add-opens=java.base/java.lang=ALL-UNNAMED --add-opens=java.base/java.lang.invoke=ALL-UNNAMED --add-opens=java.base/java.lang.reflect=ALL-UNNAMED --add-opens=java.base/java.io=ALL-UNNAMED --add-opens=java.base/java.util=ALL-UNNAMED --add-opens=java.base/java.util.concurrent=ALL-UNNAMED --add-opens=java.rmi/sun.rmi.transport=ALL-UNNAMED
30-Aug-2025 01:00:11.055 INFO [main] org.apache.catalina.startup.VersionLoggerListener.log Server version name:   Apache Tomcat/9.0.108
30-Aug-2025 01:00:11.057 INFO [main] org.apache.catalina.startup.VersionLoggerListener.log Server built:          Jul 31 2025 18:19:48 UTC
30-Aug-2025 01:00:11.057 INFO [main] org.apache.catalina.startup.VersionLoggerListener.log Server version number: 9.0.108.0
30-Aug-2025 01:00:11.057 INFO [main] org.apache.catalina.startup.VersionLoggerListener.log OS Name:               Mac OS X
30-Aug-2025 01:00:11.057 INFO [main] org.apache.catalina.startup.VersionLoggerListener.log OS Version:            15.6.1
30-Aug-2025 01:00:11.057 INFO [main] org.apache.catalina.startup.VersionLoggerListener.log Architecture:          aarch64
30-Aug-2025 01:00:11.058 INFO [main] org.apache.catalina.startup.VersionLoggerListener.log Java Home:             /opt/homebrew/Cellar/openjdk@17/17.0.15/libexec/openjdk.jdk/Contents/Home
30-Aug-2025 01:00:11.058 INFO [main] org.apache.catalina.startup.VersionLoggerListener.log JVM Version:           17.0.15+0
30-Aug-2025 01:00:11.058 INFO [main] org.apache.catalina.startup.VersionLoggerListener.log JVM Vendor:            Homebrew
30-Aug-2025 01:00:11.058 INFO [main] org.apache.catalina.startup.VersionLoggerListener.log CATALINA_BASE:         /Users/nguyendinhtanloc/Documents/Semester_1_2025/Web/Week0/TomCat
30-Aug-2025 01:00:11.058 INFO [main] org.apache.catalina.startup.VersionLoggerListener.log CATALINA_HOME:         /Users/nguyendinhtanloc/Documents/Semester_1_2025/Web/Week0/TomCat
30-Aug-2025 01:00:11.062 INFO [main] org.apache.catalina.startup.VersionLoggerListener.log Command line argument: --add-opens=java.base/java.lang=ALL-UNNAMED
30-Aug-2025 01:00:11.063 INFO [main] org.apache.catalina.startup.VersionLoggerListener.log Command line argument: --add-opens=java.base/java.lang.invoke=ALL-UNNAMED
30-Aug-2025 01:00:11.063 INFO [main] org.apache.catalina.startup.VersionLoggerListener.log Command line argument: --add-opens=java.base/java.lang.reflect=ALL-UNNAMED
30-Aug-2025 01:00:11.063 INFO [main] org.apache.catalina.startup.VersionLoggerListener.log Command line argument: --add-opens=java.base/java.io=ALL-UNNAMED
30-Aug-2025 01:00:11.063 INFO [main] org.apache.catalina.startup.VersionLoggerListener.log Command line argument: --add-opens=java.base/java.util=ALL-UNNAMED
30-Aug-2025 01:00:11.063 INFO [main] org.apache.catalina.startup.VersionLoggerListener.log Command line argument: --add-opens=java.base/java.util.concurrent=ALL-UNNAMED
30-Aug-2025 01:00:11.063 INFO [main] org.apache.catalina.startup.VersionLoggerListener.log Command line argument: --add-opens=java.rmi/sun.rmi.transport=ALL-UNNAMED
30-Aug-2025 01:00:11.063 INFO [main] org.apache.catalina.startup.VersionLoggerListener.log Command line argument: -Djava.util.logging.config.file=/Users/nguyendinhtanloc/Documents/Semester_1_2025/Web/Week0/TomCat/conf/logging.properties
30-Aug-2025 01:00:11.063 INFO [main] org.apache.catalina.startup.VersionLoggerListener.log Command line argument: -Djava.util.logging.manager=org.apache.juli.ClassLoaderLogManager
30-Aug-2025 01:00:11.063 INFO [main] org.apache.catalina.startup.VersionLoggerListener.log Command line argument: -Djdk.tls.ephemeralDHKeySize=2048
30-Aug-2025 01:00:11.063 INFO [main] org.apache.catalina.startup.VersionLoggerListener.log Command line argument: -Djava.protocol.handler.pkgs=org.apache.catalina.webresources
30-Aug-2025 01:00:11.063 INFO [main] org.apache.catalina.startup.VersionLoggerListener.log Command line argument: -Dsun.io.useCanonCaches=false
30-Aug-2025 01:00:11.063 INFO [main] org.apache.catalina.startup.VersionLoggerListener.log Command line argument: -Dorg.apache.catalina.security.SecurityListener.UMASK=0027
30-Aug-2025 01:00:11.063 INFO [main] org.apache.catalina.startup.VersionLoggerListener.log Command line argument: -Dignore.endorsed.dirs=
30-Aug-2025 01:00:11.063 INFO [main] org.apache.catalina.startup.VersionLoggerListener.log Command line argument: -Dcatalina.base=/Users/nguyendinhtanloc/Documents/Semester_1_2025/Web/Week0/TomCat
30-Aug-2025 01:00:11.063 INFO [main] org.apache.catalina.startup.VersionLoggerListener.log Command line argument: -Dcatalina.home=/Users/nguyendinhtanloc/Documents/Semester_1_2025/Web/Week0/TomCat
30-Aug-2025 01:00:11.064 INFO [main] org.apache.catalina.startup.VersionLoggerListener.log Command line argument: -Djava.io.tmpdir=/Users/nguyendinhtanloc/Documents/Semester_1_2025/Web/Week0/TomCat/temp
30-Aug-2025 01:00:11.069 INFO [main] org.apache.catalina.core.AprLifecycleListener.lifecycleEvent The Apache Tomcat Native library which allows using OpenSSL was not found on the java.library.path: [/Users/nguyendinhtanloc/Library/Java/Extensions:/Library/Java/Extensions:/Network/Library/Java/Extensions:/System/Library/Java/Extensions:/usr/lib/java:.]
30-Aug-2025 01:00:11.198 INFO [main] org.apache.coyote.AbstractProtocol.init Initializing ProtocolHandler ["http-nio-8080"]
30-Aug-2025 01:00:11.209 INFO [main] org.apache.catalina.startup.Catalina.load Server initialization in [256] milliseconds
30-Aug-2025 01:00:11.225 INFO [main] org.apache.catalina.core.StandardService.startInternal Starting service [Catalina]
30-Aug-2025 01:00:11.225 INFO [main] org.apache.catalina.core.StandardEngine.startInternal Starting Servlet engine: [Apache Tomcat/9.0.108]
30-Aug-2025 01:00:11.229 INFO [main] org.apache.catalina.startup.HostConfig.deployWAR Deploying web application archive [/Users/nguyendinhtanloc/Documents/Semester_1_2025/Web/Week0/TomCat/webapps/lesson.war]
30-Aug-2025 01:00:11.392 INFO [main] org.apache.jasper.servlet.TldScanner.scanJars At least one JAR was scanned for TLDs yet contained no TLDs. Enable debug logging for this logger for a complete list of JARs that were scanned but no TLDs were found in them. Skipping unneeded JARs during scanning can improve startup time and JSP compilation time.
30-Aug-2025 01:00:11.408 INFO [main] org.apache.catalina.startup.HostConfig.deployWAR Deployment of web application archive [/Users/nguyendinhtanloc/Documents/Semester_1_2025/Web/Week0/TomCat/webapps/lesson.war] has finished in [179] ms
30-Aug-2025 01:00:11.408 INFO [main] org.apache.catalina.startup.HostConfig.deployDirectory Deploying web application directory [/Users/nguyendinhtanloc/Documents/Semester_1_2025/Web/Week0/TomCat/webapps/docs]
30-Aug-2025 01:00:11.417 INFO [main] org.apache.catalina.startup.HostConfig.deployDirectory Deployment of web application directory [/Users/nguyendinhtanloc/Documents/Semester_1_2025/Web/Week0/TomCat/webapps/docs] has finished in [9] ms
30-Aug-2025 01:00:11.417 INFO [main] org.apache.catalina.startup.HostConfig.deployDirectory Deploying web application directory [/Users/nguyendinhtanloc/Documents/Semester_1_2025/Web/Week0/TomCat/webapps/manager]
30-Aug-2025 01:00:11.430 INFO [main] org.apache.catalina.startup.HostConfig.deployDirectory Deployment of web application directory [/Users/nguyendinhtanloc/Documents/Semester_1_2025/Web/Week0/TomCat/webapps/manager] has finished in [13] ms
30-Aug-2025 01:00:11.430 INFO [main] org.apache.catalina.startup.HostConfig.deployDirectory Deploying web application directory [/Users/nguyendinhtanloc/Documents/Semester_1_2025/Web/Week0/TomCat/webapps/examples]
30-Aug-2025 01:00:11.519 INFO [main] org.apache.catalina.startup.HostConfig.deployDirectory Deployment of web application directory [/Users/nguyendinhtanloc/Documents/Semester_1_2025/Web/Week0/TomCat/webapps/examples] has finished in [89] ms
30-Aug-2025 01:00:11.519 INFO [main] org.apache.catalina.startup.HostConfig.deployDirectory Deploying web application directory [/Users/nguyendinhtanloc/Documents/Semester_1_2025/Web/Week0/TomCat/webapps/ROOT]
30-Aug-2025 01:00:11.526 INFO [main] org.apache.catalina.startup.HostConfig.deployDirectory Deployment of web application directory [/Users/nguyendinhtanloc/Documents/Semester_1_2025/Web/Week0/TomCat/webapps/ROOT] has finished in [7] ms
30-Aug-2025 01:00:11.526 INFO [main] org.apache.catalina.startup.HostConfig.deployDirectory Deploying web application directory [/Users/nguyendinhtanloc/Documents/Semester_1_2025/Web/Week0/TomCat/webapps/host-manager]
30-Aug-2025 01:00:11.535 INFO [main] org.apache.catalina.startup.HostConfig.deployDirectory Deployment of web application directory [/Users/nguyendinhtanloc/Documents/Semester_1_2025/Web/Week0/TomCat/webapps/host-manager] has finished in [9] ms
30-Aug-2025 01:00:11.537 INFO [main] org.apache.coyote.AbstractProtocol.start Starting ProtocolHandler ["http-nio-8080"]
30-Aug-2025 01:00:11.541 INFO [main] org.apache.catalina.startup.Catalina.start Server startup in [331] milliseconds
30-Aug-2025 01:00:40.332 INFO [main] org.apache.catalina.core.StandardServer.await A valid shutdown command was received via the shutdown port. Stopping the Server instance.
30-Aug-2025 01:00:40.332 INFO [main] org.apache.coyote.AbstractProtocol.pause Pausing ProtocolHandler ["http-nio-8080"]
30-Aug-2025 01:00:40.334 INFO [main] org.apache.catalina.core.StandardService.stopInternal Stopping service [Catalina]
30-Aug-2025 01:00:40.342 INFO [main] org.apache.coyote.AbstractProtocol.stop Stopping ProtocolHandler ["http-nio-8080"]
30-Aug-2025 01:00:40.345 INFO [main] org.apache.coyote.AbstractProtocol.destroy Destroying ProtocolHandler ["http-nio-8080"]
NOTE: Picked up JDK_JAVA_OPTIONS:  --add-opens=java.base/java.lang=ALL-UNNAMED --add-opens=java.base/java.lang.invoke=ALL-UNNAMED --add-opens=java.base/java.lang.reflect=ALL-UNNAMED --add-opens=java.base/java.io=ALL-UNNAMED --add-opens=java.base/java.util=ALL-UNNAMED --add-opens=java.base/java.util.concurrent=ALL-UNNAMED --add-opens=java.rmi/sun.rmi.transport=ALL-UNNAMED
30-Aug-2025 01:00:42.765 INFO [main] org.apache.catalina.startup.VersionLoggerListener.log Server version name:   Apache Tomcat/9.0.108
30-Aug-2025 01:00:42.767 INFO [main] org.apache.catalina.startup.VersionLoggerListener.log Server built:          Jul 31 2025 18:19:48 UTC
30-Aug-2025 01:00:42.767 INFO [main] org.apache.catalina.startup.VersionLoggerListener.log Server version number: 9.0.108.0
30-Aug-2025 01:00:42.767 INFO [main] org.apache.catalina.startup.VersionLoggerListener.log OS Name:               Mac OS X
30-Aug-2025 01:00:42.767 INFO [main] org.apache.catalina.startup.VersionLoggerListener.log OS Version:            15.6.1
30-Aug-2025 01:00:42.767 INFO [main] org.apache.catalina.startup.VersionLoggerListener.log Architecture:          aarch64
30-Aug-2025 01:00:42.767 INFO [main] org.apache.catalina.startup.VersionLoggerListener.log Java Home:             /opt/homebrew/Cellar/openjdk@17/17.0.15/libexec/openjdk.jdk/Contents/Home
30-Aug-2025 01:00:42.767 INFO [main] org.apache.catalina.startup.VersionLoggerListener.log JVM Version:           17.0.15+0
30-Aug-2025 01:00:42.767 INFO [main] org.apache.catalina.startup.VersionLoggerListener.log JVM Vendor:            Homebrew
30-Aug-2025 01:00:42.768 INFO [main] org.apache.catalina.startup.VersionLoggerListener.log CATALINA_BASE:         /Users/nguyendinhtanloc/Documents/Semester_1_2025/Web/Week0/TomCat
30-Aug-2025 01:00:42.768 INFO [main] org.apache.catalina.startup.VersionLoggerListener.log CATALINA_HOME:         /Users/nguyendinhtanloc/Documents/Semester_1_2025/Web/Week0/TomCat
30-Aug-2025 01:00:42.772 INFO [main] org.apache.catalina.startup.VersionLoggerListener.log Command line argument: --add-opens=java.base/java.lang=ALL-UNNAMED
30-Aug-2025 01:00:42.772 INFO [main] org.apache.catalina.startup.VersionLoggerListener.log Command line argument: --add-opens=java.base/java.lang.invoke=ALL-UNNAMED
30-Aug-2025 01:00:42.772 INFO [main] org.apache.catalina.startup.VersionLoggerListener.log Command line argument: --add-opens=java.base/java.lang.reflect=ALL-UNNAMED
30-Aug-2025 01:00:42.772 INFO [main] org.apache.catalina.startup.VersionLoggerListener.log Command line argument: --add-opens=java.base/java.io=ALL-UNNAMED
30-Aug-2025 01:00:42.772 INFO [main] org.apache.catalina.startup.VersionLoggerListener.log Command line argument: --add-opens=java.base/java.util=ALL-UNNAMED
30-Aug-2025 01:00:42.772 INFO [main] org.apache.catalina.startup.VersionLoggerListener.log Command line argument: --add-opens=java.base/java.util.concurrent=ALL-UNNAMED
30-Aug-2025 01:00:42.772 INFO [main] org.apache.catalina.startup.VersionLoggerListener.log Command line argument: --add-opens=java.rmi/sun.rmi.transport=ALL-UNNAMED
30-Aug-2025 01:00:42.772 INFO [main] org.apache.catalina.startup.VersionLoggerListener.log Command line argument: -Djava.util.logging.config.file=/Users/nguyendinhtanloc/Documents/Semester_1_2025/Web/Week0/TomCat/conf/logging.properties
30-Aug-2025 01:00:42.772 INFO [main] org.apache.catalina.startup.VersionLoggerListener.log Command line argument: -Djava.util.logging.manager=org.apache.juli.ClassLoaderLogManager
30-Aug-2025 01:00:42.772 INFO [main] org.apache.catalina.startup.VersionLoggerListener.log Command line argument: -Djdk.tls.ephemeralDHKeySize=2048
30-Aug-2025 01:00:42.772 INFO [main] org.apache.catalina.startup.VersionLoggerListener.log Command line argument: -Djava.protocol.handler.pkgs=org.apache.catalina.webresources
30-Aug-2025 01:00:42.772 INFO [main] org.apache.catalina.startup.VersionLoggerListener.log Command line argument: -Dsun.io.useCanonCaches=false
30-Aug-2025 01:00:42.772 INFO [main] org.apache.catalina.startup.VersionLoggerListener.log Command line argument: -Dorg.apache.catalina.security.SecurityListener.UMASK=0027
30-Aug-2025 01:00:42.772 INFO [main] org.apache.catalina.startup.VersionLoggerListener.log Command line argument: -Dignore.endorsed.dirs=
30-Aug-2025 01:00:42.773 INFO [main] org.apache.catalina.startup.VersionLoggerListener.log Command line argument: -Dcatalina.base=/Users/nguyendinhtanloc/Documents/Semester_1_2025/Web/Week0/TomCat
30-Aug-2025 01:00:42.773 INFO [main] org.apache.catalina.startup.VersionLoggerListener.log Command line argument: -Dcatalina.home=/Users/nguyendinhtanloc/Documents/Semester_1_2025/Web/Week0/TomCat
30-Aug-2025 01:00:42.773 INFO [main] org.apache.catalina.startup.VersionLoggerListener.log Command line argument: -Djava.io.tmpdir=/Users/nguyendinhtanloc/Documents/Semester_1_2025/Web/Week0/TomCat/temp
30-Aug-2025 01:00:42.777 INFO [main] org.apache.catalina.core.AprLifecycleListener.lifecycleEvent The Apache Tomcat Native library which allows using OpenSSL was not found on the java.library.path: [/Users/nguyendinhtanloc/Library/Java/Extensions:/Library/Java/Extensions:/Network/Library/Java/Extensions:/System/Library/Java/Extensions:/usr/lib/java:.]
30-Aug-2025 01:00:42.901 INFO [main] org.apache.coyote.AbstractProtocol.init Initializing ProtocolHandler ["http-nio-8080"]
30-Aug-2025 01:00:42.914 INFO [main] org.apache.catalina.startup.Catalina.load Server initialization in [228] milliseconds
30-Aug-2025 01:00:42.927 INFO [main] org.apache.catalina.core.StandardService.startInternal Starting service [Catalina]
30-Aug-2025 01:00:42.927 INFO [main] org.apache.catalina.core.StandardEngine.startInternal Starting Servlet engine: [Apache Tomcat/9.0.108]
30-Aug-2025 01:00:42.931 INFO [main] org.apache.catalina.startup.HostConfig.deployWAR Deploying web application archive [/Users/nguyendinhtanloc/Documents/Semester_1_2025/Web/Week0/TomCat/webapps/lesson.war]
30-Aug-2025 01:00:43.077 INFO [main] org.apache.jasper.servlet.TldScanner.scanJars At least one JAR was scanned for TLDs yet contained no TLDs. Enable debug logging for this logger for a complete list of JARs that were scanned but no TLDs were found in them. Skipping unneeded JARs during scanning can improve startup time and JSP compilation time.
30-Aug-2025 01:00:43.092 INFO [main] org.apache.catalina.startup.HostConfig.deployWAR Deployment of web application archive [/Users/nguyendinhtanloc/Documents/Semester_1_2025/Web/Week0/TomCat/webapps/lesson.war] has finished in [161] ms
30-Aug-2025 01:00:43.092 INFO [main] org.apache.catalina.startup.HostConfig.deployDirectory Deploying web application directory [/Users/nguyendinhtanloc/Documents/Semester_1_2025/Web/Week0/TomCat/webapps/docs]
30-Aug-2025 01:00:43.101 INFO [main] org.apache.catalina.startup.HostConfig.deployDirectory Deployment of web application directory [/Users/nguyendinhtanloc/Documents/Semester_1_2025/Web/Week0/TomCat/webapps/docs] has finished in [9] ms
30-Aug-2025 01:00:43.101 INFO [main] org.apache.catalina.startup.HostConfig.deployDirectory Deploying web application directory [/Users/nguyendinhtanloc/Documents/Semester_1_2025/Web/Week0/TomCat/webapps/manager]
30-Aug-2025 01:00:43.113 INFO [main] org.apache.catalina.startup.HostConfig.deployDirectory Deployment of web application directory [/Users/nguyendinhtanloc/Documents/Semester_1_2025/Web/Week0/TomCat/webapps/manager] has finished in [12] ms
30-Aug-2025 01:00:43.113 INFO [main] org.apache.catalina.startup.HostConfig.deployDirectory Deploying web application directory [/Users/nguyendinhtanloc/Documents/Semester_1_2025/Web/Week0/TomCat/webapps/examples]
30-Aug-2025 01:00:43.191 INFO [main] org.apache.catalina.startup.HostConfig.deployDirectory Deployment of web application directory [/Users/nguyendinhtanloc/Documents/Semester_1_2025/Web/Week0/TomCat/webapps/examples] has finished in [77] ms
30-Aug-2025 01:00:43.191 INFO [main] org.apache.catalina.startup.HostConfig.deployDirectory Deploying web application directory [/Users/nguyendinhtanloc/Documents/Semester_1_2025/Web/Week0/TomCat/webapps/ROOT]
30-Aug-2025 01:00:43.197 INFO [main] org.apache.catalina.startup.HostConfig.deployDirectory Deployment of web application directory [/Users/nguyendinhtanloc/Documents/Semester_1_2025/Web/Week0/TomCat/webapps/ROOT] has finished in [6] ms
30-Aug-2025 01:00:43.197 INFO [main] org.apache.catalina.startup.HostConfig.deployDirectory Deploying web application directory [/Users/nguyendinhtanloc/Documents/Semester_1_2025/Web/Week0/TomCat/webapps/host-manager]
30-Aug-2025 01:00:43.204 INFO [main] org.apache.catalina.startup.HostConfig.deployDirectory Deployment of web application directory [/Users/nguyendinhtanloc/Documents/Semester_1_2025/Web/Week0/TomCat/webapps/host-manager] has finished in [6] ms
30-Aug-2025 01:00:43.205 INFO [main] org.apache.coyote.AbstractProtocol.start Starting ProtocolHandler ["http-nio-8080"]
30-Aug-2025 01:00:43.209 INFO [main] org.apache.catalina.startup.Catalina.start Server startup in [295] milliseconds
30-Aug-2025 01:01:23.228 INFO [Catalina-utility-1] org.apache.catalina.startup.HostConfig.undeploy Undeploying context [/lesson]
30-Aug-2025 01:01:31.024 INFO [main] org.apache.catalina.core.StandardServer.await A valid shutdown command was received via the shutdown port. Stopping the Server instance.
30-Aug-2025 01:01:31.025 INFO [main] org.apache.coyote.AbstractProtocol.pause Pausing ProtocolHandler ["http-nio-8080"]
30-Aug-2025 01:01:31.026 INFO [main] org.apache.catalina.core.StandardService.stopInternal Stopping service [Catalina]
30-Aug-2025 01:01:31.033 INFO [main] org.apache.coyote.AbstractProtocol.stop Stopping ProtocolHandler ["http-nio-8080"]
30-Aug-2025 01:01:31.036 INFO [main] org.apache.coyote.AbstractProtocol.destroy Destroying ProtocolHandler ["http-nio-8080"]
NOTE: Picked up JDK_JAVA_OPTIONS:  --add-opens=java.base/java.lang=ALL-UNNAMED --add-opens=java.base/java.lang.invoke=ALL-UNNAMED --add-opens=java.base/java.lang.reflect=ALL-UNNAMED --add-opens=java.base/java.io=ALL-UNNAMED --add-opens=java.base/java.util=ALL-UNNAMED --add-opens=java.base/java.util.concurrent=ALL-UNNAMED --add-opens=java.rmi/sun.rmi.transport=ALL-UNNAMED
30-Aug-2025 01:02:06.982 INFO [main] org.apache.catalina.startup.VersionLoggerListener.log Server version name:   Apache Tomcat/9.0.108
30-Aug-2025 01:02:06.984 INFO [main] org.apache.catalina.startup.VersionLoggerListener.log Server built:          Jul 31 2025 18:19:48 UTC
30-Aug-2025 01:02:06.984 INFO [main] org.apache.catalina.startup.VersionLoggerListener.log Server version number: 9.0.108.0
30-Aug-2025 01:02:06.984 INFO [main] org.apache.catalina.startup.VersionLoggerListener.log OS Name:               Mac OS X
30-Aug-2025 01:02:06.984 INFO [main] org.apache.catalina.startup.VersionLoggerListener.log OS Version:            15.6.1
30-Aug-2025 01:02:06.984 INFO [main] org.apache.catalina.startup.VersionLoggerListener.log Architecture:          aarch64
30-Aug-2025 01:02:06.984 INFO [main] org.apache.catalina.startup.VersionLoggerListener.log Java Home:             /opt/homebrew/Cellar/openjdk@17/17.0.15/libexec/openjdk.jdk/Contents/Home
30-Aug-2025 01:02:06.984 INFO [main] org.apache.catalina.startup.VersionLoggerListener.log JVM Version:           17.0.15+0
30-Aug-2025 01:02:06.984 INFO [main] org.apache.catalina.startup.VersionLoggerListener.log JVM Vendor:            Homebrew
30-Aug-2025 01:02:06.984 INFO [main] org.apache.catalina.startup.VersionLoggerListener.log CATALINA_BASE:         /Users/nguyendinhtanloc/Documents/Semester_1_2025/Web/Week0/TomCat
30-Aug-2025 01:02:06.984 INFO [main] org.apache.catalina.startup.VersionLoggerListener.log CATALINA_HOME:         /Users/nguyendinhtanloc/Documents/Semester_1_2025/Web/Week0/TomCat
30-Aug-2025 01:02:06.989 INFO [main] org.apache.catalina.startup.VersionLoggerListener.log Command line argument: --add-opens=java.base/java.lang=ALL-UNNAMED
30-Aug-2025 01:02:06.989 INFO [main] org.apache.catalina.startup.VersionLoggerListener.log Command line argument: --add-opens=java.base/java.lang.invoke=ALL-UNNAMED
30-Aug-2025 01:02:06.989 INFO [main] org.apache.catalina.startup.VersionLoggerListener.log Command line argument: --add-opens=java.base/java.lang.reflect=ALL-UNNAMED
30-Aug-2025 01:02:06.989 INFO [main] org.apache.catalina.startup.VersionLoggerListener.log Command line argument: --add-opens=java.base/java.io=ALL-UNNAMED
30-Aug-2025 01:02:06.989 INFO [main] org.apache.catalina.startup.VersionLoggerListener.log Command line argument: --add-opens=java.base/java.util=ALL-UNNAMED
30-Aug-2025 01:02:06.989 INFO [main] org.apache.catalina.startup.VersionLoggerListener.log Command line argument: --add-opens=java.base/java.util.concurrent=ALL-UNNAMED
30-Aug-2025 01:02:06.989 INFO [main] org.apache.catalina.startup.VersionLoggerListener.log Command line argument: --add-opens=java.rmi/sun.rmi.transport=ALL-UNNAMED
30-Aug-2025 01:02:06.989 INFO [main] org.apache.catalina.startup.VersionLoggerListener.log Command line argument: -Djava.util.logging.config.file=/Users/nguyendinhtanloc/Documents/Semester_1_2025/Web/Week0/TomCat/conf/logging.properties
30-Aug-2025 01:02:06.989 INFO [main] org.apache.catalina.startup.VersionLoggerListener.log Command line argument: -Djava.util.logging.manager=org.apache.juli.ClassLoaderLogManager
30-Aug-2025 01:02:06.989 INFO [main] org.apache.catalina.startup.VersionLoggerListener.log Command line argument: -Djdk.tls.ephemeralDHKeySize=2048
30-Aug-2025 01:02:06.989 INFO [main] org.apache.catalina.startup.VersionLoggerListener.log Command line argument: -Djava.protocol.handler.pkgs=org.apache.catalina.webresources
30-Aug-2025 01:02:06.989 INFO [main] org.apache.catalina.startup.VersionLoggerListener.log Command line argument: -Dsun.io.useCanonCaches=false
30-Aug-2025 01:02:06.990 INFO [main] org.apache.catalina.startup.VersionLoggerListener.log Command line argument: -Dorg.apache.catalina.security.SecurityListener.UMASK=0027
30-Aug-2025 01:02:06.990 INFO [main] org.apache.catalina.startup.VersionLoggerListener.log Command line argument: -Dignore.endorsed.dirs=
30-Aug-2025 01:02:06.990 INFO [main] org.apache.catalina.startup.VersionLoggerListener.log Command line argument: -Dcatalina.base=/Users/nguyendinhtanloc/Documents/Semester_1_2025/Web/Week0/TomCat
30-Aug-2025 01:02:06.990 INFO [main] org.apache.catalina.startup.VersionLoggerListener.log Command line argument: -Dcatalina.home=/Users/nguyendinhtanloc/Documents/Semester_1_2025/Web/Week0/TomCat
30-Aug-2025 01:02:06.990 INFO [main] org.apache.catalina.startup.VersionLoggerListener.log Command line argument: -Djava.io.tmpdir=/Users/nguyendinhtanloc/Documents/Semester_1_2025/Web/Week0/TomCat/temp
30-Aug-2025 01:02:06.994 INFO [main] org.apache.catalina.core.AprLifecycleListener.lifecycleEvent The Apache Tomcat Native library which allows using OpenSSL was not found on the java.library.path: [/Users/nguyendinhtanloc/Library/Java/Extensions:/Library/Java/Extensions:/Network/Library/Java/Extensions:/System/Library/Java/Extensions:/usr/lib/java:.]
30-Aug-2025 01:02:07.123 INFO [main] org.apache.coyote.AbstractProtocol.init Initializing ProtocolHandler ["http-nio-8080"]
30-Aug-2025 01:02:07.135 INFO [main] org.apache.catalina.startup.Catalina.load Server initialization in [231] milliseconds
30-Aug-2025 01:02:07.148 INFO [main] org.apache.catalina.core.StandardService.startInternal Starting service [Catalina]
30-Aug-2025 01:02:07.148 INFO [main] org.apache.catalina.core.StandardEngine.startInternal Starting Servlet engine: [Apache Tomcat/9.0.108]
30-Aug-2025 01:02:07.153 INFO [main] org.apache.catalina.startup.HostConfig.deployWAR Deploying web application archive [/Users/nguyendinhtanloc/Documents/Semester_1_2025/Web/Week0/TomCat/webapps/Lesson.war]
30-Aug-2025 01:02:07.307 INFO [main] org.apache.jasper.servlet.TldScanner.scanJars At least one JAR was scanned for TLDs yet contained no TLDs. Enable debug logging for this logger for a complete list of JARs that were scanned but no TLDs were found in them. Skipping unneeded JARs during scanning can improve startup time and JSP compilation time.
30-Aug-2025 01:02:07.325 INFO [main] org.apache.catalina.startup.HostConfig.deployWAR Deployment of web application archive [/Users/nguyendinhtanloc/Documents/Semester_1_2025/Web/Week0/TomCat/webapps/Lesson.war] has finished in [172] ms
30-Aug-2025 01:02:07.325 INFO [main] org.apache.catalina.startup.HostConfig.deployDirectory Deploying web application directory [/Users/nguyendinhtanloc/Documents/Semester_1_2025/Web/Week0/TomCat/webapps/docs]
30-Aug-2025 01:02:07.335 INFO [main] org.apache.catalina.startup.HostConfig.deployDirectory Deployment of web application directory [/Users/nguyendinhtanloc/Documents/Semester_1_2025/Web/Week0/TomCat/webapps/docs] has finished in [10] ms
30-Aug-2025 01:02:07.335 INFO [main] org.apache.catalina.startup.HostConfig.deployDirectory Deploying web application directory [/Users/nguyendinhtanloc/Documents/Semester_1_2025/Web/Week0/TomCat/webapps/manager]
30-Aug-2025 01:02:07.348 INFO [main] org.apache.catalina.startup.HostConfig.deployDirectory Deployment of web application directory [/Users/nguyendinhtanloc/Documents/Semester_1_2025/Web/Week0/TomCat/webapps/manager] has finished in [13] ms
30-Aug-2025 01:02:07.348 INFO [main] org.apache.catalina.startup.HostConfig.deployDirectory Deploying web application directory [/Users/nguyendinhtanloc/Documents/Semester_1_2025/Web/Week0/TomCat/webapps/examples]
30-Aug-2025 01:02:07.433 INFO [main] org.apache.catalina.startup.HostConfig.deployDirectory Deployment of web application directory [/Users/nguyendinhtanloc/Documents/Semester_1_2025/Web/Week0/TomCat/webapps/examples] has finished in [85] ms
30-Aug-2025 01:02:07.433 INFO [main] org.apache.catalina.startup.HostConfig.deployDirectory Deploying web application directory [/Users/nguyendinhtanloc/Documents/Semester_1_2025/Web/Week0/TomCat/webapps/ROOT]
30-Aug-2025 01:02:07.439 INFO [main] org.apache.catalina.startup.HostConfig.deployDirectory Deployment of web application directory [/Users/nguyendinhtanloc/Documents/Semester_1_2025/Web/Week0/TomCat/webapps/ROOT] has finished in [6] ms
30-Aug-2025 01:02:07.439 INFO [main] org.apache.catalina.startup.HostConfig.deployDirectory Deploying web application directory [/Users/nguyendinhtanloc/Documents/Semester_1_2025/Web/Week0/TomCat/webapps/host-manager]
30-Aug-2025 01:02:07.445 INFO [main] org.apache.catalina.startup.HostConfig.deployDirectory Deployment of web application directory [/Users/nguyendinhtanloc/Documents/Semester_1_2025/Web/Week0/TomCat/webapps/host-manager] has finished in [6] ms
30-Aug-2025 01:02:07.447 INFO [main] org.apache.coyote.AbstractProtocol.start Starting ProtocolHandler ["http-nio-8080"]
30-Aug-2025 01:02:07.450 INFO [main] org.apache.catalina.startup.Catalina.start Server startup in [315] milliseconds
30-Aug-2025 01:09:47.808 INFO [Catalina-utility-1] org.apache.catalina.startup.HostConfig.undeploy Undeploying context [/Lesson]
30-Aug-2025 01:09:57.848 INFO [Catalina-utility-1] org.apache.catalina.startup.HostConfig.deployWAR Deploying web application archive [/Users/nguyendinhtanloc/Documents/Semester_1_2025/Web/Week0/TomCat/webapps/Lesson.war]
30-Aug-2025 01:09:57.923 INFO [Catalina-utility-1] org.apache.jasper.servlet.TldScanner.scanJars At least one JAR was scanned for TLDs yet contained no TLDs. Enable debug logging for this logger for a complete list of JARs that were scanned but no TLDs were found in them. Skipping unneeded JARs during scanning can improve startup time and JSP compilation time.
30-Aug-2025 01:09:57.926 INFO [Catalina-utility-1] org.apache.catalina.startup.HostConfig.deployWAR Deployment of web application archive [/Users/nguyendinhtanloc/Documents/Semester_1_2025/Web/Week0/TomCat/webapps/Lesson.war] has finished in [78] ms
30-Aug-2025 01:10:07.073 INFO [main] org.apache.catalina.core.StandardServer.await A valid shutdown command was received via the shutdown port. Stopping the Server instance.
30-Aug-2025 01:10:07.073 INFO [main] org.apache.coyote.AbstractProtocol.pause Pausing ProtocolHandler ["http-nio-8080"]
30-Aug-2025 01:10:07.074 INFO [main] org.apache.catalina.core.StandardService.stopInternal Stopping service [Catalina]
30-Aug-2025 01:10:07.082 INFO [main] org.apache.coyote.AbstractProtocol.stop Stopping ProtocolHandler ["http-nio-8080"]
30-Aug-2025 01:10:07.085 INFO [main] org.apache.coyote.AbstractProtocol.destroy Destroying ProtocolHandler ["http-nio-8080"]
NOTE: Picked up JDK_JAVA_OPTIONS:  --add-opens=java.base/java.lang=ALL-UNNAMED --add-opens=java.base/java.lang.invoke=ALL-UNNAMED --add-opens=java.base/java.lang.reflect=ALL-UNNAMED --add-opens=java.base/java.io=ALL-UNNAMED --add-opens=java.base/java.util=ALL-UNNAMED --add-opens=java.base/java.util.concurrent=ALL-UNNAMED --add-opens=java.rmi/sun.rmi.transport=ALL-UNNAMED
30-Aug-2025 01:10:12.125 INFO [main] org.apache.catalina.startup.VersionLoggerListener.log Server version name:   Apache Tomcat/9.0.108
30-Aug-2025 01:10:12.127 INFO [main] org.apache.catalina.startup.VersionLoggerListener.log Server built:          Jul 31 2025 18:19:48 UTC
30-Aug-2025 01:10:12.127 INFO [main] org.apache.catalina.startup.VersionLoggerListener.log Server version number: 9.0.108.0
30-Aug-2025 01:10:12.127 INFO [main] org.apache.catalina.startup.VersionLoggerListener.log OS Name:               Mac OS X
30-Aug-2025 01:10:12.127 INFO [main] org.apache.catalina.startup.VersionLoggerListener.log OS Version:            15.6.1
30-Aug-2025 01:10:12.127 INFO [main] org.apache.catalina.startup.VersionLoggerListener.log Architecture:          aarch64
30-Aug-2025 01:10:12.128 INFO [main] org.apache.catalina.startup.VersionLoggerListener.log Java Home:             /opt/homebrew/Cellar/openjdk@17/17.0.15/libexec/openjdk.jdk/Contents/Home
30-Aug-2025 01:10:12.128 INFO [main] org.apache.catalina.startup.VersionLoggerListener.log JVM Version:           17.0.15+0
30-Aug-2025 01:10:12.128 INFO [main] org.apache.catalina.startup.VersionLoggerListener.log JVM Vendor:            Homebrew
30-Aug-2025 01:10:12.128 INFO [main] org.apache.catalina.startup.VersionLoggerListener.log CATALINA_BASE:         /Users/nguyendinhtanloc/Documents/Semester_1_2025/Web/Week0/TomCat
30-Aug-2025 01:10:12.128 INFO [main] org.apache.catalina.startup.VersionLoggerListener.log CATALINA_HOME:         /Users/nguyendinhtanloc/Documents/Semester_1_2025/Web/Week0/TomCat
30-Aug-2025 01:10:12.134 INFO [main] org.apache.catalina.startup.VersionLoggerListener.log Command line argument: --add-opens=java.base/java.lang=ALL-UNNAMED
30-Aug-2025 01:10:12.134 INFO [main] org.apache.catalina.startup.VersionLoggerListener.log Command line argument: --add-opens=java.base/java.lang.invoke=ALL-UNNAMED
30-Aug-2025 01:10:12.135 INFO [main] org.apache.catalina.startup.VersionLoggerListener.log Command line argument: --add-opens=java.base/java.lang.reflect=ALL-UNNAMED
30-Aug-2025 01:10:12.135 INFO [main] org.apache.catalina.startup.VersionLoggerListener.log Command line argument: --add-opens=java.base/java.io=ALL-UNNAMED
30-Aug-2025 01:10:12.135 INFO [main] org.apache.catalina.startup.VersionLoggerListener.log Command line argument: --add-opens=java.base/java.util=ALL-UNNAMED
30-Aug-2025 01:10:12.135 INFO [main] org.apache.catalina.startup.VersionLoggerListener.log Command line argument: --add-opens=java.base/java.util.concurrent=ALL-UNNAMED
30-Aug-2025 01:10:12.135 INFO [main] org.apache.catalina.startup.VersionLoggerListener.log Command line argument: --add-opens=java.rmi/sun.rmi.transport=ALL-UNNAMED
30-Aug-2025 01:10:12.135 INFO [main] org.apache.catalina.startup.VersionLoggerListener.log Command line argument: -Djava.util.logging.config.file=/Users/nguyendinhtanloc/Documents/Semester_1_2025/Web/Week0/TomCat/conf/logging.properties
30-Aug-2025 01:10:12.135 INFO [main] org.apache.catalina.startup.VersionLoggerListener.log Command line argument: -Djava.util.logging.manager=org.apache.juli.ClassLoaderLogManager
30-Aug-2025 01:10:12.135 INFO [main] org.apache.catalina.startup.VersionLoggerListener.log Command line argument: -Djdk.tls.ephemeralDHKeySize=2048
30-Aug-2025 01:10:12.135 INFO [main] org.apache.catalina.startup.VersionLoggerListener.log Command line argument: -Djava.protocol.handler.pkgs=org.apache.catalina.webresources
30-Aug-2025 01:10:12.135 INFO [main] org.apache.catalina.startup.VersionLoggerListener.log Command line argument: -Dsun.io.useCanonCaches=false
30-Aug-2025 01:10:12.135 INFO [main] org.apache.catalina.startup.VersionLoggerListener.log Command line argument: -Dorg.apache.catalina.security.SecurityListener.UMASK=0027
30-Aug-2025 01:10:12.135 INFO [main] org.apache.catalina.startup.VersionLoggerListener.log Command line argument: -Dignore.endorsed.dirs=
30-Aug-2025 01:10:12.135 INFO [main] org.apache.catalina.startup.VersionLoggerListener.log Command line argument: -Dcatalina.base=/Users/nguyendinhtanloc/Documents/Semester_1_2025/Web/Week0/TomCat
30-Aug-2025 01:10:12.135 INFO [main] org.apache.catalina.startup.VersionLoggerListener.log Command line argument: -Dcatalina.home=/Users/nguyendinhtanloc/Documents/Semester_1_2025/Web/Week0/TomCat
30-Aug-2025 01:10:12.135 INFO [main] org.apache.catalina.startup.VersionLoggerListener.log Command line argument: -Djava.io.tmpdir=/Users/nguyendinhtanloc/Documents/Semester_1_2025/Web/Week0/TomCat/temp
30-Aug-2025 01:10:12.140 INFO [main] org.apache.catalina.core.AprLifecycleListener.lifecycleEvent The Apache Tomcat Native library which allows using OpenSSL was not found on the java.library.path: [/Users/nguyendinhtanloc/Library/Java/Extensions:/Library/Java/Extensions:/Network/Library/Java/Extensions:/System/Library/Java/Extensions:/usr/lib/java:.]
30-Aug-2025 01:10:12.273 INFO [main] org.apache.coyote.AbstractProtocol.init Initializing ProtocolHandler ["http-nio-8080"]
30-Aug-2025 01:10:12.285 INFO [main] org.apache.catalina.startup.Catalina.load Server initialization in [246] milliseconds
30-Aug-2025 01:10:12.301 INFO [main] org.apache.catalina.core.StandardService.startInternal Starting service [Catalina]
30-Aug-2025 01:10:12.302 INFO [main] org.apache.catalina.core.StandardEngine.startInternal Starting Servlet engine: [Apache Tomcat/9.0.108]
30-Aug-2025 01:10:12.307 INFO [main] org.apache.catalina.startup.HostConfig.deployWAR Deploying web application archive [/Users/nguyendinhtanloc/Documents/Semester_1_2025/Web/Week0/TomCat/webapps/Lesson.war]
30-Aug-2025 01:10:12.470 INFO [main] org.apache.jasper.servlet.TldScanner.scanJars At least one JAR was scanned for TLDs yet contained no TLDs. Enable debug logging for this logger for a complete list of JARs that were scanned but no TLDs were found in them. Skipping unneeded JARs during scanning can improve startup time and JSP compilation time.
30-Aug-2025 01:10:12.488 INFO [main] org.apache.catalina.startup.HostConfig.deployWAR Deployment of web application archive [/Users/nguyendinhtanloc/Documents/Semester_1_2025/Web/Week0/TomCat/webapps/Lesson.war] has finished in [181] ms
30-Aug-2025 01:10:12.488 INFO [main] org.apache.catalina.startup.HostConfig.deployDirectory Deploying web application directory [/Users/nguyendinhtanloc/Documents/Semester_1_2025/Web/Week0/TomCat/webapps/docs]
30-Aug-2025 01:10:12.498 INFO [main] org.apache.catalina.startup.HostConfig.deployDirectory Deployment of web application directory [/Users/nguyendinhtanloc/Documents/Semester_1_2025/Web/Week0/TomCat/webapps/docs] has finished in [10] ms
30-Aug-2025 01:10:12.498 INFO [main] org.apache.catalina.startup.HostConfig.deployDirectory Deploying web application directory [/Users/nguyendinhtanloc/Documents/Semester_1_2025/Web/Week0/TomCat/webapps/manager]
30-Aug-2025 01:10:12.514 INFO [main] org.apache.catalina.startup.HostConfig.deployDirectory Deployment of web application directory [/Users/nguyendinhtanloc/Documents/Semester_1_2025/Web/Week0/TomCat/webapps/manager] has finished in [16] ms
30-Aug-2025 01:10:12.514 INFO [main] org.apache.catalina.startup.HostConfig.deployDirectory Deploying web application directory [/Users/nguyendinhtanloc/Documents/Semester_1_2025/Web/Week0/TomCat/webapps/examples]
30-Aug-2025 01:10:12.600 INFO [main] org.apache.catalina.startup.HostConfig.deployDirectory Deployment of web application directory [/Users/nguyendinhtanloc/Documents/Semester_1_2025/Web/Week0/TomCat/webapps/examples] has finished in [85] ms
30-Aug-2025 01:10:12.600 INFO [main] org.apache.catalina.startup.HostConfig.deployDirectory Deploying web application directory [/Users/nguyendinhtanloc/Documents/Semester_1_2025/Web/Week0/TomCat/webapps/ROOT]
30-Aug-2025 01:10:12.606 INFO [main] org.apache.catalina.startup.HostConfig.deployDirectory Deployment of web application directory [/Users/nguyendinhtanloc/Documents/Semester_1_2025/Web/Week0/TomCat/webapps/ROOT] has finished in [5] ms
30-Aug-2025 01:10:12.606 INFO [main] org.apache.catalina.startup.HostConfig.deployDirectory Deploying web application directory [/Users/nguyendinhtanloc/Documents/Semester_1_2025/Web/Week0/TomCat/webapps/host-manager]
30-Aug-2025 01:10:12.612 INFO [main] org.apache.catalina.startup.HostConfig.deployDirectory Deployment of web application directory [/Users/nguyendinhtanloc/Documents/Semester_1_2025/Web/Week0/TomCat/webapps/host-manager] has finished in [6] ms
30-Aug-2025 01:10:12.613 INFO [main] org.apache.coyote.AbstractProtocol.start Starting ProtocolHandler ["http-nio-8080"]
30-Aug-2025 01:10:12.620 INFO [main] org.apache.catalina.startup.Catalina.start Server startup in [334] milliseconds
30-Aug-2025 01:14:01.495 INFO [main] org.apache.catalina.core.StandardServer.await A valid shutdown command was received via the shutdown port. Stopping the Server instance.
30-Aug-2025 01:14:01.498 INFO [main] org.apache.coyote.AbstractProtocol.pause Pausing ProtocolHandler ["http-nio-8080"]
30-Aug-2025 01:14:01.500 INFO [main] org.apache.catalina.core.StandardService.stopInternal Stopping service [Catalina]
30-Aug-2025 01:14:01.521 INFO [main] org.apache.coyote.AbstractProtocol.stop Stopping ProtocolHandler ["http-nio-8080"]
30-Aug-2025 01:14:01.525 INFO [main] org.apache.coyote.AbstractProtocol.destroy Destroying ProtocolHandler ["http-nio-8080"]
NOTE: Picked up JDK_JAVA_OPTIONS:  --add-opens=java.base/java.lang=ALL-UNNAMED --add-opens=java.base/java.lang.invoke=ALL-UNNAMED --add-opens=java.base/java.lang.reflect=ALL-UNNAMED --add-opens=java.base/java.io=ALL-UNNAMED --add-opens=java.base/java.util=ALL-UNNAMED --add-opens=java.base/java.util.concurrent=ALL-UNNAMED --add-opens=java.rmi/sun.rmi.transport=ALL-UNNAMED
30-Aug-2025 01:14:39.962 INFO [main] org.apache.catalina.startup.VersionLoggerListener.log Server version name:   Apache Tomcat/9.0.108
30-Aug-2025 01:14:39.964 INFO [main] org.apache.catalina.startup.VersionLoggerListener.log Server built:          Jul 31 2025 18:19:48 UTC
30-Aug-2025 01:14:39.965 INFO [main] org.apache.catalina.startup.VersionLoggerListener.log Server version number: 9.0.108.0
30-Aug-2025 01:14:39.965 INFO [main] org.apache.catalina.startup.VersionLoggerListener.log OS Name:               Mac OS X
30-Aug-2025 01:14:39.965 INFO [main] org.apache.catalina.startup.VersionLoggerListener.log OS Version:            15.6.1
30-Aug-2025 01:14:39.965 INFO [main] org.apache.catalina.startup.VersionLoggerListener.log Architecture:          aarch64
30-Aug-2025 01:14:39.965 INFO [main] org.apache.catalina.startup.VersionLoggerListener.log Java Home:             /opt/homebrew/Cellar/openjdk@17/17.0.15/libexec/openjdk.jdk/Contents/Home
30-Aug-2025 01:14:39.965 INFO [main] org.apache.catalina.startup.VersionLoggerListener.log JVM Version:           17.0.15+0
30-Aug-2025 01:14:39.965 INFO [main] org.apache.catalina.startup.VersionLoggerListener.log JVM Vendor:            Homebrew
30-Aug-2025 01:14:39.965 INFO [main] org.apache.catalina.startup.VersionLoggerListener.log CATALINA_BASE:         /Users/nguyendinhtanloc/Documents/Semester_1_2025/Web/Week0/TomCat
30-Aug-2025 01:14:39.965 INFO [main] org.apache.catalina.startup.VersionLoggerListener.log CATALINA_HOME:         /Users/nguyendinhtanloc/Documents/Semester_1_2025/Web/Week0/TomCat
30-Aug-2025 01:14:39.972 INFO [main] org.apache.catalina.startup.VersionLoggerListener.log Command line argument: --add-opens=java.base/java.lang=ALL-UNNAMED
30-Aug-2025 01:14:39.972 INFO [main] org.apache.catalina.startup.VersionLoggerListener.log Command line argument: --add-opens=java.base/java.lang.invoke=ALL-UNNAMED
30-Aug-2025 01:14:39.972 INFO [main] org.apache.catalina.startup.VersionLoggerListener.log Command line argument: --add-opens=java.base/java.lang.reflect=ALL-UNNAMED
30-Aug-2025 01:14:39.972 INFO [main] org.apache.catalina.startup.VersionLoggerListener.log Command line argument: --add-opens=java.base/java.io=ALL-UNNAMED
30-Aug-2025 01:14:39.972 INFO [main] org.apache.catalina.startup.VersionLoggerListener.log Command line argument: --add-opens=java.base/java.util=ALL-UNNAMED
30-Aug-2025 01:14:39.972 INFO [main] org.apache.catalina.startup.VersionLoggerListener.log Command line argument: --add-opens=java.base/java.util.concurrent=ALL-UNNAMED
30-Aug-2025 01:14:39.972 INFO [main] org.apache.catalina.startup.VersionLoggerListener.log Command line argument: --add-opens=java.rmi/sun.rmi.transport=ALL-UNNAMED
30-Aug-2025 01:14:39.972 INFO [main] org.apache.catalina.startup.VersionLoggerListener.log Command line argument: -Djava.util.logging.config.file=/Users/nguyendinhtanloc/Documents/Semester_1_2025/Web/Week0/TomCat/conf/logging.properties
30-Aug-2025 01:14:39.972 INFO [main] org.apache.catalina.startup.VersionLoggerListener.log Command line argument: -Djava.util.logging.manager=org.apache.juli.ClassLoaderLogManager
30-Aug-2025 01:14:39.972 INFO [main] org.apache.catalina.startup.VersionLoggerListener.log Command line argument: -Djdk.tls.ephemeralDHKeySize=2048
30-Aug-2025 01:14:39.972 INFO [main] org.apache.catalina.startup.VersionLoggerListener.log Command line argument: -Djava.protocol.handler.pkgs=org.apache.catalina.webresources
30-Aug-2025 01:14:39.972 INFO [main] org.apache.catalina.startup.VersionLoggerListener.log Command line argument: -Dsun.io.useCanonCaches=false
30-Aug-2025 01:14:39.972 INFO [main] org.apache.catalina.startup.VersionLoggerListener.log Command line argument: -Dorg.apache.catalina.security.SecurityListener.UMASK=0027
30-Aug-2025 01:14:39.972 INFO [main] org.apache.catalina.startup.VersionLoggerListener.log Command line argument: -Dignore.endorsed.dirs=
30-Aug-2025 01:14:39.972 INFO [main] org.apache.catalina.startup.VersionLoggerListener.log Command line argument: -Dcatalina.base=/Users/nguyendinhtanloc/Documents/Semester_1_2025/Web/Week0/TomCat
30-Aug-2025 01:14:39.973 INFO [main] org.apache.catalina.startup.VersionLoggerListener.log Command line argument: -Dcatalina.home=/Users/nguyendinhtanloc/Documents/Semester_1_2025/Web/Week0/TomCat
30-Aug-2025 01:14:39.973 INFO [main] org.apache.catalina.startup.VersionLoggerListener.log Command line argument: -Djava.io.tmpdir=/Users/nguyendinhtanloc/Documents/Semester_1_2025/Web/Week0/TomCat/temp
30-Aug-2025 01:14:39.977 INFO [main] org.apache.catalina.core.AprLifecycleListener.lifecycleEvent The Apache Tomcat Native library which allows using OpenSSL was not found on the java.library.path: [/Users/nguyendinhtanloc/Library/Java/Extensions:/Library/Java/Extensions:/Network/Library/Java/Extensions:/System/Library/Java/Extensions:/usr/lib/java:.]
30-Aug-2025 01:14:40.115 INFO [main] org.apache.coyote.AbstractProtocol.init Initializing ProtocolHandler ["http-nio-8080"]
30-Aug-2025 01:14:40.128 INFO [main] org.apache.catalina.startup.Catalina.load Server initialization in [253] milliseconds
30-Aug-2025 01:14:40.144 INFO [main] org.apache.catalina.core.StandardService.startInternal Starting service [Catalina]
30-Aug-2025 01:14:40.144 INFO [main] org.apache.catalina.core.StandardEngine.startInternal Starting Servlet engine: [Apache Tomcat/9.0.108]
30-Aug-2025 01:14:40.149 INFO [main] org.apache.catalina.startup.HostConfig.deployWAR Deploying web application archive [/Users/nguyendinhtanloc/Documents/Semester_1_2025/Web/Week0/TomCat/webapps/Lesson.war]
30-Aug-2025 01:14:40.337 INFO [main] org.apache.jasper.servlet.TldScanner.scanJars At least one JAR was scanned for TLDs yet contained no TLDs. Enable debug logging for this logger for a complete list of JARs that were scanned but no TLDs were found in them. Skipping unneeded JARs during scanning can improve startup time and JSP compilation time.
30-Aug-2025 01:14:40.358 INFO [main] org.apache.catalina.startup.HostConfig.deployWAR Deployment of web application archive [/Users/nguyendinhtanloc/Documents/Semester_1_2025/Web/Week0/TomCat/webapps/Lesson.war] has finished in [209] ms
30-Aug-2025 01:14:40.359 INFO [main] org.apache.catalina.startup.HostConfig.deployDirectory Deploying web application directory [/Users/nguyendinhtanloc/Documents/Semester_1_2025/Web/Week0/TomCat/webapps/docs]
30-Aug-2025 01:14:40.372 INFO [main] org.apache.catalina.startup.HostConfig.deployDirectory Deployment of web application directory [/Users/nguyendinhtanloc/Documents/Semester_1_2025/Web/Week0/TomCat/webapps/docs] has finished in [13] ms
30-Aug-2025 01:14:40.372 INFO [main] org.apache.catalina.startup.HostConfig.deployDirectory Deploying web application directory [/Users/nguyendinhtanloc/Documents/Semester_1_2025/Web/Week0/TomCat/webapps/manager]
30-Aug-2025 01:14:40.388 INFO [main] org.apache.catalina.startup.HostConfig.deployDirectory Deployment of web application directory [/Users/nguyendinhtanloc/Documents/Semester_1_2025/Web/Week0/TomCat/webapps/manager] has finished in [16] ms
30-Aug-2025 01:14:40.388 INFO [main] org.apache.catalina.startup.HostConfig.deployDirectory Deploying web application directory [/Users/nguyendinhtanloc/Documents/Semester_1_2025/Web/Week0/TomCat/webapps/examples]
30-Aug-2025 01:14:40.477 INFO [main] org.apache.catalina.startup.HostConfig.deployDirectory Deployment of web application directory [/Users/nguyendinhtanloc/Documents/Semester_1_2025/Web/Week0/TomCat/webapps/examples] has finished in [89] ms
30-Aug-2025 01:14:40.477 INFO [main] org.apache.catalina.startup.HostConfig.deployDirectory Deploying web application directory [/Users/nguyendinhtanloc/Documents/Semester_1_2025/Web/Week0/TomCat/webapps/ROOT]
30-Aug-2025 01:14:40.486 INFO [main] org.apache.catalina.startup.HostConfig.deployDirectory Deployment of web application directory [/Users/nguyendinhtanloc/Documents/Semester_1_2025/Web/Week0/TomCat/webapps/ROOT] has finished in [9] ms
30-Aug-2025 01:14:40.487 INFO [main] org.apache.catalina.startup.HostConfig.deployDirectory Deploying web application directory [/Users/nguyendinhtanloc/Documents/Semester_1_2025/Web/Week0/TomCat/webapps/host-manager]
30-Aug-2025 01:14:40.493 INFO [main] org.apache.catalina.startup.HostConfig.deployDirectory Deployment of web application directory [/Users/nguyendinhtanloc/Documents/Semester_1_2025/Web/Week0/TomCat/webapps/host-manager] has finished in [6] ms
30-Aug-2025 01:14:40.495 INFO [main] org.apache.coyote.AbstractProtocol.start Starting ProtocolHandler ["http-nio-8080"]
30-Aug-2025 01:14:40.499 INFO [main] org.apache.catalina.startup.Catalina.start Server startup in [371] milliseconds
30-Aug-2025 01:48:00.929 INFO [main] org.apache.catalina.core.StandardServer.await A valid shutdown command was received via the shutdown port. Stopping the Server instance.
30-Aug-2025 01:48:00.930 INFO [main] org.apache.coyote.AbstractProtocol.pause Pausing ProtocolHandler ["http-nio-8080"]
30-Aug-2025 01:48:00.931 INFO [main] org.apache.catalina.core.StandardService.stopInternal Stopping service [Catalina]
30-Aug-2025 01:48:00.949 INFO [main] org.apache.coyote.AbstractProtocol.stop Stopping ProtocolHandler ["http-nio-8080"]
30-Aug-2025 01:48:00.956 INFO [main] org.apache.coyote.AbstractProtocol.destroy Destroying ProtocolHandler ["http-nio-8080"]
NOTE: Picked up JDK_JAVA_OPTIONS:  --add-opens=java.base/java.lang=ALL-UNNAMED --add-opens=java.base/java.lang.invoke=ALL-UNNAMED --add-opens=java.base/java.lang.reflect=ALL-UNNAMED --add-opens=java.base/java.io=ALL-UNNAMED --add-opens=java.base/java.util=ALL-UNNAMED --add-opens=java.base/java.util.concurrent=ALL-UNNAMED --add-opens=java.rmi/sun.rmi.transport=ALL-UNNAMED
15-Sep-2025 14:28:30.035 INFO [main] org.apache.catalina.startup.VersionLoggerListener.log Server version name:   Apache Tomcat/9.0.108
15-Sep-2025 14:28:30.037 INFO [main] org.apache.catalina.startup.VersionLoggerListener.log Server built:          Jul 31 2025 18:19:48 UTC
15-Sep-2025 14:28:30.037 INFO [main] org.apache.catalina.startup.VersionLoggerListener.log Server version number: 9.0.108.0
15-Sep-2025 14:28:30.037 INFO [main] org.apache.catalina.startup.VersionLoggerListener.log OS Name:               Mac OS X
15-Sep-2025 14:28:30.037 INFO [main] org.apache.catalina.startup.VersionLoggerListener.log OS Version:            15.6.1
15-Sep-2025 14:28:30.038 INFO [main] org.apache.catalina.startup.VersionLoggerListener.log Architecture:          aarch64
15-Sep-2025 14:28:30.038 INFO [main] org.apache.catalina.startup.VersionLoggerListener.log Java Home:             /opt/homebrew/Cellar/openjdk@17/17.0.15/libexec/openjdk.jdk/Contents/Home
15-Sep-2025 14:28:30.038 INFO [main] org.apache.catalina.startup.VersionLoggerListener.log JVM Version:           17.0.15+0
15-Sep-2025 14:28:30.038 INFO [main] org.apache.catalina.startup.VersionLoggerListener.log JVM Vendor:            Homebrew
15-Sep-2025 14:28:30.038 INFO [main] org.apache.catalina.startup.VersionLoggerListener.log CATALINA_BASE:         /Users/nguyendinhtanloc/Documents/Semester_1_2025/Web/Week0/TomCat
15-Sep-2025 14:28:30.038 INFO [main] org.apache.catalina.startup.VersionLoggerListener.log CATALINA_HOME:         /Users/nguyendinhtanloc/Documents/Semester_1_2025/Web/Week0/TomCat
15-Sep-2025 14:28:30.045 INFO [main] org.apache.catalina.startup.VersionLoggerListener.log Command line argument: --add-opens=java.base/java.lang=ALL-UNNAMED
15-Sep-2025 14:28:30.045 INFO [main] org.apache.catalina.startup.VersionLoggerListener.log Command line argument: --add-opens=java.base/java.lang.invoke=ALL-UNNAMED
15-Sep-2025 14:28:30.045 INFO [main] org.apache.catalina.startup.VersionLoggerListener.log Command line argument: --add-opens=java.base/java.lang.reflect=ALL-UNNAMED
15-Sep-2025 14:28:30.045 INFO [main] org.apache.catalina.startup.VersionLoggerListener.log Command line argument: --add-opens=java.base/java.io=ALL-UNNAMED
15-Sep-2025 14:28:30.045 INFO [main] org.apache.catalina.startup.VersionLoggerListener.log Command line argument: --add-opens=java.base/java.util=ALL-UNNAMED
15-Sep-2025 14:28:30.045 INFO [main] org.apache.catalina.startup.VersionLoggerListener.log Command line argument: --add-opens=java.base/java.util.concurrent=ALL-UNNAMED
15-Sep-2025 14:28:30.045 INFO [main] org.apache.catalina.startup.VersionLoggerListener.log Command line argument: --add-opens=java.rmi/sun.rmi.transport=ALL-UNNAMED
15-Sep-2025 14:28:30.045 INFO [main] org.apache.catalina.startup.VersionLoggerListener.log Command line argument: -Djava.util.logging.config.file=/Users/nguyendinhtanloc/Documents/Semester_1_2025/Web/Week0/TomCat/conf/logging.properties
15-Sep-2025 14:28:30.045 INFO [main] org.apache.catalina.startup.VersionLoggerListener.log Command line argument: -Djava.util.logging.manager=org.apache.juli.ClassLoaderLogManager
15-Sep-2025 14:28:30.045 INFO [main] org.apache.catalina.startup.VersionLoggerListener.log Command line argument: -Djdk.tls.ephemeralDHKeySize=2048
15-Sep-2025 14:28:30.045 INFO [main] org.apache.catalina.startup.VersionLoggerListener.log Command line argument: -Djava.protocol.handler.pkgs=org.apache.catalina.webresources
15-Sep-2025 14:28:30.045 INFO [main] org.apache.catalina.startup.VersionLoggerListener.log Command line argument: -Dsun.io.useCanonCaches=false
15-Sep-2025 14:28:30.045 INFO [main] org.apache.catalina.startup.VersionLoggerListener.log Command line argument: -Dorg.apache.catalina.security.SecurityListener.UMASK=0027
15-Sep-2025 14:28:30.045 INFO [main] org.apache.catalina.startup.VersionLoggerListener.log Command line argument: -Dignore.endorsed.dirs=
15-Sep-2025 14:28:30.045 INFO [main] org.apache.catalina.startup.VersionLoggerListener.log Command line argument: -Dcatalina.base=/Users/nguyendinhtanloc/Documents/Semester_1_2025/Web/Week0/TomCat
15-Sep-2025 14:28:30.045 INFO [main] org.apache.catalina.startup.VersionLoggerListener.log Command line argument: -Dcatalina.home=/Users/nguyendinhtanloc/Documents/Semester_1_2025/Web/Week0/TomCat
15-Sep-2025 14:28:30.045 INFO [main] org.apache.catalina.startup.VersionLoggerListener.log Command line argument: -Djava.io.tmpdir=/Users/nguyendinhtanloc/Documents/Semester_1_2025/Web/Week0/TomCat/temp
15-Sep-2025 14:28:30.051 INFO [main] org.apache.catalina.core.AprLifecycleListener.lifecycleEvent The Apache Tomcat Native library which allows using OpenSSL was not found on the java.library.path: [/Users/nguyendinhtanloc/Library/Java/Extensions:/Library/Java/Extensions:/Network/Library/Java/Extensions:/System/Library/Java/Extensions:/usr/lib/java:.]
15-Sep-2025 14:28:30.184 INFO [main] org.apache.coyote.AbstractProtocol.init Initializing ProtocolHandler ["http-nio-8080"]
15-Sep-2025 14:28:30.193 SEVERE [main] org.apache.catalina.util.LifecycleBase.handleSubClassException Failed to initialize component [Connector["http-nio-8080"]]
	org.apache.catalina.LifecycleException: Protocol handler initialization failed
		at org.apache.catalina.connector.Connector.initInternal(Connector.java:1072)
		at org.apache.catalina.util.LifecycleBase.init(LifecycleBase.java:122)
		at org.apache.catalina.core.StandardService.initInternal(StandardService.java:522)
		at org.apache.catalina.util.LifecycleBase.init(LifecycleBase.java:122)
		at org.apache.catalina.core.StandardServer.initInternal(StandardServer.java:986)
		at org.apache.catalina.util.LifecycleBase.init(LifecycleBase.java:122)
		at org.apache.catalina.startup.Catalina.load(Catalina.java:690)
		at org.apache.catalina.startup.Catalina.load(Catalina.java:713)
		at java.base/jdk.internal.reflect.NativeMethodAccessorImpl.invoke0(Native Method)
		at java.base/jdk.internal.reflect.NativeMethodAccessorImpl.invoke(NativeMethodAccessorImpl.java:77)
		at java.base/jdk.internal.reflect.DelegatingMethodAccessorImpl.invoke(DelegatingMethodAccessorImpl.java:43)
		at java.base/java.lang.reflect.Method.invoke(Method.java:569)
		at org.apache.catalina.startup.Bootstrap.load(Bootstrap.java:302)
		at org.apache.catalina.startup.Bootstrap.main(Bootstrap.java:475)
	Caused by: java.net.BindException: Address already in use
		at java.base/sun.nio.ch.Net.bind0(Native Method)
		at java.base/sun.nio.ch.Net.bind(Net.java:555)
		at java.base/sun.nio.ch.ServerSocketChannelImpl.netBind(ServerSocketChannelImpl.java:337)
		at java.base/sun.nio.ch.ServerSocketChannelImpl.bind(ServerSocketChannelImpl.java:294)
		at org.apache.tomcat.util.net.NioEndpoint.initServerSocket(NioEndpoint.java:298)
		at org.apache.tomcat.util.net.NioEndpoint.bind(NioEndpoint.java:253)
		at org.apache.tomcat.util.net.AbstractEndpoint.bindWithCleanup(AbstractEndpoint.java:1465)
		at org.apache.tomcat.util.net.AbstractEndpoint.init(AbstractEndpoint.java:1478)
		at org.apache.coyote.AbstractProtocol.init(AbstractProtocol.java:663)
		at org.apache.coyote.http11.AbstractHttp11Protocol.init(AbstractHttp11Protocol.java:80)
		at org.apache.catalina.connector.Connector.initInternal(Connector.java:1070)
		... 13 more
15-Sep-2025 14:28:30.193 INFO [main] org.apache.catalina.startup.Catalina.load Server initialization in [260] milliseconds
15-Sep-2025 14:28:30.211 INFO [main] org.apache.catalina.core.StandardService.startInternal Starting service [Catalina]
15-Sep-2025 14:28:30.211 INFO [main] org.apache.catalina.core.StandardEngine.startInternal Starting Servlet engine: [Apache Tomcat/9.0.108]
15-Sep-2025 14:28:30.216 INFO [main] org.apache.catalina.startup.HostConfig.deployWAR Deploying web application archive [/Users/nguyendinhtanloc/Documents/Semester_1_2025/Web/Week0/TomCat/webapps/Lesson.war]
15-Sep-2025 14:28:30.459 INFO [main] org.apache.jasper.servlet.TldScanner.scanJars At least one JAR was scanned for TLDs yet contained no TLDs. Enable debug logging for this logger for a complete list of JARs that were scanned but no TLDs were found in them. Skipping unneeded JARs during scanning can improve startup time and JSP compilation time.
15-Sep-2025 14:28:30.484 INFO [main] org.apache.catalina.startup.HostConfig.deployWAR Deployment of web application archive [/Users/nguyendinhtanloc/Documents/Semester_1_2025/Web/Week0/TomCat/webapps/Lesson.war] has finished in [268] ms
15-Sep-2025 14:28:30.484 INFO [main] org.apache.catalina.startup.HostConfig.deployDirectory Deploying web application directory [/Users/nguyendinhtanloc/Documents/Semester_1_2025/Web/Week0/TomCat/webapps/docs]
15-Sep-2025 14:28:30.494 INFO [main] org.apache.catalina.startup.HostConfig.deployDirectory Deployment of web application directory [/Users/nguyendinhtanloc/Documents/Semester_1_2025/Web/Week0/TomCat/webapps/docs] has finished in [10] ms
15-Sep-2025 14:28:30.494 INFO [main] org.apache.catalina.startup.HostConfig.deployDirectory Deploying web application directory [/Users/nguyendinhtanloc/Documents/Semester_1_2025/Web/Week0/TomCat/webapps/manager]
15-Sep-2025 14:28:30.507 INFO [main] org.apache.catalina.startup.HostConfig.deployDirectory Deployment of web application directory [/Users/nguyendinhtanloc/Documents/Semester_1_2025/Web/Week0/TomCat/webapps/manager] has finished in [13] ms
15-Sep-2025 14:28:30.507 INFO [main] org.apache.catalina.startup.HostConfig.deployDirectory Deploying web application directory [/Users/nguyendinhtanloc/Documents/Semester_1_2025/Web/Week0/TomCat/webapps/examples]
15-Sep-2025 14:28:30.590 INFO [main] org.apache.catalina.startup.HostConfig.deployDirectory Deployment of web application directory [/Users/nguyendinhtanloc/Documents/Semester_1_2025/Web/Week0/TomCat/webapps/examples] has finished in [83] ms
15-Sep-2025 14:28:30.590 INFO [main] org.apache.catalina.startup.HostConfig.deployDirectory Deploying web application directory [/Users/nguyendinhtanloc/Documents/Semester_1_2025/Web/Week0/TomCat/webapps/ROOT]
15-Sep-2025 14:28:30.596 INFO [main] org.apache.catalina.startup.HostConfig.deployDirectory Deployment of web application directory [/Users/nguyendinhtanloc/Documents/Semester_1_2025/Web/Week0/TomCat/webapps/ROOT] has finished in [6] ms
15-Sep-2025 14:28:30.596 INFO [main] org.apache.catalina.startup.HostConfig.deployDirectory Deploying web application directory [/Users/nguyendinhtanloc/Documents/Semester_1_2025/Web/Week0/TomCat/webapps/host-manager]
15-Sep-2025 14:28:30.603 INFO [main] org.apache.catalina.startup.HostConfig.deployDirectory Deployment of web application directory [/Users/nguyendinhtanloc/Documents/Semester_1_2025/Web/Week0/TomCat/webapps/host-manager] has finished in [7] ms
15-Sep-2025 14:28:30.605 INFO [main] org.apache.catalina.startup.Catalina.start Server startup in [411] milliseconds
15-Sep-2025 14:28:30.609 SEVERE [main] org.apache.catalina.core.StandardServer.await Failed to create server shutdown socket on address [localhost] and port [8005] (base port [8005] and offset [0])
	java.net.BindException: Address already in use
		at java.base/sun.nio.ch.Net.bind0(Native Method)
		at java.base/sun.nio.ch.Net.bind(Net.java:555)
		at java.base/sun.nio.ch.Net.bind(Net.java:544)
		at java.base/sun.nio.ch.NioSocketImpl.bind(NioSocketImpl.java:648)
		at java.base/java.net.ServerSocket.bind(ServerSocket.java:388)
		at java.base/java.net.ServerSocket.<init>(ServerSocket.java:274)
		at org.apache.catalina.core.StandardServer.await(StandardServer.java:537)
		at org.apache.catalina.startup.Catalina.await(Catalina.java:829)
		at org.apache.catalina.startup.Catalina.start(Catalina.java:777)
		at java.base/jdk.internal.reflect.NativeMethodAccessorImpl.invoke0(Native Method)
		at java.base/jdk.internal.reflect.NativeMethodAccessorImpl.invoke(NativeMethodAccessorImpl.java:77)
		at java.base/jdk.internal.reflect.DelegatingMethodAccessorImpl.invoke(DelegatingMethodAccessorImpl.java:43)
		at java.base/java.lang.reflect.Method.invoke(Method.java:569)
		at org.apache.catalina.startup.Bootstrap.start(Bootstrap.java:345)
		at org.apache.catalina.startup.Bootstrap.main(Bootstrap.java:476)
15-Sep-2025 14:28:30.609 INFO [main] org.apache.coyote.AbstractProtocol.pause Pausing ProtocolHandler ["http-nio-8080"]
15-Sep-2025 14:28:30.609 INFO [main] org.apache.catalina.core.StandardService.stopInternal Stopping service [Catalina]
15-Sep-2025 14:28:30.621 INFO [main] org.apache.coyote.AbstractProtocol.stop Stopping ProtocolHandler ["http-nio-8080"]
15-Sep-2025 14:28:30.621 INFO [main] org.apache.coyote.AbstractProtocol.destroy Destroying ProtocolHandler ["http-nio-8080"]
NOTE: Picked up JDK_JAVA_OPTIONS:  --add-opens=java.base/java.lang=ALL-UNNAMED --add-opens=java.base/java.lang.invoke=ALL-UNNAMED --add-opens=java.base/java.lang.reflect=ALL-UNNAMED --add-opens=java.base/java.io=ALL-UNNAMED --add-opens=java.base/java.util=ALL-UNNAMED --add-opens=java.base/java.util.concurrent=ALL-UNNAMED --add-opens=java.rmi/sun.rmi.transport=ALL-UNNAMED
15-Sep-2025 14:29:09.001 INFO [main] org.apache.catalina.startup.VersionLoggerListener.log Server version name:   Apache Tomcat/9.0.108
15-Sep-2025 14:29:09.002 INFO [main] org.apache.catalina.startup.VersionLoggerListener.log Server built:          Jul 31 2025 18:19:48 UTC
15-Sep-2025 14:29:09.003 INFO [main] org.apache.catalina.startup.VersionLoggerListener.log Server version number: 9.0.108.0
15-Sep-2025 14:29:09.003 INFO [main] org.apache.catalina.startup.VersionLoggerListener.log OS Name:               Mac OS X
15-Sep-2025 14:29:09.003 INFO [main] org.apache.catalina.startup.VersionLoggerListener.log OS Version:            15.6.1
15-Sep-2025 14:29:09.003 INFO [main] org.apache.catalina.startup.VersionLoggerListener.log Architecture:          aarch64
15-Sep-2025 14:29:09.003 INFO [main] org.apache.catalina.startup.VersionLoggerListener.log Java Home:             /opt/homebrew/Cellar/openjdk@17/17.0.15/libexec/openjdk.jdk/Contents/Home
15-Sep-2025 14:29:09.003 INFO [main] org.apache.catalina.startup.VersionLoggerListener.log JVM Version:           17.0.15+0
15-Sep-2025 14:29:09.003 INFO [main] org.apache.catalina.startup.VersionLoggerListener.log JVM Vendor:            Homebrew
15-Sep-2025 14:29:09.003 INFO [main] org.apache.catalina.startup.VersionLoggerListener.log CATALINA_BASE:         /Users/nguyendinhtanloc/Documents/Semester_1_2025/Web/Week0/TomCat
15-Sep-2025 14:29:09.003 INFO [main] org.apache.catalina.startup.VersionLoggerListener.log CATALINA_HOME:         /Users/nguyendinhtanloc/Documents/Semester_1_2025/Web/Week0/TomCat
15-Sep-2025 14:29:09.007 INFO [main] org.apache.catalina.startup.VersionLoggerListener.log Command line argument: --add-opens=java.base/java.lang=ALL-UNNAMED
15-Sep-2025 14:29:09.008 INFO [main] org.apache.catalina.startup.VersionLoggerListener.log Command line argument: --add-opens=java.base/java.lang.invoke=ALL-UNNAMED
15-Sep-2025 14:29:09.008 INFO [main] org.apache.catalina.startup.VersionLoggerListener.log Command line argument: --add-opens=java.base/java.lang.reflect=ALL-UNNAMED
15-Sep-2025 14:29:09.008 INFO [main] org.apache.catalina.startup.VersionLoggerListener.log Command line argument: --add-opens=java.base/java.io=ALL-UNNAMED
15-Sep-2025 14:29:09.008 INFO [main] org.apache.catalina.startup.VersionLoggerListener.log Command line argument: --add-opens=java.base/java.util=ALL-UNNAMED
15-Sep-2025 14:29:09.008 INFO [main] org.apache.catalina.startup.VersionLoggerListener.log Command line argument: --add-opens=java.base/java.util.concurrent=ALL-UNNAMED
15-Sep-2025 14:29:09.008 INFO [main] org.apache.catalina.startup.VersionLoggerListener.log Command line argument: --add-opens=java.rmi/sun.rmi.transport=ALL-UNNAMED
15-Sep-2025 14:29:09.008 INFO [main] org.apache.catalina.startup.VersionLoggerListener.log Command line argument: -Djava.util.logging.config.file=/Users/nguyendinhtanloc/Documents/Semester_1_2025/Web/Week0/TomCat/conf/logging.properties
15-Sep-2025 14:29:09.008 INFO [main] org.apache.catalina.startup.VersionLoggerListener.log Command line argument: -Djava.util.logging.manager=org.apache.juli.ClassLoaderLogManager
15-Sep-2025 14:29:09.008 INFO [main] org.apache.catalina.startup.VersionLoggerListener.log Command line argument: -Djdk.tls.ephemeralDHKeySize=2048
15-Sep-2025 14:29:09.008 INFO [main] org.apache.catalina.startup.VersionLoggerListener.log Command line argument: -Djava.protocol.handler.pkgs=org.apache.catalina.webresources
15-Sep-2025 14:29:09.008 INFO [main] org.apache.catalina.startup.VersionLoggerListener.log Command line argument: -Dsun.io.useCanonCaches=false
15-Sep-2025 14:29:09.008 INFO [main] org.apache.catalina.startup.VersionLoggerListener.log Command line argument: -Dorg.apache.catalina.security.SecurityListener.UMASK=0027
15-Sep-2025 14:29:09.008 INFO [main] org.apache.catalina.startup.VersionLoggerListener.log Command line argument: -Dignore.endorsed.dirs=
15-Sep-2025 14:29:09.008 INFO [main] org.apache.catalina.startup.VersionLoggerListener.log Command line argument: -Dcatalina.base=/Users/nguyendinhtanloc/Documents/Semester_1_2025/Web/Week0/TomCat
15-Sep-2025 14:29:09.008 INFO [main] org.apache.catalina.startup.VersionLoggerListener.log Command line argument: -Dcatalina.home=/Users/nguyendinhtanloc/Documents/Semester_1_2025/Web/Week0/TomCat
15-Sep-2025 14:29:09.008 INFO [main] org.apache.catalina.startup.VersionLoggerListener.log Command line argument: -Djava.io.tmpdir=/Users/nguyendinhtanloc/Documents/Semester_1_2025/Web/Week0/TomCat/temp
15-Sep-2025 14:29:09.013 INFO [main] org.apache.catalina.core.AprLifecycleListener.lifecycleEvent The Apache Tomcat Native library which allows using OpenSSL was not found on the java.library.path: [/Users/nguyendinhtanloc/Library/Java/Extensions:/Library/Java/Extensions:/Network/Library/Java/Extensions:/System/Library/Java/Extensions:/usr/lib/java:.]
15-Sep-2025 14:29:09.140 INFO [main] org.apache.coyote.AbstractProtocol.init Initializing ProtocolHandler ["http-nio-8080"]
15-Sep-2025 14:29:09.151 INFO [main] org.apache.catalina.startup.Catalina.load Server initialization in [232] milliseconds
15-Sep-2025 14:29:09.164 INFO [main] org.apache.catalina.core.StandardService.startInternal Starting service [Catalina]
15-Sep-2025 14:29:09.164 INFO [main] org.apache.catalina.core.StandardEngine.startInternal Starting Servlet engine: [Apache Tomcat/9.0.108]
15-Sep-2025 14:29:09.169 INFO [main] org.apache.catalina.startup.HostConfig.deployWAR Deploying web application archive [/Users/nguyendinhtanloc/Documents/Semester_1_2025/Web/Week0/TomCat/webapps/Lesson.war]
15-Sep-2025 14:29:09.321 INFO [main] org.apache.jasper.servlet.TldScanner.scanJars At least one JAR was scanned for TLDs yet contained no TLDs. Enable debug logging for this logger for a complete list of JARs that were scanned but no TLDs were found in them. Skipping unneeded JARs during scanning can improve startup time and JSP compilation time.
15-Sep-2025 14:29:09.340 INFO [main] org.apache.catalina.startup.HostConfig.deployWAR Deployment of web application archive [/Users/nguyendinhtanloc/Documents/Semester_1_2025/Web/Week0/TomCat/webapps/Lesson.war] has finished in [171] ms
15-Sep-2025 14:29:09.340 INFO [main] org.apache.catalina.startup.HostConfig.deployDirectory Deploying web application directory [/Users/nguyendinhtanloc/Documents/Semester_1_2025/Web/Week0/TomCat/webapps/docs]
15-Sep-2025 14:29:09.349 INFO [main] org.apache.catalina.startup.HostConfig.deployDirectory Deployment of web application directory [/Users/nguyendinhtanloc/Documents/Semester_1_2025/Web/Week0/TomCat/webapps/docs] has finished in [9] ms
15-Sep-2025 14:29:09.349 INFO [main] org.apache.catalina.startup.HostConfig.deployDirectory Deploying web application directory [/Users/nguyendinhtanloc/Documents/Semester_1_2025/Web/Week0/TomCat/webapps/manager]
15-Sep-2025 14:29:09.365 INFO [main] org.apache.catalina.startup.HostConfig.deployDirectory Deployment of web application directory [/Users/nguyendinhtanloc/Documents/Semester_1_2025/Web/Week0/TomCat/webapps/manager] has finished in [16] ms
15-Sep-2025 14:29:09.365 INFO [main] org.apache.catalina.startup.HostConfig.deployDirectory Deploying web application directory [/Users/nguyendinhtanloc/Documents/Semester_1_2025/Web/Week0/TomCat/webapps/examples]
15-Sep-2025 14:29:09.450 INFO [main] org.apache.catalina.startup.HostConfig.deployDirectory Deployment of web application directory [/Users/nguyendinhtanloc/Documents/Semester_1_2025/Web/Week0/TomCat/webapps/examples] has finished in [85] ms
15-Sep-2025 14:29:09.450 INFO [main] org.apache.catalina.startup.HostConfig.deployDirectory Deploying web application directory [/Users/nguyendinhtanloc/Documents/Semester_1_2025/Web/Week0/TomCat/webapps/ROOT]
15-Sep-2025 14:29:09.456 INFO [main] org.apache.catalina.startup.HostConfig.deployDirectory Deployment of web application directory [/Users/nguyendinhtanloc/Documents/Semester_1_2025/Web/Week0/TomCat/webapps/ROOT] has finished in [6] ms
15-Sep-2025 14:29:09.457 INFO [main] org.apache.catalina.startup.HostConfig.deployDirectory Deploying web application directory [/Users/nguyendinhtanloc/Documents/Semester_1_2025/Web/Week0/TomCat/webapps/host-manager]
15-Sep-2025 14:29:09.464 INFO [main] org.apache.catalina.startup.HostConfig.deployDirectory Deployment of web application directory [/Users/nguyendinhtanloc/Documents/Semester_1_2025/Web/Week0/TomCat/webapps/host-manager] has finished in [7] ms
15-Sep-2025 14:29:09.466 INFO [main] org.apache.coyote.AbstractProtocol.start Starting ProtocolHandler ["http-nio-8080"]
15-Sep-2025 14:29:09.470 INFO [main] org.apache.catalina.startup.Catalina.start Server startup in [319] milliseconds
15-Sep-2025 14:30:26.514 INFO [main] org.apache.catalina.core.StandardServer.await A valid shutdown command was received via the shutdown port. Stopping the Server instance.
15-Sep-2025 14:30:26.514 INFO [main] org.apache.coyote.AbstractProtocol.pause Pausing ProtocolHandler ["http-nio-8080"]
15-Sep-2025 14:30:26.519 INFO [main] org.apache.catalina.core.StandardService.stopInternal Stopping service [Catalina]
15-Sep-2025 14:30:26.539 INFO [main] org.apache.coyote.AbstractProtocol.stop Stopping ProtocolHandler ["http-nio-8080"]
15-Sep-2025 14:30:26.543 INFO [main] org.apache.coyote.AbstractProtocol.destroy Destroying ProtocolHandler ["http-nio-8080"]
NOTE: Picked up JDK_JAVA_OPTIONS:  --add-opens=java.base/java.lang=ALL-UNNAMED --add-opens=java.base/java.lang.invoke=ALL-UNNAMED --add-opens=java.base/java.lang.reflect=ALL-UNNAMED --add-opens=java.base/java.io=ALL-UNNAMED --add-opens=java.base/java.util=ALL-UNNAMED --add-opens=java.base/java.util.concurrent=ALL-UNNAMED --add-opens=java.rmi/sun.rmi.transport=ALL-UNNAMED
28-Sep-2025 21:24:29.800 INFO [main] org.apache.catalina.startup.VersionLoggerListener.log Server version name:   Apache Tomcat/9.0.108
28-Sep-2025 21:24:29.803 INFO [main] org.apache.catalina.startup.VersionLoggerListener.log Server built:          Jul 31 2025 18:19:48 UTC
28-Sep-2025 21:24:29.803 INFO [main] org.apache.catalina.startup.VersionLoggerListener.log Server version number: 9.0.108.0
28-Sep-2025 21:24:29.803 INFO [main] org.apache.catalina.startup.VersionLoggerListener.log OS Name:               Mac OS X
28-Sep-2025 21:24:29.803 INFO [main] org.apache.catalina.startup.VersionLoggerListener.log OS Version:            15.6.1
28-Sep-2025 21:24:29.803 INFO [main] org.apache.catalina.startup.VersionLoggerListener.log Architecture:          aarch64
28-Sep-2025 21:24:29.803 INFO [main] org.apache.catalina.startup.VersionLoggerListener.log Java Home:             /opt/homebrew/Cellar/openjdk@17/17.0.15/libexec/openjdk.jdk/Contents/Home
28-Sep-2025 21:24:29.803 INFO [main] org.apache.catalina.startup.VersionLoggerListener.log JVM Version:           17.0.15+0
28-Sep-2025 21:24:29.803 INFO [main] org.apache.catalina.startup.VersionLoggerListener.log JVM Vendor:            Homebrew
28-Sep-2025 21:24:29.803 INFO [main] org.apache.catalina.startup.VersionLoggerListener.log CATALINA_BASE:         /Users/nguyendinhtanloc/Documents/Semester_1_2025/Web/Week0/TomCat
28-Sep-2025 21:24:29.804 INFO [main] org.apache.catalina.startup.VersionLoggerListener.log CATALINA_HOME:         /Users/nguyendinhtanloc/Documents/Semester_1_2025/Web/Week0/TomCat
28-Sep-2025 21:24:29.834 INFO [main] org.apache.catalina.startup.VersionLoggerListener.log Command line argument: --add-opens=java.base/java.lang=ALL-UNNAMED
28-Sep-2025 21:24:29.834 INFO [main] org.apache.catalina.startup.VersionLoggerListener.log Command line argument: --add-opens=java.base/java.lang.invoke=ALL-UNNAMED
28-Sep-2025 21:24:29.835 INFO [main] org.apache.catalina.startup.VersionLoggerListener.log Command line argument: --add-opens=java.base/java.lang.reflect=ALL-UNNAMED
28-Sep-2025 21:24:29.835 INFO [main] org.apache.catalina.startup.VersionLoggerListener.log Command line argument: --add-opens=java.base/java.io=ALL-UNNAMED
28-Sep-2025 21:24:29.835 INFO [main] org.apache.catalina.startup.VersionLoggerListener.log Command line argument: --add-opens=java.base/java.util=ALL-UNNAMED
28-Sep-2025 21:24:29.835 INFO [main] org.apache.catalina.startup.VersionLoggerListener.log Command line argument: --add-opens=java.base/java.util.concurrent=ALL-UNNAMED
28-Sep-2025 21:24:29.835 INFO [main] org.apache.catalina.startup.VersionLoggerListener.log Command line argument: --add-opens=java.rmi/sun.rmi.transport=ALL-UNNAMED
28-Sep-2025 21:24:29.835 INFO [main] org.apache.catalina.startup.VersionLoggerListener.log Command line argument: -Djava.util.logging.config.file=/Users/nguyendinhtanloc/Documents/Semester_1_2025/Web/Week0/TomCat/conf/logging.properties
28-Sep-2025 21:24:29.835 INFO [main] org.apache.catalina.startup.VersionLoggerListener.log Command line argument: -Djava.util.logging.manager=org.apache.juli.ClassLoaderLogManager
28-Sep-2025 21:24:29.835 INFO [main] org.apache.catalina.startup.VersionLoggerListener.log Command line argument: -Djdk.tls.ephemeralDHKeySize=2048
28-Sep-2025 21:24:29.835 INFO [main] org.apache.catalina.startup.VersionLoggerListener.log Command line argument: -Djava.protocol.handler.pkgs=org.apache.catalina.webresources
28-Sep-2025 21:24:29.835 INFO [main] org.apache.catalina.startup.VersionLoggerListener.log Command line argument: -Dsun.io.useCanonCaches=false
28-Sep-2025 21:24:29.835 INFO [main] org.apache.catalina.startup.VersionLoggerListener.log Command line argument: -Dorg.apache.catalina.security.SecurityListener.UMASK=0027
28-Sep-2025 21:24:29.835 INFO [main] org.apache.catalina.startup.VersionLoggerListener.log Command line argument: -Dignore.endorsed.dirs=
28-Sep-2025 21:24:29.835 INFO [main] org.apache.catalina.startup.VersionLoggerListener.log Command line argument: -Dcatalina.base=/Users/nguyendinhtanloc/Documents/Semester_1_2025/Web/Week0/TomCat
28-Sep-2025 21:24:29.835 INFO [main] org.apache.catalina.startup.VersionLoggerListener.log Command line argument: -Dcatalina.home=/Users/nguyendinhtanloc/Documents/Semester_1_2025/Web/Week0/TomCat
28-Sep-2025 21:24:29.835 INFO [main] org.apache.catalina.startup.VersionLoggerListener.log Command line argument: -Djava.io.tmpdir=/Users/nguyendinhtanloc/Documents/Semester_1_2025/Web/Week0/TomCat/temp
28-Sep-2025 21:24:29.841 INFO [main] org.apache.catalina.core.AprLifecycleListener.lifecycleEvent The Apache Tomcat Native library which allows using OpenSSL was not found on the java.library.path: [/Users/nguyendinhtanloc/Library/Java/Extensions:/Library/Java/Extensions:/Network/Library/Java/Extensions:/System/Library/Java/Extensions:/usr/lib/java:.]
28-Sep-2025 21:24:30.118 INFO [main] org.apache.coyote.AbstractProtocol.init Initializing ProtocolHandler ["http-nio-8080"]
28-Sep-2025 21:24:30.155 INFO [main] org.apache.catalina.startup.Catalina.load Server initialization in [451] milliseconds
28-Sep-2025 21:24:30.189 INFO [main] org.apache.catalina.core.StandardService.startInternal Starting service [Catalina]
28-Sep-2025 21:24:30.190 INFO [main] org.apache.catalina.core.StandardEngine.startInternal Starting Servlet engine: [Apache Tomcat/9.0.108]
28-Sep-2025 21:24:30.198 INFO [main] org.apache.catalina.startup.HostConfig.deployWAR Deploying web application archive [/Users/nguyendinhtanloc/Documents/Semester_1_2025/Web/Week0/TomCat/webapps/Lesson.war]
28-Sep-2025 21:24:30.500 INFO [main] org.apache.jasper.servlet.TldScanner.scanJars At least one JAR was scanned for TLDs yet contained no TLDs. Enable debug logging for this logger for a complete list of JARs that were scanned but no TLDs were found in them. Skipping unneeded JARs during scanning can improve startup time and JSP compilation time.
28-Sep-2025 21:24:30.529 INFO [main] org.apache.catalina.startup.HostConfig.deployWAR Deployment of web application archive [/Users/nguyendinhtanloc/Documents/Semester_1_2025/Web/Week0/TomCat/webapps/Lesson.war] has finished in [331] ms
28-Sep-2025 21:24:30.530 INFO [main] org.apache.catalina.startup.HostConfig.deployDirectory Deploying web application directory [/Users/nguyendinhtanloc/Documents/Semester_1_2025/Web/Week0/TomCat/webapps/docs]
28-Sep-2025 21:24:30.543 INFO [main] org.apache.catalina.startup.HostConfig.deployDirectory Deployment of web application directory [/Users/nguyendinhtanloc/Documents/Semester_1_2025/Web/Week0/TomCat/webapps/docs] has finished in [13] ms
28-Sep-2025 21:24:30.543 INFO [main] org.apache.catalina.startup.HostConfig.deployDirectory Deploying web application directory [/Users/nguyendinhtanloc/Documents/Semester_1_2025/Web/Week0/TomCat/webapps/manager]
28-Sep-2025 21:24:30.560 INFO [main] org.apache.catalina.startup.HostConfig.deployDirectory Deployment of web application directory [/Users/nguyendinhtanloc/Documents/Semester_1_2025/Web/Week0/TomCat/webapps/manager] has finished in [17] ms
28-Sep-2025 21:24:30.560 INFO [main] org.apache.catalina.startup.HostConfig.deployDirectory Deploying web application directory [/Users/nguyendinhtanloc/Documents/Semester_1_2025/Web/Week0/TomCat/webapps/examples]
28-Sep-2025 21:24:30.666 INFO [main] org.apache.catalina.startup.HostConfig.deployDirectory Deployment of web application directory [/Users/nguyendinhtanloc/Documents/Semester_1_2025/Web/Week0/TomCat/webapps/examples] has finished in [106] ms
28-Sep-2025 21:24:30.666 INFO [main] org.apache.catalina.startup.HostConfig.deployDirectory Deploying web application directory [/Users/nguyendinhtanloc/Documents/Semester_1_2025/Web/Week0/TomCat/webapps/ROOT]
28-Sep-2025 21:24:30.673 INFO [main] org.apache.catalina.startup.HostConfig.deployDirectory Deployment of web application directory [/Users/nguyendinhtanloc/Documents/Semester_1_2025/Web/Week0/TomCat/webapps/ROOT] has finished in [7] ms
28-Sep-2025 21:24:30.673 INFO [main] org.apache.catalina.startup.HostConfig.deployDirectory Deploying web application directory [/Users/nguyendinhtanloc/Documents/Semester_1_2025/Web/Week0/TomCat/webapps/host-manager]
28-Sep-2025 21:24:30.684 INFO [main] org.apache.catalina.startup.HostConfig.deployDirectory Deployment of web application directory [/Users/nguyendinhtanloc/Documents/Semester_1_2025/Web/Week0/TomCat/webapps/host-manager] has finished in [11] ms
28-Sep-2025 21:24:30.686 INFO [main] org.apache.coyote.AbstractProtocol.start Starting ProtocolHandler ["http-nio-8080"]
28-Sep-2025 21:24:30.691 INFO [main] org.apache.catalina.startup.Catalina.start Server startup in [535] milliseconds
NOTE: Picked up JDK_JAVA_OPTIONS:  --add-opens=java.base/java.lang=ALL-UNNAMED --add-opens=java.base/java.lang.invoke=ALL-UNNAMED --add-opens=java.base/java.lang.reflect=ALL-UNNAMED --add-opens=java.base/java.io=ALL-UNNAMED --add-opens=java.base/java.util=ALL-UNNAMED --add-opens=java.base/java.util.concurrent=ALL-UNNAMED --add-opens=java.rmi/sun.rmi.transport=ALL-UNNAMED
28-Sep-2025 21:26:32.981 INFO [main] org.apache.catalina.startup.VersionLoggerListener.log Server version name:   Apache Tomcat/9.0.108
28-Sep-2025 21:26:32.983 INFO [main] org.apache.catalina.startup.VersionLoggerListener.log Server built:          Jul 31 2025 18:19:48 UTC
28-Sep-2025 21:26:32.983 INFO [main] org.apache.catalina.startup.VersionLoggerListener.log Server version number: 9.0.108.0
28-Sep-2025 21:26:32.983 INFO [main] org.apache.catalina.startup.VersionLoggerListener.log OS Name:               Mac OS X
28-Sep-2025 21:26:32.983 INFO [main] org.apache.catalina.startup.VersionLoggerListener.log OS Version:            15.6.1
28-Sep-2025 21:26:32.983 INFO [main] org.apache.catalina.startup.VersionLoggerListener.log Architecture:          aarch64
28-Sep-2025 21:26:32.983 INFO [main] org.apache.catalina.startup.VersionLoggerListener.log Java Home:             /opt/homebrew/Cellar/openjdk@17/17.0.15/libexec/openjdk.jdk/Contents/Home
28-Sep-2025 21:26:32.983 INFO [main] org.apache.catalina.startup.VersionLoggerListener.log JVM Version:           17.0.15+0
28-Sep-2025 21:26:32.983 INFO [main] org.apache.catalina.startup.VersionLoggerListener.log JVM Vendor:            Homebrew
28-Sep-2025 21:26:32.983 INFO [main] org.apache.catalina.startup.VersionLoggerListener.log CATALINA_BASE:         /Users/nguyendinhtanloc/Documents/Semester_1_2025/Web/Week0/TomCat
28-Sep-2025 21:26:32.983 INFO [main] org.apache.catalina.startup.VersionLoggerListener.log CATALINA_HOME:         /Users/nguyendinhtanloc/Documents/Semester_1_2025/Web/Week0/TomCat
28-Sep-2025 21:26:32.990 INFO [main] org.apache.catalina.startup.VersionLoggerListener.log Command line argument: --add-opens=java.base/java.lang=ALL-UNNAMED
28-Sep-2025 21:26:32.990 INFO [main] org.apache.catalina.startup.VersionLoggerListener.log Command line argument: --add-opens=java.base/java.lang.invoke=ALL-UNNAMED
28-Sep-2025 21:26:32.990 INFO [main] org.apache.catalina.startup.VersionLoggerListener.log Command line argument: --add-opens=java.base/java.lang.reflect=ALL-UNNAMED
28-Sep-2025 21:26:32.990 INFO [main] org.apache.catalina.startup.VersionLoggerListener.log Command line argument: --add-opens=java.base/java.io=ALL-UNNAMED
28-Sep-2025 21:26:32.990 INFO [main] org.apache.catalina.startup.VersionLoggerListener.log Command line argument: --add-opens=java.base/java.util=ALL-UNNAMED
28-Sep-2025 21:26:32.990 INFO [main] org.apache.catalina.startup.VersionLoggerListener.log Command line argument: --add-opens=java.base/java.util.concurrent=ALL-UNNAMED
28-Sep-2025 21:26:32.990 INFO [main] org.apache.catalina.startup.VersionLoggerListener.log Command line argument: --add-opens=java.rmi/sun.rmi.transport=ALL-UNNAMED
28-Sep-2025 21:26:32.990 INFO [main] org.apache.catalina.startup.VersionLoggerListener.log Command line argument: -Djava.util.logging.config.file=/Users/nguyendinhtanloc/Documents/Semester_1_2025/Web/Week0/TomCat/conf/logging.properties
28-Sep-2025 21:26:32.990 INFO [main] org.apache.catalina.startup.VersionLoggerListener.log Command line argument: -Djava.util.logging.manager=org.apache.juli.ClassLoaderLogManager
28-Sep-2025 21:26:32.990 INFO [main] org.apache.catalina.startup.VersionLoggerListener.log Command line argument: -Djdk.tls.ephemeralDHKeySize=2048
28-Sep-2025 21:26:32.990 INFO [main] org.apache.catalina.startup.VersionLoggerListener.log Command line argument: -Djava.protocol.handler.pkgs=org.apache.catalina.webresources
28-Sep-2025 21:26:32.990 INFO [main] org.apache.catalina.startup.VersionLoggerListener.log Command line argument: -Dsun.io.useCanonCaches=false
28-Sep-2025 21:26:32.990 INFO [main] org.apache.catalina.startup.VersionLoggerListener.log Command line argument: -Dorg.apache.catalina.security.SecurityListener.UMASK=0027
28-Sep-2025 21:26:32.990 INFO [main] org.apache.catalina.startup.VersionLoggerListener.log Command line argument: -Dignore.endorsed.dirs=
28-Sep-2025 21:26:32.990 INFO [main] org.apache.catalina.startup.VersionLoggerListener.log Command line argument: -Dcatalina.base=/Users/nguyendinhtanloc/Documents/Semester_1_2025/Web/Week0/TomCat
28-Sep-2025 21:26:32.990 INFO [main] org.apache.catalina.startup.VersionLoggerListener.log Command line argument: -Dcatalina.home=/Users/nguyendinhtanloc/Documents/Semester_1_2025/Web/Week0/TomCat
28-Sep-2025 21:26:32.990 INFO [main] org.apache.catalina.startup.VersionLoggerListener.log Command line argument: -Djava.io.tmpdir=/Users/nguyendinhtanloc/Documents/Semester_1_2025/Web/Week0/TomCat/temp
28-Sep-2025 21:26:32.995 INFO [main] org.apache.catalina.core.AprLifecycleListener.lifecycleEvent The Apache Tomcat Native library which allows using OpenSSL was not found on the java.library.path: [/Users/nguyendinhtanloc/Library/Java/Extensions:/Library/Java/Extensions:/Network/Library/Java/Extensions:/System/Library/Java/Extensions:/usr/lib/java:.]
28-Sep-2025 21:26:33.132 INFO [main] org.apache.coyote.AbstractProtocol.init Initializing ProtocolHandler ["http-nio-8080"]
28-Sep-2025 21:26:33.143 SEVERE [main] org.apache.catalina.util.LifecycleBase.handleSubClassException Failed to initialize component [Connector["http-nio-8080"]]
	org.apache.catalina.LifecycleException: Protocol handler initialization failed
		at org.apache.catalina.connector.Connector.initInternal(Connector.java:1072)
		at org.apache.catalina.util.LifecycleBase.init(LifecycleBase.java:122)
		at org.apache.catalina.core.StandardService.initInternal(StandardService.java:522)
		at org.apache.catalina.util.LifecycleBase.init(LifecycleBase.java:122)
		at org.apache.catalina.core.StandardServer.initInternal(StandardServer.java:986)
		at org.apache.catalina.util.LifecycleBase.init(LifecycleBase.java:122)
		at org.apache.catalina.startup.Catalina.load(Catalina.java:690)
		at org.apache.catalina.startup.Catalina.load(Catalina.java:713)
		at java.base/jdk.internal.reflect.NativeMethodAccessorImpl.invoke0(Native Method)
		at java.base/jdk.internal.reflect.NativeMethodAccessorImpl.invoke(NativeMethodAccessorImpl.java:77)
		at java.base/jdk.internal.reflect.DelegatingMethodAccessorImpl.invoke(DelegatingMethodAccessorImpl.java:43)
		at java.base/java.lang.reflect.Method.invoke(Method.java:569)
		at org.apache.catalina.startup.Bootstrap.load(Bootstrap.java:302)
		at org.apache.catalina.startup.Bootstrap.main(Bootstrap.java:475)
	Caused by: java.net.BindException: Address already in use
		at java.base/sun.nio.ch.Net.bind0(Native Method)
		at java.base/sun.nio.ch.Net.bind(Net.java:555)
		at java.base/sun.nio.ch.ServerSocketChannelImpl.netBind(ServerSocketChannelImpl.java:337)
		at java.base/sun.nio.ch.ServerSocketChannelImpl.bind(ServerSocketChannelImpl.java:294)
		at org.apache.tomcat.util.net.NioEndpoint.initServerSocket(NioEndpoint.java:298)
		at org.apache.tomcat.util.net.NioEndpoint.bind(NioEndpoint.java:253)
		at org.apache.tomcat.util.net.AbstractEndpoint.bindWithCleanup(AbstractEndpoint.java:1465)
		at org.apache.tomcat.util.net.AbstractEndpoint.init(AbstractEndpoint.java:1478)
		at org.apache.coyote.AbstractProtocol.init(AbstractProtocol.java:663)
		at org.apache.coyote.http11.AbstractHttp11Protocol.init(AbstractHttp11Protocol.java:80)
		at org.apache.catalina.connector.Connector.initInternal(Connector.java:1070)
		... 13 more
28-Sep-2025 21:26:33.143 INFO [main] org.apache.catalina.startup.Catalina.load Server initialization in [254] milliseconds
28-Sep-2025 21:26:33.159 INFO [main] org.apache.catalina.core.StandardService.startInternal Starting service [Catalina]
28-Sep-2025 21:26:33.159 INFO [main] org.apache.catalina.core.StandardEngine.startInternal Starting Servlet engine: [Apache Tomcat/9.0.108]
28-Sep-2025 21:26:33.165 INFO [main] org.apache.catalina.startup.HostConfig.deployWAR Deploying web application archive [/Users/nguyendinhtanloc/Documents/Semester_1_2025/Web/Week0/TomCat/webapps/Lesson.war]
28-Sep-2025 21:26:33.324 INFO [main] org.apache.jasper.servlet.TldScanner.scanJars At least one JAR was scanned for TLDs yet contained no TLDs. Enable debug logging for this logger for a complete list of JARs that were scanned but no TLDs were found in them. Skipping unneeded JARs during scanning can improve startup time and JSP compilation time.
28-Sep-2025 21:26:33.346 INFO [main] org.apache.catalina.startup.HostConfig.deployWAR Deployment of web application archive [/Users/nguyendinhtanloc/Documents/Semester_1_2025/Web/Week0/TomCat/webapps/Lesson.war] has finished in [181] ms
28-Sep-2025 21:26:33.347 INFO [main] org.apache.catalina.startup.HostConfig.deployDirectory Deploying web application directory [/Users/nguyendinhtanloc/Documents/Semester_1_2025/Web/Week0/TomCat/webapps/docs]
28-Sep-2025 21:26:33.357 INFO [main] org.apache.catalina.startup.HostConfig.deployDirectory Deployment of web application directory [/Users/nguyendinhtanloc/Documents/Semester_1_2025/Web/Week0/TomCat/webapps/docs] has finished in [10] ms
28-Sep-2025 21:26:33.357 INFO [main] org.apache.catalina.startup.HostConfig.deployDirectory Deploying web application directory [/Users/nguyendinhtanloc/Documents/Semester_1_2025/Web/Week0/TomCat/webapps/manager]
28-Sep-2025 21:26:33.371 INFO [main] org.apache.catalina.startup.HostConfig.deployDirectory Deployment of web application directory [/Users/nguyendinhtanloc/Documents/Semester_1_2025/Web/Week0/TomCat/webapps/manager] has finished in [14] ms
28-Sep-2025 21:26:33.371 INFO [main] org.apache.catalina.startup.HostConfig.deployDirectory Deploying web application directory [/Users/nguyendinhtanloc/Documents/Semester_1_2025/Web/Week0/TomCat/webapps/examples]
28-Sep-2025 21:26:33.455 INFO [main] org.apache.catalina.startup.HostConfig.deployDirectory Deployment of web application directory [/Users/nguyendinhtanloc/Documents/Semester_1_2025/Web/Week0/TomCat/webapps/examples] has finished in [84] ms
28-Sep-2025 21:26:33.455 INFO [main] org.apache.catalina.startup.HostConfig.deployDirectory Deploying web application directory [/Users/nguyendinhtanloc/Documents/Semester_1_2025/Web/Week0/TomCat/webapps/ROOT]
28-Sep-2025 21:26:33.461 INFO [main] org.apache.catalina.startup.HostConfig.deployDirectory Deployment of web application directory [/Users/nguyendinhtanloc/Documents/Semester_1_2025/Web/Week0/TomCat/webapps/ROOT] has finished in [6] ms
28-Sep-2025 21:26:33.461 INFO [main] org.apache.catalina.startup.HostConfig.deployDirectory Deploying web application directory [/Users/nguyendinhtanloc/Documents/Semester_1_2025/Web/Week0/TomCat/webapps/host-manager]
28-Sep-2025 21:26:33.469 INFO [main] org.apache.catalina.startup.HostConfig.deployDirectory Deployment of web application directory [/Users/nguyendinhtanloc/Documents/Semester_1_2025/Web/Week0/TomCat/webapps/host-manager] has finished in [8] ms
28-Sep-2025 21:26:33.470 INFO [main] org.apache.catalina.startup.Catalina.start Server startup in [326] milliseconds
28-Sep-2025 21:26:33.474 SEVERE [main] org.apache.catalina.core.StandardServer.await Failed to create server shutdown socket on address [localhost] and port [8005] (base port [8005] and offset [0])
	java.net.BindException: Address already in use
		at java.base/sun.nio.ch.Net.bind0(Native Method)
		at java.base/sun.nio.ch.Net.bind(Net.java:555)
		at java.base/sun.nio.ch.Net.bind(Net.java:544)
		at java.base/sun.nio.ch.NioSocketImpl.bind(NioSocketImpl.java:648)
		at java.base/java.net.ServerSocket.bind(ServerSocket.java:388)
		at java.base/java.net.ServerSocket.<init>(ServerSocket.java:274)
		at org.apache.catalina.core.StandardServer.await(StandardServer.java:537)
		at org.apache.catalina.startup.Catalina.await(Catalina.java:829)
		at org.apache.catalina.startup.Catalina.start(Catalina.java:777)
		at java.base/jdk.internal.reflect.NativeMethodAccessorImpl.invoke0(Native Method)
		at java.base/jdk.internal.reflect.NativeMethodAccessorImpl.invoke(NativeMethodAccessorImpl.java:77)
		at java.base/jdk.internal.reflect.DelegatingMethodAccessorImpl.invoke(DelegatingMethodAccessorImpl.java:43)
		at java.base/java.lang.reflect.Method.invoke(Method.java:569)
		at org.apache.catalina.startup.Bootstrap.start(Bootstrap.java:345)
		at org.apache.catalina.startup.Bootstrap.main(Bootstrap.java:476)
28-Sep-2025 21:26:33.474 INFO [main] org.apache.coyote.AbstractProtocol.pause Pausing ProtocolHandler ["http-nio-8080"]
28-Sep-2025 21:26:33.474 INFO [main] org.apache.catalina.core.StandardService.stopInternal Stopping service [Catalina]
28-Sep-2025 21:26:33.483 INFO [main] org.apache.coyote.AbstractProtocol.stop Stopping ProtocolHandler ["http-nio-8080"]
28-Sep-2025 21:26:33.484 INFO [main] org.apache.coyote.AbstractProtocol.destroy Destroying ProtocolHandler ["http-nio-8080"]
28-Sep-2025 21:26:36.438 INFO [main] org.apache.catalina.core.StandardServer.await A valid shutdown command was received via the shutdown port. Stopping the Server instance.
28-Sep-2025 21:26:36.441 INFO [main] org.apache.coyote.AbstractProtocol.pause Pausing ProtocolHandler ["http-nio-8080"]
28-Sep-2025 21:26:37.448 INFO [main] org.apache.catalina.core.StandardService.stopInternal Stopping service [Catalina]
28-Sep-2025 21:26:37.475 INFO [main] org.apache.coyote.AbstractProtocol.stop Stopping ProtocolHandler ["http-nio-8080"]
28-Sep-2025 21:26:38.081 WARNING [main] org.apache.tomcat.util.net.Acceptor.stopMillis The acceptor thread [http-nio-8080-Acceptor] did not stop cleanly
28-Sep-2025 21:26:38.086 INFO [main] org.apache.coyote.AbstractProtocol.destroy Destroying ProtocolHandler ["http-nio-8080"]
NOTE: Picked up JDK_JAVA_OPTIONS:  --add-opens=java.base/java.lang=ALL-UNNAMED --add-opens=java.base/java.lang.invoke=ALL-UNNAMED --add-opens=java.base/java.lang.reflect=ALL-UNNAMED --add-opens=java.base/java.io=ALL-UNNAMED --add-opens=java.base/java.util=ALL-UNNAMED --add-opens=java.base/java.util.concurrent=ALL-UNNAMED --add-opens=java.rmi/sun.rmi.transport=ALL-UNNAMED
28-Sep-2025 21:26:59.204 INFO [main] org.apache.catalina.startup.VersionLoggerListener.log Server version name:   Apache Tomcat/9.0.108
28-Sep-2025 21:26:59.206 INFO [main] org.apache.catalina.startup.VersionLoggerListener.log Server built:          Jul 31 2025 18:19:48 UTC
28-Sep-2025 21:26:59.207 INFO [main] org.apache.catalina.startup.VersionLoggerListener.log Server version number: 9.0.108.0
28-Sep-2025 21:26:59.207 INFO [main] org.apache.catalina.startup.VersionLoggerListener.log OS Name:               Mac OS X
28-Sep-2025 21:26:59.207 INFO [main] org.apache.catalina.startup.VersionLoggerListener.log OS Version:            15.6.1
28-Sep-2025 21:26:59.207 INFO [main] org.apache.catalina.startup.VersionLoggerListener.log Architecture:          aarch64
28-Sep-2025 21:26:59.207 INFO [main] org.apache.catalina.startup.VersionLoggerListener.log Java Home:             /opt/homebrew/Cellar/openjdk@17/17.0.15/libexec/openjdk.jdk/Contents/Home
28-Sep-2025 21:26:59.207 INFO [main] org.apache.catalina.startup.VersionLoggerListener.log JVM Version:           17.0.15+0
28-Sep-2025 21:26:59.207 INFO [main] org.apache.catalina.startup.VersionLoggerListener.log JVM Vendor:            Homebrew
28-Sep-2025 21:26:59.207 INFO [main] org.apache.catalina.startup.VersionLoggerListener.log CATALINA_BASE:         /Users/nguyendinhtanloc/Documents/Semester_1_2025/Web/Week0/TomCat
28-Sep-2025 21:26:59.207 INFO [main] org.apache.catalina.startup.VersionLoggerListener.log CATALINA_HOME:         /Users/nguyendinhtanloc/Documents/Semester_1_2025/Web/Week0/TomCat
28-Sep-2025 21:26:59.213 INFO [main] org.apache.catalina.startup.VersionLoggerListener.log Command line argument: --add-opens=java.base/java.lang=ALL-UNNAMED
28-Sep-2025 21:26:59.213 INFO [main] org.apache.catalina.startup.VersionLoggerListener.log Command line argument: --add-opens=java.base/java.lang.invoke=ALL-UNNAMED
28-Sep-2025 21:26:59.213 INFO [main] org.apache.catalina.startup.VersionLoggerListener.log Command line argument: --add-opens=java.base/java.lang.reflect=ALL-UNNAMED
28-Sep-2025 21:26:59.213 INFO [main] org.apache.catalina.startup.VersionLoggerListener.log Command line argument: --add-opens=java.base/java.io=ALL-UNNAMED
28-Sep-2025 21:26:59.213 INFO [main] org.apache.catalina.startup.VersionLoggerListener.log Command line argument: --add-opens=java.base/java.util=ALL-UNNAMED
28-Sep-2025 21:26:59.213 INFO [main] org.apache.catalina.startup.VersionLoggerListener.log Command line argument: --add-opens=java.base/java.util.concurrent=ALL-UNNAMED
28-Sep-2025 21:26:59.213 INFO [main] org.apache.catalina.startup.VersionLoggerListener.log Command line argument: --add-opens=java.rmi/sun.rmi.transport=ALL-UNNAMED
28-Sep-2025 21:26:59.213 INFO [main] org.apache.catalina.startup.VersionLoggerListener.log Command line argument: -Djava.util.logging.config.file=/Users/nguyendinhtanloc/Documents/Semester_1_2025/Web/Week0/TomCat/conf/logging.properties
28-Sep-2025 21:26:59.214 INFO [main] org.apache.catalina.startup.VersionLoggerListener.log Command line argument: -Djava.util.logging.manager=org.apache.juli.ClassLoaderLogManager
28-Sep-2025 21:26:59.214 INFO [main] org.apache.catalina.startup.VersionLoggerListener.log Command line argument: -Djdk.tls.ephemeralDHKeySize=2048
28-Sep-2025 21:26:59.214 INFO [main] org.apache.catalina.startup.VersionLoggerListener.log Command line argument: -Djava.protocol.handler.pkgs=org.apache.catalina.webresources
28-Sep-2025 21:26:59.214 INFO [main] org.apache.catalina.startup.VersionLoggerListener.log Command line argument: -Dsun.io.useCanonCaches=false
28-Sep-2025 21:26:59.214 INFO [main] org.apache.catalina.startup.VersionLoggerListener.log Command line argument: -Dorg.apache.catalina.security.SecurityListener.UMASK=0027
28-Sep-2025 21:26:59.214 INFO [main] org.apache.catalina.startup.VersionLoggerListener.log Command line argument: -Dignore.endorsed.dirs=
28-Sep-2025 21:26:59.214 INFO [main] org.apache.catalina.startup.VersionLoggerListener.log Command line argument: -Dcatalina.base=/Users/nguyendinhtanloc/Documents/Semester_1_2025/Web/Week0/TomCat
28-Sep-2025 21:26:59.214 INFO [main] org.apache.catalina.startup.VersionLoggerListener.log Command line argument: -Dcatalina.home=/Users/nguyendinhtanloc/Documents/Semester_1_2025/Web/Week0/TomCat
28-Sep-2025 21:26:59.214 INFO [main] org.apache.catalina.startup.VersionLoggerListener.log Command line argument: -Djava.io.tmpdir=/Users/nguyendinhtanloc/Documents/Semester_1_2025/Web/Week0/TomCat/temp
28-Sep-2025 21:26:59.218 INFO [main] org.apache.catalina.core.AprLifecycleListener.lifecycleEvent The Apache Tomcat Native library which allows using OpenSSL was not found on the java.library.path: [/Users/nguyendinhtanloc/Library/Java/Extensions:/Library/Java/Extensions:/Network/Library/Java/Extensions:/System/Library/Java/Extensions:/usr/lib/java:.]
28-Sep-2025 21:26:59.390 INFO [main] org.apache.coyote.AbstractProtocol.init Initializing ProtocolHandler ["http-nio-8080"]
28-Sep-2025 21:26:59.410 INFO [main] org.apache.catalina.startup.Catalina.load Server initialization in [288] milliseconds
28-Sep-2025 21:26:59.425 INFO [main] org.apache.catalina.core.StandardService.startInternal Starting service [Catalina]
28-Sep-2025 21:26:59.425 INFO [main] org.apache.catalina.core.StandardEngine.startInternal Starting Servlet engine: [Apache Tomcat/9.0.108]
28-Sep-2025 21:26:59.430 INFO [main] org.apache.catalina.startup.HostConfig.deployWAR Deploying web application archive [/Users/nguyendinhtanloc/Documents/Semester_1_2025/Web/Week0/TomCat/webapps/Lesson.war]
28-Sep-2025 21:26:59.734 INFO [main] org.apache.jasper.servlet.TldScanner.scanJars At least one JAR was scanned for TLDs yet contained no TLDs. Enable debug logging for this logger for a complete list of JARs that were scanned but no TLDs were found in them. Skipping unneeded JARs during scanning can improve startup time and JSP compilation time.
28-Sep-2025 21:26:59.758 INFO [main] org.apache.catalina.startup.HostConfig.deployWAR Deployment of web application archive [/Users/nguyendinhtanloc/Documents/Semester_1_2025/Web/Week0/TomCat/webapps/Lesson.war] has finished in [328] ms
28-Sep-2025 21:26:59.758 INFO [main] org.apache.catalina.startup.HostConfig.deployDirectory Deploying web application directory [/Users/nguyendinhtanloc/Documents/Semester_1_2025/Web/Week0/TomCat/webapps/docs]
28-Sep-2025 21:26:59.768 INFO [main] org.apache.catalina.startup.HostConfig.deployDirectory Deployment of web application directory [/Users/nguyendinhtanloc/Documents/Semester_1_2025/Web/Week0/TomCat/webapps/docs] has finished in [10] ms
28-Sep-2025 21:26:59.768 INFO [main] org.apache.catalina.startup.HostConfig.deployDirectory Deploying web application directory [/Users/nguyendinhtanloc/Documents/Semester_1_2025/Web/Week0/TomCat/webapps/manager]
28-Sep-2025 21:26:59.782 INFO [main] org.apache.catalina.startup.HostConfig.deployDirectory Deployment of web application directory [/Users/nguyendinhtanloc/Documents/Semester_1_2025/Web/Week0/TomCat/webapps/manager] has finished in [14] ms
28-Sep-2025 21:26:59.782 INFO [main] org.apache.catalina.startup.HostConfig.deployDirectory Deploying web application directory [/Users/nguyendinhtanloc/Documents/Semester_1_2025/Web/Week0/TomCat/webapps/examples]
28-Sep-2025 21:26:59.879 INFO [main] org.apache.catalina.startup.HostConfig.deployDirectory Deployment of web application directory [/Users/nguyendinhtanloc/Documents/Semester_1_2025/Web/Week0/TomCat/webapps/examples] has finished in [96] ms
28-Sep-2025 21:26:59.879 INFO [main] org.apache.catalina.startup.HostConfig.deployDirectory Deploying web application directory [/Users/nguyendinhtanloc/Documents/Semester_1_2025/Web/Week0/TomCat/webapps/ROOT]
28-Sep-2025 21:26:59.885 INFO [main] org.apache.catalina.startup.HostConfig.deployDirectory Deployment of web application directory [/Users/nguyendinhtanloc/Documents/Semester_1_2025/Web/Week0/TomCat/webapps/ROOT] has finished in [6] ms
28-Sep-2025 21:26:59.885 INFO [main] org.apache.catalina.startup.HostConfig.deployDirectory Deploying web application directory [/Users/nguyendinhtanloc/Documents/Semester_1_2025/Web/Week0/TomCat/webapps/host-manager]
28-Sep-2025 21:26:59.892 INFO [main] org.apache.catalina.startup.HostConfig.deployDirectory Deployment of web application directory [/Users/nguyendinhtanloc/Documents/Semester_1_2025/Web/Week0/TomCat/webapps/host-manager] has finished in [7] ms
28-Sep-2025 21:26:59.895 INFO [main] org.apache.coyote.AbstractProtocol.start Starting ProtocolHandler ["http-nio-8080"]
28-Sep-2025 21:26:59.906 INFO [main] org.apache.catalina.startup.Catalina.start Server startup in [495] milliseconds
28-Sep-2025 21:36:03.068 INFO [main] org.apache.catalina.core.StandardServer.await A valid shutdown command was received via the shutdown port. Stopping the Server instance.
28-Sep-2025 21:36:03.072 INFO [main] org.apache.coyote.AbstractProtocol.pause Pausing ProtocolHandler ["http-nio-8080"]
28-Sep-2025 21:36:03.076 INFO [main] org.apache.catalina.core.StandardService.stopInternal Stopping service [Catalina]
28-Sep-2025 21:36:03.093 INFO [main] org.apache.coyote.AbstractProtocol.stop Stopping ProtocolHandler ["http-nio-8080"]
28-Sep-2025 21:36:03.103 INFO [main] org.apache.coyote.AbstractProtocol.destroy Destroying ProtocolHandler ["http-nio-8080"]
NOTE: Picked up JDK_JAVA_OPTIONS:  --add-opens=java.base/java.lang=ALL-UNNAMED --add-opens=java.base/java.lang.invoke=ALL-UNNAMED --add-opens=java.base/java.lang.reflect=ALL-UNNAMED --add-opens=java.base/java.io=ALL-UNNAMED --add-opens=java.base/java.util=ALL-UNNAMED --add-opens=java.base/java.util.concurrent=ALL-UNNAMED --add-opens=java.rmi/sun.rmi.transport=ALL-UNNAMED
28-Sep-2025 21:37:04.034 INFO [main] org.apache.catalina.startup.VersionLoggerListener.log Server version name:   Apache Tomcat/9.0.108
28-Sep-2025 21:37:04.036 INFO [main] org.apache.catalina.startup.VersionLoggerListener.log Server built:          Jul 31 2025 18:19:48 UTC
28-Sep-2025 21:37:04.036 INFO [main] org.apache.catalina.startup.VersionLoggerListener.log Server version number: 9.0.108.0
28-Sep-2025 21:37:04.036 INFO [main] org.apache.catalina.startup.VersionLoggerListener.log OS Name:               Mac OS X
28-Sep-2025 21:37:04.036 INFO [main] org.apache.catalina.startup.VersionLoggerListener.log OS Version:            15.6.1
28-Sep-2025 21:37:04.036 INFO [main] org.apache.catalina.startup.VersionLoggerListener.log Architecture:          aarch64
28-Sep-2025 21:37:04.036 INFO [main] org.apache.catalina.startup.VersionLoggerListener.log Java Home:             /opt/homebrew/Cellar/openjdk@17/17.0.15/libexec/openjdk.jdk/Contents/Home
28-Sep-2025 21:37:04.036 INFO [main] org.apache.catalina.startup.VersionLoggerListener.log JVM Version:           17.0.15+0
28-Sep-2025 21:37:04.036 INFO [main] org.apache.catalina.startup.VersionLoggerListener.log JVM Vendor:            Homebrew
28-Sep-2025 21:37:04.036 INFO [main] org.apache.catalina.startup.VersionLoggerListener.log CATALINA_BASE:         /Users/nguyendinhtanloc/Documents/Semester_1_2025/Web/Week0/TomCat
28-Sep-2025 21:37:04.036 INFO [main] org.apache.catalina.startup.VersionLoggerListener.log CATALINA_HOME:         /Users/nguyendinhtanloc/Documents/Semester_1_2025/Web/Week0/TomCat
28-Sep-2025 21:37:04.044 INFO [main] org.apache.catalina.startup.VersionLoggerListener.log Command line argument: --add-opens=java.base/java.lang=ALL-UNNAMED
28-Sep-2025 21:37:04.044 INFO [main] org.apache.catalina.startup.VersionLoggerListener.log Command line argument: --add-opens=java.base/java.lang.invoke=ALL-UNNAMED
28-Sep-2025 21:37:04.044 INFO [main] org.apache.catalina.startup.VersionLoggerListener.log Command line argument: --add-opens=java.base/java.lang.reflect=ALL-UNNAMED
28-Sep-2025 21:37:04.044 INFO [main] org.apache.catalina.startup.VersionLoggerListener.log Command line argument: --add-opens=java.base/java.io=ALL-UNNAMED
28-Sep-2025 21:37:04.044 INFO [main] org.apache.catalina.startup.VersionLoggerListener.log Command line argument: --add-opens=java.base/java.util=ALL-UNNAMED
28-Sep-2025 21:37:04.044 INFO [main] org.apache.catalina.startup.VersionLoggerListener.log Command line argument: --add-opens=java.base/java.util.concurrent=ALL-UNNAMED
28-Sep-2025 21:37:04.044 INFO [main] org.apache.catalina.startup.VersionLoggerListener.log Command line argument: --add-opens=java.rmi/sun.rmi.transport=ALL-UNNAMED
28-Sep-2025 21:37:04.044 INFO [main] org.apache.catalina.startup.VersionLoggerListener.log Command line argument: -Djava.util.logging.config.file=/Users/nguyendinhtanloc/Documents/Semester_1_2025/Web/Week0/TomCat/conf/logging.properties
28-Sep-2025 21:37:04.044 INFO [main] org.apache.catalina.startup.VersionLoggerListener.log Command line argument: -Djava.util.logging.manager=org.apache.juli.ClassLoaderLogManager
28-Sep-2025 21:37:04.044 INFO [main] org.apache.catalina.startup.VersionLoggerListener.log Command line argument: -Djdk.tls.ephemeralDHKeySize=2048
28-Sep-2025 21:37:04.044 INFO [main] org.apache.catalina.startup.VersionLoggerListener.log Command line argument: -Djava.protocol.handler.pkgs=org.apache.catalina.webresources
28-Sep-2025 21:37:04.044 INFO [main] org.apache.catalina.startup.VersionLoggerListener.log Command line argument: -Dsun.io.useCanonCaches=false
28-Sep-2025 21:37:04.044 INFO [main] org.apache.catalina.startup.VersionLoggerListener.log Command line argument: -Dorg.apache.catalina.security.SecurityListener.UMASK=0027
28-Sep-2025 21:37:04.044 INFO [main] org.apache.catalina.startup.VersionLoggerListener.log Command line argument: -Dignore.endorsed.dirs=
28-Sep-2025 21:37:04.044 INFO [main] org.apache.catalina.startup.VersionLoggerListener.log Command line argument: -Dcatalina.base=/Users/nguyendinhtanloc/Documents/Semester_1_2025/Web/Week0/TomCat
28-Sep-2025 21:37:04.044 INFO [main] org.apache.catalina.startup.VersionLoggerListener.log Command line argument: -Dcatalina.home=/Users/nguyendinhtanloc/Documents/Semester_1_2025/Web/Week0/TomCat
28-Sep-2025 21:37:04.044 INFO [main] org.apache.catalina.startup.VersionLoggerListener.log Command line argument: -Djava.io.tmpdir=/Users/nguyendinhtanloc/Documents/Semester_1_2025/Web/Week0/TomCat/temp
28-Sep-2025 21:37:04.049 INFO [main] org.apache.catalina.core.AprLifecycleListener.lifecycleEvent The Apache Tomcat Native library which allows using OpenSSL was not found on the java.library.path: [/Users/nguyendinhtanloc/Library/Java/Extensions:/Library/Java/Extensions:/Network/Library/Java/Extensions:/System/Library/Java/Extensions:/usr/lib/java:.]
28-Sep-2025 21:37:04.182 INFO [main] org.apache.coyote.AbstractProtocol.init Initializing ProtocolHandler ["http-nio-8080"]
28-Sep-2025 21:37:04.195 INFO [main] org.apache.catalina.startup.Catalina.load Server initialization in [245] milliseconds
28-Sep-2025 21:37:04.212 INFO [main] org.apache.catalina.core.StandardService.startInternal Starting service [Catalina]
28-Sep-2025 21:37:04.212 INFO [main] org.apache.catalina.core.StandardEngine.startInternal Starting Servlet engine: [Apache Tomcat/9.0.108]
28-Sep-2025 21:37:04.218 INFO [main] org.apache.catalina.startup.HostConfig.deployWAR Deploying web application archive [/Users/nguyendinhtanloc/Documents/Semester_1_2025/Web/Week0/TomCat/webapps/Lesson.war]
28-Sep-2025 21:37:04.468 INFO [main] org.apache.jasper.servlet.TldScanner.scanJars At least one JAR was scanned for TLDs yet contained no TLDs. Enable debug logging for this logger for a complete list of JARs that were scanned but no TLDs were found in them. Skipping unneeded JARs during scanning can improve startup time and JSP compilation time.
28-Sep-2025 21:37:04.491 INFO [main] org.apache.catalina.startup.HostConfig.deployWAR Deployment of web application archive [/Users/nguyendinhtanloc/Documents/Semester_1_2025/Web/Week0/TomCat/webapps/Lesson.war] has finished in [274] ms
28-Sep-2025 21:37:04.491 INFO [main] org.apache.catalina.startup.HostConfig.deployDirectory Deploying web application directory [/Users/nguyendinhtanloc/Documents/Semester_1_2025/Web/Week0/TomCat/webapps/docs]
28-Sep-2025 21:37:04.501 INFO [main] org.apache.catalina.startup.HostConfig.deployDirectory Deployment of web application directory [/Users/nguyendinhtanloc/Documents/Semester_1_2025/Web/Week0/TomCat/webapps/docs] has finished in [10] ms
28-Sep-2025 21:37:04.501 INFO [main] org.apache.catalina.startup.HostConfig.deployDirectory Deploying web application directory [/Users/nguyendinhtanloc/Documents/Semester_1_2025/Web/Week0/TomCat/webapps/manager]
28-Sep-2025 21:37:04.515 INFO [main] org.apache.catalina.startup.HostConfig.deployDirectory Deployment of web application directory [/Users/nguyendinhtanloc/Documents/Semester_1_2025/Web/Week0/TomCat/webapps/manager] has finished in [14] ms
28-Sep-2025 21:37:04.516 INFO [main] org.apache.catalina.startup.HostConfig.deployDirectory Deploying web application directory [/Users/nguyendinhtanloc/Documents/Semester_1_2025/Web/Week0/TomCat/webapps/examples]
28-Sep-2025 21:37:04.599 INFO [main] org.apache.catalina.startup.HostConfig.deployDirectory Deployment of web application directory [/Users/nguyendinhtanloc/Documents/Semester_1_2025/Web/Week0/TomCat/webapps/examples] has finished in [83] ms
28-Sep-2025 21:37:04.599 INFO [main] org.apache.catalina.startup.HostConfig.deployDirectory Deploying web application directory [/Users/nguyendinhtanloc/Documents/Semester_1_2025/Web/Week0/TomCat/webapps/ROOT]
28-Sep-2025 21:37:04.605 INFO [main] org.apache.catalina.startup.HostConfig.deployDirectory Deployment of web application directory [/Users/nguyendinhtanloc/Documents/Semester_1_2025/Web/Week0/TomCat/webapps/ROOT] has finished in [6] ms
28-Sep-2025 21:37:04.605 INFO [main] org.apache.catalina.startup.HostConfig.deployDirectory Deploying web application directory [/Users/nguyendinhtanloc/Documents/Semester_1_2025/Web/Week0/TomCat/webapps/host-manager]
28-Sep-2025 21:37:04.613 INFO [main] org.apache.catalina.startup.HostConfig.deployDirectory Deployment of web application directory [/Users/nguyendinhtanloc/Documents/Semester_1_2025/Web/Week0/TomCat/webapps/host-manager] has finished in [8] ms
28-Sep-2025 21:37:04.615 INFO [main] org.apache.coyote.AbstractProtocol.start Starting ProtocolHandler ["http-nio-8080"]
28-Sep-2025 21:37:04.619 INFO [main] org.apache.catalina.startup.Catalina.start Server startup in [424] milliseconds
28-Sep-2025 21:38:41.309 INFO [main] org.apache.catalina.core.StandardServer.await A valid shutdown command was received via the shutdown port. Stopping the Server instance.
28-Sep-2025 21:38:41.313 INFO [main] org.apache.coyote.AbstractProtocol.pause Pausing ProtocolHandler ["http-nio-8080"]
28-Sep-2025 21:38:41.319 INFO [main] org.apache.catalina.core.StandardService.stopInternal Stopping service [Catalina]
28-Sep-2025 21:38:41.338 INFO [main] org.apache.coyote.AbstractProtocol.stop Stopping ProtocolHandler ["http-nio-8080"]
28-Sep-2025 21:38:41.344 INFO [main] org.apache.coyote.AbstractProtocol.destroy Destroying ProtocolHandler ["http-nio-8080"]
