05-Oct-2025 20:13:37.558 INFO [main] org.apache.catalina.core.ApplicationContext.log ContextListener: contextInitialized()
05-Oct-2025 20:13:37.559 INFO [main] org.apache.catalina.core.ApplicationContext.log SessionListener: contextInitialized()
05-Oct-2025 20:13:37.559 INFO [main] org.apache.catalina.core.ApplicationContext.log ContextListener: attributeAdded('StockTicker', 'async.Stockticker@d59970a')
05-Oct-2025 20:17:11.227 INFO [main] org.apache.catalina.core.ApplicationContext.log SessionListener: contextDestroyed()
05-Oct-2025 20:17:11.227 INFO [main] org.apache.catalina.core.ApplicationContext.log ContextListener: contextDestroyed()
05-Oct-2025 20:47:23.124 INFO [main] org.apache.catalina.core.ApplicationContext.log ContextListener: contextInitialized()
05-Oct-2025 20:47:23.124 INFO [main] org.apache.catalina.core.ApplicationContext.log SessionListener: contextInitialized()
05-Oct-2025 20:47:23.125 INFO [main] org.apache.catalina.core.ApplicationContext.log ContextListener: attributeAdded('StockTicker', 'async.Stockticker@110844f6')
05-Oct-2025 20:47:24.452 INFO [main] org.apache.catalina.core.ApplicationContext.log SessionListener: contextDestroyed()
05-Oct-2025 20:47:24.452 INFO [main] org.apache.catalina.core.ApplicationContext.log ContextListener: contextDestroyed()
05-Oct-2025 20:47:44.729 INFO [main] org.apache.catalina.core.ApplicationContext.log ContextListener: contextInitialized()
05-Oct-2025 20:47:44.729 INFO [main] org.apache.catalina.core.ApplicationContext.log SessionListener: contextInitialized()
05-Oct-2025 20:47:44.730 INFO [main] org.apache.catalina.core.ApplicationContext.log ContextListener: attributeAdded('StockTicker', 'async.Stockticker@29006752')
05-Oct-2025 20:56:41.359 INFO [main] org.apache.catalina.core.ApplicationContext.log SessionListener: contextDestroyed()
05-Oct-2025 20:56:41.359 INFO [main] org.apache.catalina.core.ApplicationContext.log ContextListener: contextDestroyed()
05-Oct-2025 20:56:55.233 INFO [main] org.apache.catalina.core.ApplicationContext.log ContextListener: contextInitialized()
05-Oct-2025 20:56:55.233 INFO [main] org.apache.catalina.core.ApplicationContext.log SessionListener: contextInitialized()
05-Oct-2025 20:56:55.233 INFO [main] org.apache.catalina.core.ApplicationContext.log ContextListener: attributeAdded('StockTicker', 'async.Stockticker@66d57c1b')
05-Oct-2025 20:56:58.067 SEVERE [http-nio-8080-exec-1] org.apache.catalina.core.ApplicationDispatcher.invoke Servlet.service() for servlet [jsp] threw exception
	java.lang.IllegalArgumentException: The expression [${profile.aboutMe.replace("\n", "<br/>")}] is not valid. Within a quoted String only [], ['] and ["] may be escaped with [].
		at org.apache.jasper.compiler.ELParser.parseQuotedChars(ELParser.java:363)
		at org.apache.jasper.compiler.ELParser.nextToken(ELParser.java:340)
		at org.apache.jasper.compiler.ELParser.parseEL(ELParser.java:97)
		at org.apache.jasper.compiler.ELParser.parse(ELParser.java:75)
		at org.apache.jasper.compiler.Validator$ValidateVisitor.visit(Validator.java:667)
		at org.apache.jasper.compiler.Node$ELExpression.accept(Node.java:885)
		at org.apache.jasper.compiler.Node$Nodes.visit(Node.java:2241)
		at org.apache.jasper.compiler.Node$Visitor.visitBody(Node.java:2297)
		at org.apache.jasper.compiler.Node$Visitor.visit(Node.java:2303)
		at org.apache.jasper.compiler.Node$Root.accept(Node.java:436)
		at org.apache.jasper.compiler.Node$Nodes.visit(Node.java:2241)
		at org.apache.jasper.compiler.Validator.validateExDirectives(Validator.java:1644)
		at org.apache.jasper.compiler.Compiler.generateJava(Compiler.java:210)
		at org.apache.jasper.compiler.Compiler.compile(Compiler.java:366)
		at org.apache.jasper.compiler.Compiler.compile(Compiler.java:344)
		at org.apache.jasper.compiler.Compiler.compile(Compiler.java:330)
		at org.apache.jasper.JspCompilationContext.compile(JspCompilationContext.java:591)
		at org.apache.jasper.servlet.JspServletWrapper.service(JspServletWrapper.java:379)
		at org.apache.jasper.servlet.JspServlet.serviceJspFile(JspServlet.java:356)
		at org.apache.jasper.servlet.JspServlet.service(JspServlet.java:307)
		at javax.servlet.http.HttpServlet.service(HttpServlet.java:623)
		at org.apache.catalina.core.ApplicationFilterChain.internalDoFilter(ApplicationFilterChain.java:199)
		at org.apache.catalina.core.ApplicationFilterChain.doFilter(ApplicationFilterChain.java:144)
		at org.apache.tomcat.websocket.server.WsFilter.doFilter(WsFilter.java:51)
		at org.apache.catalina.core.ApplicationFilterChain.internalDoFilter(ApplicationFilterChain.java:168)
		at org.apache.catalina.core.ApplicationFilterChain.doFilter(ApplicationFilterChain.java:144)
		at org.apache.catalina.core.ApplicationDispatcher.invoke(ApplicationDispatcher.java:621)
		at org.apache.catalina.core.ApplicationDispatcher.processRequest(ApplicationDispatcher.java:401)
		at org.apache.catalina.core.ApplicationDispatcher.doForward(ApplicationDispatcher.java:340)
		at org.apache.catalina.core.ApplicationDispatcher.forward(ApplicationDispatcher.java:285)
		at vn.loc.controller.ProfileServlet.doGet(ProfileServlet.java:40)
		at javax.servlet.http.HttpServlet.service(HttpServlet.java:529)
		at javax.servlet.http.HttpServlet.service(HttpServlet.java:623)
		at org.apache.catalina.core.ApplicationFilterChain.internalDoFilter(ApplicationFilterChain.java:199)
		at org.apache.catalina.core.ApplicationFilterChain.doFilter(ApplicationFilterChain.java:144)
		at org.apache.tomcat.websocket.server.WsFilter.doFilter(WsFilter.java:51)
		at org.apache.catalina.core.ApplicationFilterChain.internalDoFilter(ApplicationFilterChain.java:168)
		at org.apache.catalina.core.ApplicationFilterChain.doFilter(ApplicationFilterChain.java:144)
		at org.apache.catalina.core.StandardWrapperValve.invoke(StandardWrapperValve.java:168)
		at org.apache.catalina.core.StandardContextValve.invoke(StandardContextValve.java:90)
		at org.apache.catalina.authenticator.AuthenticatorBase.invoke(AuthenticatorBase.java:482)
		at org.apache.catalina.core.StandardHostValve.invoke(StandardHostValve.java:130)
		at org.apache.catalina.valves.ErrorReportValve.invoke(ErrorReportValve.java:93)
		at org.apache.catalina.valves.AbstractAccessLogValve.invoke(AbstractAccessLogValve.java:656)
		at org.apache.catalina.core.StandardEngineValve.invoke(StandardEngineValve.java:74)
		at org.apache.catalina.connector.CoyoteAdapter.service(CoyoteAdapter.java:346)
		at org.apache.coyote.http11.Http11Processor.service(Http11Processor.java:397)
		at org.apache.coyote.AbstractProcessorLight.process(AbstractProcessorLight.java:63)
		at org.apache.coyote.AbstractProtocol$ConnectionHandler.process(AbstractProtocol.java:935)
		at org.apache.tomcat.util.net.NioEndpoint$SocketProcessor.doRun(NioEndpoint.java:1826)
		at org.apache.tomcat.util.net.SocketProcessorBase.run(SocketProcessorBase.java:52)
		at org.apache.tomcat.util.threads.ThreadPoolExecutor.runWorker(ThreadPoolExecutor.java:1189)
		at org.apache.tomcat.util.threads.ThreadPoolExecutor$Worker.run(ThreadPoolExecutor.java:658)
		at org.apache.tomcat.util.threads.TaskThread$WrappingRunnable.run(TaskThread.java:63)
		at java.base/java.lang.Thread.run(Thread.java:840)
05-Oct-2025 20:56:58.067 SEVERE [http-nio-8080-exec-1] org.apache.catalina.core.StandardWrapperValve.invoke Servlet.service() for servlet [vn.loc.controller.ProfileServlet] in context with path [/Lesson] threw exception [org.apache.jasper.JasperException: Unable to compile class for JSP] with root cause
	java.lang.IllegalArgumentException: The expression [${profile.aboutMe.replace("\n", "<br/>")}] is not valid. Within a quoted String only [], ['] and ["] may be escaped with [].
		at org.apache.jasper.compiler.ELParser.parseQuotedChars(ELParser.java:363)
		at org.apache.jasper.compiler.ELParser.nextToken(ELParser.java:340)
		at org.apache.jasper.compiler.ELParser.parseEL(ELParser.java:97)
		at org.apache.jasper.compiler.ELParser.parse(ELParser.java:75)
		at org.apache.jasper.compiler.Validator$ValidateVisitor.visit(Validator.java:667)
		at org.apache.jasper.compiler.Node$ELExpression.accept(Node.java:885)
		at org.apache.jasper.compiler.Node$Nodes.visit(Node.java:2241)
		at org.apache.jasper.compiler.Node$Visitor.visitBody(Node.java:2297)
		at org.apache.jasper.compiler.Node$Visitor.visit(Node.java:2303)
		at org.apache.jasper.compiler.Node$Root.accept(Node.java:436)
		at org.apache.jasper.compiler.Node$Nodes.visit(Node.java:2241)
		at org.apache.jasper.compiler.Validator.validateExDirectives(Validator.java:1644)
		at org.apache.jasper.compiler.Compiler.generateJava(Compiler.java:210)
		at org.apache.jasper.compiler.Compiler.compile(Compiler.java:366)
		at org.apache.jasper.compiler.Compiler.compile(Compiler.java:344)
		at org.apache.jasper.compiler.Compiler.compile(Compiler.java:330)
		at org.apache.jasper.JspCompilationContext.compile(JspCompilationContext.java:591)
		at org.apache.jasper.servlet.JspServletWrapper.service(JspServletWrapper.java:379)
		at org.apache.jasper.servlet.JspServlet.serviceJspFile(JspServlet.java:356)
		at org.apache.jasper.servlet.JspServlet.service(JspServlet.java:307)
		at javax.servlet.http.HttpServlet.service(HttpServlet.java:623)
		at org.apache.catalina.core.ApplicationFilterChain.internalDoFilter(ApplicationFilterChain.java:199)
		at org.apache.catalina.core.ApplicationFilterChain.doFilter(ApplicationFilterChain.java:144)
		at org.apache.tomcat.websocket.server.WsFilter.doFilter(WsFilter.java:51)
		at org.apache.catalina.core.ApplicationFilterChain.internalDoFilter(ApplicationFilterChain.java:168)
		at org.apache.catalina.core.ApplicationFilterChain.doFilter(ApplicationFilterChain.java:144)
		at org.apache.catalina.core.ApplicationDispatcher.invoke(ApplicationDispatcher.java:621)
		at org.apache.catalina.core.ApplicationDispatcher.processRequest(ApplicationDispatcher.java:401)
		at org.apache.catalina.core.ApplicationDispatcher.doForward(ApplicationDispatcher.java:340)
		at org.apache.catalina.core.ApplicationDispatcher.forward(ApplicationDispatcher.java:285)
		at vn.loc.controller.ProfileServlet.doGet(ProfileServlet.java:40)
		at javax.servlet.http.HttpServlet.service(HttpServlet.java:529)
		at javax.servlet.http.HttpServlet.service(HttpServlet.java:623)
		at org.apache.catalina.core.ApplicationFilterChain.internalDoFilter(ApplicationFilterChain.java:199)
		at org.apache.catalina.core.ApplicationFilterChain.doFilter(ApplicationFilterChain.java:144)
		at org.apache.tomcat.websocket.server.WsFilter.doFilter(WsFilter.java:51)
		at org.apache.catalina.core.ApplicationFilterChain.internalDoFilter(ApplicationFilterChain.java:168)
		at org.apache.catalina.core.ApplicationFilterChain.doFilter(ApplicationFilterChain.java:144)
		at org.apache.catalina.core.StandardWrapperValve.invoke(StandardWrapperValve.java:168)
		at org.apache.catalina.core.StandardContextValve.invoke(StandardContextValve.java:90)
		at org.apache.catalina.authenticator.AuthenticatorBase.invoke(AuthenticatorBase.java:482)
		at org.apache.catalina.core.StandardHostValve.invoke(StandardHostValve.java:130)
		at org.apache.catalina.valves.ErrorReportValve.invoke(ErrorReportValve.java:93)
		at org.apache.catalina.valves.AbstractAccessLogValve.invoke(AbstractAccessLogValve.java:656)
		at org.apache.catalina.core.StandardEngineValve.invoke(StandardEngineValve.java:74)
		at org.apache.catalina.connector.CoyoteAdapter.service(CoyoteAdapter.java:346)
		at org.apache.coyote.http11.Http11Processor.service(Http11Processor.java:397)
		at org.apache.coyote.AbstractProcessorLight.process(AbstractProcessorLight.java:63)
		at org.apache.coyote.AbstractProtocol$ConnectionHandler.process(AbstractProtocol.java:935)
		at org.apache.tomcat.util.net.NioEndpoint$SocketProcessor.doRun(NioEndpoint.java:1826)
		at org.apache.tomcat.util.net.SocketProcessorBase.run(SocketProcessorBase.java:52)
		at org.apache.tomcat.util.threads.ThreadPoolExecutor.runWorker(ThreadPoolExecutor.java:1189)
		at org.apache.tomcat.util.threads.ThreadPoolExecutor$Worker.run(ThreadPoolExecutor.java:658)
		at org.apache.tomcat.util.threads.TaskThread$WrappingRunnable.run(TaskThread.java:63)
		at java.base/java.lang.Thread.run(Thread.java:840)
05-Oct-2025 21:00:11.262 INFO [main] org.apache.catalina.core.ApplicationContext.log SessionListener: contextDestroyed()
05-Oct-2025 21:00:11.262 INFO [main] org.apache.catalina.core.ApplicationContext.log ContextListener: contextDestroyed()
05-Oct-2025 21:00:25.637 INFO [main] org.apache.catalina.core.ApplicationContext.log ContextListener: contextInitialized()
05-Oct-2025 21:00:25.637 INFO [main] org.apache.catalina.core.ApplicationContext.log SessionListener: contextInitialized()
05-Oct-2025 21:00:25.637 INFO [main] org.apache.catalina.core.ApplicationContext.log ContextListener: attributeAdded('StockTicker', 'async.Stockticker@3e6fd0b9')
05-Oct-2025 21:00:35.056 SEVERE [http-nio-8080-exec-1] org.apache.catalina.core.ApplicationDispatcher.invoke Servlet.service() for servlet [jsp] threw exception
	java.lang.IllegalArgumentException: The expression [${profile.aboutMe.replace("\n", "<br/>")}] is not valid. Within a quoted String only [], ['] and ["] may be escaped with [].
		at org.apache.jasper.compiler.ELParser.parseQuotedChars(ELParser.java:363)
		at org.apache.jasper.compiler.ELParser.nextToken(ELParser.java:340)
		at org.apache.jasper.compiler.ELParser.parseEL(ELParser.java:97)
		at org.apache.jasper.compiler.ELParser.parse(ELParser.java:75)
		at org.apache.jasper.compiler.Validator$ValidateVisitor.visit(Validator.java:667)
		at org.apache.jasper.compiler.Node$ELExpression.accept(Node.java:885)
		at org.apache.jasper.compiler.Node$Nodes.visit(Node.java:2241)
		at org.apache.jasper.compiler.Node$Visitor.visitBody(Node.java:2297)
		at org.apache.jasper.compiler.Node$Visitor.visit(Node.java:2303)
		at org.apache.jasper.compiler.Node$Root.accept(Node.java:436)
		at org.apache.jasper.compiler.Node$Nodes.visit(Node.java:2241)
		at org.apache.jasper.compiler.Validator.validateExDirectives(Validator.java:1644)
		at org.apache.jasper.compiler.Compiler.generateJava(Compiler.java:210)
		at org.apache.jasper.compiler.Compiler.compile(Compiler.java:366)
		at org.apache.jasper.compiler.Compiler.compile(Compiler.java:344)
		at org.apache.jasper.compiler.Compiler.compile(Compiler.java:330)
		at org.apache.jasper.JspCompilationContext.compile(JspCompilationContext.java:591)
		at org.apache.jasper.servlet.JspServletWrapper.service(JspServletWrapper.java:379)
		at org.apache.jasper.servlet.JspServlet.serviceJspFile(JspServlet.java:356)
		at org.apache.jasper.servlet.JspServlet.service(JspServlet.java:307)
		at javax.servlet.http.HttpServlet.service(HttpServlet.java:623)
		at org.apache.catalina.core.ApplicationFilterChain.internalDoFilter(ApplicationFilterChain.java:199)
		at org.apache.catalina.core.ApplicationFilterChain.doFilter(ApplicationFilterChain.java:144)
		at org.apache.tomcat.websocket.server.WsFilter.doFilter(WsFilter.java:51)
		at org.apache.catalina.core.ApplicationFilterChain.internalDoFilter(ApplicationFilterChain.java:168)
		at org.apache.catalina.core.ApplicationFilterChain.doFilter(ApplicationFilterChain.java:144)
		at org.apache.catalina.core.ApplicationDispatcher.invoke(ApplicationDispatcher.java:621)
		at org.apache.catalina.core.ApplicationDispatcher.processRequest(ApplicationDispatcher.java:401)
		at org.apache.catalina.core.ApplicationDispatcher.doForward(ApplicationDispatcher.java:340)
		at org.apache.catalina.core.ApplicationDispatcher.forward(ApplicationDispatcher.java:285)
		at vn.loc.controller.ProfileServlet.doGet(ProfileServlet.java:40)
		at javax.servlet.http.HttpServlet.service(HttpServlet.java:529)
		at javax.servlet.http.HttpServlet.service(HttpServlet.java:623)
		at org.apache.catalina.core.ApplicationFilterChain.internalDoFilter(ApplicationFilterChain.java:199)
		at org.apache.catalina.core.ApplicationFilterChain.doFilter(ApplicationFilterChain.java:144)
		at org.apache.tomcat.websocket.server.WsFilter.doFilter(WsFilter.java:51)
		at org.apache.catalina.core.ApplicationFilterChain.internalDoFilter(ApplicationFilterChain.java:168)
		at org.apache.catalina.core.ApplicationFilterChain.doFilter(ApplicationFilterChain.java:144)
		at org.apache.catalina.core.StandardWrapperValve.invoke(StandardWrapperValve.java:168)
		at org.apache.catalina.core.StandardContextValve.invoke(StandardContextValve.java:90)
		at org.apache.catalina.authenticator.AuthenticatorBase.invoke(AuthenticatorBase.java:482)
		at org.apache.catalina.core.StandardHostValve.invoke(StandardHostValve.java:130)
		at org.apache.catalina.valves.ErrorReportValve.invoke(ErrorReportValve.java:93)
		at org.apache.catalina.valves.AbstractAccessLogValve.invoke(AbstractAccessLogValve.java:656)
		at org.apache.catalina.core.StandardEngineValve.invoke(StandardEngineValve.java:74)
		at org.apache.catalina.connector.CoyoteAdapter.service(CoyoteAdapter.java:346)
		at org.apache.coyote.http11.Http11Processor.service(Http11Processor.java:397)
		at org.apache.coyote.AbstractProcessorLight.process(AbstractProcessorLight.java:63)
		at org.apache.coyote.AbstractProtocol$ConnectionHandler.process(AbstractProtocol.java:935)
		at org.apache.tomcat.util.net.NioEndpoint$SocketProcessor.doRun(NioEndpoint.java:1826)
		at org.apache.tomcat.util.net.SocketProcessorBase.run(SocketProcessorBase.java:52)
		at org.apache.tomcat.util.threads.ThreadPoolExecutor.runWorker(ThreadPoolExecutor.java:1189)
		at org.apache.tomcat.util.threads.ThreadPoolExecutor$Worker.run(ThreadPoolExecutor.java:658)
		at org.apache.tomcat.util.threads.TaskThread$WrappingRunnable.run(TaskThread.java:63)
		at java.base/java.lang.Thread.run(Thread.java:840)
05-Oct-2025 21:00:35.056 SEVERE [http-nio-8080-exec-1] org.apache.catalina.core.StandardWrapperValve.invoke Servlet.service() for servlet [vn.loc.controller.ProfileServlet] in context with path [/Lesson] threw exception [org.apache.jasper.JasperException: Unable to compile class for JSP] with root cause
	java.lang.IllegalArgumentException: The expression [${profile.aboutMe.replace("\n", "<br/>")}] is not valid. Within a quoted String only [], ['] and ["] may be escaped with [].
		at org.apache.jasper.compiler.ELParser.parseQuotedChars(ELParser.java:363)
		at org.apache.jasper.compiler.ELParser.nextToken(ELParser.java:340)
		at org.apache.jasper.compiler.ELParser.parseEL(ELParser.java:97)
		at org.apache.jasper.compiler.ELParser.parse(ELParser.java:75)
		at org.apache.jasper.compiler.Validator$ValidateVisitor.visit(Validator.java:667)
		at org.apache.jasper.compiler.Node$ELExpression.accept(Node.java:885)
		at org.apache.jasper.compiler.Node$Nodes.visit(Node.java:2241)
		at org.apache.jasper.compiler.Node$Visitor.visitBody(Node.java:2297)
		at org.apache.jasper.compiler.Node$Visitor.visit(Node.java:2303)
		at org.apache.jasper.compiler.Node$Root.accept(Node.java:436)
		at org.apache.jasper.compiler.Node$Nodes.visit(Node.java:2241)
		at org.apache.jasper.compiler.Validator.validateExDirectives(Validator.java:1644)
		at org.apache.jasper.compiler.Compiler.generateJava(Compiler.java:210)
		at org.apache.jasper.compiler.Compiler.compile(Compiler.java:366)
		at org.apache.jasper.compiler.Compiler.compile(Compiler.java:344)
		at org.apache.jasper.compiler.Compiler.compile(Compiler.java:330)
		at org.apache.jasper.JspCompilationContext.compile(JspCompilationContext.java:591)
		at org.apache.jasper.servlet.JspServletWrapper.service(JspServletWrapper.java:379)
		at org.apache.jasper.servlet.JspServlet.serviceJspFile(JspServlet.java:356)
		at org.apache.jasper.servlet.JspServlet.service(JspServlet.java:307)
		at javax.servlet.http.HttpServlet.service(HttpServlet.java:623)
		at org.apache.catalina.core.ApplicationFilterChain.internalDoFilter(ApplicationFilterChain.java:199)
		at org.apache.catalina.core.ApplicationFilterChain.doFilter(ApplicationFilterChain.java:144)
		at org.apache.tomcat.websocket.server.WsFilter.doFilter(WsFilter.java:51)
		at org.apache.catalina.core.ApplicationFilterChain.internalDoFilter(ApplicationFilterChain.java:168)
		at org.apache.catalina.core.ApplicationFilterChain.doFilter(ApplicationFilterChain.java:144)
		at org.apache.catalina.core.ApplicationDispatcher.invoke(ApplicationDispatcher.java:621)
		at org.apache.catalina.core.ApplicationDispatcher.processRequest(ApplicationDispatcher.java:401)
		at org.apache.catalina.core.ApplicationDispatcher.doForward(ApplicationDispatcher.java:340)
		at org.apache.catalina.core.ApplicationDispatcher.forward(ApplicationDispatcher.java:285)
		at vn.loc.controller.ProfileServlet.doGet(ProfileServlet.java:40)
		at javax.servlet.http.HttpServlet.service(HttpServlet.java:529)
		at javax.servlet.http.HttpServlet.service(HttpServlet.java:623)
		at org.apache.catalina.core.ApplicationFilterChain.internalDoFilter(ApplicationFilterChain.java:199)
		at org.apache.catalina.core.ApplicationFilterChain.doFilter(ApplicationFilterChain.java:144)
		at org.apache.tomcat.websocket.server.WsFilter.doFilter(WsFilter.java:51)
		at org.apache.catalina.core.ApplicationFilterChain.internalDoFilter(ApplicationFilterChain.java:168)
		at org.apache.catalina.core.ApplicationFilterChain.doFilter(ApplicationFilterChain.java:144)
		at org.apache.catalina.core.StandardWrapperValve.invoke(StandardWrapperValve.java:168)
		at org.apache.catalina.core.StandardContextValve.invoke(StandardContextValve.java:90)
		at org.apache.catalina.authenticator.AuthenticatorBase.invoke(AuthenticatorBase.java:482)
		at org.apache.catalina.core.StandardHostValve.invoke(StandardHostValve.java:130)
		at org.apache.catalina.valves.ErrorReportValve.invoke(ErrorReportValve.java:93)
		at org.apache.catalina.valves.AbstractAccessLogValve.invoke(AbstractAccessLogValve.java:656)
		at org.apache.catalina.core.StandardEngineValve.invoke(StandardEngineValve.java:74)
		at org.apache.catalina.connector.CoyoteAdapter.service(CoyoteAdapter.java:346)
		at org.apache.coyote.http11.Http11Processor.service(Http11Processor.java:397)
		at org.apache.coyote.AbstractProcessorLight.process(AbstractProcessorLight.java:63)
		at org.apache.coyote.AbstractProtocol$ConnectionHandler.process(AbstractProtocol.java:935)
		at org.apache.tomcat.util.net.NioEndpoint$SocketProcessor.doRun(NioEndpoint.java:1826)
		at org.apache.tomcat.util.net.SocketProcessorBase.run(SocketProcessorBase.java:52)
		at org.apache.tomcat.util.threads.ThreadPoolExecutor.runWorker(ThreadPoolExecutor.java:1189)
		at org.apache.tomcat.util.threads.ThreadPoolExecutor$Worker.run(ThreadPoolExecutor.java:658)
		at org.apache.tomcat.util.threads.TaskThread$WrappingRunnable.run(TaskThread.java:63)
		at java.base/java.lang.Thread.run(Thread.java:840)
05-Oct-2025 21:00:35.905 SEVERE [http-nio-8080-exec-2] org.apache.catalina.core.ApplicationDispatcher.invoke Servlet.service() for servlet [jsp] threw exception
	java.lang.ClassNotFoundException: org.apache.jsp.index_jsp
		at java.base/java.net.URLClassLoader.findClass(URLClassLoader.java:445)
		at org.apache.jasper.servlet.JasperLoader.loadClass(JasperLoader.java:119)
		at org.apache.jasper.servlet.JasperLoader.loadClass(JasperLoader.java:56)
		at org.apache.catalina.core.DefaultInstanceManager.newInstance(DefaultInstanceManager.java:150)
		at org.apache.jasper.servlet.JspServletWrapper.getServlet(JspServletWrapper.java:174)
		at org.apache.jasper.servlet.JspServletWrapper.service(JspServletWrapper.java:393)
		at org.apache.jasper.servlet.JspServlet.serviceJspFile(JspServlet.java:356)
		at org.apache.jasper.servlet.JspServlet.service(JspServlet.java:307)
		at javax.servlet.http.HttpServlet.service(HttpServlet.java:623)
		at org.apache.catalina.core.ApplicationFilterChain.internalDoFilter(ApplicationFilterChain.java:199)
		at org.apache.catalina.core.ApplicationFilterChain.doFilter(ApplicationFilterChain.java:144)
		at org.apache.tomcat.websocket.server.WsFilter.doFilter(WsFilter.java:51)
		at org.apache.catalina.core.ApplicationFilterChain.internalDoFilter(ApplicationFilterChain.java:168)
		at org.apache.catalina.core.ApplicationFilterChain.doFilter(ApplicationFilterChain.java:144)
		at org.apache.catalina.core.ApplicationDispatcher.invoke(ApplicationDispatcher.java:621)
		at org.apache.catalina.core.ApplicationDispatcher.processRequest(ApplicationDispatcher.java:401)
		at org.apache.catalina.core.ApplicationDispatcher.doForward(ApplicationDispatcher.java:340)
		at org.apache.catalina.core.ApplicationDispatcher.forward(ApplicationDispatcher.java:285)
		at vn.loc.controller.ProfileServlet.doGet(ProfileServlet.java:40)
		at javax.servlet.http.HttpServlet.service(HttpServlet.java:529)
		at javax.servlet.http.HttpServlet.service(HttpServlet.java:623)
		at org.apache.catalina.core.ApplicationFilterChain.internalDoFilter(ApplicationFilterChain.java:199)
		at org.apache.catalina.core.ApplicationFilterChain.doFilter(ApplicationFilterChain.java:144)
		at org.apache.tomcat.websocket.server.WsFilter.doFilter(WsFilter.java:51)
		at org.apache.catalina.core.ApplicationFilterChain.internalDoFilter(ApplicationFilterChain.java:168)
		at org.apache.catalina.core.ApplicationFilterChain.doFilter(ApplicationFilterChain.java:144)
		at org.apache.catalina.core.StandardWrapperValve.invoke(StandardWrapperValve.java:168)
		at org.apache.catalina.core.StandardContextValve.invoke(StandardContextValve.java:90)
		at org.apache.catalina.authenticator.AuthenticatorBase.invoke(AuthenticatorBase.java:482)
		at org.apache.catalina.core.StandardHostValve.invoke(StandardHostValve.java:130)
		at org.apache.catalina.valves.ErrorReportValve.invoke(ErrorReportValve.java:93)
		at org.apache.catalina.valves.AbstractAccessLogValve.invoke(AbstractAccessLogValve.java:656)
		at org.apache.catalina.core.StandardEngineValve.invoke(StandardEngineValve.java:74)
		at org.apache.catalina.connector.CoyoteAdapter.service(CoyoteAdapter.java:346)
		at org.apache.coyote.http11.Http11Processor.service(Http11Processor.java:397)
		at org.apache.coyote.AbstractProcessorLight.process(AbstractProcessorLight.java:63)
		at org.apache.coyote.AbstractProtocol$ConnectionHandler.process(AbstractProtocol.java:935)
		at org.apache.tomcat.util.net.NioEndpoint$SocketProcessor.doRun(NioEndpoint.java:1826)
		at org.apache.tomcat.util.net.SocketProcessorBase.run(SocketProcessorBase.java:52)
		at org.apache.tomcat.util.threads.ThreadPoolExecutor.runWorker(ThreadPoolExecutor.java:1189)
		at org.apache.tomcat.util.threads.ThreadPoolExecutor$Worker.run(ThreadPoolExecutor.java:658)
		at org.apache.tomcat.util.threads.TaskThread$WrappingRunnable.run(TaskThread.java:63)
		at java.base/java.lang.Thread.run(Thread.java:840)
05-Oct-2025 21:00:35.906 SEVERE [http-nio-8080-exec-2] org.apache.catalina.core.StandardWrapperValve.invoke Servlet.service() for servlet [vn.loc.controller.ProfileServlet] in context with path [/Lesson] threw exception [org.apache.jasper.JasperException: java.lang.ClassNotFoundException: org.apache.jsp.index_jsp] with root cause
	java.lang.ClassNotFoundException: org.apache.jsp.index_jsp
		at java.base/java.net.URLClassLoader.findClass(URLClassLoader.java:445)
		at org.apache.jasper.servlet.JasperLoader.loadClass(JasperLoader.java:119)
		at org.apache.jasper.servlet.JasperLoader.loadClass(JasperLoader.java:56)
		at org.apache.catalina.core.DefaultInstanceManager.newInstance(DefaultInstanceManager.java:150)
		at org.apache.jasper.servlet.JspServletWrapper.getServlet(JspServletWrapper.java:174)
		at org.apache.jasper.servlet.JspServletWrapper.service(JspServletWrapper.java:393)
		at org.apache.jasper.servlet.JspServlet.serviceJspFile(JspServlet.java:356)
		at org.apache.jasper.servlet.JspServlet.service(JspServlet.java:307)
		at javax.servlet.http.HttpServlet.service(HttpServlet.java:623)
		at org.apache.catalina.core.ApplicationFilterChain.internalDoFilter(ApplicationFilterChain.java:199)
		at org.apache.catalina.core.ApplicationFilterChain.doFilter(ApplicationFilterChain.java:144)
		at org.apache.tomcat.websocket.server.WsFilter.doFilter(WsFilter.java:51)
		at org.apache.catalina.core.ApplicationFilterChain.internalDoFilter(ApplicationFilterChain.java:168)
		at org.apache.catalina.core.ApplicationFilterChain.doFilter(ApplicationFilterChain.java:144)
		at org.apache.catalina.core.ApplicationDispatcher.invoke(ApplicationDispatcher.java:621)
		at org.apache.catalina.core.ApplicationDispatcher.processRequest(ApplicationDispatcher.java:401)
		at org.apache.catalina.core.ApplicationDispatcher.doForward(ApplicationDispatcher.java:340)
		at org.apache.catalina.core.ApplicationDispatcher.forward(ApplicationDispatcher.java:285)
		at vn.loc.controller.ProfileServlet.doGet(ProfileServlet.java:40)
		at javax.servlet.http.HttpServlet.service(HttpServlet.java:529)
		at javax.servlet.http.HttpServlet.service(HttpServlet.java:623)
		at org.apache.catalina.core.ApplicationFilterChain.internalDoFilter(ApplicationFilterChain.java:199)
		at org.apache.catalina.core.ApplicationFilterChain.doFilter(ApplicationFilterChain.java:144)
		at org.apache.tomcat.websocket.server.WsFilter.doFilter(WsFilter.java:51)
		at org.apache.catalina.core.ApplicationFilterChain.internalDoFilter(ApplicationFilterChain.java:168)
		at org.apache.catalina.core.ApplicationFilterChain.doFilter(ApplicationFilterChain.java:144)
		at org.apache.catalina.core.StandardWrapperValve.invoke(StandardWrapperValve.java:168)
		at org.apache.catalina.core.StandardContextValve.invoke(StandardContextValve.java:90)
		at org.apache.catalina.authenticator.AuthenticatorBase.invoke(AuthenticatorBase.java:482)
		at org.apache.catalina.core.StandardHostValve.invoke(StandardHostValve.java:130)
		at org.apache.catalina.valves.ErrorReportValve.invoke(ErrorReportValve.java:93)
		at org.apache.catalina.valves.AbstractAccessLogValve.invoke(AbstractAccessLogValve.java:656)
		at org.apache.catalina.core.StandardEngineValve.invoke(StandardEngineValve.java:74)
		at org.apache.catalina.connector.CoyoteAdapter.service(CoyoteAdapter.java:346)
		at org.apache.coyote.http11.Http11Processor.service(Http11Processor.java:397)
		at org.apache.coyote.AbstractProcessorLight.process(AbstractProcessorLight.java:63)
		at org.apache.coyote.AbstractProtocol$ConnectionHandler.process(AbstractProtocol.java:935)
		at org.apache.tomcat.util.net.NioEndpoint$SocketProcessor.doRun(NioEndpoint.java:1826)
		at org.apache.tomcat.util.net.SocketProcessorBase.run(SocketProcessorBase.java:52)
		at org.apache.tomcat.util.threads.ThreadPoolExecutor.runWorker(ThreadPoolExecutor.java:1189)
		at org.apache.tomcat.util.threads.ThreadPoolExecutor$Worker.run(ThreadPoolExecutor.java:658)
		at org.apache.tomcat.util.threads.TaskThread$WrappingRunnable.run(TaskThread.java:63)
		at java.base/java.lang.Thread.run(Thread.java:840)
05-Oct-2025 21:00:36.041 SEVERE [http-nio-8080-exec-3] org.apache.catalina.core.ApplicationDispatcher.invoke Servlet.service() for servlet [jsp] threw exception
	java.lang.ClassNotFoundException: org.apache.jsp.index_jsp
		at java.base/java.net.URLClassLoader.findClass(URLClassLoader.java:445)
		at org.apache.jasper.servlet.JasperLoader.loadClass(JasperLoader.java:119)
		at org.apache.jasper.servlet.JasperLoader.loadClass(JasperLoader.java:56)
		at org.apache.catalina.core.DefaultInstanceManager.newInstance(DefaultInstanceManager.java:150)
		at org.apache.jasper.servlet.JspServletWrapper.getServlet(JspServletWrapper.java:174)
		at org.apache.jasper.servlet.JspServletWrapper.service(JspServletWrapper.java:393)
		at org.apache.jasper.servlet.JspServlet.serviceJspFile(JspServlet.java:356)
		at org.apache.jasper.servlet.JspServlet.service(JspServlet.java:307)
		at javax.servlet.http.HttpServlet.service(HttpServlet.java:623)
		at org.apache.catalina.core.ApplicationFilterChain.internalDoFilter(ApplicationFilterChain.java:199)
		at org.apache.catalina.core.ApplicationFilterChain.doFilter(ApplicationFilterChain.java:144)
		at org.apache.tomcat.websocket.server.WsFilter.doFilter(WsFilter.java:51)
		at org.apache.catalina.core.ApplicationFilterChain.internalDoFilter(ApplicationFilterChain.java:168)
		at org.apache.catalina.core.ApplicationFilterChain.doFilter(ApplicationFilterChain.java:144)
		at org.apache.catalina.core.ApplicationDispatcher.invoke(ApplicationDispatcher.java:621)
		at org.apache.catalina.core.ApplicationDispatcher.processRequest(ApplicationDispatcher.java:401)
		at org.apache.catalina.core.ApplicationDispatcher.doForward(ApplicationDispatcher.java:340)
		at org.apache.catalina.core.ApplicationDispatcher.forward(ApplicationDispatcher.java:285)
		at vn.loc.controller.ProfileServlet.doGet(ProfileServlet.java:40)
		at javax.servlet.http.HttpServlet.service(HttpServlet.java:529)
		at javax.servlet.http.HttpServlet.service(HttpServlet.java:623)
		at org.apache.catalina.core.ApplicationFilterChain.internalDoFilter(ApplicationFilterChain.java:199)
		at org.apache.catalina.core.ApplicationFilterChain.doFilter(ApplicationFilterChain.java:144)
		at org.apache.tomcat.websocket.server.WsFilter.doFilter(WsFilter.java:51)
		at org.apache.catalina.core.ApplicationFilterChain.internalDoFilter(ApplicationFilterChain.java:168)
		at org.apache.catalina.core.ApplicationFilterChain.doFilter(ApplicationFilterChain.java:144)
		at org.apache.catalina.core.StandardWrapperValve.invoke(StandardWrapperValve.java:168)
		at org.apache.catalina.core.StandardContextValve.invoke(StandardContextValve.java:90)
		at org.apache.catalina.authenticator.AuthenticatorBase.invoke(AuthenticatorBase.java:482)
		at org.apache.catalina.core.StandardHostValve.invoke(StandardHostValve.java:130)
		at org.apache.catalina.valves.ErrorReportValve.invoke(ErrorReportValve.java:93)
		at org.apache.catalina.valves.AbstractAccessLogValve.invoke(AbstractAccessLogValve.java:656)
		at org.apache.catalina.core.StandardEngineValve.invoke(StandardEngineValve.java:74)
		at org.apache.catalina.connector.CoyoteAdapter.service(CoyoteAdapter.java:346)
		at org.apache.coyote.http11.Http11Processor.service(Http11Processor.java:397)
		at org.apache.coyote.AbstractProcessorLight.process(AbstractProcessorLight.java:63)
		at org.apache.coyote.AbstractProtocol$ConnectionHandler.process(AbstractProtocol.java:935)
		at org.apache.tomcat.util.net.NioEndpoint$SocketProcessor.doRun(NioEndpoint.java:1826)
		at org.apache.tomcat.util.net.SocketProcessorBase.run(SocketProcessorBase.java:52)
		at org.apache.tomcat.util.threads.ThreadPoolExecutor.runWorker(ThreadPoolExecutor.java:1189)
		at org.apache.tomcat.util.threads.ThreadPoolExecutor$Worker.run(ThreadPoolExecutor.java:658)
		at org.apache.tomcat.util.threads.TaskThread$WrappingRunnable.run(TaskThread.java:63)
		at java.base/java.lang.Thread.run(Thread.java:840)
05-Oct-2025 21:00:36.042 SEVERE [http-nio-8080-exec-3] org.apache.catalina.core.StandardWrapperValve.invoke Servlet.service() for servlet [vn.loc.controller.ProfileServlet] in context with path [/Lesson] threw exception [org.apache.jasper.JasperException: java.lang.ClassNotFoundException: org.apache.jsp.index_jsp] with root cause
	java.lang.ClassNotFoundException: org.apache.jsp.index_jsp
		at java.base/java.net.URLClassLoader.findClass(URLClassLoader.java:445)
		at org.apache.jasper.servlet.JasperLoader.loadClass(JasperLoader.java:119)
		at org.apache.jasper.servlet.JasperLoader.loadClass(JasperLoader.java:56)
		at org.apache.catalina.core.DefaultInstanceManager.newInstance(DefaultInstanceManager.java:150)
		at org.apache.jasper.servlet.JspServletWrapper.getServlet(JspServletWrapper.java:174)
		at org.apache.jasper.servlet.JspServletWrapper.service(JspServletWrapper.java:393)
		at org.apache.jasper.servlet.JspServlet.serviceJspFile(JspServlet.java:356)
		at org.apache.jasper.servlet.JspServlet.service(JspServlet.java:307)
		at javax.servlet.http.HttpServlet.service(HttpServlet.java:623)
		at org.apache.catalina.core.ApplicationFilterChain.internalDoFilter(ApplicationFilterChain.java:199)
		at org.apache.catalina.core.ApplicationFilterChain.doFilter(ApplicationFilterChain.java:144)
		at org.apache.tomcat.websocket.server.WsFilter.doFilter(WsFilter.java:51)
		at org.apache.catalina.core.ApplicationFilterChain.internalDoFilter(ApplicationFilterChain.java:168)
		at org.apache.catalina.core.ApplicationFilterChain.doFilter(ApplicationFilterChain.java:144)
		at org.apache.catalina.core.ApplicationDispatcher.invoke(ApplicationDispatcher.java:621)
		at org.apache.catalina.core.ApplicationDispatcher.processRequest(ApplicationDispatcher.java:401)
		at org.apache.catalina.core.ApplicationDispatcher.doForward(ApplicationDispatcher.java:340)
		at org.apache.catalina.core.ApplicationDispatcher.forward(ApplicationDispatcher.java:285)
		at vn.loc.controller.ProfileServlet.doGet(ProfileServlet.java:40)
		at javax.servlet.http.HttpServlet.service(HttpServlet.java:529)
		at javax.servlet.http.HttpServlet.service(HttpServlet.java:623)
		at org.apache.catalina.core.ApplicationFilterChain.internalDoFilter(ApplicationFilterChain.java:199)
		at org.apache.catalina.core.ApplicationFilterChain.doFilter(ApplicationFilterChain.java:144)
		at org.apache.tomcat.websocket.server.WsFilter.doFilter(WsFilter.java:51)
		at org.apache.catalina.core.ApplicationFilterChain.internalDoFilter(ApplicationFilterChain.java:168)
		at org.apache.catalina.core.ApplicationFilterChain.doFilter(ApplicationFilterChain.java:144)
		at org.apache.catalina.core.StandardWrapperValve.invoke(StandardWrapperValve.java:168)
		at org.apache.catalina.core.StandardContextValve.invoke(StandardContextValve.java:90)
		at org.apache.catalina.authenticator.AuthenticatorBase.invoke(AuthenticatorBase.java:482)
		at org.apache.catalina.core.StandardHostValve.invoke(StandardHostValve.java:130)
		at org.apache.catalina.valves.ErrorReportValve.invoke(ErrorReportValve.java:93)
		at org.apache.catalina.valves.AbstractAccessLogValve.invoke(AbstractAccessLogValve.java:656)
		at org.apache.catalina.core.StandardEngineValve.invoke(StandardEngineValve.java:74)
		at org.apache.catalina.connector.CoyoteAdapter.service(CoyoteAdapter.java:346)
		at org.apache.coyote.http11.Http11Processor.service(Http11Processor.java:397)
		at org.apache.coyote.AbstractProcessorLight.process(AbstractProcessorLight.java:63)
		at org.apache.coyote.AbstractProtocol$ConnectionHandler.process(AbstractProtocol.java:935)
		at org.apache.tomcat.util.net.NioEndpoint$SocketProcessor.doRun(NioEndpoint.java:1826)
		at org.apache.tomcat.util.net.SocketProcessorBase.run(SocketProcessorBase.java:52)
		at org.apache.tomcat.util.threads.ThreadPoolExecutor.runWorker(ThreadPoolExecutor.java:1189)
		at org.apache.tomcat.util.threads.ThreadPoolExecutor$Worker.run(ThreadPoolExecutor.java:658)
		at org.apache.tomcat.util.threads.TaskThread$WrappingRunnable.run(TaskThread.java:63)
		at java.base/java.lang.Thread.run(Thread.java:840)
05-Oct-2025 21:00:36.178 SEVERE [http-nio-8080-exec-4] org.apache.catalina.core.ApplicationDispatcher.invoke Servlet.service() for servlet [jsp] threw exception
	java.lang.ClassNotFoundException: org.apache.jsp.index_jsp
		at java.base/java.net.URLClassLoader.findClass(URLClassLoader.java:445)
		at org.apache.jasper.servlet.JasperLoader.loadClass(JasperLoader.java:119)
		at org.apache.jasper.servlet.JasperLoader.loadClass(JasperLoader.java:56)
		at org.apache.catalina.core.DefaultInstanceManager.newInstance(DefaultInstanceManager.java:150)
		at org.apache.jasper.servlet.JspServletWrapper.getServlet(JspServletWrapper.java:174)
		at org.apache.jasper.servlet.JspServletWrapper.service(JspServletWrapper.java:393)
		at org.apache.jasper.servlet.JspServlet.serviceJspFile(JspServlet.java:356)
		at org.apache.jasper.servlet.JspServlet.service(JspServlet.java:307)
		at javax.servlet.http.HttpServlet.service(HttpServlet.java:623)
		at org.apache.catalina.core.ApplicationFilterChain.internalDoFilter(ApplicationFilterChain.java:199)
		at org.apache.catalina.core.ApplicationFilterChain.doFilter(ApplicationFilterChain.java:144)
		at org.apache.tomcat.websocket.server.WsFilter.doFilter(WsFilter.java:51)
		at org.apache.catalina.core.ApplicationFilterChain.internalDoFilter(ApplicationFilterChain.java:168)
		at org.apache.catalina.core.ApplicationFilterChain.doFilter(ApplicationFilterChain.java:144)
		at org.apache.catalina.core.ApplicationDispatcher.invoke(ApplicationDispatcher.java:621)
		at org.apache.catalina.core.ApplicationDispatcher.processRequest(ApplicationDispatcher.java:401)
		at org.apache.catalina.core.ApplicationDispatcher.doForward(ApplicationDispatcher.java:340)
		at org.apache.catalina.core.ApplicationDispatcher.forward(ApplicationDispatcher.java:285)
		at vn.loc.controller.ProfileServlet.doGet(ProfileServlet.java:40)
		at javax.servlet.http.HttpServlet.service(HttpServlet.java:529)
		at javax.servlet.http.HttpServlet.service(HttpServlet.java:623)
		at org.apache.catalina.core.ApplicationFilterChain.internalDoFilter(ApplicationFilterChain.java:199)
		at org.apache.catalina.core.ApplicationFilterChain.doFilter(ApplicationFilterChain.java:144)
		at org.apache.tomcat.websocket.server.WsFilter.doFilter(WsFilter.java:51)
		at org.apache.catalina.core.ApplicationFilterChain.internalDoFilter(ApplicationFilterChain.java:168)
		at org.apache.catalina.core.ApplicationFilterChain.doFilter(ApplicationFilterChain.java:144)
		at org.apache.catalina.core.StandardWrapperValve.invoke(StandardWrapperValve.java:168)
		at org.apache.catalina.core.StandardContextValve.invoke(StandardContextValve.java:90)
		at org.apache.catalina.authenticator.AuthenticatorBase.invoke(AuthenticatorBase.java:482)
		at org.apache.catalina.core.StandardHostValve.invoke(StandardHostValve.java:130)
		at org.apache.catalina.valves.ErrorReportValve.invoke(ErrorReportValve.java:93)
		at org.apache.catalina.valves.AbstractAccessLogValve.invoke(AbstractAccessLogValve.java:656)
		at org.apache.catalina.core.StandardEngineValve.invoke(StandardEngineValve.java:74)
		at org.apache.catalina.connector.CoyoteAdapter.service(CoyoteAdapter.java:346)
		at org.apache.coyote.http11.Http11Processor.service(Http11Processor.java:397)
		at org.apache.coyote.AbstractProcessorLight.process(AbstractProcessorLight.java:63)
		at org.apache.coyote.AbstractProtocol$ConnectionHandler.process(AbstractProtocol.java:935)
		at org.apache.tomcat.util.net.NioEndpoint$SocketProcessor.doRun(NioEndpoint.java:1826)
		at org.apache.tomcat.util.net.SocketProcessorBase.run(SocketProcessorBase.java:52)
		at org.apache.tomcat.util.threads.ThreadPoolExecutor.runWorker(ThreadPoolExecutor.java:1189)
		at org.apache.tomcat.util.threads.ThreadPoolExecutor$Worker.run(ThreadPoolExecutor.java:658)
		at org.apache.tomcat.util.threads.TaskThread$WrappingRunnable.run(TaskThread.java:63)
		at java.base/java.lang.Thread.run(Thread.java:840)
05-Oct-2025 21:00:36.178 SEVERE [http-nio-8080-exec-4] org.apache.catalina.core.StandardWrapperValve.invoke Servlet.service() for servlet [vn.loc.controller.ProfileServlet] in context with path [/Lesson] threw exception [org.apache.jasper.JasperException: java.lang.ClassNotFoundException: org.apache.jsp.index_jsp] with root cause
	java.lang.ClassNotFoundException: org.apache.jsp.index_jsp
		at java.base/java.net.URLClassLoader.findClass(URLClassLoader.java:445)
		at org.apache.jasper.servlet.JasperLoader.loadClass(JasperLoader.java:119)
		at org.apache.jasper.servlet.JasperLoader.loadClass(JasperLoader.java:56)
		at org.apache.catalina.core.DefaultInstanceManager.newInstance(DefaultInstanceManager.java:150)
		at org.apache.jasper.servlet.JspServletWrapper.getServlet(JspServletWrapper.java:174)
		at org.apache.jasper.servlet.JspServletWrapper.service(JspServletWrapper.java:393)
		at org.apache.jasper.servlet.JspServlet.serviceJspFile(JspServlet.java:356)
		at org.apache.jasper.servlet.JspServlet.service(JspServlet.java:307)
		at javax.servlet.http.HttpServlet.service(HttpServlet.java:623)
		at org.apache.catalina.core.ApplicationFilterChain.internalDoFilter(ApplicationFilterChain.java:199)
		at org.apache.catalina.core.ApplicationFilterChain.doFilter(ApplicationFilterChain.java:144)
		at org.apache.tomcat.websocket.server.WsFilter.doFilter(WsFilter.java:51)
		at org.apache.catalina.core.ApplicationFilterChain.internalDoFilter(ApplicationFilterChain.java:168)
		at org.apache.catalina.core.ApplicationFilterChain.doFilter(ApplicationFilterChain.java:144)
		at org.apache.catalina.core.ApplicationDispatcher.invoke(ApplicationDispatcher.java:621)
		at org.apache.catalina.core.ApplicationDispatcher.processRequest(ApplicationDispatcher.java:401)
		at org.apache.catalina.core.ApplicationDispatcher.doForward(ApplicationDispatcher.java:340)
		at org.apache.catalina.core.ApplicationDispatcher.forward(ApplicationDispatcher.java:285)
		at vn.loc.controller.ProfileServlet.doGet(ProfileServlet.java:40)
		at javax.servlet.http.HttpServlet.service(HttpServlet.java:529)
		at javax.servlet.http.HttpServlet.service(HttpServlet.java:623)
		at org.apache.catalina.core.ApplicationFilterChain.internalDoFilter(ApplicationFilterChain.java:199)
		at org.apache.catalina.core.ApplicationFilterChain.doFilter(ApplicationFilterChain.java:144)
		at org.apache.tomcat.websocket.server.WsFilter.doFilter(WsFilter.java:51)
		at org.apache.catalina.core.ApplicationFilterChain.internalDoFilter(ApplicationFilterChain.java:168)
		at org.apache.catalina.core.ApplicationFilterChain.doFilter(ApplicationFilterChain.java:144)
		at org.apache.catalina.core.StandardWrapperValve.invoke(StandardWrapperValve.java:168)
		at org.apache.catalina.core.StandardContextValve.invoke(StandardContextValve.java:90)
		at org.apache.catalina.authenticator.AuthenticatorBase.invoke(AuthenticatorBase.java:482)
		at org.apache.catalina.core.StandardHostValve.invoke(StandardHostValve.java:130)
		at org.apache.catalina.valves.ErrorReportValve.invoke(ErrorReportValve.java:93)
		at org.apache.catalina.valves.AbstractAccessLogValve.invoke(AbstractAccessLogValve.java:656)
		at org.apache.catalina.core.StandardEngineValve.invoke(StandardEngineValve.java:74)
		at org.apache.catalina.connector.CoyoteAdapter.service(CoyoteAdapter.java:346)
		at org.apache.coyote.http11.Http11Processor.service(Http11Processor.java:397)
		at org.apache.coyote.AbstractProcessorLight.process(AbstractProcessorLight.java:63)
		at org.apache.coyote.AbstractProtocol$ConnectionHandler.process(AbstractProtocol.java:935)
		at org.apache.tomcat.util.net.NioEndpoint$SocketProcessor.doRun(NioEndpoint.java:1826)
		at org.apache.tomcat.util.net.SocketProcessorBase.run(SocketProcessorBase.java:52)
		at org.apache.tomcat.util.threads.ThreadPoolExecutor.runWorker(ThreadPoolExecutor.java:1189)
		at org.apache.tomcat.util.threads.ThreadPoolExecutor$Worker.run(ThreadPoolExecutor.java:658)
		at org.apache.tomcat.util.threads.TaskThread$WrappingRunnable.run(TaskThread.java:63)
		at java.base/java.lang.Thread.run(Thread.java:840)
05-Oct-2025 21:00:36.495 SEVERE [http-nio-8080-exec-5] org.apache.catalina.core.ApplicationDispatcher.invoke Servlet.service() for servlet [jsp] threw exception
	java.lang.ClassNotFoundException: org.apache.jsp.index_jsp
		at java.base/java.net.URLClassLoader.findClass(URLClassLoader.java:445)
		at org.apache.jasper.servlet.JasperLoader.loadClass(JasperLoader.java:119)
		at org.apache.jasper.servlet.JasperLoader.loadClass(JasperLoader.java:56)
		at org.apache.catalina.core.DefaultInstanceManager.newInstance(DefaultInstanceManager.java:150)
		at org.apache.jasper.servlet.JspServletWrapper.getServlet(JspServletWrapper.java:174)
		at org.apache.jasper.servlet.JspServletWrapper.service(JspServletWrapper.java:393)
		at org.apache.jasper.servlet.JspServlet.serviceJspFile(JspServlet.java:356)
		at org.apache.jasper.servlet.JspServlet.service(JspServlet.java:307)
		at javax.servlet.http.HttpServlet.service(HttpServlet.java:623)
		at org.apache.catalina.core.ApplicationFilterChain.internalDoFilter(ApplicationFilterChain.java:199)
		at org.apache.catalina.core.ApplicationFilterChain.doFilter(ApplicationFilterChain.java:144)
		at org.apache.tomcat.websocket.server.WsFilter.doFilter(WsFilter.java:51)
		at org.apache.catalina.core.ApplicationFilterChain.internalDoFilter(ApplicationFilterChain.java:168)
		at org.apache.catalina.core.ApplicationFilterChain.doFilter(ApplicationFilterChain.java:144)
		at org.apache.catalina.core.ApplicationDispatcher.invoke(ApplicationDispatcher.java:621)
		at org.apache.catalina.core.ApplicationDispatcher.processRequest(ApplicationDispatcher.java:401)
		at org.apache.catalina.core.ApplicationDispatcher.doForward(ApplicationDispatcher.java:340)
		at org.apache.catalina.core.ApplicationDispatcher.forward(ApplicationDispatcher.java:285)
		at vn.loc.controller.ProfileServlet.doGet(ProfileServlet.java:40)
		at javax.servlet.http.HttpServlet.service(HttpServlet.java:529)
		at javax.servlet.http.HttpServlet.service(HttpServlet.java:623)
		at org.apache.catalina.core.ApplicationFilterChain.internalDoFilter(ApplicationFilterChain.java:199)
		at org.apache.catalina.core.ApplicationFilterChain.doFilter(ApplicationFilterChain.java:144)
		at org.apache.tomcat.websocket.server.WsFilter.doFilter(WsFilter.java:51)
		at org.apache.catalina.core.ApplicationFilterChain.internalDoFilter(ApplicationFilterChain.java:168)
		at org.apache.catalina.core.ApplicationFilterChain.doFilter(ApplicationFilterChain.java:144)
		at org.apache.catalina.core.StandardWrapperValve.invoke(StandardWrapperValve.java:168)
		at org.apache.catalina.core.StandardContextValve.invoke(StandardContextValve.java:90)
		at org.apache.catalina.authenticator.AuthenticatorBase.invoke(AuthenticatorBase.java:482)
		at org.apache.catalina.core.StandardHostValve.invoke(StandardHostValve.java:130)
		at org.apache.catalina.valves.ErrorReportValve.invoke(ErrorReportValve.java:93)
		at org.apache.catalina.valves.AbstractAccessLogValve.invoke(AbstractAccessLogValve.java:656)
		at org.apache.catalina.core.StandardEngineValve.invoke(StandardEngineValve.java:74)
		at org.apache.catalina.connector.CoyoteAdapter.service(CoyoteAdapter.java:346)
		at org.apache.coyote.http11.Http11Processor.service(Http11Processor.java:397)
		at org.apache.coyote.AbstractProcessorLight.process(AbstractProcessorLight.java:63)
		at org.apache.coyote.AbstractProtocol$ConnectionHandler.process(AbstractProtocol.java:935)
		at org.apache.tomcat.util.net.NioEndpoint$SocketProcessor.doRun(NioEndpoint.java:1826)
		at org.apache.tomcat.util.net.SocketProcessorBase.run(SocketProcessorBase.java:52)
		at org.apache.tomcat.util.threads.ThreadPoolExecutor.runWorker(ThreadPoolExecutor.java:1189)
		at org.apache.tomcat.util.threads.ThreadPoolExecutor$Worker.run(ThreadPoolExecutor.java:658)
		at org.apache.tomcat.util.threads.TaskThread$WrappingRunnable.run(TaskThread.java:63)
		at java.base/java.lang.Thread.run(Thread.java:840)
05-Oct-2025 21:00:36.495 SEVERE [http-nio-8080-exec-5] org.apache.catalina.core.StandardWrapperValve.invoke Servlet.service() for servlet [vn.loc.controller.ProfileServlet] in context with path [/Lesson] threw exception [org.apache.jasper.JasperException: java.lang.ClassNotFoundException: org.apache.jsp.index_jsp] with root cause
	java.lang.ClassNotFoundException: org.apache.jsp.index_jsp
		at java.base/java.net.URLClassLoader.findClass(URLClassLoader.java:445)
		at org.apache.jasper.servlet.JasperLoader.loadClass(JasperLoader.java:119)
		at org.apache.jasper.servlet.JasperLoader.loadClass(JasperLoader.java:56)
		at org.apache.catalina.core.DefaultInstanceManager.newInstance(DefaultInstanceManager.java:150)
		at org.apache.jasper.servlet.JspServletWrapper.getServlet(JspServletWrapper.java:174)
		at org.apache.jasper.servlet.JspServletWrapper.service(JspServletWrapper.java:393)
		at org.apache.jasper.servlet.JspServlet.serviceJspFile(JspServlet.java:356)
		at org.apache.jasper.servlet.JspServlet.service(JspServlet.java:307)
		at javax.servlet.http.HttpServlet.service(HttpServlet.java:623)
		at org.apache.catalina.core.ApplicationFilterChain.internalDoFilter(ApplicationFilterChain.java:199)
		at org.apache.catalina.core.ApplicationFilterChain.doFilter(ApplicationFilterChain.java:144)
		at org.apache.tomcat.websocket.server.WsFilter.doFilter(WsFilter.java:51)
		at org.apache.catalina.core.ApplicationFilterChain.internalDoFilter(ApplicationFilterChain.java:168)
		at org.apache.catalina.core.ApplicationFilterChain.doFilter(ApplicationFilterChain.java:144)
		at org.apache.catalina.core.ApplicationDispatcher.invoke(ApplicationDispatcher.java:621)
		at org.apache.catalina.core.ApplicationDispatcher.processRequest(ApplicationDispatcher.java:401)
		at org.apache.catalina.core.ApplicationDispatcher.doForward(ApplicationDispatcher.java:340)
		at org.apache.catalina.core.ApplicationDispatcher.forward(ApplicationDispatcher.java:285)
		at vn.loc.controller.ProfileServlet.doGet(ProfileServlet.java:40)
		at javax.servlet.http.HttpServlet.service(HttpServlet.java:529)
		at javax.servlet.http.HttpServlet.service(HttpServlet.java:623)
		at org.apache.catalina.core.ApplicationFilterChain.internalDoFilter(ApplicationFilterChain.java:199)
		at org.apache.catalina.core.ApplicationFilterChain.doFilter(ApplicationFilterChain.java:144)
		at org.apache.tomcat.websocket.server.WsFilter.doFilter(WsFilter.java:51)
		at org.apache.catalina.core.ApplicationFilterChain.internalDoFilter(ApplicationFilterChain.java:168)
		at org.apache.catalina.core.ApplicationFilterChain.doFilter(ApplicationFilterChain.java:144)
		at org.apache.catalina.core.StandardWrapperValve.invoke(StandardWrapperValve.java:168)
		at org.apache.catalina.core.StandardContextValve.invoke(StandardContextValve.java:90)
		at org.apache.catalina.authenticator.AuthenticatorBase.invoke(AuthenticatorBase.java:482)
		at org.apache.catalina.core.StandardHostValve.invoke(StandardHostValve.java:130)
		at org.apache.catalina.valves.ErrorReportValve.invoke(ErrorReportValve.java:93)
		at org.apache.catalina.valves.AbstractAccessLogValve.invoke(AbstractAccessLogValve.java:656)
		at org.apache.catalina.core.StandardEngineValve.invoke(StandardEngineValve.java:74)
		at org.apache.catalina.connector.CoyoteAdapter.service(CoyoteAdapter.java:346)
		at org.apache.coyote.http11.Http11Processor.service(Http11Processor.java:397)
		at org.apache.coyote.AbstractProcessorLight.process(AbstractProcessorLight.java:63)
		at org.apache.coyote.AbstractProtocol$ConnectionHandler.process(AbstractProtocol.java:935)
		at org.apache.tomcat.util.net.NioEndpoint$SocketProcessor.doRun(NioEndpoint.java:1826)
		at org.apache.tomcat.util.net.SocketProcessorBase.run(SocketProcessorBase.java:52)
		at org.apache.tomcat.util.threads.ThreadPoolExecutor.runWorker(ThreadPoolExecutor.java:1189)
		at org.apache.tomcat.util.threads.ThreadPoolExecutor$Worker.run(ThreadPoolExecutor.java:658)
		at org.apache.tomcat.util.threads.TaskThread$WrappingRunnable.run(TaskThread.java:63)
		at java.base/java.lang.Thread.run(Thread.java:840)
05-Oct-2025 21:00:57.654 INFO [main] org.apache.catalina.core.ApplicationContext.log SessionListener: contextDestroyed()
05-Oct-2025 21:00:57.654 INFO [main] org.apache.catalina.core.ApplicationContext.log ContextListener: contextDestroyed()
05-Oct-2025 21:01:05.521 INFO [main] org.apache.catalina.core.ApplicationContext.log ContextListener: contextInitialized()
05-Oct-2025 21:01:05.521 INFO [main] org.apache.catalina.core.ApplicationContext.log SessionListener: contextInitialized()
05-Oct-2025 21:01:05.522 INFO [main] org.apache.catalina.core.ApplicationContext.log ContextListener: attributeAdded('StockTicker', 'async.Stockticker@4beddc56')
05-Oct-2025 22:00:26.589 INFO [main] org.apache.catalina.core.ApplicationContext.log SessionListener: contextDestroyed()
05-Oct-2025 22:00:26.589 INFO [main] org.apache.catalina.core.ApplicationContext.log ContextListener: contextDestroyed()
05-Oct-2025 22:01:10.613 INFO [main] org.apache.catalina.core.ApplicationContext.log ContextListener: contextInitialized()
05-Oct-2025 22:01:10.613 INFO [main] org.apache.catalina.core.ApplicationContext.log SessionListener: contextInitialized()
05-Oct-2025 22:01:10.614 INFO [main] org.apache.catalina.core.ApplicationContext.log ContextListener: attributeAdded('StockTicker', 'async.Stockticker@743cb8e0')
05-Oct-2025 22:01:31.113 INFO [main] org.apache.catalina.core.ApplicationContext.log SessionListener: contextDestroyed()
05-Oct-2025 22:01:31.113 INFO [main] org.apache.catalina.core.ApplicationContext.log ContextListener: contextDestroyed()
05-Oct-2025 22:01:33.743 INFO [main] org.apache.catalina.core.ApplicationContext.log ContextListener: contextInitialized()
05-Oct-2025 22:01:33.743 INFO [main] org.apache.catalina.core.ApplicationContext.log SessionListener: contextInitialized()
05-Oct-2025 22:01:33.743 INFO [main] org.apache.catalina.core.ApplicationContext.log ContextListener: attributeAdded('StockTicker', 'async.Stockticker@435ce306')
05-Oct-2025 22:01:35.214 SEVERE [http-nio-8080-exec-1] org.apache.catalina.core.ApplicationDispatcher.invoke Servlet.service() for servlet [jsp] threw exception
	org.apache.jasper.JasperException: /index.jsp (line: [99], column: [12]) The end tag "&lt;/c:forEach" is unbalanced
		at org.apache.jasper.compiler.DefaultErrorHandler.jspError(DefaultErrorHandler.java:31)
		at org.apache.jasper.compiler.ErrorDispatcher.dispatch(ErrorDispatcher.java:268)
		at org.apache.jasper.compiler.ErrorDispatcher.jspError(ErrorDispatcher.java:91)
		at org.apache.jasper.compiler.Parser.checkUnbalancedEndTag(Parser.java:1502)
		at org.apache.jasper.compiler.Parser.parseElements(Parser.java:1385)
		at org.apache.jasper.compiler.Parser.parseBody(Parser.java:1569)
		at org.apache.jasper.compiler.Parser.parseOptionalBody(Parser.java:953)
		at org.apache.jasper.compiler.Parser.parseCustomTag(Parser.java:1213)
		at org.apache.jasper.compiler.Parser.parseElements(Parser.java:1384)
		at org.apache.jasper.compiler.Parser.parseBody(Parser.java:1569)
		at org.apache.jasper.compiler.Parser.parseOptionalBody(Parser.java:953)
		at org.apache.jasper.compiler.Parser.parseCustomTag(Parser.java:1213)
		at org.apache.jasper.compiler.Parser.parseElements(Parser.java:1384)
		at org.apache.jasper.compiler.Parser.parse(Parser.java:137)
		at org.apache.jasper.compiler.ParserController.doParse(ParserController.java:243)
		at org.apache.jasper.compiler.ParserController.parse(ParserController.java:106)
		at org.apache.jasper.compiler.Compiler.generateJava(Compiler.java:193)
		at org.apache.jasper.compiler.Compiler.compile(Compiler.java:366)
		at org.apache.jasper.compiler.Compiler.compile(Compiler.java:344)
		at org.apache.jasper.compiler.Compiler.compile(Compiler.java:330)
		at org.apache.jasper.JspCompilationContext.compile(JspCompilationContext.java:591)
		at org.apache.jasper.servlet.JspServletWrapper.service(JspServletWrapper.java:379)
		at org.apache.jasper.servlet.JspServlet.serviceJspFile(JspServlet.java:356)
		at org.apache.jasper.servlet.JspServlet.service(JspServlet.java:307)
		at javax.servlet.http.HttpServlet.service(HttpServlet.java:623)
		at org.apache.catalina.core.ApplicationFilterChain.internalDoFilter(ApplicationFilterChain.java:199)
		at org.apache.catalina.core.ApplicationFilterChain.doFilter(ApplicationFilterChain.java:144)
		at org.apache.tomcat.websocket.server.WsFilter.doFilter(WsFilter.java:51)
		at org.apache.catalina.core.ApplicationFilterChain.internalDoFilter(ApplicationFilterChain.java:168)
		at org.apache.catalina.core.ApplicationFilterChain.doFilter(ApplicationFilterChain.java:144)
		at org.apache.catalina.core.ApplicationDispatcher.invoke(ApplicationDispatcher.java:621)
		at org.apache.catalina.core.ApplicationDispatcher.processRequest(ApplicationDispatcher.java:401)
		at org.apache.catalina.core.ApplicationDispatcher.doForward(ApplicationDispatcher.java:340)
		at org.apache.catalina.core.ApplicationDispatcher.forward(ApplicationDispatcher.java:285)
		at vn.loc.controller.ProfileServlet.doGet(ProfileServlet.java:56)
		at javax.servlet.http.HttpServlet.service(HttpServlet.java:529)
		at javax.servlet.http.HttpServlet.service(HttpServlet.java:623)
		at org.apache.catalina.core.ApplicationFilterChain.internalDoFilter(ApplicationFilterChain.java:199)
		at org.apache.catalina.core.ApplicationFilterChain.doFilter(ApplicationFilterChain.java:144)
		at org.apache.tomcat.websocket.server.WsFilter.doFilter(WsFilter.java:51)
		at org.apache.catalina.core.ApplicationFilterChain.internalDoFilter(ApplicationFilterChain.java:168)
		at org.apache.catalina.core.ApplicationFilterChain.doFilter(ApplicationFilterChain.java:144)
		at org.apache.catalina.core.StandardWrapperValve.invoke(StandardWrapperValve.java:168)
		at org.apache.catalina.core.StandardContextValve.invoke(StandardContextValve.java:90)
		at org.apache.catalina.authenticator.AuthenticatorBase.invoke(AuthenticatorBase.java:482)
		at org.apache.catalina.core.StandardHostValve.invoke(StandardHostValve.java:130)
		at org.apache.catalina.valves.ErrorReportValve.invoke(ErrorReportValve.java:93)
		at org.apache.catalina.valves.AbstractAccessLogValve.invoke(AbstractAccessLogValve.java:656)
		at org.apache.catalina.core.StandardEngineValve.invoke(StandardEngineValve.java:74)
		at org.apache.catalina.connector.CoyoteAdapter.service(CoyoteAdapter.java:346)
		at org.apache.coyote.http11.Http11Processor.service(Http11Processor.java:397)
		at org.apache.coyote.AbstractProcessorLight.process(AbstractProcessorLight.java:63)
		at org.apache.coyote.AbstractProtocol$ConnectionHandler.process(AbstractProtocol.java:935)
		at org.apache.tomcat.util.net.NioEndpoint$SocketProcessor.doRun(NioEndpoint.java:1826)
		at org.apache.tomcat.util.net.SocketProcessorBase.run(SocketProcessorBase.java:52)
		at org.apache.tomcat.util.threads.ThreadPoolExecutor.runWorker(ThreadPoolExecutor.java:1189)
		at org.apache.tomcat.util.threads.ThreadPoolExecutor$Worker.run(ThreadPoolExecutor.java:658)
		at org.apache.tomcat.util.threads.TaskThread$WrappingRunnable.run(TaskThread.java:63)
		at java.base/java.lang.Thread.run(Thread.java:840)
05-Oct-2025 22:01:35.214 SEVERE [http-nio-8080-exec-1] org.apache.catalina.core.StandardWrapperValve.invoke Servlet.service() for servlet [vn.loc.controller.ProfileServlet] in context with path [/Lesson] threw exception [/index.jsp (line: [99], column: [12]) The end tag "&lt;/c:forEach" is unbalanced] with root cause
	org.apache.jasper.JasperException: /index.jsp (line: [99], column: [12]) The end tag "&lt;/c:forEach" is unbalanced
		at org.apache.jasper.compiler.DefaultErrorHandler.jspError(DefaultErrorHandler.java:31)
		at org.apache.jasper.compiler.ErrorDispatcher.dispatch(ErrorDispatcher.java:268)
		at org.apache.jasper.compiler.ErrorDispatcher.jspError(ErrorDispatcher.java:91)
		at org.apache.jasper.compiler.Parser.checkUnbalancedEndTag(Parser.java:1502)
		at org.apache.jasper.compiler.Parser.parseElements(Parser.java:1385)
		at org.apache.jasper.compiler.Parser.parseBody(Parser.java:1569)
		at org.apache.jasper.compiler.Parser.parseOptionalBody(Parser.java:953)
		at org.apache.jasper.compiler.Parser.parseCustomTag(Parser.java:1213)
		at org.apache.jasper.compiler.Parser.parseElements(Parser.java:1384)
		at org.apache.jasper.compiler.Parser.parseBody(Parser.java:1569)
		at org.apache.jasper.compiler.Parser.parseOptionalBody(Parser.java:953)
		at org.apache.jasper.compiler.Parser.parseCustomTag(Parser.java:1213)
		at org.apache.jasper.compiler.Parser.parseElements(Parser.java:1384)
		at org.apache.jasper.compiler.Parser.parse(Parser.java:137)
		at org.apache.jasper.compiler.ParserController.doParse(ParserController.java:243)
		at org.apache.jasper.compiler.ParserController.parse(ParserController.java:106)
		at org.apache.jasper.compiler.Compiler.generateJava(Compiler.java:193)
		at org.apache.jasper.compiler.Compiler.compile(Compiler.java:366)
		at org.apache.jasper.compiler.Compiler.compile(Compiler.java:344)
		at org.apache.jasper.compiler.Compiler.compile(Compiler.java:330)
		at org.apache.jasper.JspCompilationContext.compile(JspCompilationContext.java:591)
		at org.apache.jasper.servlet.JspServletWrapper.service(JspServletWrapper.java:379)
		at org.apache.jasper.servlet.JspServlet.serviceJspFile(JspServlet.java:356)
		at org.apache.jasper.servlet.JspServlet.service(JspServlet.java:307)
		at javax.servlet.http.HttpServlet.service(HttpServlet.java:623)
		at org.apache.catalina.core.ApplicationFilterChain.internalDoFilter(ApplicationFilterChain.java:199)
		at org.apache.catalina.core.ApplicationFilterChain.doFilter(ApplicationFilterChain.java:144)
		at org.apache.tomcat.websocket.server.WsFilter.doFilter(WsFilter.java:51)
		at org.apache.catalina.core.ApplicationFilterChain.internalDoFilter(ApplicationFilterChain.java:168)
		at org.apache.catalina.core.ApplicationFilterChain.doFilter(ApplicationFilterChain.java:144)
		at org.apache.catalina.core.ApplicationDispatcher.invoke(ApplicationDispatcher.java:621)
		at org.apache.catalina.core.ApplicationDispatcher.processRequest(ApplicationDispatcher.java:401)
		at org.apache.catalina.core.ApplicationDispatcher.doForward(ApplicationDispatcher.java:340)
		at org.apache.catalina.core.ApplicationDispatcher.forward(ApplicationDispatcher.java:285)
		at vn.loc.controller.ProfileServlet.doGet(ProfileServlet.java:56)
		at javax.servlet.http.HttpServlet.service(HttpServlet.java:529)
		at javax.servlet.http.HttpServlet.service(HttpServlet.java:623)
		at org.apache.catalina.core.ApplicationFilterChain.internalDoFilter(ApplicationFilterChain.java:199)
		at org.apache.catalina.core.ApplicationFilterChain.doFilter(ApplicationFilterChain.java:144)
		at org.apache.tomcat.websocket.server.WsFilter.doFilter(WsFilter.java:51)
		at org.apache.catalina.core.ApplicationFilterChain.internalDoFilter(ApplicationFilterChain.java:168)
		at org.apache.catalina.core.ApplicationFilterChain.doFilter(ApplicationFilterChain.java:144)
		at org.apache.catalina.core.StandardWrapperValve.invoke(StandardWrapperValve.java:168)
		at org.apache.catalina.core.StandardContextValve.invoke(StandardContextValve.java:90)
		at org.apache.catalina.authenticator.AuthenticatorBase.invoke(AuthenticatorBase.java:482)
		at org.apache.catalina.core.StandardHostValve.invoke(StandardHostValve.java:130)
		at org.apache.catalina.valves.ErrorReportValve.invoke(ErrorReportValve.java:93)
		at org.apache.catalina.valves.AbstractAccessLogValve.invoke(AbstractAccessLogValve.java:656)
		at org.apache.catalina.core.StandardEngineValve.invoke(StandardEngineValve.java:74)
		at org.apache.catalina.connector.CoyoteAdapter.service(CoyoteAdapter.java:346)
		at org.apache.coyote.http11.Http11Processor.service(Http11Processor.java:397)
		at org.apache.coyote.AbstractProcessorLight.process(AbstractProcessorLight.java:63)
		at org.apache.coyote.AbstractProtocol$ConnectionHandler.process(AbstractProtocol.java:935)
		at org.apache.tomcat.util.net.NioEndpoint$SocketProcessor.doRun(NioEndpoint.java:1826)
		at org.apache.tomcat.util.net.SocketProcessorBase.run(SocketProcessorBase.java:52)
		at org.apache.tomcat.util.threads.ThreadPoolExecutor.runWorker(ThreadPoolExecutor.java:1189)
		at org.apache.tomcat.util.threads.ThreadPoolExecutor$Worker.run(ThreadPoolExecutor.java:658)
		at org.apache.tomcat.util.threads.TaskThread$WrappingRunnable.run(TaskThread.java:63)
		at java.base/java.lang.Thread.run(Thread.java:840)
05-Oct-2025 22:01:38.031 SEVERE [http-nio-8080-exec-2] org.apache.catalina.core.ApplicationDispatcher.invoke Servlet.service() for servlet [jsp] threw exception
	java.lang.ClassNotFoundException: org.apache.jsp.index_jsp
		at java.base/java.net.URLClassLoader.findClass(URLClassLoader.java:445)
		at org.apache.jasper.servlet.JasperLoader.loadClass(JasperLoader.java:119)
		at org.apache.jasper.servlet.JasperLoader.loadClass(JasperLoader.java:56)
		at org.apache.catalina.core.DefaultInstanceManager.newInstance(DefaultInstanceManager.java:150)
		at org.apache.jasper.servlet.JspServletWrapper.getServlet(JspServletWrapper.java:174)
		at org.apache.jasper.servlet.JspServletWrapper.service(JspServletWrapper.java:393)
		at org.apache.jasper.servlet.JspServlet.serviceJspFile(JspServlet.java:356)
		at org.apache.jasper.servlet.JspServlet.service(JspServlet.java:307)
		at javax.servlet.http.HttpServlet.service(HttpServlet.java:623)
		at org.apache.catalina.core.ApplicationFilterChain.internalDoFilter(ApplicationFilterChain.java:199)
		at org.apache.catalina.core.ApplicationFilterChain.doFilter(ApplicationFilterChain.java:144)
		at org.apache.tomcat.websocket.server.WsFilter.doFilter(WsFilter.java:51)
		at org.apache.catalina.core.ApplicationFilterChain.internalDoFilter(ApplicationFilterChain.java:168)
		at org.apache.catalina.core.ApplicationFilterChain.doFilter(ApplicationFilterChain.java:144)
		at org.apache.catalina.core.ApplicationDispatcher.invoke(ApplicationDispatcher.java:621)
		at org.apache.catalina.core.ApplicationDispatcher.processRequest(ApplicationDispatcher.java:401)
		at org.apache.catalina.core.ApplicationDispatcher.doForward(ApplicationDispatcher.java:340)
		at org.apache.catalina.core.ApplicationDispatcher.forward(ApplicationDispatcher.java:285)
		at vn.loc.controller.ProfileServlet.doGet(ProfileServlet.java:56)
		at javax.servlet.http.HttpServlet.service(HttpServlet.java:529)
		at javax.servlet.http.HttpServlet.service(HttpServlet.java:623)
		at org.apache.catalina.core.ApplicationFilterChain.internalDoFilter(ApplicationFilterChain.java:199)
		at org.apache.catalina.core.ApplicationFilterChain.doFilter(ApplicationFilterChain.java:144)
		at org.apache.tomcat.websocket.server.WsFilter.doFilter(WsFilter.java:51)
		at org.apache.catalina.core.ApplicationFilterChain.internalDoFilter(ApplicationFilterChain.java:168)
		at org.apache.catalina.core.ApplicationFilterChain.doFilter(ApplicationFilterChain.java:144)
		at org.apache.catalina.core.StandardWrapperValve.invoke(StandardWrapperValve.java:168)
		at org.apache.catalina.core.StandardContextValve.invoke(StandardContextValve.java:90)
		at org.apache.catalina.authenticator.AuthenticatorBase.invoke(AuthenticatorBase.java:482)
		at org.apache.catalina.core.StandardHostValve.invoke(StandardHostValve.java:130)
		at org.apache.catalina.valves.ErrorReportValve.invoke(ErrorReportValve.java:93)
		at org.apache.catalina.valves.AbstractAccessLogValve.invoke(AbstractAccessLogValve.java:656)
		at org.apache.catalina.core.StandardEngineValve.invoke(StandardEngineValve.java:74)
		at org.apache.catalina.connector.CoyoteAdapter.service(CoyoteAdapter.java:346)
		at org.apache.coyote.http11.Http11Processor.service(Http11Processor.java:397)
		at org.apache.coyote.AbstractProcessorLight.process(AbstractProcessorLight.java:63)
		at org.apache.coyote.AbstractProtocol$ConnectionHandler.process(AbstractProtocol.java:935)
		at org.apache.tomcat.util.net.NioEndpoint$SocketProcessor.doRun(NioEndpoint.java:1826)
		at org.apache.tomcat.util.net.SocketProcessorBase.run(SocketProcessorBase.java:52)
		at org.apache.tomcat.util.threads.ThreadPoolExecutor.runWorker(ThreadPoolExecutor.java:1189)
		at org.apache.tomcat.util.threads.ThreadPoolExecutor$Worker.run(ThreadPoolExecutor.java:658)
		at org.apache.tomcat.util.threads.TaskThread$WrappingRunnable.run(TaskThread.java:63)
		at java.base/java.lang.Thread.run(Thread.java:840)
05-Oct-2025 22:01:38.031 SEVERE [http-nio-8080-exec-2] org.apache.catalina.core.StandardWrapperValve.invoke Servlet.service() for servlet [vn.loc.controller.ProfileServlet] in context with path [/Lesson] threw exception [org.apache.jasper.JasperException: java.lang.ClassNotFoundException: org.apache.jsp.index_jsp] with root cause
	java.lang.ClassNotFoundException: org.apache.jsp.index_jsp
		at java.base/java.net.URLClassLoader.findClass(URLClassLoader.java:445)
		at org.apache.jasper.servlet.JasperLoader.loadClass(JasperLoader.java:119)
		at org.apache.jasper.servlet.JasperLoader.loadClass(JasperLoader.java:56)
		at org.apache.catalina.core.DefaultInstanceManager.newInstance(DefaultInstanceManager.java:150)
		at org.apache.jasper.servlet.JspServletWrapper.getServlet(JspServletWrapper.java:174)
		at org.apache.jasper.servlet.JspServletWrapper.service(JspServletWrapper.java:393)
		at org.apache.jasper.servlet.JspServlet.serviceJspFile(JspServlet.java:356)
		at org.apache.jasper.servlet.JspServlet.service(JspServlet.java:307)
		at javax.servlet.http.HttpServlet.service(HttpServlet.java:623)
		at org.apache.catalina.core.ApplicationFilterChain.internalDoFilter(ApplicationFilterChain.java:199)
		at org.apache.catalina.core.ApplicationFilterChain.doFilter(ApplicationFilterChain.java:144)
		at org.apache.tomcat.websocket.server.WsFilter.doFilter(WsFilter.java:51)
		at org.apache.catalina.core.ApplicationFilterChain.internalDoFilter(ApplicationFilterChain.java:168)
		at org.apache.catalina.core.ApplicationFilterChain.doFilter(ApplicationFilterChain.java:144)
		at org.apache.catalina.core.ApplicationDispatcher.invoke(ApplicationDispatcher.java:621)
		at org.apache.catalina.core.ApplicationDispatcher.processRequest(ApplicationDispatcher.java:401)
		at org.apache.catalina.core.ApplicationDispatcher.doForward(ApplicationDispatcher.java:340)
		at org.apache.catalina.core.ApplicationDispatcher.forward(ApplicationDispatcher.java:285)
		at vn.loc.controller.ProfileServlet.doGet(ProfileServlet.java:56)
		at javax.servlet.http.HttpServlet.service(HttpServlet.java:529)
		at javax.servlet.http.HttpServlet.service(HttpServlet.java:623)
		at org.apache.catalina.core.ApplicationFilterChain.internalDoFilter(ApplicationFilterChain.java:199)
		at org.apache.catalina.core.ApplicationFilterChain.doFilter(ApplicationFilterChain.java:144)
		at org.apache.tomcat.websocket.server.WsFilter.doFilter(WsFilter.java:51)
		at org.apache.catalina.core.ApplicationFilterChain.internalDoFilter(ApplicationFilterChain.java:168)
		at org.apache.catalina.core.ApplicationFilterChain.doFilter(ApplicationFilterChain.java:144)
		at org.apache.catalina.core.StandardWrapperValve.invoke(StandardWrapperValve.java:168)
		at org.apache.catalina.core.StandardContextValve.invoke(StandardContextValve.java:90)
		at org.apache.catalina.authenticator.AuthenticatorBase.invoke(AuthenticatorBase.java:482)
		at org.apache.catalina.core.StandardHostValve.invoke(StandardHostValve.java:130)
		at org.apache.catalina.valves.ErrorReportValve.invoke(ErrorReportValve.java:93)
		at org.apache.catalina.valves.AbstractAccessLogValve.invoke(AbstractAccessLogValve.java:656)
		at org.apache.catalina.core.StandardEngineValve.invoke(StandardEngineValve.java:74)
		at org.apache.catalina.connector.CoyoteAdapter.service(CoyoteAdapter.java:346)
		at org.apache.coyote.http11.Http11Processor.service(Http11Processor.java:397)
		at org.apache.coyote.AbstractProcessorLight.process(AbstractProcessorLight.java:63)
		at org.apache.coyote.AbstractProtocol$ConnectionHandler.process(AbstractProtocol.java:935)
		at org.apache.tomcat.util.net.NioEndpoint$SocketProcessor.doRun(NioEndpoint.java:1826)
		at org.apache.tomcat.util.net.SocketProcessorBase.run(SocketProcessorBase.java:52)
		at org.apache.tomcat.util.threads.ThreadPoolExecutor.runWorker(ThreadPoolExecutor.java:1189)
		at org.apache.tomcat.util.threads.ThreadPoolExecutor$Worker.run(ThreadPoolExecutor.java:658)
		at org.apache.tomcat.util.threads.TaskThread$WrappingRunnable.run(TaskThread.java:63)
		at java.base/java.lang.Thread.run(Thread.java:840)
05-Oct-2025 22:01:38.179 SEVERE [http-nio-8080-exec-3] org.apache.catalina.core.ApplicationDispatcher.invoke Servlet.service() for servlet [jsp] threw exception
	java.lang.ClassNotFoundException: org.apache.jsp.index_jsp
		at java.base/java.net.URLClassLoader.findClass(URLClassLoader.java:445)
		at org.apache.jasper.servlet.JasperLoader.loadClass(JasperLoader.java:119)
		at org.apache.jasper.servlet.JasperLoader.loadClass(JasperLoader.java:56)
		at org.apache.catalina.core.DefaultInstanceManager.newInstance(DefaultInstanceManager.java:150)
		at org.apache.jasper.servlet.JspServletWrapper.getServlet(JspServletWrapper.java:174)
		at org.apache.jasper.servlet.JspServletWrapper.service(JspServletWrapper.java:393)
		at org.apache.jasper.servlet.JspServlet.serviceJspFile(JspServlet.java:356)
		at org.apache.jasper.servlet.JspServlet.service(JspServlet.java:307)
		at javax.servlet.http.HttpServlet.service(HttpServlet.java:623)
		at org.apache.catalina.core.ApplicationFilterChain.internalDoFilter(ApplicationFilterChain.java:199)
		at org.apache.catalina.core.ApplicationFilterChain.doFilter(ApplicationFilterChain.java:144)
		at org.apache.tomcat.websocket.server.WsFilter.doFilter(WsFilter.java:51)
		at org.apache.catalina.core.ApplicationFilterChain.internalDoFilter(ApplicationFilterChain.java:168)
		at org.apache.catalina.core.ApplicationFilterChain.doFilter(ApplicationFilterChain.java:144)
		at org.apache.catalina.core.ApplicationDispatcher.invoke(ApplicationDispatcher.java:621)
		at org.apache.catalina.core.ApplicationDispatcher.processRequest(ApplicationDispatcher.java:401)
		at org.apache.catalina.core.ApplicationDispatcher.doForward(ApplicationDispatcher.java:340)
		at org.apache.catalina.core.ApplicationDispatcher.forward(ApplicationDispatcher.java:285)
		at vn.loc.controller.ProfileServlet.doGet(ProfileServlet.java:56)
		at javax.servlet.http.HttpServlet.service(HttpServlet.java:529)
		at javax.servlet.http.HttpServlet.service(HttpServlet.java:623)
		at org.apache.catalina.core.ApplicationFilterChain.internalDoFilter(ApplicationFilterChain.java:199)
		at org.apache.catalina.core.ApplicationFilterChain.doFilter(ApplicationFilterChain.java:144)
		at org.apache.tomcat.websocket.server.WsFilter.doFilter(WsFilter.java:51)
		at org.apache.catalina.core.ApplicationFilterChain.internalDoFilter(ApplicationFilterChain.java:168)
		at org.apache.catalina.core.ApplicationFilterChain.doFilter(ApplicationFilterChain.java:144)
		at org.apache.catalina.core.StandardWrapperValve.invoke(StandardWrapperValve.java:168)
		at org.apache.catalina.core.StandardContextValve.invoke(StandardContextValve.java:90)
		at org.apache.catalina.authenticator.AuthenticatorBase.invoke(AuthenticatorBase.java:482)
		at org.apache.catalina.core.StandardHostValve.invoke(StandardHostValve.java:130)
		at org.apache.catalina.valves.ErrorReportValve.invoke(ErrorReportValve.java:93)
		at org.apache.catalina.valves.AbstractAccessLogValve.invoke(AbstractAccessLogValve.java:656)
		at org.apache.catalina.core.StandardEngineValve.invoke(StandardEngineValve.java:74)
		at org.apache.catalina.connector.CoyoteAdapter.service(CoyoteAdapter.java:346)
		at org.apache.coyote.http11.Http11Processor.service(Http11Processor.java:397)
		at org.apache.coyote.AbstractProcessorLight.process(AbstractProcessorLight.java:63)
		at org.apache.coyote.AbstractProtocol$ConnectionHandler.process(AbstractProtocol.java:935)
		at org.apache.tomcat.util.net.NioEndpoint$SocketProcessor.doRun(NioEndpoint.java:1826)
		at org.apache.tomcat.util.net.SocketProcessorBase.run(SocketProcessorBase.java:52)
		at org.apache.tomcat.util.threads.ThreadPoolExecutor.runWorker(ThreadPoolExecutor.java:1189)
		at org.apache.tomcat.util.threads.ThreadPoolExecutor$Worker.run(ThreadPoolExecutor.java:658)
		at org.apache.tomcat.util.threads.TaskThread$WrappingRunnable.run(TaskThread.java:63)
		at java.base/java.lang.Thread.run(Thread.java:840)
05-Oct-2025 22:01:38.179 SEVERE [http-nio-8080-exec-3] org.apache.catalina.core.StandardWrapperValve.invoke Servlet.service() for servlet [vn.loc.controller.ProfileServlet] in context with path [/Lesson] threw exception [org.apache.jasper.JasperException: java.lang.ClassNotFoundException: org.apache.jsp.index_jsp] with root cause
	java.lang.ClassNotFoundException: org.apache.jsp.index_jsp
		at java.base/java.net.URLClassLoader.findClass(URLClassLoader.java:445)
		at org.apache.jasper.servlet.JasperLoader.loadClass(JasperLoader.java:119)
		at org.apache.jasper.servlet.JasperLoader.loadClass(JasperLoader.java:56)
		at org.apache.catalina.core.DefaultInstanceManager.newInstance(DefaultInstanceManager.java:150)
		at org.apache.jasper.servlet.JspServletWrapper.getServlet(JspServletWrapper.java:174)
		at org.apache.jasper.servlet.JspServletWrapper.service(JspServletWrapper.java:393)
		at org.apache.jasper.servlet.JspServlet.serviceJspFile(JspServlet.java:356)
		at org.apache.jasper.servlet.JspServlet.service(JspServlet.java:307)
		at javax.servlet.http.HttpServlet.service(HttpServlet.java:623)
		at org.apache.catalina.core.ApplicationFilterChain.internalDoFilter(ApplicationFilterChain.java:199)
		at org.apache.catalina.core.ApplicationFilterChain.doFilter(ApplicationFilterChain.java:144)
		at org.apache.tomcat.websocket.server.WsFilter.doFilter(WsFilter.java:51)
		at org.apache.catalina.core.ApplicationFilterChain.internalDoFilter(ApplicationFilterChain.java:168)
		at org.apache.catalina.core.ApplicationFilterChain.doFilter(ApplicationFilterChain.java:144)
		at org.apache.catalina.core.ApplicationDispatcher.invoke(ApplicationDispatcher.java:621)
		at org.apache.catalina.core.ApplicationDispatcher.processRequest(ApplicationDispatcher.java:401)
		at org.apache.catalina.core.ApplicationDispatcher.doForward(ApplicationDispatcher.java:340)
		at org.apache.catalina.core.ApplicationDispatcher.forward(ApplicationDispatcher.java:285)
		at vn.loc.controller.ProfileServlet.doGet(ProfileServlet.java:56)
		at javax.servlet.http.HttpServlet.service(HttpServlet.java:529)
		at javax.servlet.http.HttpServlet.service(HttpServlet.java:623)
		at org.apache.catalina.core.ApplicationFilterChain.internalDoFilter(ApplicationFilterChain.java:199)
		at org.apache.catalina.core.ApplicationFilterChain.doFilter(ApplicationFilterChain.java:144)
		at org.apache.tomcat.websocket.server.WsFilter.doFilter(WsFilter.java:51)
		at org.apache.catalina.core.ApplicationFilterChain.internalDoFilter(ApplicationFilterChain.java:168)
		at org.apache.catalina.core.ApplicationFilterChain.doFilter(ApplicationFilterChain.java:144)
		at org.apache.catalina.core.StandardWrapperValve.invoke(StandardWrapperValve.java:168)
		at org.apache.catalina.core.StandardContextValve.invoke(StandardContextValve.java:90)
		at org.apache.catalina.authenticator.AuthenticatorBase.invoke(AuthenticatorBase.java:482)
		at org.apache.catalina.core.StandardHostValve.invoke(StandardHostValve.java:130)
		at org.apache.catalina.valves.ErrorReportValve.invoke(ErrorReportValve.java:93)
		at org.apache.catalina.valves.AbstractAccessLogValve.invoke(AbstractAccessLogValve.java:656)
		at org.apache.catalina.core.StandardEngineValve.invoke(StandardEngineValve.java:74)
		at org.apache.catalina.connector.CoyoteAdapter.service(CoyoteAdapter.java:346)
		at org.apache.coyote.http11.Http11Processor.service(Http11Processor.java:397)
		at org.apache.coyote.AbstractProcessorLight.process(AbstractProcessorLight.java:63)
		at org.apache.coyote.AbstractProtocol$ConnectionHandler.process(AbstractProtocol.java:935)
		at org.apache.tomcat.util.net.NioEndpoint$SocketProcessor.doRun(NioEndpoint.java:1826)
		at org.apache.tomcat.util.net.SocketProcessorBase.run(SocketProcessorBase.java:52)
		at org.apache.tomcat.util.threads.ThreadPoolExecutor.runWorker(ThreadPoolExecutor.java:1189)
		at org.apache.tomcat.util.threads.ThreadPoolExecutor$Worker.run(ThreadPoolExecutor.java:658)
		at org.apache.tomcat.util.threads.TaskThread$WrappingRunnable.run(TaskThread.java:63)
		at java.base/java.lang.Thread.run(Thread.java:840)
05-Oct-2025 22:01:38.297 SEVERE [http-nio-8080-exec-4] org.apache.catalina.core.ApplicationDispatcher.invoke Servlet.service() for servlet [jsp] threw exception
	java.lang.ClassNotFoundException: org.apache.jsp.index_jsp
		at java.base/java.net.URLClassLoader.findClass(URLClassLoader.java:445)
		at org.apache.jasper.servlet.JasperLoader.loadClass(JasperLoader.java:119)
		at org.apache.jasper.servlet.JasperLoader.loadClass(JasperLoader.java:56)
		at org.apache.catalina.core.DefaultInstanceManager.newInstance(DefaultInstanceManager.java:150)
		at org.apache.jasper.servlet.JspServletWrapper.getServlet(JspServletWrapper.java:174)
		at org.apache.jasper.servlet.JspServletWrapper.service(JspServletWrapper.java:393)
		at org.apache.jasper.servlet.JspServlet.serviceJspFile(JspServlet.java:356)
		at org.apache.jasper.servlet.JspServlet.service(JspServlet.java:307)
		at javax.servlet.http.HttpServlet.service(HttpServlet.java:623)
		at org.apache.catalina.core.ApplicationFilterChain.internalDoFilter(ApplicationFilterChain.java:199)
		at org.apache.catalina.core.ApplicationFilterChain.doFilter(ApplicationFilterChain.java:144)
		at org.apache.tomcat.websocket.server.WsFilter.doFilter(WsFilter.java:51)
		at org.apache.catalina.core.ApplicationFilterChain.internalDoFilter(ApplicationFilterChain.java:168)
		at org.apache.catalina.core.ApplicationFilterChain.doFilter(ApplicationFilterChain.java:144)
		at org.apache.catalina.core.ApplicationDispatcher.invoke(ApplicationDispatcher.java:621)
		at org.apache.catalina.core.ApplicationDispatcher.processRequest(ApplicationDispatcher.java:401)
		at org.apache.catalina.core.ApplicationDispatcher.doForward(ApplicationDispatcher.java:340)
		at org.apache.catalina.core.ApplicationDispatcher.forward(ApplicationDispatcher.java:285)
		at vn.loc.controller.ProfileServlet.doGet(ProfileServlet.java:56)
		at javax.servlet.http.HttpServlet.service(HttpServlet.java:529)
		at javax.servlet.http.HttpServlet.service(HttpServlet.java:623)
		at org.apache.catalina.core.ApplicationFilterChain.internalDoFilter(ApplicationFilterChain.java:199)
		at org.apache.catalina.core.ApplicationFilterChain.doFilter(ApplicationFilterChain.java:144)
		at org.apache.tomcat.websocket.server.WsFilter.doFilter(WsFilter.java:51)
		at org.apache.catalina.core.ApplicationFilterChain.internalDoFilter(ApplicationFilterChain.java:168)
		at org.apache.catalina.core.ApplicationFilterChain.doFilter(ApplicationFilterChain.java:144)
		at org.apache.catalina.core.StandardWrapperValve.invoke(StandardWrapperValve.java:168)
		at org.apache.catalina.core.StandardContextValve.invoke(StandardContextValve.java:90)
		at org.apache.catalina.authenticator.AuthenticatorBase.invoke(AuthenticatorBase.java:482)
		at org.apache.catalina.core.StandardHostValve.invoke(StandardHostValve.java:130)
		at org.apache.catalina.valves.ErrorReportValve.invoke(ErrorReportValve.java:93)
		at org.apache.catalina.valves.AbstractAccessLogValve.invoke(AbstractAccessLogValve.java:656)
		at org.apache.catalina.core.StandardEngineValve.invoke(StandardEngineValve.java:74)
		at org.apache.catalina.connector.CoyoteAdapter.service(CoyoteAdapter.java:346)
		at org.apache.coyote.http11.Http11Processor.service(Http11Processor.java:397)
		at org.apache.coyote.AbstractProcessorLight.process(AbstractProcessorLight.java:63)
		at org.apache.coyote.AbstractProtocol$ConnectionHandler.process(AbstractProtocol.java:935)
		at org.apache.tomcat.util.net.NioEndpoint$SocketProcessor.doRun(NioEndpoint.java:1826)
		at org.apache.tomcat.util.net.SocketProcessorBase.run(SocketProcessorBase.java:52)
		at org.apache.tomcat.util.threads.ThreadPoolExecutor.runWorker(ThreadPoolExecutor.java:1189)
		at org.apache.tomcat.util.threads.ThreadPoolExecutor$Worker.run(ThreadPoolExecutor.java:658)
		at org.apache.tomcat.util.threads.TaskThread$WrappingRunnable.run(TaskThread.java:63)
		at java.base/java.lang.Thread.run(Thread.java:840)
05-Oct-2025 22:01:38.297 SEVERE [http-nio-8080-exec-4] org.apache.catalina.core.StandardWrapperValve.invoke Servlet.service() for servlet [vn.loc.controller.ProfileServlet] in context with path [/Lesson] threw exception [org.apache.jasper.JasperException: java.lang.ClassNotFoundException: org.apache.jsp.index_jsp] with root cause
	java.lang.ClassNotFoundException: org.apache.jsp.index_jsp
		at java.base/java.net.URLClassLoader.findClass(URLClassLoader.java:445)
		at org.apache.jasper.servlet.JasperLoader.loadClass(JasperLoader.java:119)
		at org.apache.jasper.servlet.JasperLoader.loadClass(JasperLoader.java:56)
		at org.apache.catalina.core.DefaultInstanceManager.newInstance(DefaultInstanceManager.java:150)
		at org.apache.jasper.servlet.JspServletWrapper.getServlet(JspServletWrapper.java:174)
		at org.apache.jasper.servlet.JspServletWrapper.service(JspServletWrapper.java:393)
		at org.apache.jasper.servlet.JspServlet.serviceJspFile(JspServlet.java:356)
		at org.apache.jasper.servlet.JspServlet.service(JspServlet.java:307)
		at javax.servlet.http.HttpServlet.service(HttpServlet.java:623)
		at org.apache.catalina.core.ApplicationFilterChain.internalDoFilter(ApplicationFilterChain.java:199)
		at org.apache.catalina.core.ApplicationFilterChain.doFilter(ApplicationFilterChain.java:144)
		at org.apache.tomcat.websocket.server.WsFilter.doFilter(WsFilter.java:51)
		at org.apache.catalina.core.ApplicationFilterChain.internalDoFilter(ApplicationFilterChain.java:168)
		at org.apache.catalina.core.ApplicationFilterChain.doFilter(ApplicationFilterChain.java:144)
		at org.apache.catalina.core.ApplicationDispatcher.invoke(ApplicationDispatcher.java:621)
		at org.apache.catalina.core.ApplicationDispatcher.processRequest(ApplicationDispatcher.java:401)
		at org.apache.catalina.core.ApplicationDispatcher.doForward(ApplicationDispatcher.java:340)
		at org.apache.catalina.core.ApplicationDispatcher.forward(ApplicationDispatcher.java:285)
		at vn.loc.controller.ProfileServlet.doGet(ProfileServlet.java:56)
		at javax.servlet.http.HttpServlet.service(HttpServlet.java:529)
		at javax.servlet.http.HttpServlet.service(HttpServlet.java:623)
		at org.apache.catalina.core.ApplicationFilterChain.internalDoFilter(ApplicationFilterChain.java:199)
		at org.apache.catalina.core.ApplicationFilterChain.doFilter(ApplicationFilterChain.java:144)
		at org.apache.tomcat.websocket.server.WsFilter.doFilter(WsFilter.java:51)
		at org.apache.catalina.core.ApplicationFilterChain.internalDoFilter(ApplicationFilterChain.java:168)
		at org.apache.catalina.core.ApplicationFilterChain.doFilter(ApplicationFilterChain.java:144)
		at org.apache.catalina.core.StandardWrapperValve.invoke(StandardWrapperValve.java:168)
		at org.apache.catalina.core.StandardContextValve.invoke(StandardContextValve.java:90)
		at org.apache.catalina.authenticator.AuthenticatorBase.invoke(AuthenticatorBase.java:482)
		at org.apache.catalina.core.StandardHostValve.invoke(StandardHostValve.java:130)
		at org.apache.catalina.valves.ErrorReportValve.invoke(ErrorReportValve.java:93)
		at org.apache.catalina.valves.AbstractAccessLogValve.invoke(AbstractAccessLogValve.java:656)
		at org.apache.catalina.core.StandardEngineValve.invoke(StandardEngineValve.java:74)
		at org.apache.catalina.connector.CoyoteAdapter.service(CoyoteAdapter.java:346)
		at org.apache.coyote.http11.Http11Processor.service(Http11Processor.java:397)
		at org.apache.coyote.AbstractProcessorLight.process(AbstractProcessorLight.java:63)
		at org.apache.coyote.AbstractProtocol$ConnectionHandler.process(AbstractProtocol.java:935)
		at org.apache.tomcat.util.net.NioEndpoint$SocketProcessor.doRun(NioEndpoint.java:1826)
		at org.apache.tomcat.util.net.SocketProcessorBase.run(SocketProcessorBase.java:52)
		at org.apache.tomcat.util.threads.ThreadPoolExecutor.runWorker(ThreadPoolExecutor.java:1189)
		at org.apache.tomcat.util.threads.ThreadPoolExecutor$Worker.run(ThreadPoolExecutor.java:658)
		at org.apache.tomcat.util.threads.TaskThread$WrappingRunnable.run(TaskThread.java:63)
		at java.base/java.lang.Thread.run(Thread.java:840)
05-Oct-2025 22:01:38.819 SEVERE [http-nio-8080-exec-5] org.apache.catalina.core.ApplicationDispatcher.invoke Servlet.service() for servlet [jsp] threw exception
	java.lang.ClassNotFoundException: org.apache.jsp.index_jsp
		at java.base/java.net.URLClassLoader.findClass(URLClassLoader.java:445)
		at org.apache.jasper.servlet.JasperLoader.loadClass(JasperLoader.java:119)
		at org.apache.jasper.servlet.JasperLoader.loadClass(JasperLoader.java:56)
		at org.apache.catalina.core.DefaultInstanceManager.newInstance(DefaultInstanceManager.java:150)
		at org.apache.jasper.servlet.JspServletWrapper.getServlet(JspServletWrapper.java:174)
		at org.apache.jasper.servlet.JspServletWrapper.service(JspServletWrapper.java:393)
		at org.apache.jasper.servlet.JspServlet.serviceJspFile(JspServlet.java:356)
		at org.apache.jasper.servlet.JspServlet.service(JspServlet.java:307)
		at javax.servlet.http.HttpServlet.service(HttpServlet.java:623)
		at org.apache.catalina.core.ApplicationFilterChain.internalDoFilter(ApplicationFilterChain.java:199)
		at org.apache.catalina.core.ApplicationFilterChain.doFilter(ApplicationFilterChain.java:144)
		at org.apache.tomcat.websocket.server.WsFilter.doFilter(WsFilter.java:51)
		at org.apache.catalina.core.ApplicationFilterChain.internalDoFilter(ApplicationFilterChain.java:168)
		at org.apache.catalina.core.ApplicationFilterChain.doFilter(ApplicationFilterChain.java:144)
		at org.apache.catalina.core.ApplicationDispatcher.invoke(ApplicationDispatcher.java:621)
		at org.apache.catalina.core.ApplicationDispatcher.processRequest(ApplicationDispatcher.java:401)
		at org.apache.catalina.core.ApplicationDispatcher.doForward(ApplicationDispatcher.java:340)
		at org.apache.catalina.core.ApplicationDispatcher.forward(ApplicationDispatcher.java:285)
		at vn.loc.controller.ProfileServlet.doGet(ProfileServlet.java:56)
		at javax.servlet.http.HttpServlet.service(HttpServlet.java:529)
		at javax.servlet.http.HttpServlet.service(HttpServlet.java:623)
		at org.apache.catalina.core.ApplicationFilterChain.internalDoFilter(ApplicationFilterChain.java:199)
		at org.apache.catalina.core.ApplicationFilterChain.doFilter(ApplicationFilterChain.java:144)
		at org.apache.tomcat.websocket.server.WsFilter.doFilter(WsFilter.java:51)
		at org.apache.catalina.core.ApplicationFilterChain.internalDoFilter(ApplicationFilterChain.java:168)
		at org.apache.catalina.core.ApplicationFilterChain.doFilter(ApplicationFilterChain.java:144)
		at org.apache.catalina.core.StandardWrapperValve.invoke(StandardWrapperValve.java:168)
		at org.apache.catalina.core.StandardContextValve.invoke(StandardContextValve.java:90)
		at org.apache.catalina.authenticator.AuthenticatorBase.invoke(AuthenticatorBase.java:482)
		at org.apache.catalina.core.StandardHostValve.invoke(StandardHostValve.java:130)
		at org.apache.catalina.valves.ErrorReportValve.invoke(ErrorReportValve.java:93)
		at org.apache.catalina.valves.AbstractAccessLogValve.invoke(AbstractAccessLogValve.java:656)
		at org.apache.catalina.core.StandardEngineValve.invoke(StandardEngineValve.java:74)
		at org.apache.catalina.connector.CoyoteAdapter.service(CoyoteAdapter.java:346)
		at org.apache.coyote.http11.Http11Processor.service(Http11Processor.java:397)
		at org.apache.coyote.AbstractProcessorLight.process(AbstractProcessorLight.java:63)
		at org.apache.coyote.AbstractProtocol$ConnectionHandler.process(AbstractProtocol.java:935)
		at org.apache.tomcat.util.net.NioEndpoint$SocketProcessor.doRun(NioEndpoint.java:1826)
		at org.apache.tomcat.util.net.SocketProcessorBase.run(SocketProcessorBase.java:52)
		at org.apache.tomcat.util.threads.ThreadPoolExecutor.runWorker(ThreadPoolExecutor.java:1189)
		at org.apache.tomcat.util.threads.ThreadPoolExecutor$Worker.run(ThreadPoolExecutor.java:658)
		at org.apache.tomcat.util.threads.TaskThread$WrappingRunnable.run(TaskThread.java:63)
		at java.base/java.lang.Thread.run(Thread.java:840)
05-Oct-2025 22:01:38.819 SEVERE [http-nio-8080-exec-5] org.apache.catalina.core.StandardWrapperValve.invoke Servlet.service() for servlet [vn.loc.controller.ProfileServlet] in context with path [/Lesson] threw exception [org.apache.jasper.JasperException: java.lang.ClassNotFoundException: org.apache.jsp.index_jsp] with root cause
	java.lang.ClassNotFoundException: org.apache.jsp.index_jsp
		at java.base/java.net.URLClassLoader.findClass(URLClassLoader.java:445)
		at org.apache.jasper.servlet.JasperLoader.loadClass(JasperLoader.java:119)
		at org.apache.jasper.servlet.JasperLoader.loadClass(JasperLoader.java:56)
		at org.apache.catalina.core.DefaultInstanceManager.newInstance(DefaultInstanceManager.java:150)
		at org.apache.jasper.servlet.JspServletWrapper.getServlet(JspServletWrapper.java:174)
		at org.apache.jasper.servlet.JspServletWrapper.service(JspServletWrapper.java:393)
		at org.apache.jasper.servlet.JspServlet.serviceJspFile(JspServlet.java:356)
		at org.apache.jasper.servlet.JspServlet.service(JspServlet.java:307)
		at javax.servlet.http.HttpServlet.service(HttpServlet.java:623)
		at org.apache.catalina.core.ApplicationFilterChain.internalDoFilter(ApplicationFilterChain.java:199)
		at org.apache.catalina.core.ApplicationFilterChain.doFilter(ApplicationFilterChain.java:144)
		at org.apache.tomcat.websocket.server.WsFilter.doFilter(WsFilter.java:51)
		at org.apache.catalina.core.ApplicationFilterChain.internalDoFilter(ApplicationFilterChain.java:168)
		at org.apache.catalina.core.ApplicationFilterChain.doFilter(ApplicationFilterChain.java:144)
		at org.apache.catalina.core.ApplicationDispatcher.invoke(ApplicationDispatcher.java:621)
		at org.apache.catalina.core.ApplicationDispatcher.processRequest(ApplicationDispatcher.java:401)
		at org.apache.catalina.core.ApplicationDispatcher.doForward(ApplicationDispatcher.java:340)
		at org.apache.catalina.core.ApplicationDispatcher.forward(ApplicationDispatcher.java:285)
		at vn.loc.controller.ProfileServlet.doGet(ProfileServlet.java:56)
		at javax.servlet.http.HttpServlet.service(HttpServlet.java:529)
		at javax.servlet.http.HttpServlet.service(HttpServlet.java:623)
		at org.apache.catalina.core.ApplicationFilterChain.internalDoFilter(ApplicationFilterChain.java:199)
		at org.apache.catalina.core.ApplicationFilterChain.doFilter(ApplicationFilterChain.java:144)
		at org.apache.tomcat.websocket.server.WsFilter.doFilter(WsFilter.java:51)
		at org.apache.catalina.core.ApplicationFilterChain.internalDoFilter(ApplicationFilterChain.java:168)
		at org.apache.catalina.core.ApplicationFilterChain.doFilter(ApplicationFilterChain.java:144)
		at org.apache.catalina.core.StandardWrapperValve.invoke(StandardWrapperValve.java:168)
		at org.apache.catalina.core.StandardContextValve.invoke(StandardContextValve.java:90)
		at org.apache.catalina.authenticator.AuthenticatorBase.invoke(AuthenticatorBase.java:482)
		at org.apache.catalina.core.StandardHostValve.invoke(StandardHostValve.java:130)
		at org.apache.catalina.valves.ErrorReportValve.invoke(ErrorReportValve.java:93)
		at org.apache.catalina.valves.AbstractAccessLogValve.invoke(AbstractAccessLogValve.java:656)
		at org.apache.catalina.core.StandardEngineValve.invoke(StandardEngineValve.java:74)
		at org.apache.catalina.connector.CoyoteAdapter.service(CoyoteAdapter.java:346)
		at org.apache.coyote.http11.Http11Processor.service(Http11Processor.java:397)
		at org.apache.coyote.AbstractProcessorLight.process(AbstractProcessorLight.java:63)
		at org.apache.coyote.AbstractProtocol$ConnectionHandler.process(AbstractProtocol.java:935)
		at org.apache.tomcat.util.net.NioEndpoint$SocketProcessor.doRun(NioEndpoint.java:1826)
		at org.apache.tomcat.util.net.SocketProcessorBase.run(SocketProcessorBase.java:52)
		at org.apache.tomcat.util.threads.ThreadPoolExecutor.runWorker(ThreadPoolExecutor.java:1189)
		at org.apache.tomcat.util.threads.ThreadPoolExecutor$Worker.run(ThreadPoolExecutor.java:658)
		at org.apache.tomcat.util.threads.TaskThread$WrappingRunnable.run(TaskThread.java:63)
		at java.base/java.lang.Thread.run(Thread.java:840)
05-Oct-2025 22:01:48.817 INFO [main] org.apache.catalina.core.ApplicationContext.log SessionListener: contextDestroyed()
05-Oct-2025 22:01:48.817 INFO [main] org.apache.catalina.core.ApplicationContext.log ContextListener: contextDestroyed()
05-Oct-2025 22:02:04.302 INFO [main] org.apache.catalina.core.ApplicationContext.log ContextListener: contextInitialized()
05-Oct-2025 22:02:04.302 INFO [main] org.apache.catalina.core.ApplicationContext.log SessionListener: contextInitialized()
05-Oct-2025 22:02:04.303 INFO [main] org.apache.catalina.core.ApplicationContext.log ContextListener: attributeAdded('StockTicker', 'async.Stockticker@68105edc')
05-Oct-2025 22:02:05.353 SEVERE [http-nio-8080-exec-1] org.apache.catalina.core.ApplicationDispatcher.invoke Servlet.service() for servlet [jsp] threw exception
	org.apache.jasper.JasperException: /index.jsp (line: [99], column: [12]) The end tag "&lt;/c:forEach" is unbalanced
		at org.apache.jasper.compiler.DefaultErrorHandler.jspError(DefaultErrorHandler.java:31)
		at org.apache.jasper.compiler.ErrorDispatcher.dispatch(ErrorDispatcher.java:268)
		at org.apache.jasper.compiler.ErrorDispatcher.jspError(ErrorDispatcher.java:91)
		at org.apache.jasper.compiler.Parser.checkUnbalancedEndTag(Parser.java:1502)
		at org.apache.jasper.compiler.Parser.parseElements(Parser.java:1385)
		at org.apache.jasper.compiler.Parser.parseBody(Parser.java:1569)
		at org.apache.jasper.compiler.Parser.parseOptionalBody(Parser.java:953)
		at org.apache.jasper.compiler.Parser.parseCustomTag(Parser.java:1213)
		at org.apache.jasper.compiler.Parser.parseElements(Parser.java:1384)
		at org.apache.jasper.compiler.Parser.parseBody(Parser.java:1569)
		at org.apache.jasper.compiler.Parser.parseOptionalBody(Parser.java:953)
		at org.apache.jasper.compiler.Parser.parseCustomTag(Parser.java:1213)
		at org.apache.jasper.compiler.Parser.parseElements(Parser.java:1384)
		at org.apache.jasper.compiler.Parser.parse(Parser.java:137)
		at org.apache.jasper.compiler.ParserController.doParse(ParserController.java:243)
		at org.apache.jasper.compiler.ParserController.parse(ParserController.java:106)
		at org.apache.jasper.compiler.Compiler.generateJava(Compiler.java:193)
		at org.apache.jasper.compiler.Compiler.compile(Compiler.java:366)
		at org.apache.jasper.compiler.Compiler.compile(Compiler.java:344)
		at org.apache.jasper.compiler.Compiler.compile(Compiler.java:330)
		at org.apache.jasper.JspCompilationContext.compile(JspCompilationContext.java:591)
		at org.apache.jasper.servlet.JspServletWrapper.service(JspServletWrapper.java:379)
		at org.apache.jasper.servlet.JspServlet.serviceJspFile(JspServlet.java:356)
		at org.apache.jasper.servlet.JspServlet.service(JspServlet.java:307)
		at javax.servlet.http.HttpServlet.service(HttpServlet.java:623)
		at org.apache.catalina.core.ApplicationFilterChain.internalDoFilter(ApplicationFilterChain.java:199)
		at org.apache.catalina.core.ApplicationFilterChain.doFilter(ApplicationFilterChain.java:144)
		at org.apache.tomcat.websocket.server.WsFilter.doFilter(WsFilter.java:51)
		at org.apache.catalina.core.ApplicationFilterChain.internalDoFilter(ApplicationFilterChain.java:168)
		at org.apache.catalina.core.ApplicationFilterChain.doFilter(ApplicationFilterChain.java:144)
		at org.apache.catalina.core.ApplicationDispatcher.invoke(ApplicationDispatcher.java:621)
		at org.apache.catalina.core.ApplicationDispatcher.processRequest(ApplicationDispatcher.java:401)
		at org.apache.catalina.core.ApplicationDispatcher.doForward(ApplicationDispatcher.java:340)
		at org.apache.catalina.core.ApplicationDispatcher.forward(ApplicationDispatcher.java:285)
		at vn.loc.controller.ProfileServlet.doGet(ProfileServlet.java:56)
		at javax.servlet.http.HttpServlet.service(HttpServlet.java:529)
		at javax.servlet.http.HttpServlet.service(HttpServlet.java:623)
		at org.apache.catalina.core.ApplicationFilterChain.internalDoFilter(ApplicationFilterChain.java:199)
		at org.apache.catalina.core.ApplicationFilterChain.doFilter(ApplicationFilterChain.java:144)
		at org.apache.tomcat.websocket.server.WsFilter.doFilter(WsFilter.java:51)
		at org.apache.catalina.core.ApplicationFilterChain.internalDoFilter(ApplicationFilterChain.java:168)
		at org.apache.catalina.core.ApplicationFilterChain.doFilter(ApplicationFilterChain.java:144)
		at org.apache.catalina.core.StandardWrapperValve.invoke(StandardWrapperValve.java:168)
		at org.apache.catalina.core.StandardContextValve.invoke(StandardContextValve.java:90)
		at org.apache.catalina.authenticator.AuthenticatorBase.invoke(AuthenticatorBase.java:482)
		at org.apache.catalina.core.StandardHostValve.invoke(StandardHostValve.java:130)
		at org.apache.catalina.valves.ErrorReportValve.invoke(ErrorReportValve.java:93)
		at org.apache.catalina.valves.AbstractAccessLogValve.invoke(AbstractAccessLogValve.java:656)
		at org.apache.catalina.core.StandardEngineValve.invoke(StandardEngineValve.java:74)
		at org.apache.catalina.connector.CoyoteAdapter.service(CoyoteAdapter.java:346)
		at org.apache.coyote.http11.Http11Processor.service(Http11Processor.java:397)
		at org.apache.coyote.AbstractProcessorLight.process(AbstractProcessorLight.java:63)
		at org.apache.coyote.AbstractProtocol$ConnectionHandler.process(AbstractProtocol.java:935)
		at org.apache.tomcat.util.net.NioEndpoint$SocketProcessor.doRun(NioEndpoint.java:1826)
		at org.apache.tomcat.util.net.SocketProcessorBase.run(SocketProcessorBase.java:52)
		at org.apache.tomcat.util.threads.ThreadPoolExecutor.runWorker(ThreadPoolExecutor.java:1189)
		at org.apache.tomcat.util.threads.ThreadPoolExecutor$Worker.run(ThreadPoolExecutor.java:658)
		at org.apache.tomcat.util.threads.TaskThread$WrappingRunnable.run(TaskThread.java:63)
		at java.base/java.lang.Thread.run(Thread.java:840)
05-Oct-2025 22:02:05.353 SEVERE [http-nio-8080-exec-1] org.apache.catalina.core.StandardWrapperValve.invoke Servlet.service() for servlet [vn.loc.controller.ProfileServlet] in context with path [/Lesson] threw exception [/index.jsp (line: [99], column: [12]) The end tag "&lt;/c:forEach" is unbalanced] with root cause
	org.apache.jasper.JasperException: /index.jsp (line: [99], column: [12]) The end tag "&lt;/c:forEach" is unbalanced
		at org.apache.jasper.compiler.DefaultErrorHandler.jspError(DefaultErrorHandler.java:31)
		at org.apache.jasper.compiler.ErrorDispatcher.dispatch(ErrorDispatcher.java:268)
		at org.apache.jasper.compiler.ErrorDispatcher.jspError(ErrorDispatcher.java:91)
		at org.apache.jasper.compiler.Parser.checkUnbalancedEndTag(Parser.java:1502)
		at org.apache.jasper.compiler.Parser.parseElements(Parser.java:1385)
		at org.apache.jasper.compiler.Parser.parseBody(Parser.java:1569)
		at org.apache.jasper.compiler.Parser.parseOptionalBody(Parser.java:953)
		at org.apache.jasper.compiler.Parser.parseCustomTag(Parser.java:1213)
		at org.apache.jasper.compiler.Parser.parseElements(Parser.java:1384)
		at org.apache.jasper.compiler.Parser.parseBody(Parser.java:1569)
		at org.apache.jasper.compiler.Parser.parseOptionalBody(Parser.java:953)
		at org.apache.jasper.compiler.Parser.parseCustomTag(Parser.java:1213)
		at org.apache.jasper.compiler.Parser.parseElements(Parser.java:1384)
		at org.apache.jasper.compiler.Parser.parse(Parser.java:137)
		at org.apache.jasper.compiler.ParserController.doParse(ParserController.java:243)
		at org.apache.jasper.compiler.ParserController.parse(ParserController.java:106)
		at org.apache.jasper.compiler.Compiler.generateJava(Compiler.java:193)
		at org.apache.jasper.compiler.Compiler.compile(Compiler.java:366)
		at org.apache.jasper.compiler.Compiler.compile(Compiler.java:344)
		at org.apache.jasper.compiler.Compiler.compile(Compiler.java:330)
		at org.apache.jasper.JspCompilationContext.compile(JspCompilationContext.java:591)
		at org.apache.jasper.servlet.JspServletWrapper.service(JspServletWrapper.java:379)
		at org.apache.jasper.servlet.JspServlet.serviceJspFile(JspServlet.java:356)
		at org.apache.jasper.servlet.JspServlet.service(JspServlet.java:307)
		at javax.servlet.http.HttpServlet.service(HttpServlet.java:623)
		at org.apache.catalina.core.ApplicationFilterChain.internalDoFilter(ApplicationFilterChain.java:199)
		at org.apache.catalina.core.ApplicationFilterChain.doFilter(ApplicationFilterChain.java:144)
		at org.apache.tomcat.websocket.server.WsFilter.doFilter(WsFilter.java:51)
		at org.apache.catalina.core.ApplicationFilterChain.internalDoFilter(ApplicationFilterChain.java:168)
		at org.apache.catalina.core.ApplicationFilterChain.doFilter(ApplicationFilterChain.java:144)
		at org.apache.catalina.core.ApplicationDispatcher.invoke(ApplicationDispatcher.java:621)
		at org.apache.catalina.core.ApplicationDispatcher.processRequest(ApplicationDispatcher.java:401)
		at org.apache.catalina.core.ApplicationDispatcher.doForward(ApplicationDispatcher.java:340)
		at org.apache.catalina.core.ApplicationDispatcher.forward(ApplicationDispatcher.java:285)
		at vn.loc.controller.ProfileServlet.doGet(ProfileServlet.java:56)
		at javax.servlet.http.HttpServlet.service(HttpServlet.java:529)
		at javax.servlet.http.HttpServlet.service(HttpServlet.java:623)
		at org.apache.catalina.core.ApplicationFilterChain.internalDoFilter(ApplicationFilterChain.java:199)
		at org.apache.catalina.core.ApplicationFilterChain.doFilter(ApplicationFilterChain.java:144)
		at org.apache.tomcat.websocket.server.WsFilter.doFilter(WsFilter.java:51)
		at org.apache.catalina.core.ApplicationFilterChain.internalDoFilter(ApplicationFilterChain.java:168)
		at org.apache.catalina.core.ApplicationFilterChain.doFilter(ApplicationFilterChain.java:144)
		at org.apache.catalina.core.StandardWrapperValve.invoke(StandardWrapperValve.java:168)
		at org.apache.catalina.core.StandardContextValve.invoke(StandardContextValve.java:90)
		at org.apache.catalina.authenticator.AuthenticatorBase.invoke(AuthenticatorBase.java:482)
		at org.apache.catalina.core.StandardHostValve.invoke(StandardHostValve.java:130)
		at org.apache.catalina.valves.ErrorReportValve.invoke(ErrorReportValve.java:93)
		at org.apache.catalina.valves.AbstractAccessLogValve.invoke(AbstractAccessLogValve.java:656)
		at org.apache.catalina.core.StandardEngineValve.invoke(StandardEngineValve.java:74)
		at org.apache.catalina.connector.CoyoteAdapter.service(CoyoteAdapter.java:346)
		at org.apache.coyote.http11.Http11Processor.service(Http11Processor.java:397)
		at org.apache.coyote.AbstractProcessorLight.process(AbstractProcessorLight.java:63)
		at org.apache.coyote.AbstractProtocol$ConnectionHandler.process(AbstractProtocol.java:935)
		at org.apache.tomcat.util.net.NioEndpoint$SocketProcessor.doRun(NioEndpoint.java:1826)
		at org.apache.tomcat.util.net.SocketProcessorBase.run(SocketProcessorBase.java:52)
		at org.apache.tomcat.util.threads.ThreadPoolExecutor.runWorker(ThreadPoolExecutor.java:1189)
		at org.apache.tomcat.util.threads.ThreadPoolExecutor$Worker.run(ThreadPoolExecutor.java:658)
		at org.apache.tomcat.util.threads.TaskThread$WrappingRunnable.run(TaskThread.java:63)
		at java.base/java.lang.Thread.run(Thread.java:840)
05-Oct-2025 22:02:07.642 SEVERE [http-nio-8080-exec-2] org.apache.catalina.core.ApplicationDispatcher.invoke Servlet.service() for servlet [jsp] threw exception
	java.lang.ClassNotFoundException: org.apache.jsp.index_jsp
		at java.base/java.net.URLClassLoader.findClass(URLClassLoader.java:445)
		at org.apache.jasper.servlet.JasperLoader.loadClass(JasperLoader.java:119)
		at org.apache.jasper.servlet.JasperLoader.loadClass(JasperLoader.java:56)
		at org.apache.catalina.core.DefaultInstanceManager.newInstance(DefaultInstanceManager.java:150)
		at org.apache.jasper.servlet.JspServletWrapper.getServlet(JspServletWrapper.java:174)
		at org.apache.jasper.servlet.JspServletWrapper.service(JspServletWrapper.java:393)
		at org.apache.jasper.servlet.JspServlet.serviceJspFile(JspServlet.java:356)
		at org.apache.jasper.servlet.JspServlet.service(JspServlet.java:307)
		at javax.servlet.http.HttpServlet.service(HttpServlet.java:623)
		at org.apache.catalina.core.ApplicationFilterChain.internalDoFilter(ApplicationFilterChain.java:199)
		at org.apache.catalina.core.ApplicationFilterChain.doFilter(ApplicationFilterChain.java:144)
		at org.apache.tomcat.websocket.server.WsFilter.doFilter(WsFilter.java:51)
		at org.apache.catalina.core.ApplicationFilterChain.internalDoFilter(ApplicationFilterChain.java:168)
		at org.apache.catalina.core.ApplicationFilterChain.doFilter(ApplicationFilterChain.java:144)
		at org.apache.catalina.core.ApplicationDispatcher.invoke(ApplicationDispatcher.java:621)
		at org.apache.catalina.core.ApplicationDispatcher.processRequest(ApplicationDispatcher.java:401)
		at org.apache.catalina.core.ApplicationDispatcher.doForward(ApplicationDispatcher.java:340)
		at org.apache.catalina.core.ApplicationDispatcher.forward(ApplicationDispatcher.java:285)
		at vn.loc.controller.ProfileServlet.doGet(ProfileServlet.java:56)
		at javax.servlet.http.HttpServlet.service(HttpServlet.java:529)
		at javax.servlet.http.HttpServlet.service(HttpServlet.java:623)
		at org.apache.catalina.core.ApplicationFilterChain.internalDoFilter(ApplicationFilterChain.java:199)
		at org.apache.catalina.core.ApplicationFilterChain.doFilter(ApplicationFilterChain.java:144)
		at org.apache.tomcat.websocket.server.WsFilter.doFilter(WsFilter.java:51)
		at org.apache.catalina.core.ApplicationFilterChain.internalDoFilter(ApplicationFilterChain.java:168)
		at org.apache.catalina.core.ApplicationFilterChain.doFilter(ApplicationFilterChain.java:144)
		at org.apache.catalina.core.StandardWrapperValve.invoke(StandardWrapperValve.java:168)
		at org.apache.catalina.core.StandardContextValve.invoke(StandardContextValve.java:90)
		at org.apache.catalina.authenticator.AuthenticatorBase.invoke(AuthenticatorBase.java:482)
		at org.apache.catalina.core.StandardHostValve.invoke(StandardHostValve.java:130)
		at org.apache.catalina.valves.ErrorReportValve.invoke(ErrorReportValve.java:93)
		at org.apache.catalina.valves.AbstractAccessLogValve.invoke(AbstractAccessLogValve.java:656)
		at org.apache.catalina.core.StandardEngineValve.invoke(StandardEngineValve.java:74)
		at org.apache.catalina.connector.CoyoteAdapter.service(CoyoteAdapter.java:346)
		at org.apache.coyote.http11.Http11Processor.service(Http11Processor.java:397)
		at org.apache.coyote.AbstractProcessorLight.process(AbstractProcessorLight.java:63)
		at org.apache.coyote.AbstractProtocol$ConnectionHandler.process(AbstractProtocol.java:935)
		at org.apache.tomcat.util.net.NioEndpoint$SocketProcessor.doRun(NioEndpoint.java:1826)
		at org.apache.tomcat.util.net.SocketProcessorBase.run(SocketProcessorBase.java:52)
		at org.apache.tomcat.util.threads.ThreadPoolExecutor.runWorker(ThreadPoolExecutor.java:1189)
		at org.apache.tomcat.util.threads.ThreadPoolExecutor$Worker.run(ThreadPoolExecutor.java:658)
		at org.apache.tomcat.util.threads.TaskThread$WrappingRunnable.run(TaskThread.java:63)
		at java.base/java.lang.Thread.run(Thread.java:840)
05-Oct-2025 22:02:07.642 SEVERE [http-nio-8080-exec-2] org.apache.catalina.core.StandardWrapperValve.invoke Servlet.service() for servlet [vn.loc.controller.ProfileServlet] in context with path [/Lesson] threw exception [org.apache.jasper.JasperException: java.lang.ClassNotFoundException: org.apache.jsp.index_jsp] with root cause
	java.lang.ClassNotFoundException: org.apache.jsp.index_jsp
		at java.base/java.net.URLClassLoader.findClass(URLClassLoader.java:445)
		at org.apache.jasper.servlet.JasperLoader.loadClass(JasperLoader.java:119)
		at org.apache.jasper.servlet.JasperLoader.loadClass(JasperLoader.java:56)
		at org.apache.catalina.core.DefaultInstanceManager.newInstance(DefaultInstanceManager.java:150)
		at org.apache.jasper.servlet.JspServletWrapper.getServlet(JspServletWrapper.java:174)
		at org.apache.jasper.servlet.JspServletWrapper.service(JspServletWrapper.java:393)
		at org.apache.jasper.servlet.JspServlet.serviceJspFile(JspServlet.java:356)
		at org.apache.jasper.servlet.JspServlet.service(JspServlet.java:307)
		at javax.servlet.http.HttpServlet.service(HttpServlet.java:623)
		at org.apache.catalina.core.ApplicationFilterChain.internalDoFilter(ApplicationFilterChain.java:199)
		at org.apache.catalina.core.ApplicationFilterChain.doFilter(ApplicationFilterChain.java:144)
		at org.apache.tomcat.websocket.server.WsFilter.doFilter(WsFilter.java:51)
		at org.apache.catalina.core.ApplicationFilterChain.internalDoFilter(ApplicationFilterChain.java:168)
		at org.apache.catalina.core.ApplicationFilterChain.doFilter(ApplicationFilterChain.java:144)
		at org.apache.catalina.core.ApplicationDispatcher.invoke(ApplicationDispatcher.java:621)
		at org.apache.catalina.core.ApplicationDispatcher.processRequest(ApplicationDispatcher.java:401)
		at org.apache.catalina.core.ApplicationDispatcher.doForward(ApplicationDispatcher.java:340)
		at org.apache.catalina.core.ApplicationDispatcher.forward(ApplicationDispatcher.java:285)
		at vn.loc.controller.ProfileServlet.doGet(ProfileServlet.java:56)
		at javax.servlet.http.HttpServlet.service(HttpServlet.java:529)
		at javax.servlet.http.HttpServlet.service(HttpServlet.java:623)
		at org.apache.catalina.core.ApplicationFilterChain.internalDoFilter(ApplicationFilterChain.java:199)
		at org.apache.catalina.core.ApplicationFilterChain.doFilter(ApplicationFilterChain.java:144)
		at org.apache.tomcat.websocket.server.WsFilter.doFilter(WsFilter.java:51)
		at org.apache.catalina.core.ApplicationFilterChain.internalDoFilter(ApplicationFilterChain.java:168)
		at org.apache.catalina.core.ApplicationFilterChain.doFilter(ApplicationFilterChain.java:144)
		at org.apache.catalina.core.StandardWrapperValve.invoke(StandardWrapperValve.java:168)
		at org.apache.catalina.core.StandardContextValve.invoke(StandardContextValve.java:90)
		at org.apache.catalina.authenticator.AuthenticatorBase.invoke(AuthenticatorBase.java:482)
		at org.apache.catalina.core.StandardHostValve.invoke(StandardHostValve.java:130)
		at org.apache.catalina.valves.ErrorReportValve.invoke(ErrorReportValve.java:93)
		at org.apache.catalina.valves.AbstractAccessLogValve.invoke(AbstractAccessLogValve.java:656)
		at org.apache.catalina.core.StandardEngineValve.invoke(StandardEngineValve.java:74)
		at org.apache.catalina.connector.CoyoteAdapter.service(CoyoteAdapter.java:346)
		at org.apache.coyote.http11.Http11Processor.service(Http11Processor.java:397)
		at org.apache.coyote.AbstractProcessorLight.process(AbstractProcessorLight.java:63)
		at org.apache.coyote.AbstractProtocol$ConnectionHandler.process(AbstractProtocol.java:935)
		at org.apache.tomcat.util.net.NioEndpoint$SocketProcessor.doRun(NioEndpoint.java:1826)
		at org.apache.tomcat.util.net.SocketProcessorBase.run(SocketProcessorBase.java:52)
		at org.apache.tomcat.util.threads.ThreadPoolExecutor.runWorker(ThreadPoolExecutor.java:1189)
		at org.apache.tomcat.util.threads.ThreadPoolExecutor$Worker.run(ThreadPoolExecutor.java:658)
		at org.apache.tomcat.util.threads.TaskThread$WrappingRunnable.run(TaskThread.java:63)
		at java.base/java.lang.Thread.run(Thread.java:840)
05-Oct-2025 22:02:10.379 SEVERE [http-nio-8080-exec-3] org.apache.catalina.core.ApplicationDispatcher.invoke Servlet.service() for servlet [jsp] threw exception
	org.apache.jasper.JasperException: /index.jsp (line: [99], column: [12]) The end tag "&lt;/c:forEach" is unbalanced
		at org.apache.jasper.compiler.DefaultErrorHandler.jspError(DefaultErrorHandler.java:31)
		at org.apache.jasper.compiler.ErrorDispatcher.dispatch(ErrorDispatcher.java:268)
		at org.apache.jasper.compiler.ErrorDispatcher.jspError(ErrorDispatcher.java:91)
		at org.apache.jasper.compiler.Parser.checkUnbalancedEndTag(Parser.java:1502)
		at org.apache.jasper.compiler.Parser.parseElements(Parser.java:1385)
		at org.apache.jasper.compiler.Parser.parseBody(Parser.java:1569)
		at org.apache.jasper.compiler.Parser.parseOptionalBody(Parser.java:953)
		at org.apache.jasper.compiler.Parser.parseCustomTag(Parser.java:1213)
		at org.apache.jasper.compiler.Parser.parseElements(Parser.java:1384)
		at org.apache.jasper.compiler.Parser.parseBody(Parser.java:1569)
		at org.apache.jasper.compiler.Parser.parseOptionalBody(Parser.java:953)
		at org.apache.jasper.compiler.Parser.parseCustomTag(Parser.java:1213)
		at org.apache.jasper.compiler.Parser.parseElements(Parser.java:1384)
		at org.apache.jasper.compiler.Parser.parse(Parser.java:137)
		at org.apache.jasper.compiler.ParserController.doParse(ParserController.java:243)
		at org.apache.jasper.compiler.ParserController.parse(ParserController.java:106)
		at org.apache.jasper.compiler.Compiler.generateJava(Compiler.java:193)
		at org.apache.jasper.compiler.Compiler.compile(Compiler.java:366)
		at org.apache.jasper.compiler.Compiler.compile(Compiler.java:344)
		at org.apache.jasper.compiler.Compiler.compile(Compiler.java:330)
		at org.apache.jasper.JspCompilationContext.compile(JspCompilationContext.java:591)
		at org.apache.jasper.servlet.JspServletWrapper.service(JspServletWrapper.java:379)
		at org.apache.jasper.servlet.JspServlet.serviceJspFile(JspServlet.java:356)
		at org.apache.jasper.servlet.JspServlet.service(JspServlet.java:307)
		at javax.servlet.http.HttpServlet.service(HttpServlet.java:623)
		at org.apache.catalina.core.ApplicationFilterChain.internalDoFilter(ApplicationFilterChain.java:199)
		at org.apache.catalina.core.ApplicationFilterChain.doFilter(ApplicationFilterChain.java:144)
		at org.apache.tomcat.websocket.server.WsFilter.doFilter(WsFilter.java:51)
		at org.apache.catalina.core.ApplicationFilterChain.internalDoFilter(ApplicationFilterChain.java:168)
		at org.apache.catalina.core.ApplicationFilterChain.doFilter(ApplicationFilterChain.java:144)
		at org.apache.catalina.core.ApplicationDispatcher.invoke(ApplicationDispatcher.java:621)
		at org.apache.catalina.core.ApplicationDispatcher.processRequest(ApplicationDispatcher.java:401)
		at org.apache.catalina.core.ApplicationDispatcher.doForward(ApplicationDispatcher.java:340)
		at org.apache.catalina.core.ApplicationDispatcher.forward(ApplicationDispatcher.java:285)
		at vn.loc.controller.ProfileServlet.doGet(ProfileServlet.java:56)
		at javax.servlet.http.HttpServlet.service(HttpServlet.java:529)
		at javax.servlet.http.HttpServlet.service(HttpServlet.java:623)
		at org.apache.catalina.core.ApplicationFilterChain.internalDoFilter(ApplicationFilterChain.java:199)
		at org.apache.catalina.core.ApplicationFilterChain.doFilter(ApplicationFilterChain.java:144)
		at org.apache.tomcat.websocket.server.WsFilter.doFilter(WsFilter.java:51)
		at org.apache.catalina.core.ApplicationFilterChain.internalDoFilter(ApplicationFilterChain.java:168)
		at org.apache.catalina.core.ApplicationFilterChain.doFilter(ApplicationFilterChain.java:144)
		at org.apache.catalina.core.StandardWrapperValve.invoke(StandardWrapperValve.java:168)
		at org.apache.catalina.core.StandardContextValve.invoke(StandardContextValve.java:90)
		at org.apache.catalina.authenticator.AuthenticatorBase.invoke(AuthenticatorBase.java:482)
		at org.apache.catalina.core.StandardHostValve.invoke(StandardHostValve.java:130)
		at org.apache.catalina.valves.ErrorReportValve.invoke(ErrorReportValve.java:93)
		at org.apache.catalina.valves.AbstractAccessLogValve.invoke(AbstractAccessLogValve.java:656)
		at org.apache.catalina.core.StandardEngineValve.invoke(StandardEngineValve.java:74)
		at org.apache.catalina.connector.CoyoteAdapter.service(CoyoteAdapter.java:346)
		at org.apache.coyote.http11.Http11Processor.service(Http11Processor.java:397)
		at org.apache.coyote.AbstractProcessorLight.process(AbstractProcessorLight.java:63)
		at org.apache.coyote.AbstractProtocol$ConnectionHandler.process(AbstractProtocol.java:935)
		at org.apache.tomcat.util.net.NioEndpoint$SocketProcessor.doRun(NioEndpoint.java:1826)
		at org.apache.tomcat.util.net.SocketProcessorBase.run(SocketProcessorBase.java:52)
		at org.apache.tomcat.util.threads.ThreadPoolExecutor.runWorker(ThreadPoolExecutor.java:1189)
		at org.apache.tomcat.util.threads.ThreadPoolExecutor$Worker.run(ThreadPoolExecutor.java:658)
		at org.apache.tomcat.util.threads.TaskThread$WrappingRunnable.run(TaskThread.java:63)
		at java.base/java.lang.Thread.run(Thread.java:840)
05-Oct-2025 22:02:10.379 SEVERE [http-nio-8080-exec-3] org.apache.catalina.core.StandardWrapperValve.invoke Servlet.service() for servlet [vn.loc.controller.ProfileServlet] in context with path [/Lesson] threw exception [/index.jsp (line: [99], column: [12]) The end tag "&lt;/c:forEach" is unbalanced] with root cause
	org.apache.jasper.JasperException: /index.jsp (line: [99], column: [12]) The end tag "&lt;/c:forEach" is unbalanced
		at org.apache.jasper.compiler.DefaultErrorHandler.jspError(DefaultErrorHandler.java:31)
		at org.apache.jasper.compiler.ErrorDispatcher.dispatch(ErrorDispatcher.java:268)
		at org.apache.jasper.compiler.ErrorDispatcher.jspError(ErrorDispatcher.java:91)
		at org.apache.jasper.compiler.Parser.checkUnbalancedEndTag(Parser.java:1502)
		at org.apache.jasper.compiler.Parser.parseElements(Parser.java:1385)
		at org.apache.jasper.compiler.Parser.parseBody(Parser.java:1569)
		at org.apache.jasper.compiler.Parser.parseOptionalBody(Parser.java:953)
		at org.apache.jasper.compiler.Parser.parseCustomTag(Parser.java:1213)
		at org.apache.jasper.compiler.Parser.parseElements(Parser.java:1384)
		at org.apache.jasper.compiler.Parser.parseBody(Parser.java:1569)
		at org.apache.jasper.compiler.Parser.parseOptionalBody(Parser.java:953)
		at org.apache.jasper.compiler.Parser.parseCustomTag(Parser.java:1213)
		at org.apache.jasper.compiler.Parser.parseElements(Parser.java:1384)
		at org.apache.jasper.compiler.Parser.parse(Parser.java:137)
		at org.apache.jasper.compiler.ParserController.doParse(ParserController.java:243)
		at org.apache.jasper.compiler.ParserController.parse(ParserController.java:106)
		at org.apache.jasper.compiler.Compiler.generateJava(Compiler.java:193)
		at org.apache.jasper.compiler.Compiler.compile(Compiler.java:366)
		at org.apache.jasper.compiler.Compiler.compile(Compiler.java:344)
		at org.apache.jasper.compiler.Compiler.compile(Compiler.java:330)
		at org.apache.jasper.JspCompilationContext.compile(JspCompilationContext.java:591)
		at org.apache.jasper.servlet.JspServletWrapper.service(JspServletWrapper.java:379)
		at org.apache.jasper.servlet.JspServlet.serviceJspFile(JspServlet.java:356)
		at org.apache.jasper.servlet.JspServlet.service(JspServlet.java:307)
		at javax.servlet.http.HttpServlet.service(HttpServlet.java:623)
		at org.apache.catalina.core.ApplicationFilterChain.internalDoFilter(ApplicationFilterChain.java:199)
		at org.apache.catalina.core.ApplicationFilterChain.doFilter(ApplicationFilterChain.java:144)
		at org.apache.tomcat.websocket.server.WsFilter.doFilter(WsFilter.java:51)
		at org.apache.catalina.core.ApplicationFilterChain.internalDoFilter(ApplicationFilterChain.java:168)
		at org.apache.catalina.core.ApplicationFilterChain.doFilter(ApplicationFilterChain.java:144)
		at org.apache.catalina.core.ApplicationDispatcher.invoke(ApplicationDispatcher.java:621)
		at org.apache.catalina.core.ApplicationDispatcher.processRequest(ApplicationDispatcher.java:401)
		at org.apache.catalina.core.ApplicationDispatcher.doForward(ApplicationDispatcher.java:340)
		at org.apache.catalina.core.ApplicationDispatcher.forward(ApplicationDispatcher.java:285)
		at vn.loc.controller.ProfileServlet.doGet(ProfileServlet.java:56)
		at javax.servlet.http.HttpServlet.service(HttpServlet.java:529)
		at javax.servlet.http.HttpServlet.service(HttpServlet.java:623)
		at org.apache.catalina.core.ApplicationFilterChain.internalDoFilter(ApplicationFilterChain.java:199)
		at org.apache.catalina.core.ApplicationFilterChain.doFilter(ApplicationFilterChain.java:144)
		at org.apache.tomcat.websocket.server.WsFilter.doFilter(WsFilter.java:51)
		at org.apache.catalina.core.ApplicationFilterChain.internalDoFilter(ApplicationFilterChain.java:168)
		at org.apache.catalina.core.ApplicationFilterChain.doFilter(ApplicationFilterChain.java:144)
		at org.apache.catalina.core.StandardWrapperValve.invoke(StandardWrapperValve.java:168)
		at org.apache.catalina.core.StandardContextValve.invoke(StandardContextValve.java:90)
		at org.apache.catalina.authenticator.AuthenticatorBase.invoke(AuthenticatorBase.java:482)
		at org.apache.catalina.core.StandardHostValve.invoke(StandardHostValve.java:130)
		at org.apache.catalina.valves.ErrorReportValve.invoke(ErrorReportValve.java:93)
		at org.apache.catalina.valves.AbstractAccessLogValve.invoke(AbstractAccessLogValve.java:656)
		at org.apache.catalina.core.StandardEngineValve.invoke(StandardEngineValve.java:74)
		at org.apache.catalina.connector.CoyoteAdapter.service(CoyoteAdapter.java:346)
		at org.apache.coyote.http11.Http11Processor.service(Http11Processor.java:397)
		at org.apache.coyote.AbstractProcessorLight.process(AbstractProcessorLight.java:63)
		at org.apache.coyote.AbstractProtocol$ConnectionHandler.process(AbstractProtocol.java:935)
		at org.apache.tomcat.util.net.NioEndpoint$SocketProcessor.doRun(NioEndpoint.java:1826)
		at org.apache.tomcat.util.net.SocketProcessorBase.run(SocketProcessorBase.java:52)
		at org.apache.tomcat.util.threads.ThreadPoolExecutor.runWorker(ThreadPoolExecutor.java:1189)
		at org.apache.tomcat.util.threads.ThreadPoolExecutor$Worker.run(ThreadPoolExecutor.java:658)
		at org.apache.tomcat.util.threads.TaskThread$WrappingRunnable.run(TaskThread.java:63)
		at java.base/java.lang.Thread.run(Thread.java:840)
05-Oct-2025 22:02:11.035 SEVERE [http-nio-8080-exec-4] org.apache.catalina.core.ApplicationDispatcher.invoke Servlet.service() for servlet [jsp] threw exception
	java.lang.ClassNotFoundException: org.apache.jsp.index_jsp
		at java.base/java.net.URLClassLoader.findClass(URLClassLoader.java:445)
		at org.apache.jasper.servlet.JasperLoader.loadClass(JasperLoader.java:119)
		at org.apache.jasper.servlet.JasperLoader.loadClass(JasperLoader.java:56)
		at org.apache.catalina.core.DefaultInstanceManager.newInstance(DefaultInstanceManager.java:150)
		at org.apache.jasper.servlet.JspServletWrapper.getServlet(JspServletWrapper.java:174)
		at org.apache.jasper.servlet.JspServletWrapper.service(JspServletWrapper.java:393)
		at org.apache.jasper.servlet.JspServlet.serviceJspFile(JspServlet.java:356)
		at org.apache.jasper.servlet.JspServlet.service(JspServlet.java:307)
		at javax.servlet.http.HttpServlet.service(HttpServlet.java:623)
		at org.apache.catalina.core.ApplicationFilterChain.internalDoFilter(ApplicationFilterChain.java:199)
		at org.apache.catalina.core.ApplicationFilterChain.doFilter(ApplicationFilterChain.java:144)
		at org.apache.tomcat.websocket.server.WsFilter.doFilter(WsFilter.java:51)
		at org.apache.catalina.core.ApplicationFilterChain.internalDoFilter(ApplicationFilterChain.java:168)
		at org.apache.catalina.core.ApplicationFilterChain.doFilter(ApplicationFilterChain.java:144)
		at org.apache.catalina.core.ApplicationDispatcher.invoke(ApplicationDispatcher.java:621)
		at org.apache.catalina.core.ApplicationDispatcher.processRequest(ApplicationDispatcher.java:401)
		at org.apache.catalina.core.ApplicationDispatcher.doForward(ApplicationDispatcher.java:340)
		at org.apache.catalina.core.ApplicationDispatcher.forward(ApplicationDispatcher.java:285)
		at vn.loc.controller.ProfileServlet.doGet(ProfileServlet.java:56)
		at javax.servlet.http.HttpServlet.service(HttpServlet.java:529)
		at javax.servlet.http.HttpServlet.service(HttpServlet.java:623)
		at org.apache.catalina.core.ApplicationFilterChain.internalDoFilter(ApplicationFilterChain.java:199)
		at org.apache.catalina.core.ApplicationFilterChain.doFilter(ApplicationFilterChain.java:144)
		at org.apache.tomcat.websocket.server.WsFilter.doFilter(WsFilter.java:51)
		at org.apache.catalina.core.ApplicationFilterChain.internalDoFilter(ApplicationFilterChain.java:168)
		at org.apache.catalina.core.ApplicationFilterChain.doFilter(ApplicationFilterChain.java:144)
		at org.apache.catalina.core.StandardWrapperValve.invoke(StandardWrapperValve.java:168)
		at org.apache.catalina.core.StandardContextValve.invoke(StandardContextValve.java:90)
		at org.apache.catalina.authenticator.AuthenticatorBase.invoke(AuthenticatorBase.java:482)
		at org.apache.catalina.core.StandardHostValve.invoke(StandardHostValve.java:130)
		at org.apache.catalina.valves.ErrorReportValve.invoke(ErrorReportValve.java:93)
		at org.apache.catalina.valves.AbstractAccessLogValve.invoke(AbstractAccessLogValve.java:656)
		at org.apache.catalina.core.StandardEngineValve.invoke(StandardEngineValve.java:74)
		at org.apache.catalina.connector.CoyoteAdapter.service(CoyoteAdapter.java:346)
		at org.apache.coyote.http11.Http11Processor.service(Http11Processor.java:397)
		at org.apache.coyote.AbstractProcessorLight.process(AbstractProcessorLight.java:63)
		at org.apache.coyote.AbstractProtocol$ConnectionHandler.process(AbstractProtocol.java:935)
		at org.apache.tomcat.util.net.NioEndpoint$SocketProcessor.doRun(NioEndpoint.java:1826)
		at org.apache.tomcat.util.net.SocketProcessorBase.run(SocketProcessorBase.java:52)
		at org.apache.tomcat.util.threads.ThreadPoolExecutor.runWorker(ThreadPoolExecutor.java:1189)
		at org.apache.tomcat.util.threads.ThreadPoolExecutor$Worker.run(ThreadPoolExecutor.java:658)
		at org.apache.tomcat.util.threads.TaskThread$WrappingRunnable.run(TaskThread.java:63)
		at java.base/java.lang.Thread.run(Thread.java:840)
05-Oct-2025 22:02:11.036 SEVERE [http-nio-8080-exec-4] org.apache.catalina.core.StandardWrapperValve.invoke Servlet.service() for servlet [vn.loc.controller.ProfileServlet] in context with path [/Lesson] threw exception [org.apache.jasper.JasperException: java.lang.ClassNotFoundException: org.apache.jsp.index_jsp] with root cause
	java.lang.ClassNotFoundException: org.apache.jsp.index_jsp
		at java.base/java.net.URLClassLoader.findClass(URLClassLoader.java:445)
		at org.apache.jasper.servlet.JasperLoader.loadClass(JasperLoader.java:119)
		at org.apache.jasper.servlet.JasperLoader.loadClass(JasperLoader.java:56)
		at org.apache.catalina.core.DefaultInstanceManager.newInstance(DefaultInstanceManager.java:150)
		at org.apache.jasper.servlet.JspServletWrapper.getServlet(JspServletWrapper.java:174)
		at org.apache.jasper.servlet.JspServletWrapper.service(JspServletWrapper.java:393)
		at org.apache.jasper.servlet.JspServlet.serviceJspFile(JspServlet.java:356)
		at org.apache.jasper.servlet.JspServlet.service(JspServlet.java:307)
		at javax.servlet.http.HttpServlet.service(HttpServlet.java:623)
		at org.apache.catalina.core.ApplicationFilterChain.internalDoFilter(ApplicationFilterChain.java:199)
		at org.apache.catalina.core.ApplicationFilterChain.doFilter(ApplicationFilterChain.java:144)
		at org.apache.tomcat.websocket.server.WsFilter.doFilter(WsFilter.java:51)
		at org.apache.catalina.core.ApplicationFilterChain.internalDoFilter(ApplicationFilterChain.java:168)
		at org.apache.catalina.core.ApplicationFilterChain.doFilter(ApplicationFilterChain.java:144)
		at org.apache.catalina.core.ApplicationDispatcher.invoke(ApplicationDispatcher.java:621)
		at org.apache.catalina.core.ApplicationDispatcher.processRequest(ApplicationDispatcher.java:401)
		at org.apache.catalina.core.ApplicationDispatcher.doForward(ApplicationDispatcher.java:340)
		at org.apache.catalina.core.ApplicationDispatcher.forward(ApplicationDispatcher.java:285)
		at vn.loc.controller.ProfileServlet.doGet(ProfileServlet.java:56)
		at javax.servlet.http.HttpServlet.service(HttpServlet.java:529)
		at javax.servlet.http.HttpServlet.service(HttpServlet.java:623)
		at org.apache.catalina.core.ApplicationFilterChain.internalDoFilter(ApplicationFilterChain.java:199)
		at org.apache.catalina.core.ApplicationFilterChain.doFilter(ApplicationFilterChain.java:144)
		at org.apache.tomcat.websocket.server.WsFilter.doFilter(WsFilter.java:51)
		at org.apache.catalina.core.ApplicationFilterChain.internalDoFilter(ApplicationFilterChain.java:168)
		at org.apache.catalina.core.ApplicationFilterChain.doFilter(ApplicationFilterChain.java:144)
		at org.apache.catalina.core.StandardWrapperValve.invoke(StandardWrapperValve.java:168)
		at org.apache.catalina.core.StandardContextValve.invoke(StandardContextValve.java:90)
		at org.apache.catalina.authenticator.AuthenticatorBase.invoke(AuthenticatorBase.java:482)
		at org.apache.catalina.core.StandardHostValve.invoke(StandardHostValve.java:130)
		at org.apache.catalina.valves.ErrorReportValve.invoke(ErrorReportValve.java:93)
		at org.apache.catalina.valves.AbstractAccessLogValve.invoke(AbstractAccessLogValve.java:656)
		at org.apache.catalina.core.StandardEngineValve.invoke(StandardEngineValve.java:74)
		at org.apache.catalina.connector.CoyoteAdapter.service(CoyoteAdapter.java:346)
		at org.apache.coyote.http11.Http11Processor.service(Http11Processor.java:397)
		at org.apache.coyote.AbstractProcessorLight.process(AbstractProcessorLight.java:63)
		at org.apache.coyote.AbstractProtocol$ConnectionHandler.process(AbstractProtocol.java:935)
		at org.apache.tomcat.util.net.NioEndpoint$SocketProcessor.doRun(NioEndpoint.java:1826)
		at org.apache.tomcat.util.net.SocketProcessorBase.run(SocketProcessorBase.java:52)
		at org.apache.tomcat.util.threads.ThreadPoolExecutor.runWorker(ThreadPoolExecutor.java:1189)
		at org.apache.tomcat.util.threads.ThreadPoolExecutor$Worker.run(ThreadPoolExecutor.java:658)
		at org.apache.tomcat.util.threads.TaskThread$WrappingRunnable.run(TaskThread.java:63)
		at java.base/java.lang.Thread.run(Thread.java:840)
05-Oct-2025 22:02:11.552 SEVERE [http-nio-8080-exec-5] org.apache.catalina.core.ApplicationDispatcher.invoke Servlet.service() for servlet [jsp] threw exception
	java.lang.ClassNotFoundException: org.apache.jsp.index_jsp
		at java.base/java.net.URLClassLoader.findClass(URLClassLoader.java:445)
		at org.apache.jasper.servlet.JasperLoader.loadClass(JasperLoader.java:119)
		at org.apache.jasper.servlet.JasperLoader.loadClass(JasperLoader.java:56)
		at org.apache.catalina.core.DefaultInstanceManager.newInstance(DefaultInstanceManager.java:150)
		at org.apache.jasper.servlet.JspServletWrapper.getServlet(JspServletWrapper.java:174)
		at org.apache.jasper.servlet.JspServletWrapper.service(JspServletWrapper.java:393)
		at org.apache.jasper.servlet.JspServlet.serviceJspFile(JspServlet.java:356)
		at org.apache.jasper.servlet.JspServlet.service(JspServlet.java:307)
		at javax.servlet.http.HttpServlet.service(HttpServlet.java:623)
		at org.apache.catalina.core.ApplicationFilterChain.internalDoFilter(ApplicationFilterChain.java:199)
		at org.apache.catalina.core.ApplicationFilterChain.doFilter(ApplicationFilterChain.java:144)
		at org.apache.tomcat.websocket.server.WsFilter.doFilter(WsFilter.java:51)
		at org.apache.catalina.core.ApplicationFilterChain.internalDoFilter(ApplicationFilterChain.java:168)
		at org.apache.catalina.core.ApplicationFilterChain.doFilter(ApplicationFilterChain.java:144)
		at org.apache.catalina.core.ApplicationDispatcher.invoke(ApplicationDispatcher.java:621)
		at org.apache.catalina.core.ApplicationDispatcher.processRequest(ApplicationDispatcher.java:401)
		at org.apache.catalina.core.ApplicationDispatcher.doForward(ApplicationDispatcher.java:340)
		at org.apache.catalina.core.ApplicationDispatcher.forward(ApplicationDispatcher.java:285)
		at vn.loc.controller.ProfileServlet.doGet(ProfileServlet.java:56)
		at javax.servlet.http.HttpServlet.service(HttpServlet.java:529)
		at javax.servlet.http.HttpServlet.service(HttpServlet.java:623)
		at org.apache.catalina.core.ApplicationFilterChain.internalDoFilter(ApplicationFilterChain.java:199)
		at org.apache.catalina.core.ApplicationFilterChain.doFilter(ApplicationFilterChain.java:144)
		at org.apache.tomcat.websocket.server.WsFilter.doFilter(WsFilter.java:51)
		at org.apache.catalina.core.ApplicationFilterChain.internalDoFilter(ApplicationFilterChain.java:168)
		at org.apache.catalina.core.ApplicationFilterChain.doFilter(ApplicationFilterChain.java:144)
		at org.apache.catalina.core.StandardWrapperValve.invoke(StandardWrapperValve.java:168)
		at org.apache.catalina.core.StandardContextValve.invoke(StandardContextValve.java:90)
		at org.apache.catalina.authenticator.AuthenticatorBase.invoke(AuthenticatorBase.java:482)
		at org.apache.catalina.core.StandardHostValve.invoke(StandardHostValve.java:130)
		at org.apache.catalina.valves.ErrorReportValve.invoke(ErrorReportValve.java:93)
		at org.apache.catalina.valves.AbstractAccessLogValve.invoke(AbstractAccessLogValve.java:656)
		at org.apache.catalina.core.StandardEngineValve.invoke(StandardEngineValve.java:74)
		at org.apache.catalina.connector.CoyoteAdapter.service(CoyoteAdapter.java:346)
		at org.apache.coyote.http11.Http11Processor.service(Http11Processor.java:397)
		at org.apache.coyote.AbstractProcessorLight.process(AbstractProcessorLight.java:63)
		at org.apache.coyote.AbstractProtocol$ConnectionHandler.process(AbstractProtocol.java:935)
		at org.apache.tomcat.util.net.NioEndpoint$SocketProcessor.doRun(NioEndpoint.java:1826)
		at org.apache.tomcat.util.net.SocketProcessorBase.run(SocketProcessorBase.java:52)
		at org.apache.tomcat.util.threads.ThreadPoolExecutor.runWorker(ThreadPoolExecutor.java:1189)
		at org.apache.tomcat.util.threads.ThreadPoolExecutor$Worker.run(ThreadPoolExecutor.java:658)
		at org.apache.tomcat.util.threads.TaskThread$WrappingRunnable.run(TaskThread.java:63)
		at java.base/java.lang.Thread.run(Thread.java:840)
05-Oct-2025 22:02:11.552 SEVERE [http-nio-8080-exec-5] org.apache.catalina.core.StandardWrapperValve.invoke Servlet.service() for servlet [vn.loc.controller.ProfileServlet] in context with path [/Lesson] threw exception [org.apache.jasper.JasperException: java.lang.ClassNotFoundException: org.apache.jsp.index_jsp] with root cause
	java.lang.ClassNotFoundException: org.apache.jsp.index_jsp
		at java.base/java.net.URLClassLoader.findClass(URLClassLoader.java:445)
		at org.apache.jasper.servlet.JasperLoader.loadClass(JasperLoader.java:119)
		at org.apache.jasper.servlet.JasperLoader.loadClass(JasperLoader.java:56)
		at org.apache.catalina.core.DefaultInstanceManager.newInstance(DefaultInstanceManager.java:150)
		at org.apache.jasper.servlet.JspServletWrapper.getServlet(JspServletWrapper.java:174)
		at org.apache.jasper.servlet.JspServletWrapper.service(JspServletWrapper.java:393)
		at org.apache.jasper.servlet.JspServlet.serviceJspFile(JspServlet.java:356)
		at org.apache.jasper.servlet.JspServlet.service(JspServlet.java:307)
		at javax.servlet.http.HttpServlet.service(HttpServlet.java:623)
		at org.apache.catalina.core.ApplicationFilterChain.internalDoFilter(ApplicationFilterChain.java:199)
		at org.apache.catalina.core.ApplicationFilterChain.doFilter(ApplicationFilterChain.java:144)
		at org.apache.tomcat.websocket.server.WsFilter.doFilter(WsFilter.java:51)
		at org.apache.catalina.core.ApplicationFilterChain.internalDoFilter(ApplicationFilterChain.java:168)
		at org.apache.catalina.core.ApplicationFilterChain.doFilter(ApplicationFilterChain.java:144)
		at org.apache.catalina.core.ApplicationDispatcher.invoke(ApplicationDispatcher.java:621)
		at org.apache.catalina.core.ApplicationDispatcher.processRequest(ApplicationDispatcher.java:401)
		at org.apache.catalina.core.ApplicationDispatcher.doForward(ApplicationDispatcher.java:340)
		at org.apache.catalina.core.ApplicationDispatcher.forward(ApplicationDispatcher.java:285)
		at vn.loc.controller.ProfileServlet.doGet(ProfileServlet.java:56)
		at javax.servlet.http.HttpServlet.service(HttpServlet.java:529)
		at javax.servlet.http.HttpServlet.service(HttpServlet.java:623)
		at org.apache.catalina.core.ApplicationFilterChain.internalDoFilter(ApplicationFilterChain.java:199)
		at org.apache.catalina.core.ApplicationFilterChain.doFilter(ApplicationFilterChain.java:144)
		at org.apache.tomcat.websocket.server.WsFilter.doFilter(WsFilter.java:51)
		at org.apache.catalina.core.ApplicationFilterChain.internalDoFilter(ApplicationFilterChain.java:168)
		at org.apache.catalina.core.ApplicationFilterChain.doFilter(ApplicationFilterChain.java:144)
		at org.apache.catalina.core.StandardWrapperValve.invoke(StandardWrapperValve.java:168)
		at org.apache.catalina.core.StandardContextValve.invoke(StandardContextValve.java:90)
		at org.apache.catalina.authenticator.AuthenticatorBase.invoke(AuthenticatorBase.java:482)
		at org.apache.catalina.core.StandardHostValve.invoke(StandardHostValve.java:130)
		at org.apache.catalina.valves.ErrorReportValve.invoke(ErrorReportValve.java:93)
		at org.apache.catalina.valves.AbstractAccessLogValve.invoke(AbstractAccessLogValve.java:656)
		at org.apache.catalina.core.StandardEngineValve.invoke(StandardEngineValve.java:74)
		at org.apache.catalina.connector.CoyoteAdapter.service(CoyoteAdapter.java:346)
		at org.apache.coyote.http11.Http11Processor.service(Http11Processor.java:397)
		at org.apache.coyote.AbstractProcessorLight.process(AbstractProcessorLight.java:63)
		at org.apache.coyote.AbstractProtocol$ConnectionHandler.process(AbstractProtocol.java:935)
		at org.apache.tomcat.util.net.NioEndpoint$SocketProcessor.doRun(NioEndpoint.java:1826)
		at org.apache.tomcat.util.net.SocketProcessorBase.run(SocketProcessorBase.java:52)
		at org.apache.tomcat.util.threads.ThreadPoolExecutor.runWorker(ThreadPoolExecutor.java:1189)
		at org.apache.tomcat.util.threads.ThreadPoolExecutor$Worker.run(ThreadPoolExecutor.java:658)
		at org.apache.tomcat.util.threads.TaskThread$WrappingRunnable.run(TaskThread.java:63)
		at java.base/java.lang.Thread.run(Thread.java:840)
05-Oct-2025 22:02:11.963 SEVERE [http-nio-8080-exec-6] org.apache.catalina.core.ApplicationDispatcher.invoke Servlet.service() for servlet [jsp] threw exception
	java.lang.ClassNotFoundException: org.apache.jsp.index_jsp
		at java.base/java.net.URLClassLoader.findClass(URLClassLoader.java:445)
		at org.apache.jasper.servlet.JasperLoader.loadClass(JasperLoader.java:119)
		at org.apache.jasper.servlet.JasperLoader.loadClass(JasperLoader.java:56)
		at org.apache.catalina.core.DefaultInstanceManager.newInstance(DefaultInstanceManager.java:150)
		at org.apache.jasper.servlet.JspServletWrapper.getServlet(JspServletWrapper.java:174)
		at org.apache.jasper.servlet.JspServletWrapper.service(JspServletWrapper.java:393)
		at org.apache.jasper.servlet.JspServlet.serviceJspFile(JspServlet.java:356)
		at org.apache.jasper.servlet.JspServlet.service(JspServlet.java:307)
		at javax.servlet.http.HttpServlet.service(HttpServlet.java:623)
		at org.apache.catalina.core.ApplicationFilterChain.internalDoFilter(ApplicationFilterChain.java:199)
		at org.apache.catalina.core.ApplicationFilterChain.doFilter(ApplicationFilterChain.java:144)
		at org.apache.tomcat.websocket.server.WsFilter.doFilter(WsFilter.java:51)
		at org.apache.catalina.core.ApplicationFilterChain.internalDoFilter(ApplicationFilterChain.java:168)
		at org.apache.catalina.core.ApplicationFilterChain.doFilter(ApplicationFilterChain.java:144)
		at org.apache.catalina.core.ApplicationDispatcher.invoke(ApplicationDispatcher.java:621)
		at org.apache.catalina.core.ApplicationDispatcher.processRequest(ApplicationDispatcher.java:401)
		at org.apache.catalina.core.ApplicationDispatcher.doForward(ApplicationDispatcher.java:340)
		at org.apache.catalina.core.ApplicationDispatcher.forward(ApplicationDispatcher.java:285)
		at vn.loc.controller.ProfileServlet.doGet(ProfileServlet.java:56)
		at javax.servlet.http.HttpServlet.service(HttpServlet.java:529)
		at javax.servlet.http.HttpServlet.service(HttpServlet.java:623)
		at org.apache.catalina.core.ApplicationFilterChain.internalDoFilter(ApplicationFilterChain.java:199)
		at org.apache.catalina.core.ApplicationFilterChain.doFilter(ApplicationFilterChain.java:144)
		at org.apache.tomcat.websocket.server.WsFilter.doFilter(WsFilter.java:51)
		at org.apache.catalina.core.ApplicationFilterChain.internalDoFilter(ApplicationFilterChain.java:168)
		at org.apache.catalina.core.ApplicationFilterChain.doFilter(ApplicationFilterChain.java:144)
		at org.apache.catalina.core.StandardWrapperValve.invoke(StandardWrapperValve.java:168)
		at org.apache.catalina.core.StandardContextValve.invoke(StandardContextValve.java:90)
		at org.apache.catalina.authenticator.AuthenticatorBase.invoke(AuthenticatorBase.java:482)
		at org.apache.catalina.core.StandardHostValve.invoke(StandardHostValve.java:130)
		at org.apache.catalina.valves.ErrorReportValve.invoke(ErrorReportValve.java:93)
		at org.apache.catalina.valves.AbstractAccessLogValve.invoke(AbstractAccessLogValve.java:656)
		at org.apache.catalina.core.StandardEngineValve.invoke(StandardEngineValve.java:74)
		at org.apache.catalina.connector.CoyoteAdapter.service(CoyoteAdapter.java:346)
		at org.apache.coyote.http11.Http11Processor.service(Http11Processor.java:397)
		at org.apache.coyote.AbstractProcessorLight.process(AbstractProcessorLight.java:63)
		at org.apache.coyote.AbstractProtocol$ConnectionHandler.process(AbstractProtocol.java:935)
		at org.apache.tomcat.util.net.NioEndpoint$SocketProcessor.doRun(NioEndpoint.java:1826)
		at org.apache.tomcat.util.net.SocketProcessorBase.run(SocketProcessorBase.java:52)
		at org.apache.tomcat.util.threads.ThreadPoolExecutor.runWorker(ThreadPoolExecutor.java:1189)
		at org.apache.tomcat.util.threads.ThreadPoolExecutor$Worker.run(ThreadPoolExecutor.java:658)
		at org.apache.tomcat.util.threads.TaskThread$WrappingRunnable.run(TaskThread.java:63)
		at java.base/java.lang.Thread.run(Thread.java:840)
05-Oct-2025 22:02:11.963 SEVERE [http-nio-8080-exec-6] org.apache.catalina.core.StandardWrapperValve.invoke Servlet.service() for servlet [vn.loc.controller.ProfileServlet] in context with path [/Lesson] threw exception [org.apache.jasper.JasperException: java.lang.ClassNotFoundException: org.apache.jsp.index_jsp] with root cause
	java.lang.ClassNotFoundException: org.apache.jsp.index_jsp
		at java.base/java.net.URLClassLoader.findClass(URLClassLoader.java:445)
		at org.apache.jasper.servlet.JasperLoader.loadClass(JasperLoader.java:119)
		at org.apache.jasper.servlet.JasperLoader.loadClass(JasperLoader.java:56)
		at org.apache.catalina.core.DefaultInstanceManager.newInstance(DefaultInstanceManager.java:150)
		at org.apache.jasper.servlet.JspServletWrapper.getServlet(JspServletWrapper.java:174)
		at org.apache.jasper.servlet.JspServletWrapper.service(JspServletWrapper.java:393)
		at org.apache.jasper.servlet.JspServlet.serviceJspFile(JspServlet.java:356)
		at org.apache.jasper.servlet.JspServlet.service(JspServlet.java:307)
		at javax.servlet.http.HttpServlet.service(HttpServlet.java:623)
		at org.apache.catalina.core.ApplicationFilterChain.internalDoFilter(ApplicationFilterChain.java:199)
		at org.apache.catalina.core.ApplicationFilterChain.doFilter(ApplicationFilterChain.java:144)
		at org.apache.tomcat.websocket.server.WsFilter.doFilter(WsFilter.java:51)
		at org.apache.catalina.core.ApplicationFilterChain.internalDoFilter(ApplicationFilterChain.java:168)
		at org.apache.catalina.core.ApplicationFilterChain.doFilter(ApplicationFilterChain.java:144)
		at org.apache.catalina.core.ApplicationDispatcher.invoke(ApplicationDispatcher.java:621)
		at org.apache.catalina.core.ApplicationDispatcher.processRequest(ApplicationDispatcher.java:401)
		at org.apache.catalina.core.ApplicationDispatcher.doForward(ApplicationDispatcher.java:340)
		at org.apache.catalina.core.ApplicationDispatcher.forward(ApplicationDispatcher.java:285)
		at vn.loc.controller.ProfileServlet.doGet(ProfileServlet.java:56)
		at javax.servlet.http.HttpServlet.service(HttpServlet.java:529)
		at javax.servlet.http.HttpServlet.service(HttpServlet.java:623)
		at org.apache.catalina.core.ApplicationFilterChain.internalDoFilter(ApplicationFilterChain.java:199)
		at org.apache.catalina.core.ApplicationFilterChain.doFilter(ApplicationFilterChain.java:144)
		at org.apache.tomcat.websocket.server.WsFilter.doFilter(WsFilter.java:51)
		at org.apache.catalina.core.ApplicationFilterChain.internalDoFilter(ApplicationFilterChain.java:168)
		at org.apache.catalina.core.ApplicationFilterChain.doFilter(ApplicationFilterChain.java:144)
		at org.apache.catalina.core.StandardWrapperValve.invoke(StandardWrapperValve.java:168)
		at org.apache.catalina.core.StandardContextValve.invoke(StandardContextValve.java:90)
		at org.apache.catalina.authenticator.AuthenticatorBase.invoke(AuthenticatorBase.java:482)
		at org.apache.catalina.core.StandardHostValve.invoke(StandardHostValve.java:130)
		at org.apache.catalina.valves.ErrorReportValve.invoke(ErrorReportValve.java:93)
		at org.apache.catalina.valves.AbstractAccessLogValve.invoke(AbstractAccessLogValve.java:656)
		at org.apache.catalina.core.StandardEngineValve.invoke(StandardEngineValve.java:74)
		at org.apache.catalina.connector.CoyoteAdapter.service(CoyoteAdapter.java:346)
		at org.apache.coyote.http11.Http11Processor.service(Http11Processor.java:397)
		at org.apache.coyote.AbstractProcessorLight.process(AbstractProcessorLight.java:63)
		at org.apache.coyote.AbstractProtocol$ConnectionHandler.process(AbstractProtocol.java:935)
		at org.apache.tomcat.util.net.NioEndpoint$SocketProcessor.doRun(NioEndpoint.java:1826)
		at org.apache.tomcat.util.net.SocketProcessorBase.run(SocketProcessorBase.java:52)
		at org.apache.tomcat.util.threads.ThreadPoolExecutor.runWorker(ThreadPoolExecutor.java:1189)
		at org.apache.tomcat.util.threads.ThreadPoolExecutor$Worker.run(ThreadPoolExecutor.java:658)
		at org.apache.tomcat.util.threads.TaskThread$WrappingRunnable.run(TaskThread.java:63)
		at java.base/java.lang.Thread.run(Thread.java:840)
05-Oct-2025 22:02:12.367 SEVERE [http-nio-8080-exec-7] org.apache.catalina.core.ApplicationDispatcher.invoke Servlet.service() for servlet [jsp] threw exception
	java.lang.ClassNotFoundException: org.apache.jsp.index_jsp
		at java.base/java.net.URLClassLoader.findClass(URLClassLoader.java:445)
		at org.apache.jasper.servlet.JasperLoader.loadClass(JasperLoader.java:119)
		at org.apache.jasper.servlet.JasperLoader.loadClass(JasperLoader.java:56)
		at org.apache.catalina.core.DefaultInstanceManager.newInstance(DefaultInstanceManager.java:150)
		at org.apache.jasper.servlet.JspServletWrapper.getServlet(JspServletWrapper.java:174)
		at org.apache.jasper.servlet.JspServletWrapper.service(JspServletWrapper.java:393)
		at org.apache.jasper.servlet.JspServlet.serviceJspFile(JspServlet.java:356)
		at org.apache.jasper.servlet.JspServlet.service(JspServlet.java:307)
		at javax.servlet.http.HttpServlet.service(HttpServlet.java:623)
		at org.apache.catalina.core.ApplicationFilterChain.internalDoFilter(ApplicationFilterChain.java:199)
		at org.apache.catalina.core.ApplicationFilterChain.doFilter(ApplicationFilterChain.java:144)
		at org.apache.tomcat.websocket.server.WsFilter.doFilter(WsFilter.java:51)
		at org.apache.catalina.core.ApplicationFilterChain.internalDoFilter(ApplicationFilterChain.java:168)
		at org.apache.catalina.core.ApplicationFilterChain.doFilter(ApplicationFilterChain.java:144)
		at org.apache.catalina.core.ApplicationDispatcher.invoke(ApplicationDispatcher.java:621)
		at org.apache.catalina.core.ApplicationDispatcher.processRequest(ApplicationDispatcher.java:401)
		at org.apache.catalina.core.ApplicationDispatcher.doForward(ApplicationDispatcher.java:340)
		at org.apache.catalina.core.ApplicationDispatcher.forward(ApplicationDispatcher.java:285)
		at vn.loc.controller.ProfileServlet.doGet(ProfileServlet.java:56)
		at javax.servlet.http.HttpServlet.service(HttpServlet.java:529)
		at javax.servlet.http.HttpServlet.service(HttpServlet.java:623)
		at org.apache.catalina.core.ApplicationFilterChain.internalDoFilter(ApplicationFilterChain.java:199)
		at org.apache.catalina.core.ApplicationFilterChain.doFilter(ApplicationFilterChain.java:144)
		at org.apache.tomcat.websocket.server.WsFilter.doFilter(WsFilter.java:51)
		at org.apache.catalina.core.ApplicationFilterChain.internalDoFilter(ApplicationFilterChain.java:168)
		at org.apache.catalina.core.ApplicationFilterChain.doFilter(ApplicationFilterChain.java:144)
		at org.apache.catalina.core.StandardWrapperValve.invoke(StandardWrapperValve.java:168)
		at org.apache.catalina.core.StandardContextValve.invoke(StandardContextValve.java:90)
		at org.apache.catalina.authenticator.AuthenticatorBase.invoke(AuthenticatorBase.java:482)
		at org.apache.catalina.core.StandardHostValve.invoke(StandardHostValve.java:130)
		at org.apache.catalina.valves.ErrorReportValve.invoke(ErrorReportValve.java:93)
		at org.apache.catalina.valves.AbstractAccessLogValve.invoke(AbstractAccessLogValve.java:656)
		at org.apache.catalina.core.StandardEngineValve.invoke(StandardEngineValve.java:74)
		at org.apache.catalina.connector.CoyoteAdapter.service(CoyoteAdapter.java:346)
		at org.apache.coyote.http11.Http11Processor.service(Http11Processor.java:397)
		at org.apache.coyote.AbstractProcessorLight.process(AbstractProcessorLight.java:63)
		at org.apache.coyote.AbstractProtocol$ConnectionHandler.process(AbstractProtocol.java:935)
		at org.apache.tomcat.util.net.NioEndpoint$SocketProcessor.doRun(NioEndpoint.java:1826)
		at org.apache.tomcat.util.net.SocketProcessorBase.run(SocketProcessorBase.java:52)
		at org.apache.tomcat.util.threads.ThreadPoolExecutor.runWorker(ThreadPoolExecutor.java:1189)
		at org.apache.tomcat.util.threads.ThreadPoolExecutor$Worker.run(ThreadPoolExecutor.java:658)
		at org.apache.tomcat.util.threads.TaskThread$WrappingRunnable.run(TaskThread.java:63)
		at java.base/java.lang.Thread.run(Thread.java:840)
05-Oct-2025 22:02:12.368 SEVERE [http-nio-8080-exec-7] org.apache.catalina.core.StandardWrapperValve.invoke Servlet.service() for servlet [vn.loc.controller.ProfileServlet] in context with path [/Lesson] threw exception [org.apache.jasper.JasperException: java.lang.ClassNotFoundException: org.apache.jsp.index_jsp] with root cause
	java.lang.ClassNotFoundException: org.apache.jsp.index_jsp
		at java.base/java.net.URLClassLoader.findClass(URLClassLoader.java:445)
		at org.apache.jasper.servlet.JasperLoader.loadClass(JasperLoader.java:119)
		at org.apache.jasper.servlet.JasperLoader.loadClass(JasperLoader.java:56)
		at org.apache.catalina.core.DefaultInstanceManager.newInstance(DefaultInstanceManager.java:150)
		at org.apache.jasper.servlet.JspServletWrapper.getServlet(JspServletWrapper.java:174)
		at org.apache.jasper.servlet.JspServletWrapper.service(JspServletWrapper.java:393)
		at org.apache.jasper.servlet.JspServlet.serviceJspFile(JspServlet.java:356)
		at org.apache.jasper.servlet.JspServlet.service(JspServlet.java:307)
		at javax.servlet.http.HttpServlet.service(HttpServlet.java:623)
		at org.apache.catalina.core.ApplicationFilterChain.internalDoFilter(ApplicationFilterChain.java:199)
		at org.apache.catalina.core.ApplicationFilterChain.doFilter(ApplicationFilterChain.java:144)
		at org.apache.tomcat.websocket.server.WsFilter.doFilter(WsFilter.java:51)
		at org.apache.catalina.core.ApplicationFilterChain.internalDoFilter(ApplicationFilterChain.java:168)
		at org.apache.catalina.core.ApplicationFilterChain.doFilter(ApplicationFilterChain.java:144)
		at org.apache.catalina.core.ApplicationDispatcher.invoke(ApplicationDispatcher.java:621)
		at org.apache.catalina.core.ApplicationDispatcher.processRequest(ApplicationDispatcher.java:401)
		at org.apache.catalina.core.ApplicationDispatcher.doForward(ApplicationDispatcher.java:340)
		at org.apache.catalina.core.ApplicationDispatcher.forward(ApplicationDispatcher.java:285)
		at vn.loc.controller.ProfileServlet.doGet(ProfileServlet.java:56)
		at javax.servlet.http.HttpServlet.service(HttpServlet.java:529)
		at javax.servlet.http.HttpServlet.service(HttpServlet.java:623)
		at org.apache.catalina.core.ApplicationFilterChain.internalDoFilter(ApplicationFilterChain.java:199)
		at org.apache.catalina.core.ApplicationFilterChain.doFilter(ApplicationFilterChain.java:144)
		at org.apache.tomcat.websocket.server.WsFilter.doFilter(WsFilter.java:51)
		at org.apache.catalina.core.ApplicationFilterChain.internalDoFilter(ApplicationFilterChain.java:168)
		at org.apache.catalina.core.ApplicationFilterChain.doFilter(ApplicationFilterChain.java:144)
		at org.apache.catalina.core.StandardWrapperValve.invoke(StandardWrapperValve.java:168)
		at org.apache.catalina.core.StandardContextValve.invoke(StandardContextValve.java:90)
		at org.apache.catalina.authenticator.AuthenticatorBase.invoke(AuthenticatorBase.java:482)
		at org.apache.catalina.core.StandardHostValve.invoke(StandardHostValve.java:130)
		at org.apache.catalina.valves.ErrorReportValve.invoke(ErrorReportValve.java:93)
		at org.apache.catalina.valves.AbstractAccessLogValve.invoke(AbstractAccessLogValve.java:656)
		at org.apache.catalina.core.StandardEngineValve.invoke(StandardEngineValve.java:74)
		at org.apache.catalina.connector.CoyoteAdapter.service(CoyoteAdapter.java:346)
		at org.apache.coyote.http11.Http11Processor.service(Http11Processor.java:397)
		at org.apache.coyote.AbstractProcessorLight.process(AbstractProcessorLight.java:63)
		at org.apache.coyote.AbstractProtocol$ConnectionHandler.process(AbstractProtocol.java:935)
		at org.apache.tomcat.util.net.NioEndpoint$SocketProcessor.doRun(NioEndpoint.java:1826)
		at org.apache.tomcat.util.net.SocketProcessorBase.run(SocketProcessorBase.java:52)
		at org.apache.tomcat.util.threads.ThreadPoolExecutor.runWorker(ThreadPoolExecutor.java:1189)
		at org.apache.tomcat.util.threads.ThreadPoolExecutor$Worker.run(ThreadPoolExecutor.java:658)
		at org.apache.tomcat.util.threads.TaskThread$WrappingRunnable.run(TaskThread.java:63)
		at java.base/java.lang.Thread.run(Thread.java:840)
05-Oct-2025 22:03:40.239 INFO [main] org.apache.catalina.core.ApplicationContext.log SessionListener: contextDestroyed()
05-Oct-2025 22:03:40.239 INFO [main] org.apache.catalina.core.ApplicationContext.log ContextListener: contextDestroyed()
05-Oct-2025 22:03:43.282 INFO [main] org.apache.catalina.core.ApplicationContext.log ContextListener: contextInitialized()
05-Oct-2025 22:03:43.282 INFO [main] org.apache.catalina.core.ApplicationContext.log SessionListener: contextInitialized()
05-Oct-2025 22:03:43.283 INFO [main] org.apache.catalina.core.ApplicationContext.log ContextListener: attributeAdded('StockTicker', 'async.Stockticker@107e5441')
05-Oct-2025 22:03:45.918 SEVERE [http-nio-8080-exec-1] org.apache.catalina.core.ApplicationDispatcher.invoke Servlet.service() for servlet [jsp] threw exception
	org.apache.jasper.JasperException: /index.jsp (line: [99], column: [12]) The end tag "&lt;/c:forEach" is unbalanced
		at org.apache.jasper.compiler.DefaultErrorHandler.jspError(DefaultErrorHandler.java:31)
		at org.apache.jasper.compiler.ErrorDispatcher.dispatch(ErrorDispatcher.java:268)
		at org.apache.jasper.compiler.ErrorDispatcher.jspError(ErrorDispatcher.java:91)
		at org.apache.jasper.compiler.Parser.checkUnbalancedEndTag(Parser.java:1502)
		at org.apache.jasper.compiler.Parser.parseElements(Parser.java:1385)
		at org.apache.jasper.compiler.Parser.parseBody(Parser.java:1569)
		at org.apache.jasper.compiler.Parser.parseOptionalBody(Parser.java:953)
		at org.apache.jasper.compiler.Parser.parseCustomTag(Parser.java:1213)
		at org.apache.jasper.compiler.Parser.parseElements(Parser.java:1384)
		at org.apache.jasper.compiler.Parser.parseBody(Parser.java:1569)
		at org.apache.jasper.compiler.Parser.parseOptionalBody(Parser.java:953)
		at org.apache.jasper.compiler.Parser.parseCustomTag(Parser.java:1213)
		at org.apache.jasper.compiler.Parser.parseElements(Parser.java:1384)
		at org.apache.jasper.compiler.Parser.parse(Parser.java:137)
		at org.apache.jasper.compiler.ParserController.doParse(ParserController.java:243)
		at org.apache.jasper.compiler.ParserController.parse(ParserController.java:106)
		at org.apache.jasper.compiler.Compiler.generateJava(Compiler.java:193)
		at org.apache.jasper.compiler.Compiler.compile(Compiler.java:366)
		at org.apache.jasper.compiler.Compiler.compile(Compiler.java:344)
		at org.apache.jasper.compiler.Compiler.compile(Compiler.java:330)
		at org.apache.jasper.JspCompilationContext.compile(JspCompilationContext.java:591)
		at org.apache.jasper.servlet.JspServletWrapper.service(JspServletWrapper.java:379)
		at org.apache.jasper.servlet.JspServlet.serviceJspFile(JspServlet.java:356)
		at org.apache.jasper.servlet.JspServlet.service(JspServlet.java:307)
		at javax.servlet.http.HttpServlet.service(HttpServlet.java:623)
		at org.apache.catalina.core.ApplicationFilterChain.internalDoFilter(ApplicationFilterChain.java:199)
		at org.apache.catalina.core.ApplicationFilterChain.doFilter(ApplicationFilterChain.java:144)
		at org.apache.tomcat.websocket.server.WsFilter.doFilter(WsFilter.java:51)
		at org.apache.catalina.core.ApplicationFilterChain.internalDoFilter(ApplicationFilterChain.java:168)
		at org.apache.catalina.core.ApplicationFilterChain.doFilter(ApplicationFilterChain.java:144)
		at org.apache.catalina.core.ApplicationDispatcher.invoke(ApplicationDispatcher.java:621)
		at org.apache.catalina.core.ApplicationDispatcher.processRequest(ApplicationDispatcher.java:401)
		at org.apache.catalina.core.ApplicationDispatcher.doForward(ApplicationDispatcher.java:340)
		at org.apache.catalina.core.ApplicationDispatcher.forward(ApplicationDispatcher.java:285)
		at vn.loc.controller.ProfileServlet.doGet(ProfileServlet.java:56)
		at javax.servlet.http.HttpServlet.service(HttpServlet.java:529)
		at javax.servlet.http.HttpServlet.service(HttpServlet.java:623)
		at org.apache.catalina.core.ApplicationFilterChain.internalDoFilter(ApplicationFilterChain.java:199)
		at org.apache.catalina.core.ApplicationFilterChain.doFilter(ApplicationFilterChain.java:144)
		at org.apache.tomcat.websocket.server.WsFilter.doFilter(WsFilter.java:51)
		at org.apache.catalina.core.ApplicationFilterChain.internalDoFilter(ApplicationFilterChain.java:168)
		at org.apache.catalina.core.ApplicationFilterChain.doFilter(ApplicationFilterChain.java:144)
		at org.apache.catalina.core.StandardWrapperValve.invoke(StandardWrapperValve.java:168)
		at org.apache.catalina.core.StandardContextValve.invoke(StandardContextValve.java:90)
		at org.apache.catalina.authenticator.AuthenticatorBase.invoke(AuthenticatorBase.java:482)
		at org.apache.catalina.core.StandardHostValve.invoke(StandardHostValve.java:130)
		at org.apache.catalina.valves.ErrorReportValve.invoke(ErrorReportValve.java:93)
		at org.apache.catalina.valves.AbstractAccessLogValve.invoke(AbstractAccessLogValve.java:656)
		at org.apache.catalina.core.StandardEngineValve.invoke(StandardEngineValve.java:74)
		at org.apache.catalina.connector.CoyoteAdapter.service(CoyoteAdapter.java:346)
		at org.apache.coyote.http11.Http11Processor.service(Http11Processor.java:397)
		at org.apache.coyote.AbstractProcessorLight.process(AbstractProcessorLight.java:63)
		at org.apache.coyote.AbstractProtocol$ConnectionHandler.process(AbstractProtocol.java:935)
		at org.apache.tomcat.util.net.NioEndpoint$SocketProcessor.doRun(NioEndpoint.java:1826)
		at org.apache.tomcat.util.net.SocketProcessorBase.run(SocketProcessorBase.java:52)
		at org.apache.tomcat.util.threads.ThreadPoolExecutor.runWorker(ThreadPoolExecutor.java:1189)
		at org.apache.tomcat.util.threads.ThreadPoolExecutor$Worker.run(ThreadPoolExecutor.java:658)
		at org.apache.tomcat.util.threads.TaskThread$WrappingRunnable.run(TaskThread.java:63)
		at java.base/java.lang.Thread.run(Thread.java:840)
05-Oct-2025 22:03:45.918 SEVERE [http-nio-8080-exec-1] org.apache.catalina.core.StandardWrapperValve.invoke Servlet.service() for servlet [vn.loc.controller.ProfileServlet] in context with path [/Lesson] threw exception [/index.jsp (line: [99], column: [12]) The end tag "&lt;/c:forEach" is unbalanced] with root cause
	org.apache.jasper.JasperException: /index.jsp (line: [99], column: [12]) The end tag "&lt;/c:forEach" is unbalanced
		at org.apache.jasper.compiler.DefaultErrorHandler.jspError(DefaultErrorHandler.java:31)
		at org.apache.jasper.compiler.ErrorDispatcher.dispatch(ErrorDispatcher.java:268)
		at org.apache.jasper.compiler.ErrorDispatcher.jspError(ErrorDispatcher.java:91)
		at org.apache.jasper.compiler.Parser.checkUnbalancedEndTag(Parser.java:1502)
		at org.apache.jasper.compiler.Parser.parseElements(Parser.java:1385)
		at org.apache.jasper.compiler.Parser.parseBody(Parser.java:1569)
		at org.apache.jasper.compiler.Parser.parseOptionalBody(Parser.java:953)
		at org.apache.jasper.compiler.Parser.parseCustomTag(Parser.java:1213)
		at org.apache.jasper.compiler.Parser.parseElements(Parser.java:1384)
		at org.apache.jasper.compiler.Parser.parseBody(Parser.java:1569)
		at org.apache.jasper.compiler.Parser.parseOptionalBody(Parser.java:953)
		at org.apache.jasper.compiler.Parser.parseCustomTag(Parser.java:1213)
		at org.apache.jasper.compiler.Parser.parseElements(Parser.java:1384)
		at org.apache.jasper.compiler.Parser.parse(Parser.java:137)
		at org.apache.jasper.compiler.ParserController.doParse(ParserController.java:243)
		at org.apache.jasper.compiler.ParserController.parse(ParserController.java:106)
		at org.apache.jasper.compiler.Compiler.generateJava(Compiler.java:193)
		at org.apache.jasper.compiler.Compiler.compile(Compiler.java:366)
		at org.apache.jasper.compiler.Compiler.compile(Compiler.java:344)
		at org.apache.jasper.compiler.Compiler.compile(Compiler.java:330)
		at org.apache.jasper.JspCompilationContext.compile(JspCompilationContext.java:591)
		at org.apache.jasper.servlet.JspServletWrapper.service(JspServletWrapper.java:379)
		at org.apache.jasper.servlet.JspServlet.serviceJspFile(JspServlet.java:356)
		at org.apache.jasper.servlet.JspServlet.service(JspServlet.java:307)
		at javax.servlet.http.HttpServlet.service(HttpServlet.java:623)
		at org.apache.catalina.core.ApplicationFilterChain.internalDoFilter(ApplicationFilterChain.java:199)
		at org.apache.catalina.core.ApplicationFilterChain.doFilter(ApplicationFilterChain.java:144)
		at org.apache.tomcat.websocket.server.WsFilter.doFilter(WsFilter.java:51)
		at org.apache.catalina.core.ApplicationFilterChain.internalDoFilter(ApplicationFilterChain.java:168)
		at org.apache.catalina.core.ApplicationFilterChain.doFilter(ApplicationFilterChain.java:144)
		at org.apache.catalina.core.ApplicationDispatcher.invoke(ApplicationDispatcher.java:621)
		at org.apache.catalina.core.ApplicationDispatcher.processRequest(ApplicationDispatcher.java:401)
		at org.apache.catalina.core.ApplicationDispatcher.doForward(ApplicationDispatcher.java:340)
		at org.apache.catalina.core.ApplicationDispatcher.forward(ApplicationDispatcher.java:285)
		at vn.loc.controller.ProfileServlet.doGet(ProfileServlet.java:56)
		at javax.servlet.http.HttpServlet.service(HttpServlet.java:529)
		at javax.servlet.http.HttpServlet.service(HttpServlet.java:623)
		at org.apache.catalina.core.ApplicationFilterChain.internalDoFilter(ApplicationFilterChain.java:199)
		at org.apache.catalina.core.ApplicationFilterChain.doFilter(ApplicationFilterChain.java:144)
		at org.apache.tomcat.websocket.server.WsFilter.doFilter(WsFilter.java:51)
		at org.apache.catalina.core.ApplicationFilterChain.internalDoFilter(ApplicationFilterChain.java:168)
		at org.apache.catalina.core.ApplicationFilterChain.doFilter(ApplicationFilterChain.java:144)
		at org.apache.catalina.core.StandardWrapperValve.invoke(StandardWrapperValve.java:168)
		at org.apache.catalina.core.StandardContextValve.invoke(StandardContextValve.java:90)
		at org.apache.catalina.authenticator.AuthenticatorBase.invoke(AuthenticatorBase.java:482)
		at org.apache.catalina.core.StandardHostValve.invoke(StandardHostValve.java:130)
		at org.apache.catalina.valves.ErrorReportValve.invoke(ErrorReportValve.java:93)
		at org.apache.catalina.valves.AbstractAccessLogValve.invoke(AbstractAccessLogValve.java:656)
		at org.apache.catalina.core.StandardEngineValve.invoke(StandardEngineValve.java:74)
		at org.apache.catalina.connector.CoyoteAdapter.service(CoyoteAdapter.java:346)
		at org.apache.coyote.http11.Http11Processor.service(Http11Processor.java:397)
		at org.apache.coyote.AbstractProcessorLight.process(AbstractProcessorLight.java:63)
		at org.apache.coyote.AbstractProtocol$ConnectionHandler.process(AbstractProtocol.java:935)
		at org.apache.tomcat.util.net.NioEndpoint$SocketProcessor.doRun(NioEndpoint.java:1826)
		at org.apache.tomcat.util.net.SocketProcessorBase.run(SocketProcessorBase.java:52)
		at org.apache.tomcat.util.threads.ThreadPoolExecutor.runWorker(ThreadPoolExecutor.java:1189)
		at org.apache.tomcat.util.threads.ThreadPoolExecutor$Worker.run(ThreadPoolExecutor.java:658)
		at org.apache.tomcat.util.threads.TaskThread$WrappingRunnable.run(TaskThread.java:63)
		at java.base/java.lang.Thread.run(Thread.java:840)
05-Oct-2025 22:05:02.508 INFO [main] org.apache.catalina.core.ApplicationContext.log SessionListener: contextDestroyed()
05-Oct-2025 22:05:02.509 INFO [main] org.apache.catalina.core.ApplicationContext.log ContextListener: contextDestroyed()
05-Oct-2025 22:05:10.497 INFO [main] org.apache.catalina.core.ApplicationContext.log ContextListener: contextInitialized()
05-Oct-2025 22:05:10.497 INFO [main] org.apache.catalina.core.ApplicationContext.log SessionListener: contextInitialized()
05-Oct-2025 22:05:10.497 INFO [main] org.apache.catalina.core.ApplicationContext.log ContextListener: attributeAdded('StockTicker', 'async.Stockticker@7daa61f3')
05-Oct-2025 22:05:14.078 SEVERE [http-nio-8080-exec-1] org.apache.catalina.core.ApplicationDispatcher.invoke Servlet.service() for servlet [jsp] threw exception
	org.apache.jasper.JasperException: /index.jsp (line: [99], column: [12]) The end tag "&lt;/c:forEach" is unbalanced
		at org.apache.jasper.compiler.DefaultErrorHandler.jspError(DefaultErrorHandler.java:31)
		at org.apache.jasper.compiler.ErrorDispatcher.dispatch(ErrorDispatcher.java:268)
		at org.apache.jasper.compiler.ErrorDispatcher.jspError(ErrorDispatcher.java:91)
		at org.apache.jasper.compiler.Parser.checkUnbalancedEndTag(Parser.java:1502)
		at org.apache.jasper.compiler.Parser.parseElements(Parser.java:1385)
		at org.apache.jasper.compiler.Parser.parseBody(Parser.java:1569)
		at org.apache.jasper.compiler.Parser.parseOptionalBody(Parser.java:953)
		at org.apache.jasper.compiler.Parser.parseCustomTag(Parser.java:1213)
		at org.apache.jasper.compiler.Parser.parseElements(Parser.java:1384)
		at org.apache.jasper.compiler.Parser.parseBody(Parser.java:1569)
		at org.apache.jasper.compiler.Parser.parseOptionalBody(Parser.java:953)
		at org.apache.jasper.compiler.Parser.parseCustomTag(Parser.java:1213)
		at org.apache.jasper.compiler.Parser.parseElements(Parser.java:1384)
		at org.apache.jasper.compiler.Parser.parse(Parser.java:137)
		at org.apache.jasper.compiler.ParserController.doParse(ParserController.java:243)
		at org.apache.jasper.compiler.ParserController.parse(ParserController.java:106)
		at org.apache.jasper.compiler.Compiler.generateJava(Compiler.java:193)
		at org.apache.jasper.compiler.Compiler.compile(Compiler.java:366)
		at org.apache.jasper.compiler.Compiler.compile(Compiler.java:344)
		at org.apache.jasper.compiler.Compiler.compile(Compiler.java:330)
		at org.apache.jasper.JspCompilationContext.compile(JspCompilationContext.java:591)
		at org.apache.jasper.servlet.JspServletWrapper.service(JspServletWrapper.java:379)
		at org.apache.jasper.servlet.JspServlet.serviceJspFile(JspServlet.java:356)
		at org.apache.jasper.servlet.JspServlet.service(JspServlet.java:307)
		at javax.servlet.http.HttpServlet.service(HttpServlet.java:623)
		at org.apache.catalina.core.ApplicationFilterChain.internalDoFilter(ApplicationFilterChain.java:199)
		at org.apache.catalina.core.ApplicationFilterChain.doFilter(ApplicationFilterChain.java:144)
		at org.apache.tomcat.websocket.server.WsFilter.doFilter(WsFilter.java:51)
		at org.apache.catalina.core.ApplicationFilterChain.internalDoFilter(ApplicationFilterChain.java:168)
		at org.apache.catalina.core.ApplicationFilterChain.doFilter(ApplicationFilterChain.java:144)
		at org.apache.catalina.core.ApplicationDispatcher.invoke(ApplicationDispatcher.java:621)
		at org.apache.catalina.core.ApplicationDispatcher.processRequest(ApplicationDispatcher.java:401)
		at org.apache.catalina.core.ApplicationDispatcher.doForward(ApplicationDispatcher.java:340)
		at org.apache.catalina.core.ApplicationDispatcher.forward(ApplicationDispatcher.java:285)
		at vn.loc.controller.ProfileServlet.doGet(ProfileServlet.java:56)
		at javax.servlet.http.HttpServlet.service(HttpServlet.java:529)
		at javax.servlet.http.HttpServlet.service(HttpServlet.java:623)
		at org.apache.catalina.core.ApplicationFilterChain.internalDoFilter(ApplicationFilterChain.java:199)
		at org.apache.catalina.core.ApplicationFilterChain.doFilter(ApplicationFilterChain.java:144)
		at org.apache.tomcat.websocket.server.WsFilter.doFilter(WsFilter.java:51)
		at org.apache.catalina.core.ApplicationFilterChain.internalDoFilter(ApplicationFilterChain.java:168)
		at org.apache.catalina.core.ApplicationFilterChain.doFilter(ApplicationFilterChain.java:144)
		at org.apache.catalina.core.StandardWrapperValve.invoke(StandardWrapperValve.java:168)
		at org.apache.catalina.core.StandardContextValve.invoke(StandardContextValve.java:90)
		at org.apache.catalina.authenticator.AuthenticatorBase.invoke(AuthenticatorBase.java:482)
		at org.apache.catalina.core.StandardHostValve.invoke(StandardHostValve.java:130)
		at org.apache.catalina.valves.ErrorReportValve.invoke(ErrorReportValve.java:93)
		at org.apache.catalina.valves.AbstractAccessLogValve.invoke(AbstractAccessLogValve.java:656)
		at org.apache.catalina.core.StandardEngineValve.invoke(StandardEngineValve.java:74)
		at org.apache.catalina.connector.CoyoteAdapter.service(CoyoteAdapter.java:346)
		at org.apache.coyote.http11.Http11Processor.service(Http11Processor.java:397)
		at org.apache.coyote.AbstractProcessorLight.process(AbstractProcessorLight.java:63)
		at org.apache.coyote.AbstractProtocol$ConnectionHandler.process(AbstractProtocol.java:935)
		at org.apache.tomcat.util.net.NioEndpoint$SocketProcessor.doRun(NioEndpoint.java:1826)
		at org.apache.tomcat.util.net.SocketProcessorBase.run(SocketProcessorBase.java:52)
		at org.apache.tomcat.util.threads.ThreadPoolExecutor.runWorker(ThreadPoolExecutor.java:1189)
		at org.apache.tomcat.util.threads.ThreadPoolExecutor$Worker.run(ThreadPoolExecutor.java:658)
		at org.apache.tomcat.util.threads.TaskThread$WrappingRunnable.run(TaskThread.java:63)
		at java.base/java.lang.Thread.run(Thread.java:840)
05-Oct-2025 22:05:14.078 SEVERE [http-nio-8080-exec-1] org.apache.catalina.core.StandardWrapperValve.invoke Servlet.service() for servlet [vn.loc.controller.ProfileServlet] in context with path [/Lesson] threw exception [/index.jsp (line: [99], column: [12]) The end tag "&lt;/c:forEach" is unbalanced] with root cause
	org.apache.jasper.JasperException: /index.jsp (line: [99], column: [12]) The end tag "&lt;/c:forEach" is unbalanced
		at org.apache.jasper.compiler.DefaultErrorHandler.jspError(DefaultErrorHandler.java:31)
		at org.apache.jasper.compiler.ErrorDispatcher.dispatch(ErrorDispatcher.java:268)
		at org.apache.jasper.compiler.ErrorDispatcher.jspError(ErrorDispatcher.java:91)
		at org.apache.jasper.compiler.Parser.checkUnbalancedEndTag(Parser.java:1502)
		at org.apache.jasper.compiler.Parser.parseElements(Parser.java:1385)
		at org.apache.jasper.compiler.Parser.parseBody(Parser.java:1569)
		at org.apache.jasper.compiler.Parser.parseOptionalBody(Parser.java:953)
		at org.apache.jasper.compiler.Parser.parseCustomTag(Parser.java:1213)
		at org.apache.jasper.compiler.Parser.parseElements(Parser.java:1384)
		at org.apache.jasper.compiler.Parser.parseBody(Parser.java:1569)
		at org.apache.jasper.compiler.Parser.parseOptionalBody(Parser.java:953)
		at org.apache.jasper.compiler.Parser.parseCustomTag(Parser.java:1213)
		at org.apache.jasper.compiler.Parser.parseElements(Parser.java:1384)
		at org.apache.jasper.compiler.Parser.parse(Parser.java:137)
		at org.apache.jasper.compiler.ParserController.doParse(ParserController.java:243)
		at org.apache.jasper.compiler.ParserController.parse(ParserController.java:106)
		at org.apache.jasper.compiler.Compiler.generateJava(Compiler.java:193)
		at org.apache.jasper.compiler.Compiler.compile(Compiler.java:366)
		at org.apache.jasper.compiler.Compiler.compile(Compiler.java:344)
		at org.apache.jasper.compiler.Compiler.compile(Compiler.java:330)
		at org.apache.jasper.JspCompilationContext.compile(JspCompilationContext.java:591)
		at org.apache.jasper.servlet.JspServletWrapper.service(JspServletWrapper.java:379)
		at org.apache.jasper.servlet.JspServlet.serviceJspFile(JspServlet.java:356)
		at org.apache.jasper.servlet.JspServlet.service(JspServlet.java:307)
		at javax.servlet.http.HttpServlet.service(HttpServlet.java:623)
		at org.apache.catalina.core.ApplicationFilterChain.internalDoFilter(ApplicationFilterChain.java:199)
		at org.apache.catalina.core.ApplicationFilterChain.doFilter(ApplicationFilterChain.java:144)
		at org.apache.tomcat.websocket.server.WsFilter.doFilter(WsFilter.java:51)
		at org.apache.catalina.core.ApplicationFilterChain.internalDoFilter(ApplicationFilterChain.java:168)
		at org.apache.catalina.core.ApplicationFilterChain.doFilter(ApplicationFilterChain.java:144)
		at org.apache.catalina.core.ApplicationDispatcher.invoke(ApplicationDispatcher.java:621)
		at org.apache.catalina.core.ApplicationDispatcher.processRequest(ApplicationDispatcher.java:401)
		at org.apache.catalina.core.ApplicationDispatcher.doForward(ApplicationDispatcher.java:340)
		at org.apache.catalina.core.ApplicationDispatcher.forward(ApplicationDispatcher.java:285)
		at vn.loc.controller.ProfileServlet.doGet(ProfileServlet.java:56)
		at javax.servlet.http.HttpServlet.service(HttpServlet.java:529)
		at javax.servlet.http.HttpServlet.service(HttpServlet.java:623)
		at org.apache.catalina.core.ApplicationFilterChain.internalDoFilter(ApplicationFilterChain.java:199)
		at org.apache.catalina.core.ApplicationFilterChain.doFilter(ApplicationFilterChain.java:144)
		at org.apache.tomcat.websocket.server.WsFilter.doFilter(WsFilter.java:51)
		at org.apache.catalina.core.ApplicationFilterChain.internalDoFilter(ApplicationFilterChain.java:168)
		at org.apache.catalina.core.ApplicationFilterChain.doFilter(ApplicationFilterChain.java:144)
		at org.apache.catalina.core.StandardWrapperValve.invoke(StandardWrapperValve.java:168)
		at org.apache.catalina.core.StandardContextValve.invoke(StandardContextValve.java:90)
		at org.apache.catalina.authenticator.AuthenticatorBase.invoke(AuthenticatorBase.java:482)
		at org.apache.catalina.core.StandardHostValve.invoke(StandardHostValve.java:130)
		at org.apache.catalina.valves.ErrorReportValve.invoke(ErrorReportValve.java:93)
		at org.apache.catalina.valves.AbstractAccessLogValve.invoke(AbstractAccessLogValve.java:656)
		at org.apache.catalina.core.StandardEngineValve.invoke(StandardEngineValve.java:74)
		at org.apache.catalina.connector.CoyoteAdapter.service(CoyoteAdapter.java:346)
		at org.apache.coyote.http11.Http11Processor.service(Http11Processor.java:397)
		at org.apache.coyote.AbstractProcessorLight.process(AbstractProcessorLight.java:63)
		at org.apache.coyote.AbstractProtocol$ConnectionHandler.process(AbstractProtocol.java:935)
		at org.apache.tomcat.util.net.NioEndpoint$SocketProcessor.doRun(NioEndpoint.java:1826)
		at org.apache.tomcat.util.net.SocketProcessorBase.run(SocketProcessorBase.java:52)
		at org.apache.tomcat.util.threads.ThreadPoolExecutor.runWorker(ThreadPoolExecutor.java:1189)
		at org.apache.tomcat.util.threads.ThreadPoolExecutor$Worker.run(ThreadPoolExecutor.java:658)
		at org.apache.tomcat.util.threads.TaskThread$WrappingRunnable.run(TaskThread.java:63)
		at java.base/java.lang.Thread.run(Thread.java:840)
05-Oct-2025 22:06:52.123 INFO [main] org.apache.catalina.core.ApplicationContext.log ContextListener: contextInitialized()
05-Oct-2025 22:06:52.123 INFO [main] org.apache.catalina.core.ApplicationContext.log SessionListener: contextInitialized()
05-Oct-2025 22:06:52.124 INFO [main] org.apache.catalina.core.ApplicationContext.log ContextListener: attributeAdded('StockTicker', 'async.Stockticker@5a4ed68f')
05-Oct-2025 22:06:52.181 INFO [main] org.apache.catalina.core.ApplicationContext.log SessionListener: contextDestroyed()
05-Oct-2025 22:06:52.181 INFO [main] org.apache.catalina.core.ApplicationContext.log ContextListener: contextDestroyed()
05-Oct-2025 22:18:46.334 INFO [main] org.apache.catalina.core.ApplicationContext.log ContextListener: contextInitialized()
05-Oct-2025 22:18:46.334 INFO [main] org.apache.catalina.core.ApplicationContext.log SessionListener: contextInitialized()
05-Oct-2025 22:18:46.334 INFO [main] org.apache.catalina.core.ApplicationContext.log ContextListener: attributeAdded('StockTicker', 'async.Stockticker@261d8190')
05-Oct-2025 22:18:46.359 INFO [main] org.apache.catalina.core.ApplicationContext.log SessionListener: contextDestroyed()
05-Oct-2025 22:18:46.359 INFO [main] org.apache.catalina.core.ApplicationContext.log ContextListener: contextDestroyed()
05-Oct-2025 22:18:47.543 INFO [main] org.apache.catalina.core.ApplicationContext.log SessionListener: contextDestroyed()
05-Oct-2025 22:18:47.544 INFO [main] org.apache.catalina.core.ApplicationContext.log ContextListener: contextDestroyed()
05-Oct-2025 22:18:49.834 INFO [main] org.apache.catalina.core.ApplicationContext.log ContextListener: contextInitialized()
05-Oct-2025 22:18:49.834 INFO [main] org.apache.catalina.core.ApplicationContext.log SessionListener: contextInitialized()
05-Oct-2025 22:18:49.835 INFO [main] org.apache.catalina.core.ApplicationContext.log ContextListener: attributeAdded('StockTicker', 'async.Stockticker@435ce306')
05-Oct-2025 22:51:09.448 INFO [main] org.apache.catalina.core.ApplicationContext.log ContextListener: contextInitialized()
05-Oct-2025 22:51:09.448 INFO [main] org.apache.catalina.core.ApplicationContext.log SessionListener: contextInitialized()
05-Oct-2025 22:51:09.448 INFO [main] org.apache.catalina.core.ApplicationContext.log ContextListener: attributeAdded('StockTicker', 'async.Stockticker@3c4bc9fc')
05-Oct-2025 22:51:09.473 INFO [main] org.apache.catalina.core.ApplicationContext.log SessionListener: contextDestroyed()
05-Oct-2025 22:51:09.473 INFO [main] org.apache.catalina.core.ApplicationContext.log ContextListener: contextDestroyed()
05-Oct-2025 22:57:07.929 INFO [main] org.apache.catalina.core.ApplicationContext.log ContextListener: contextInitialized()
05-Oct-2025 22:57:07.929 INFO [main] org.apache.catalina.core.ApplicationContext.log SessionListener: contextInitialized()
05-Oct-2025 22:57:07.929 INFO [main] org.apache.catalina.core.ApplicationContext.log ContextListener: attributeAdded('StockTicker', 'async.Stockticker@19f9d595')
05-Oct-2025 22:57:07.954 INFO [main] org.apache.catalina.core.ApplicationContext.log SessionListener: contextDestroyed()
05-Oct-2025 22:57:07.954 INFO [main] org.apache.catalina.core.ApplicationContext.log ContextListener: contextDestroyed()
05-Oct-2025 22:59:00.145 INFO [main] org.apache.catalina.core.ApplicationContext.log ContextListener: contextInitialized()
05-Oct-2025 22:59:00.145 INFO [main] org.apache.catalina.core.ApplicationContext.log SessionListener: contextInitialized()
05-Oct-2025 22:59:00.145 INFO [main] org.apache.catalina.core.ApplicationContext.log ContextListener: attributeAdded('StockTicker', 'async.Stockticker@60e949e1')
05-Oct-2025 22:59:00.168 INFO [main] org.apache.catalina.core.ApplicationContext.log SessionListener: contextDestroyed()
05-Oct-2025 22:59:00.168 INFO [main] org.apache.catalina.core.ApplicationContext.log ContextListener: contextDestroyed()
05-Oct-2025 23:03:23.845 INFO [main] org.apache.catalina.core.ApplicationContext.log ContextListener: contextInitialized()
05-Oct-2025 23:03:23.846 INFO [main] org.apache.catalina.core.ApplicationContext.log SessionListener: contextInitialized()
05-Oct-2025 23:03:23.846 INFO [main] org.apache.catalina.core.ApplicationContext.log ContextListener: attributeAdded('StockTicker', 'async.Stockticker@3163987e')
05-Oct-2025 23:03:23.872 INFO [main] org.apache.catalina.core.ApplicationContext.log SessionListener: contextDestroyed()
05-Oct-2025 23:03:23.872 INFO [main] org.apache.catalina.core.ApplicationContext.log ContextListener: contextDestroyed()
05-Oct-2025 23:06:27.238 INFO [main] org.apache.catalina.core.ApplicationContext.log ContextListener: contextInitialized()
05-Oct-2025 23:06:27.238 INFO [main] org.apache.catalina.core.ApplicationContext.log SessionListener: contextInitialized()
05-Oct-2025 23:06:27.239 INFO [main] org.apache.catalina.core.ApplicationContext.log ContextListener: attributeAdded('StockTicker', 'async.Stockticker@60e949e1')
05-Oct-2025 23:06:27.268 INFO [main] org.apache.catalina.core.ApplicationContext.log SessionListener: contextDestroyed()
05-Oct-2025 23:06:27.268 INFO [main] org.apache.catalina.core.ApplicationContext.log ContextListener: contextDestroyed()
05-Oct-2025 23:06:36.868 INFO [main] org.apache.catalina.core.ApplicationContext.log SessionListener: contextDestroyed()
05-Oct-2025 23:06:36.868 INFO [main] org.apache.catalina.core.ApplicationContext.log ContextListener: contextDestroyed()
05-Oct-2025 23:06:39.094 INFO [main] org.apache.catalina.core.ApplicationContext.log ContextListener: contextInitialized()
05-Oct-2025 23:06:39.094 INFO [main] org.apache.catalina.core.ApplicationContext.log SessionListener: contextInitialized()
05-Oct-2025 23:06:39.095 INFO [main] org.apache.catalina.core.ApplicationContext.log ContextListener: attributeAdded('StockTicker', 'async.Stockticker@435ce306')
05-Oct-2025 23:10:09.346 INFO [main] org.apache.catalina.core.ApplicationContext.log ContextListener: contextInitialized()
05-Oct-2025 23:10:09.346 INFO [main] org.apache.catalina.core.ApplicationContext.log SessionListener: contextInitialized()
05-Oct-2025 23:10:09.347 INFO [main] org.apache.catalina.core.ApplicationContext.log ContextListener: attributeAdded('StockTicker', 'async.Stockticker@4b61d0c6')
05-Oct-2025 23:10:09.378 INFO [main] org.apache.catalina.core.ApplicationContext.log SessionListener: contextDestroyed()
05-Oct-2025 23:10:09.378 INFO [main] org.apache.catalina.core.ApplicationContext.log ContextListener: contextDestroyed()
05-Oct-2025 23:10:12.572 INFO [main] org.apache.catalina.core.ApplicationContext.log SessionListener: contextDestroyed()
05-Oct-2025 23:10:12.572 INFO [main] org.apache.catalina.core.ApplicationContext.log ContextListener: contextDestroyed()
05-Oct-2025 23:10:14.577 INFO [main] org.apache.catalina.core.ApplicationContext.log ContextListener: contextInitialized()
05-Oct-2025 23:10:14.577 INFO [main] org.apache.catalina.core.ApplicationContext.log SessionListener: contextInitialized()
05-Oct-2025 23:10:14.577 INFO [main] org.apache.catalina.core.ApplicationContext.log ContextListener: attributeAdded('StockTicker', 'async.Stockticker@263558c9')
05-Oct-2025 23:11:08.872 INFO [main] org.apache.catalina.core.ApplicationContext.log ContextListener: contextInitialized()
05-Oct-2025 23:11:08.872 INFO [main] org.apache.catalina.core.ApplicationContext.log SessionListener: contextInitialized()
05-Oct-2025 23:11:08.872 INFO [main] org.apache.catalina.core.ApplicationContext.log ContextListener: attributeAdded('StockTicker', 'async.Stockticker@e36bb2a')
05-Oct-2025 23:11:08.901 INFO [main] org.apache.catalina.core.ApplicationContext.log SessionListener: contextDestroyed()
05-Oct-2025 23:11:08.901 INFO [main] org.apache.catalina.core.ApplicationContext.log ContextListener: contextDestroyed()
05-Oct-2025 23:14:32.053 INFO [main] org.apache.catalina.core.ApplicationContext.log ContextListener: contextInitialized()
05-Oct-2025 23:14:32.053 INFO [main] org.apache.catalina.core.ApplicationContext.log SessionListener: contextInitialized()
05-Oct-2025 23:14:32.053 INFO [main] org.apache.catalina.core.ApplicationContext.log ContextListener: attributeAdded('StockTicker', 'async.Stockticker@208e9ef6')
05-Oct-2025 23:14:32.077 INFO [main] org.apache.catalina.core.ApplicationContext.log SessionListener: contextDestroyed()
05-Oct-2025 23:14:32.077 INFO [main] org.apache.catalina.core.ApplicationContext.log ContextListener: contextDestroyed()
05-Oct-2025 23:14:50.700 INFO [main] org.apache.catalina.core.ApplicationContext.log ContextListener: contextInitialized()
05-Oct-2025 23:14:50.700 INFO [main] org.apache.catalina.core.ApplicationContext.log SessionListener: contextInitialized()
05-Oct-2025 23:14:50.701 INFO [main] org.apache.catalina.core.ApplicationContext.log ContextListener: attributeAdded('StockTicker', 'async.Stockticker@208e9ef6')
05-Oct-2025 23:14:50.725 INFO [main] org.apache.catalina.core.ApplicationContext.log SessionListener: contextDestroyed()
05-Oct-2025 23:14:50.725 INFO [main] org.apache.catalina.core.ApplicationContext.log ContextListener: contextDestroyed()
05-Oct-2025 23:18:00.171 INFO [main] org.apache.catalina.core.ApplicationContext.log ContextListener: contextInitialized()
05-Oct-2025 23:18:00.171 INFO [main] org.apache.catalina.core.ApplicationContext.log SessionListener: contextInitialized()
05-Oct-2025 23:18:00.171 INFO [main] org.apache.catalina.core.ApplicationContext.log ContextListener: attributeAdded('StockTicker', 'async.Stockticker@907f2b7')
05-Oct-2025 23:18:00.193 INFO [main] org.apache.catalina.core.ApplicationContext.log SessionListener: contextDestroyed()
05-Oct-2025 23:18:00.193 INFO [main] org.apache.catalina.core.ApplicationContext.log ContextListener: contextDestroyed()
05-Oct-2025 23:37:37.243 INFO [main] org.apache.catalina.core.ApplicationContext.log ContextListener: contextInitialized()
05-Oct-2025 23:37:37.244 INFO [main] org.apache.catalina.core.ApplicationContext.log SessionListener: contextInitialized()
05-Oct-2025 23:37:37.244 INFO [main] org.apache.catalina.core.ApplicationContext.log ContextListener: attributeAdded('StockTicker', 'async.Stockticker@5f233b26')
05-Oct-2025 23:37:37.274 INFO [main] org.apache.catalina.core.ApplicationContext.log SessionListener: contextDestroyed()
05-Oct-2025 23:37:37.274 INFO [main] org.apache.catalina.core.ApplicationContext.log ContextListener: contextDestroyed()
