05-Oct-2025 17:51:34.042 INFO [main] org.apache.catalina.core.ApplicationContext.log ContextListener: contextInitialized()
05-Oct-2025 17:51:34.042 INFO [main] org.apache.catalina.core.ApplicationContext.log SessionListener: contextInitialized()
05-Oct-2025 17:51:34.042 INFO [main] org.apache.catalina.core.ApplicationContext.log ContextListener: attributeAdded('StockTicker', 'async.Stockticker@754777cd')
05-Oct-2025 17:53:43.623 INFO [main] org.apache.catalina.core.ApplicationContext.log SessionListener: contextDestroyed()
05-Oct-2025 17:53:43.623 INFO [main] org.apache.catalina.core.ApplicationContext.log ContextListener: contextDestroyed()
05-Oct-2025 17:54:07.093 INFO [main] org.apache.catalina.core.ApplicationContext.log ContextListener: contextInitialized()
05-Oct-2025 17:54:07.093 INFO [main] org.apache.catalina.core.ApplicationContext.log SessionListener: contextInitialized()
05-Oct-2025 17:54:07.093 INFO [main] org.apache.catalina.core.ApplicationContext.log ContextListener: attributeAdded('StockTicker', 'async.Stockticker@3722f39d')
05-Oct-2025 17:54:21.783 SEVERE [http-nio-8080-exec-5] org.apache.catalina.core.ApplicationContext.log Servlet.init() for servlet [SqlGatewayServlet] threw exception
	org.hibernate.service.spi.ServiceException: Unable to create requested service [org.hibernate.engine.jdbc.env.spi.JdbcEnvironment]
		at org.hibernate.service.internal.AbstractServiceRegistryImpl.createService(AbstractServiceRegistryImpl.java:284)
		at org.hibernate.service.internal.AbstractServiceRegistryImpl.initializeService(AbstractServiceRegistryImpl.java:246)
		at org.hibernate.service.internal.AbstractServiceRegistryImpl.getService(AbstractServiceRegistryImpl.java:223)
		at org.hibernate.id.factory.internal.DefaultIdentifierGeneratorFactory.injectServices(DefaultIdentifierGeneratorFactory.java:175)
		at org.hibernate.service.internal.AbstractServiceRegistryImpl.injectDependencies(AbstractServiceRegistryImpl.java:295)
		at org.hibernate.service.internal.AbstractServiceRegistryImpl.initializeService(AbstractServiceRegistryImpl.java:252)
		at org.hibernate.service.internal.AbstractServiceRegistryImpl.getService(AbstractServiceRegistryImpl.java:223)
		at org.hibernate.boot.internal.InFlightMetadataCollectorImpl.<init>(InFlightMetadataCollectorImpl.java:173)
		at org.hibernate.boot.model.process.spi.MetadataBuildingProcess.complete(MetadataBuildingProcess.java:127)
		at org.hibernate.jpa.boot.internal.EntityManagerFactoryBuilderImpl.metadata(EntityManagerFactoryBuilderImpl.java:1460)
		at org.hibernate.jpa.boot.internal.EntityManagerFactoryBuilderImpl.build(EntityManagerFactoryBuilderImpl.java:1494)
		at org.hibernate.jpa.HibernatePersistenceProvider.createEntityManagerFactory(HibernatePersistenceProvider.java:56)
		at javax.persistence.Persistence.createEntityManagerFactory(Persistence.java:79)
		at javax.persistence.Persistence.createEntityManagerFactory(Persistence.java:54)
		at murach.sql.SqlGatewayServlet.init(SqlGatewayServlet.java:14)
		at javax.servlet.GenericServlet.init(GenericServlet.java:143)
		at org.apache.catalina.core.StandardWrapper.initServlet(StandardWrapper.java:989)
		at org.apache.catalina.core.StandardWrapper.loadServlet(StandardWrapper.java:946)
		at org.apache.catalina.core.StandardWrapper.allocate(StandardWrapper.java:664)
		at org.apache.catalina.core.StandardWrapperValve.invoke(StandardWrapperValve.java:116)
		at org.apache.catalina.core.StandardContextValve.invoke(StandardContextValve.java:90)
		at org.apache.catalina.authenticator.AuthenticatorBase.invoke(AuthenticatorBase.java:482)
		at org.apache.catalina.core.StandardHostValve.invoke(StandardHostValve.java:130)
		at org.apache.catalina.valves.ErrorReportValve.invoke(ErrorReportValve.java:93)
		at org.apache.catalina.valves.AbstractAccessLogValve.invoke(AbstractAccessLogValve.java:656)
		at org.apache.catalina.core.StandardEngineValve.invoke(StandardEngineValve.java:74)
		at org.apache.catalina.connector.CoyoteAdapter.service(CoyoteAdapter.java:346)
		at org.apache.coyote.http11.Http11Processor.service(Http11Processor.java:397)
		at org.apache.coyote.AbstractProcessorLight.process(AbstractProcessorLight.java:63)
		at org.apache.coyote.AbstractProtocol$ConnectionHandler.process(AbstractProtocol.java:935)
		at org.apache.tomcat.util.net.NioEndpoint$SocketProcessor.doRun(NioEndpoint.java:1826)
		at org.apache.tomcat.util.net.SocketProcessorBase.run(SocketProcessorBase.java:52)
		at org.apache.tomcat.util.threads.ThreadPoolExecutor.runWorker(ThreadPoolExecutor.java:1189)
		at org.apache.tomcat.util.threads.ThreadPoolExecutor$Worker.run(ThreadPoolExecutor.java:658)
		at org.apache.tomcat.util.threads.TaskThread$WrappingRunnable.run(TaskThread.java:63)
		at java.base/java.lang.Thread.run(Thread.java:840)
	Caused by: org.hibernate.exception.GenericJDBCException: Error calling Driver#connect
		at org.hibernate.exception.internal.StandardSQLExceptionConverter.convert(StandardSQLExceptionConverter.java:42)
		at org.hibernate.engine.jdbc.spi.SqlExceptionHelper.convert(SqlExceptionHelper.java:113)
		at org.hibernate.engine.jdbc.connections.internal.BasicConnectionCreator.convertSqlException(BasicConnectionCreator.java:131)
		at org.hibernate.engine.jdbc.connections.internal.DriverConnectionCreator.makeConnection(DriverConnectionCreator.java:42)
		at org.hibernate.engine.jdbc.connections.internal.BasicConnectionCreator.createConnection(BasicConnectionCreator.java:62)
		at org.hibernate.engine.jdbc.connections.internal.DriverManagerConnectionProviderImpl$PooledConnections.addConnections(DriverManagerConnectionProviderImpl.java:457)
		at org.hibernate.engine.jdbc.connections.internal.DriverManagerConnectionProviderImpl$PooledConnections.<init>(DriverManagerConnectionProviderImpl.java:323)
		at org.hibernate.engine.jdbc.connections.internal.DriverManagerConnectionProviderImpl$PooledConnections.<init>(DriverManagerConnectionProviderImpl.java:297)
		at org.hibernate.engine.jdbc.connections.internal.DriverManagerConnectionProviderImpl$PooledConnections$Builder.build(DriverManagerConnectionProviderImpl.java:501)
		at org.hibernate.engine.jdbc.connections.internal.DriverManagerConnectionProviderImpl.buildPool(DriverManagerConnectionProviderImpl.java:101)
		at org.hibernate.engine.jdbc.connections.internal.DriverManagerConnectionProviderImpl.configure(DriverManagerConnectionProviderImpl.java:76)
		at org.hibernate.boot.registry.internal.StandardServiceRegistryImpl.configureService(StandardServiceRegistryImpl.java:107)
		at org.hibernate.service.internal.AbstractServiceRegistryImpl.initializeService(AbstractServiceRegistryImpl.java:255)
		at org.hibernate.service.internal.AbstractServiceRegistryImpl.getService(AbstractServiceRegistryImpl.java:223)
		at org.hibernate.engine.jdbc.env.internal.JdbcEnvironmentInitiator.buildJdbcConnectionAccess(JdbcEnvironmentInitiator.java:146)
		at org.hibernate.engine.jdbc.env.internal.JdbcEnvironmentInitiator.initiateService(JdbcEnvironmentInitiator.java:66)
		at org.hibernate.engine.jdbc.env.internal.JdbcEnvironmentInitiator.initiateService(JdbcEnvironmentInitiator.java:35)
		at org.hibernate.boot.registry.internal.StandardServiceRegistryImpl.initiateService(StandardServiceRegistryImpl.java:101)
		at org.hibernate.service.internal.AbstractServiceRegistryImpl.createService(AbstractServiceRegistryImpl.java:272)
		... 35 more
	Caused by: java.sql.SQLException: Access denied for user 'nguyendinhtanloc'@'localhost' (using password: NO)
		at com.mysql.cj.jdbc.exceptions.SQLError.createSQLException(SQLError.java:130)
		at com.mysql.cj.jdbc.exceptions.SQLExceptionsMapping.translateException(SQLExceptionsMapping.java:122)
		at com.mysql.cj.jdbc.ConnectionImpl.createNewIO(ConnectionImpl.java:825)
		at com.mysql.cj.jdbc.ConnectionImpl.<init>(ConnectionImpl.java:446)
		at com.mysql.cj.jdbc.ConnectionImpl.getInstance(ConnectionImpl.java:239)
		at com.mysql.cj.jdbc.NonRegisteringDriver.connect(NonRegisteringDriver.java:188)
		at org.hibernate.engine.jdbc.connections.internal.DriverConnectionCreator.makeConnection(DriverConnectionCreator.java:39)
		... 50 more
05-Oct-2025 17:54:21.783 SEVERE [http-nio-8080-exec-5] org.apache.catalina.core.StandardWrapperValve.invoke Allocate exception for servlet [SqlGatewayServlet]
	java.sql.SQLException: Access denied for user 'nguyendinhtanloc'@'localhost' (using password: NO)
		at com.mysql.cj.jdbc.exceptions.SQLError.createSQLException(SQLError.java:130)
		at com.mysql.cj.jdbc.exceptions.SQLExceptionsMapping.translateException(SQLExceptionsMapping.java:122)
		at com.mysql.cj.jdbc.ConnectionImpl.createNewIO(ConnectionImpl.java:825)
		at com.mysql.cj.jdbc.ConnectionImpl.<init>(ConnectionImpl.java:446)
		at com.mysql.cj.jdbc.ConnectionImpl.getInstance(ConnectionImpl.java:239)
		at com.mysql.cj.jdbc.NonRegisteringDriver.connect(NonRegisteringDriver.java:188)
		at org.hibernate.engine.jdbc.connections.internal.DriverConnectionCreator.makeConnection(DriverConnectionCreator.java:39)
		at org.hibernate.engine.jdbc.connections.internal.BasicConnectionCreator.createConnection(BasicConnectionCreator.java:62)
		at org.hibernate.engine.jdbc.connections.internal.DriverManagerConnectionProviderImpl$PooledConnections.addConnections(DriverManagerConnectionProviderImpl.java:457)
		at org.hibernate.engine.jdbc.connections.internal.DriverManagerConnectionProviderImpl$PooledConnections.<init>(DriverManagerConnectionProviderImpl.java:323)
		at org.hibernate.engine.jdbc.connections.internal.DriverManagerConnectionProviderImpl$PooledConnections.<init>(DriverManagerConnectionProviderImpl.java:297)
		at org.hibernate.engine.jdbc.connections.internal.DriverManagerConnectionProviderImpl$PooledConnections$Builder.build(DriverManagerConnectionProviderImpl.java:501)
		at org.hibernate.engine.jdbc.connections.internal.DriverManagerConnectionProviderImpl.buildPool(DriverManagerConnectionProviderImpl.java:101)
		at org.hibernate.engine.jdbc.connections.internal.DriverManagerConnectionProviderImpl.configure(DriverManagerConnectionProviderImpl.java:76)
		at org.hibernate.boot.registry.internal.StandardServiceRegistryImpl.configureService(StandardServiceRegistryImpl.java:107)
		at org.hibernate.service.internal.AbstractServiceRegistryImpl.initializeService(AbstractServiceRegistryImpl.java:255)
		at org.hibernate.service.internal.AbstractServiceRegistryImpl.getService(AbstractServiceRegistryImpl.java:223)
		at org.hibernate.engine.jdbc.env.internal.JdbcEnvironmentInitiator.buildJdbcConnectionAccess(JdbcEnvironmentInitiator.java:146)
		at org.hibernate.engine.jdbc.env.internal.JdbcEnvironmentInitiator.initiateService(JdbcEnvironmentInitiator.java:66)
		at org.hibernate.engine.jdbc.env.internal.JdbcEnvironmentInitiator.initiateService(JdbcEnvironmentInitiator.java:35)
		at org.hibernate.boot.registry.internal.StandardServiceRegistryImpl.initiateService(StandardServiceRegistryImpl.java:101)
		at org.hibernate.service.internal.AbstractServiceRegistryImpl.createService(AbstractServiceRegistryImpl.java:272)
		at org.hibernate.service.internal.AbstractServiceRegistryImpl.initializeService(AbstractServiceRegistryImpl.java:246)
		at org.hibernate.service.internal.AbstractServiceRegistryImpl.getService(AbstractServiceRegistryImpl.java:223)
		at org.hibernate.id.factory.internal.DefaultIdentifierGeneratorFactory.injectServices(DefaultIdentifierGeneratorFactory.java:175)
		at org.hibernate.service.internal.AbstractServiceRegistryImpl.injectDependencies(AbstractServiceRegistryImpl.java:295)
		at org.hibernate.service.internal.AbstractServiceRegistryImpl.initializeService(AbstractServiceRegistryImpl.java:252)
		at org.hibernate.service.internal.AbstractServiceRegistryImpl.getService(AbstractServiceRegistryImpl.java:223)
		at org.hibernate.boot.internal.InFlightMetadataCollectorImpl.<init>(InFlightMetadataCollectorImpl.java:173)
		at org.hibernate.boot.model.process.spi.MetadataBuildingProcess.complete(MetadataBuildingProcess.java:127)
		at org.hibernate.jpa.boot.internal.EntityManagerFactoryBuilderImpl.metadata(EntityManagerFactoryBuilderImpl.java:1460)
		at org.hibernate.jpa.boot.internal.EntityManagerFactoryBuilderImpl.build(EntityManagerFactoryBuilderImpl.java:1494)
		at org.hibernate.jpa.HibernatePersistenceProvider.createEntityManagerFactory(HibernatePersistenceProvider.java:56)
		at javax.persistence.Persistence.createEntityManagerFactory(Persistence.java:79)
		at javax.persistence.Persistence.createEntityManagerFactory(Persistence.java:54)
		at murach.sql.SqlGatewayServlet.init(SqlGatewayServlet.java:14)
		at javax.servlet.GenericServlet.init(GenericServlet.java:143)
		at org.apache.catalina.core.StandardWrapper.initServlet(StandardWrapper.java:989)
		at org.apache.catalina.core.StandardWrapper.loadServlet(StandardWrapper.java:946)
		at org.apache.catalina.core.StandardWrapper.allocate(StandardWrapper.java:664)
		at org.apache.catalina.core.StandardWrapperValve.invoke(StandardWrapperValve.java:116)
		at org.apache.catalina.core.StandardContextValve.invoke(StandardContextValve.java:90)
		at org.apache.catalina.authenticator.AuthenticatorBase.invoke(AuthenticatorBase.java:482)
		at org.apache.catalina.core.StandardHostValve.invoke(StandardHostValve.java:130)
		at org.apache.catalina.valves.ErrorReportValve.invoke(ErrorReportValve.java:93)
		at org.apache.catalina.valves.AbstractAccessLogValve.invoke(AbstractAccessLogValve.java:656)
		at org.apache.catalina.core.StandardEngineValve.invoke(StandardEngineValve.java:74)
		at org.apache.catalina.connector.CoyoteAdapter.service(CoyoteAdapter.java:346)
		at org.apache.coyote.http11.Http11Processor.service(Http11Processor.java:397)
		at org.apache.coyote.AbstractProcessorLight.process(AbstractProcessorLight.java:63)
		at org.apache.coyote.AbstractProtocol$ConnectionHandler.process(AbstractProtocol.java:935)
		at org.apache.tomcat.util.net.NioEndpoint$SocketProcessor.doRun(NioEndpoint.java:1826)
		at org.apache.tomcat.util.net.SocketProcessorBase.run(SocketProcessorBase.java:52)
		at org.apache.tomcat.util.threads.ThreadPoolExecutor.runWorker(ThreadPoolExecutor.java:1189)
		at org.apache.tomcat.util.threads.ThreadPoolExecutor$Worker.run(ThreadPoolExecutor.java:658)
		at org.apache.tomcat.util.threads.TaskThread$WrappingRunnable.run(TaskThread.java:63)
		at java.base/java.lang.Thread.run(Thread.java:840)
05-Oct-2025 17:56:07.484 INFO [main] org.apache.catalina.core.ApplicationContext.log SessionListener: contextDestroyed()
05-Oct-2025 17:56:07.484 INFO [main] org.apache.catalina.core.ApplicationContext.log ContextListener: contextDestroyed()
05-Oct-2025 17:56:37.791 INFO [main] org.apache.catalina.core.ApplicationContext.log ContextListener: contextInitialized()
05-Oct-2025 17:56:37.791 INFO [main] org.apache.catalina.core.ApplicationContext.log SessionListener: contextInitialized()
05-Oct-2025 17:56:37.792 INFO [main] org.apache.catalina.core.ApplicationContext.log ContextListener: attributeAdded('StockTicker', 'async.Stockticker@402f61f5')
05-Oct-2025 17:56:53.174 SEVERE [http-nio-8080-exec-4] org.apache.catalina.core.ApplicationContext.log Servlet.init() for servlet [SqlGatewayServlet] threw exception
	org.hibernate.service.spi.ServiceException: Unable to create requested service [org.hibernate.engine.jdbc.env.spi.JdbcEnvironment]
		at org.hibernate.service.internal.AbstractServiceRegistryImpl.createService(AbstractServiceRegistryImpl.java:284)
		at org.hibernate.service.internal.AbstractServiceRegistryImpl.initializeService(AbstractServiceRegistryImpl.java:246)
		at org.hibernate.service.internal.AbstractServiceRegistryImpl.getService(AbstractServiceRegistryImpl.java:223)
		at org.hibernate.id.factory.internal.DefaultIdentifierGeneratorFactory.injectServices(DefaultIdentifierGeneratorFactory.java:175)
		at org.hibernate.service.internal.AbstractServiceRegistryImpl.injectDependencies(AbstractServiceRegistryImpl.java:295)
		at org.hibernate.service.internal.AbstractServiceRegistryImpl.initializeService(AbstractServiceRegistryImpl.java:252)
		at org.hibernate.service.internal.AbstractServiceRegistryImpl.getService(AbstractServiceRegistryImpl.java:223)
		at org.hibernate.boot.internal.InFlightMetadataCollectorImpl.<init>(InFlightMetadataCollectorImpl.java:173)
		at org.hibernate.boot.model.process.spi.MetadataBuildingProcess.complete(MetadataBuildingProcess.java:127)
		at org.hibernate.jpa.boot.internal.EntityManagerFactoryBuilderImpl.metadata(EntityManagerFactoryBuilderImpl.java:1460)
		at org.hibernate.jpa.boot.internal.EntityManagerFactoryBuilderImpl.build(EntityManagerFactoryBuilderImpl.java:1494)
		at org.hibernate.jpa.HibernatePersistenceProvider.createEntityManagerFactory(HibernatePersistenceProvider.java:56)
		at javax.persistence.Persistence.createEntityManagerFactory(Persistence.java:79)
		at javax.persistence.Persistence.createEntityManagerFactory(Persistence.java:54)
		at murach.sql.SqlGatewayServlet.init(SqlGatewayServlet.java:14)
		at javax.servlet.GenericServlet.init(GenericServlet.java:143)
		at org.apache.catalina.core.StandardWrapper.initServlet(StandardWrapper.java:989)
		at org.apache.catalina.core.StandardWrapper.loadServlet(StandardWrapper.java:946)
		at org.apache.catalina.core.StandardWrapper.allocate(StandardWrapper.java:664)
		at org.apache.catalina.core.StandardWrapperValve.invoke(StandardWrapperValve.java:116)
		at org.apache.catalina.core.StandardContextValve.invoke(StandardContextValve.java:90)
		at org.apache.catalina.authenticator.AuthenticatorBase.invoke(AuthenticatorBase.java:482)
		at org.apache.catalina.core.StandardHostValve.invoke(StandardHostValve.java:130)
		at org.apache.catalina.valves.ErrorReportValve.invoke(ErrorReportValve.java:93)
		at org.apache.catalina.valves.AbstractAccessLogValve.invoke(AbstractAccessLogValve.java:656)
		at org.apache.catalina.core.StandardEngineValve.invoke(StandardEngineValve.java:74)
		at org.apache.catalina.connector.CoyoteAdapter.service(CoyoteAdapter.java:346)
		at org.apache.coyote.http11.Http11Processor.service(Http11Processor.java:397)
		at org.apache.coyote.AbstractProcessorLight.process(AbstractProcessorLight.java:63)
		at org.apache.coyote.AbstractProtocol$ConnectionHandler.process(AbstractProtocol.java:935)
		at org.apache.tomcat.util.net.NioEndpoint$SocketProcessor.doRun(NioEndpoint.java:1826)
		at org.apache.tomcat.util.net.SocketProcessorBase.run(SocketProcessorBase.java:52)
		at org.apache.tomcat.util.threads.ThreadPoolExecutor.runWorker(ThreadPoolExecutor.java:1189)
		at org.apache.tomcat.util.threads.ThreadPoolExecutor$Worker.run(ThreadPoolExecutor.java:658)
		at org.apache.tomcat.util.threads.TaskThread$WrappingRunnable.run(TaskThread.java:63)
		at java.base/java.lang.Thread.run(Thread.java:840)
	Caused by: org.hibernate.exception.JDBCConnectionException: Error calling Driver#connect
		at org.hibernate.exception.internal.SQLStateConversionDelegate.convert(SQLStateConversionDelegate.java:112)
		at org.hibernate.exception.internal.StandardSQLExceptionConverter.convert(StandardSQLExceptionConverter.java:37)
		at org.hibernate.engine.jdbc.spi.SqlExceptionHelper.convert(SqlExceptionHelper.java:113)
		at org.hibernate.engine.jdbc.connections.internal.BasicConnectionCreator.convertSqlException(BasicConnectionCreator.java:131)
		at org.hibernate.engine.jdbc.connections.internal.DriverConnectionCreator.makeConnection(DriverConnectionCreator.java:42)
		at org.hibernate.engine.jdbc.connections.internal.BasicConnectionCreator.createConnection(BasicConnectionCreator.java:62)
		at org.hibernate.engine.jdbc.connections.internal.DriverManagerConnectionProviderImpl$PooledConnections.addConnections(DriverManagerConnectionProviderImpl.java:457)
		at org.hibernate.engine.jdbc.connections.internal.DriverManagerConnectionProviderImpl$PooledConnections.<init>(DriverManagerConnectionProviderImpl.java:323)
		at org.hibernate.engine.jdbc.connections.internal.DriverManagerConnectionProviderImpl$PooledConnections.<init>(DriverManagerConnectionProviderImpl.java:297)
		at org.hibernate.engine.jdbc.connections.internal.DriverManagerConnectionProviderImpl$PooledConnections$Builder.build(DriverManagerConnectionProviderImpl.java:501)
		at org.hibernate.engine.jdbc.connections.internal.DriverManagerConnectionProviderImpl.buildPool(DriverManagerConnectionProviderImpl.java:101)
		at org.hibernate.engine.jdbc.connections.internal.DriverManagerConnectionProviderImpl.configure(DriverManagerConnectionProviderImpl.java:76)
		at org.hibernate.boot.registry.internal.StandardServiceRegistryImpl.configureService(StandardServiceRegistryImpl.java:107)
		at org.hibernate.service.internal.AbstractServiceRegistryImpl.initializeService(AbstractServiceRegistryImpl.java:255)
		at org.hibernate.service.internal.AbstractServiceRegistryImpl.getService(AbstractServiceRegistryImpl.java:223)
		at org.hibernate.engine.jdbc.env.internal.JdbcEnvironmentInitiator.buildJdbcConnectionAccess(JdbcEnvironmentInitiator.java:146)
		at org.hibernate.engine.jdbc.env.internal.JdbcEnvironmentInitiator.initiateService(JdbcEnvironmentInitiator.java:66)
		at org.hibernate.engine.jdbc.env.internal.JdbcEnvironmentInitiator.initiateService(JdbcEnvironmentInitiator.java:35)
		at org.hibernate.boot.registry.internal.StandardServiceRegistryImpl.initiateService(StandardServiceRegistryImpl.java:101)
		at org.hibernate.service.internal.AbstractServiceRegistryImpl.createService(AbstractServiceRegistryImpl.java:272)
		... 35 more
	Caused by: com.mysql.cj.jdbc.exceptions.CommunicationsException: Communications link failure

The last packet sent successfully to the server was 0 milliseconds ago. The driver has not received any packets from the server.
		at com.mysql.cj.jdbc.exceptions.SQLError.createCommunicationsException(SQLError.java:175)
		at com.mysql.cj.jdbc.exceptions.SQLExceptionsMapping.translateException(SQLExceptionsMapping.java:64)
		at com.mysql.cj.jdbc.ConnectionImpl.createNewIO(ConnectionImpl.java:825)
		at com.mysql.cj.jdbc.ConnectionImpl.<init>(ConnectionImpl.java:446)
		at com.mysql.cj.jdbc.ConnectionImpl.getInstance(ConnectionImpl.java:239)
		at com.mysql.cj.jdbc.NonRegisteringDriver.connect(NonRegisteringDriver.java:188)
		at org.hibernate.engine.jdbc.connections.internal.DriverConnectionCreator.makeConnection(DriverConnectionCreator.java:39)
		... 50 more
	Caused by: com.mysql.cj.exceptions.CJCommunicationsException: Communications link failure

The last packet sent successfully to the server was 0 milliseconds ago. The driver has not received any packets from the server.
		at java.base/jdk.internal.reflect.NativeConstructorAccessorImpl.newInstance0(Native Method)
		at java.base/jdk.internal.reflect.NativeConstructorAccessorImpl.newInstance(NativeConstructorAccessorImpl.java:77)
		at java.base/jdk.internal.reflect.DelegatingConstructorAccessorImpl.newInstance(DelegatingConstructorAccessorImpl.java:45)
		at java.base/java.lang.reflect.Constructor.newInstanceWithCaller(Constructor.java:500)
		at java.base/java.lang.reflect.Constructor.newInstance(Constructor.java:481)
		at com.mysql.cj.exceptions.ExceptionFactory.createException(ExceptionFactory.java:62)
		at com.mysql.cj.exceptions.ExceptionFactory.createException(ExceptionFactory.java:105)
		at com.mysql.cj.exceptions.ExceptionFactory.createException(ExceptionFactory.java:150)
		at com.mysql.cj.exceptions.ExceptionFactory.createCommunicationsException(ExceptionFactory.java:166)
		at com.mysql.cj.protocol.a.NativeSocketConnection.connect(NativeSocketConnection.java:89)
		at com.mysql.cj.NativeSession.connect(NativeSession.java:121)
		at com.mysql.cj.jdbc.ConnectionImpl.connectOneTryOnly(ConnectionImpl.java:945)
		at com.mysql.cj.jdbc.ConnectionImpl.createNewIO(ConnectionImpl.java:815)
		... 54 more
	Caused by: java.net.UnknownHostException: mysql.railway.internal: nodename nor servname provided, or not known
		at java.base/java.net.Inet6AddressImpl.lookupAllHostAddr(Native Method)
		at java.base/java.net.InetAddress$PlatformNameService.lookupAllHostAddr(InetAddress.java:934)
		at java.base/java.net.InetAddress.getAddressesFromNameService(InetAddress.java:1543)
		at java.base/java.net.InetAddress$NameServiceAddresses.get(InetAddress.java:852)
		at java.base/java.net.InetAddress.getAllByName0(InetAddress.java:1533)
		at java.base/java.net.InetAddress.getAllByName(InetAddress.java:1385)
		at java.base/java.net.InetAddress.getAllByName(InetAddress.java:1306)
		at com.mysql.cj.protocol.StandardSocketFactory.connect(StandardSocketFactory.java:130)
		at com.mysql.cj.protocol.a.NativeSocketConnection.connect(NativeSocketConnection.java:63)
		... 57 more
05-Oct-2025 17:56:53.174 SEVERE [http-nio-8080-exec-4] org.apache.catalina.core.StandardWrapperValve.invoke Allocate exception for servlet [SqlGatewayServlet]
	java.net.UnknownHostException: mysql.railway.internal: nodename nor servname provided, or not known
		at java.base/java.net.Inet6AddressImpl.lookupAllHostAddr(Native Method)
		at java.base/java.net.InetAddress$PlatformNameService.lookupAllHostAddr(InetAddress.java:934)
		at java.base/java.net.InetAddress.getAddressesFromNameService(InetAddress.java:1543)
		at java.base/java.net.InetAddress$NameServiceAddresses.get(InetAddress.java:852)
		at java.base/java.net.InetAddress.getAllByName0(InetAddress.java:1533)
		at java.base/java.net.InetAddress.getAllByName(InetAddress.java:1385)
		at java.base/java.net.InetAddress.getAllByName(InetAddress.java:1306)
		at com.mysql.cj.protocol.StandardSocketFactory.connect(StandardSocketFactory.java:130)
		at com.mysql.cj.protocol.a.NativeSocketConnection.connect(NativeSocketConnection.java:63)
		at com.mysql.cj.NativeSession.connect(NativeSession.java:121)
		at com.mysql.cj.jdbc.ConnectionImpl.connectOneTryOnly(ConnectionImpl.java:945)
		at com.mysql.cj.jdbc.ConnectionImpl.createNewIO(ConnectionImpl.java:815)
		at com.mysql.cj.jdbc.ConnectionImpl.<init>(ConnectionImpl.java:446)
		at com.mysql.cj.jdbc.ConnectionImpl.getInstance(ConnectionImpl.java:239)
		at com.mysql.cj.jdbc.NonRegisteringDriver.connect(NonRegisteringDriver.java:188)
		at org.hibernate.engine.jdbc.connections.internal.DriverConnectionCreator.makeConnection(DriverConnectionCreator.java:39)
		at org.hibernate.engine.jdbc.connections.internal.BasicConnectionCreator.createConnection(BasicConnectionCreator.java:62)
		at org.hibernate.engine.jdbc.connections.internal.DriverManagerConnectionProviderImpl$PooledConnections.addConnections(DriverManagerConnectionProviderImpl.java:457)
		at org.hibernate.engine.jdbc.connections.internal.DriverManagerConnectionProviderImpl$PooledConnections.<init>(DriverManagerConnectionProviderImpl.java:323)
		at org.hibernate.engine.jdbc.connections.internal.DriverManagerConnectionProviderImpl$PooledConnections.<init>(DriverManagerConnectionProviderImpl.java:297)
		at org.hibernate.engine.jdbc.connections.internal.DriverManagerConnectionProviderImpl$PooledConnections$Builder.build(DriverManagerConnectionProviderImpl.java:501)
		at org.hibernate.engine.jdbc.connections.internal.DriverManagerConnectionProviderImpl.buildPool(DriverManagerConnectionProviderImpl.java:101)
		at org.hibernate.engine.jdbc.connections.internal.DriverManagerConnectionProviderImpl.configure(DriverManagerConnectionProviderImpl.java:76)
		at org.hibernate.boot.registry.internal.StandardServiceRegistryImpl.configureService(StandardServiceRegistryImpl.java:107)
		at org.hibernate.service.internal.AbstractServiceRegistryImpl.initializeService(AbstractServiceRegistryImpl.java:255)
		at org.hibernate.service.internal.AbstractServiceRegistryImpl.getService(AbstractServiceRegistryImpl.java:223)
		at org.hibernate.engine.jdbc.env.internal.JdbcEnvironmentInitiator.buildJdbcConnectionAccess(JdbcEnvironmentInitiator.java:146)
		at org.hibernate.engine.jdbc.env.internal.JdbcEnvironmentInitiator.initiateService(JdbcEnvironmentInitiator.java:66)
		at org.hibernate.engine.jdbc.env.internal.JdbcEnvironmentInitiator.initiateService(JdbcEnvironmentInitiator.java:35)
		at org.hibernate.boot.registry.internal.StandardServiceRegistryImpl.initiateService(StandardServiceRegistryImpl.java:101)
		at org.hibernate.service.internal.AbstractServiceRegistryImpl.createService(AbstractServiceRegistryImpl.java:272)
		at org.hibernate.service.internal.AbstractServiceRegistryImpl.initializeService(AbstractServiceRegistryImpl.java:246)
		at org.hibernate.service.internal.AbstractServiceRegistryImpl.getService(AbstractServiceRegistryImpl.java:223)
		at org.hibernate.id.factory.internal.DefaultIdentifierGeneratorFactory.injectServices(DefaultIdentifierGeneratorFactory.java:175)
		at org.hibernate.service.internal.AbstractServiceRegistryImpl.injectDependencies(AbstractServiceRegistryImpl.java:295)
		at org.hibernate.service.internal.AbstractServiceRegistryImpl.initializeService(AbstractServiceRegistryImpl.java:252)
		at org.hibernate.service.internal.AbstractServiceRegistryImpl.getService(AbstractServiceRegistryImpl.java:223)
		at org.hibernate.boot.internal.InFlightMetadataCollectorImpl.<init>(InFlightMetadataCollectorImpl.java:173)
		at org.hibernate.boot.model.process.spi.MetadataBuildingProcess.complete(MetadataBuildingProcess.java:127)
		at org.hibernate.jpa.boot.internal.EntityManagerFactoryBuilderImpl.metadata(EntityManagerFactoryBuilderImpl.java:1460)
		at org.hibernate.jpa.boot.internal.EntityManagerFactoryBuilderImpl.build(EntityManagerFactoryBuilderImpl.java:1494)
		at org.hibernate.jpa.HibernatePersistenceProvider.createEntityManagerFactory(HibernatePersistenceProvider.java:56)
		at javax.persistence.Persistence.createEntityManagerFactory(Persistence.java:79)
		at javax.persistence.Persistence.createEntityManagerFactory(Persistence.java:54)
		at murach.sql.SqlGatewayServlet.init(SqlGatewayServlet.java:14)
		at javax.servlet.GenericServlet.init(GenericServlet.java:143)
		at org.apache.catalina.core.StandardWrapper.initServlet(StandardWrapper.java:989)
		at org.apache.catalina.core.StandardWrapper.loadServlet(StandardWrapper.java:946)
		at org.apache.catalina.core.StandardWrapper.allocate(StandardWrapper.java:664)
		at org.apache.catalina.core.StandardWrapperValve.invoke(StandardWrapperValve.java:116)
		at org.apache.catalina.core.StandardContextValve.invoke(StandardContextValve.java:90)
		at org.apache.catalina.authenticator.AuthenticatorBase.invoke(AuthenticatorBase.java:482)
		at org.apache.catalina.core.StandardHostValve.invoke(StandardHostValve.java:130)
		at org.apache.catalina.valves.ErrorReportValve.invoke(ErrorReportValve.java:93)
		at org.apache.catalina.valves.AbstractAccessLogValve.invoke(AbstractAccessLogValve.java:656)
		at org.apache.catalina.core.StandardEngineValve.invoke(StandardEngineValve.java:74)
		at org.apache.catalina.connector.CoyoteAdapter.service(CoyoteAdapter.java:346)
		at org.apache.coyote.http11.Http11Processor.service(Http11Processor.java:397)
		at org.apache.coyote.AbstractProcessorLight.process(AbstractProcessorLight.java:63)
		at org.apache.coyote.AbstractProtocol$ConnectionHandler.process(AbstractProtocol.java:935)
		at org.apache.tomcat.util.net.NioEndpoint$SocketProcessor.doRun(NioEndpoint.java:1826)
		at org.apache.tomcat.util.net.SocketProcessorBase.run(SocketProcessorBase.java:52)
		at org.apache.tomcat.util.threads.ThreadPoolExecutor.runWorker(ThreadPoolExecutor.java:1189)
		at org.apache.tomcat.util.threads.ThreadPoolExecutor$Worker.run(ThreadPoolExecutor.java:658)
		at org.apache.tomcat.util.threads.TaskThread$WrappingRunnable.run(TaskThread.java:63)
		at java.base/java.lang.Thread.run(Thread.java:840)
05-Oct-2025 18:02:04.885 INFO [main] org.apache.catalina.core.ApplicationContext.log SessionListener: contextDestroyed()
05-Oct-2025 18:02:04.885 INFO [main] org.apache.catalina.core.ApplicationContext.log ContextListener: contextDestroyed()
05-Oct-2025 18:02:31.065 SEVERE [main] org.apache.catalina.core.ApplicationContext.log Servlet.init() for servlet [SqlGatewayServlet] threw exception
	javax.persistence.PersistenceException: No Persistence provider for EntityManager named murachPU
		at javax.persistence.Persistence.createEntityManagerFactory(Persistence.java:85)
		at javax.persistence.Persistence.createEntityManagerFactory(Persistence.java:54)
		at murach.sql.SqlGatewayServlet.init(SqlGatewayServlet.java:14)
		at javax.servlet.GenericServlet.init(GenericServlet.java:143)
		at org.apache.catalina.core.StandardWrapper.initServlet(StandardWrapper.java:989)
		at org.apache.catalina.core.StandardWrapper.loadServlet(StandardWrapper.java:946)
		at org.apache.catalina.core.StandardWrapper.load(StandardWrapper.java:843)
		at org.apache.catalina.core.StandardContext.loadOnStartup(StandardContext.java:4234)
		at org.apache.catalina.core.StandardContext.startInternal(StandardContext.java:4535)
		at org.apache.catalina.util.LifecycleBase.start(LifecycleBase.java:164)
		at org.apache.catalina.core.ContainerBase.addChildInternal(ContainerBase.java:599)
		at org.apache.catalina.core.ContainerBase.addChild(ContainerBase.java:571)
		at org.apache.catalina.core.StandardHost.addChild(StandardHost.java:603)
		at org.apache.catalina.startup.HostConfig.deployWAR(HostConfig.java:1013)
		at org.apache.catalina.startup.HostConfig$DeployWar.run(HostConfig.java:1861)
		at java.base/java.util.concurrent.Executors$RunnableAdapter.call(Executors.java:539)
		at java.base/java.util.concurrent.FutureTask.run(FutureTask.java:264)
		at org.apache.tomcat.util.threads.InlineExecutorService.execute(InlineExecutorService.java:76)
		at java.base/java.util.concurrent.AbstractExecutorService.submit(AbstractExecutorService.java:123)
		at org.apache.catalina.startup.HostConfig.deployWARs(HostConfig.java:817)
		at org.apache.catalina.startup.HostConfig.deployApps(HostConfig.java:468)
		at org.apache.catalina.startup.HostConfig.start(HostConfig.java:1579)
		at org.apache.catalina.startup.HostConfig.lifecycleEvent(HostConfig.java:312)
		at org.apache.catalina.util.LifecycleBase.fireLifecycleEvent(LifecycleBase.java:109)
		at org.apache.catalina.util.LifecycleBase.setStateInternal(LifecycleBase.java:389)
		at org.apache.catalina.util.LifecycleBase.setState(LifecycleBase.java:336)
		at org.apache.catalina.core.ContainerBase.startInternal(ContainerBase.java:776)
		at org.apache.catalina.core.StandardHost.startInternal(StandardHost.java:721)
		at org.apache.catalina.util.LifecycleBase.start(LifecycleBase.java:164)
		at org.apache.catalina.core.ContainerBase$StartChild.call(ContainerBase.java:1203)
		at org.apache.catalina.core.ContainerBase$StartChild.call(ContainerBase.java:1193)
		at java.base/java.util.concurrent.FutureTask.run(FutureTask.java:264)
		at org.apache.tomcat.util.threads.InlineExecutorService.execute(InlineExecutorService.java:76)
		at java.base/java.util.concurrent.AbstractExecutorService.submit(AbstractExecutorService.java:145)
		at org.apache.catalina.core.ContainerBase.startInternal(ContainerBase.java:749)
		at org.apache.catalina.core.StandardEngine.startInternal(StandardEngine.java:211)
		at org.apache.catalina.util.LifecycleBase.start(LifecycleBase.java:164)
		at org.apache.catalina.core.StandardService.startInternal(StandardService.java:412)
		at org.apache.catalina.util.LifecycleBase.start(LifecycleBase.java:164)
		at org.apache.catalina.core.StandardServer.startInternal(StandardServer.java:874)
		at org.apache.catalina.util.LifecycleBase.start(LifecycleBase.java:164)
		at org.apache.catalina.startup.Catalina.start(Catalina.java:739)
		at java.base/jdk.internal.reflect.NativeMethodAccessorImpl.invoke0(Native Method)
		at java.base/jdk.internal.reflect.NativeMethodAccessorImpl.invoke(NativeMethodAccessorImpl.java:77)
		at java.base/jdk.internal.reflect.DelegatingMethodAccessorImpl.invoke(DelegatingMethodAccessorImpl.java:43)
		at java.base/java.lang.reflect.Method.invoke(Method.java:569)
		at org.apache.catalina.startup.Bootstrap.start(Bootstrap.java:345)
		at org.apache.catalina.startup.Bootstrap.main(Bootstrap.java:476)
05-Oct-2025 18:02:31.065 SEVERE [main] org.apache.catalina.core.StandardContext.loadOnStartup Servlet [SqlGatewayServlet] in web application [/Lesson] threw load() exception
	javax.persistence.PersistenceException: No Persistence provider for EntityManager named murachPU
		at javax.persistence.Persistence.createEntityManagerFactory(Persistence.java:85)
		at javax.persistence.Persistence.createEntityManagerFactory(Persistence.java:54)
		at murach.sql.SqlGatewayServlet.init(SqlGatewayServlet.java:14)
		at javax.servlet.GenericServlet.init(GenericServlet.java:143)
		at org.apache.catalina.core.StandardWrapper.initServlet(StandardWrapper.java:989)
		at org.apache.catalina.core.StandardWrapper.loadServlet(StandardWrapper.java:946)
		at org.apache.catalina.core.StandardWrapper.load(StandardWrapper.java:843)
		at org.apache.catalina.core.StandardContext.loadOnStartup(StandardContext.java:4234)
		at org.apache.catalina.core.StandardContext.startInternal(StandardContext.java:4535)
		at org.apache.catalina.util.LifecycleBase.start(LifecycleBase.java:164)
		at org.apache.catalina.core.ContainerBase.addChildInternal(ContainerBase.java:599)
		at org.apache.catalina.core.ContainerBase.addChild(ContainerBase.java:571)
		at org.apache.catalina.core.StandardHost.addChild(StandardHost.java:603)
		at org.apache.catalina.startup.HostConfig.deployWAR(HostConfig.java:1013)
		at org.apache.catalina.startup.HostConfig$DeployWar.run(HostConfig.java:1861)
		at java.base/java.util.concurrent.Executors$RunnableAdapter.call(Executors.java:539)
		at java.base/java.util.concurrent.FutureTask.run(FutureTask.java:264)
		at org.apache.tomcat.util.threads.InlineExecutorService.execute(InlineExecutorService.java:76)
		at java.base/java.util.concurrent.AbstractExecutorService.submit(AbstractExecutorService.java:123)
		at org.apache.catalina.startup.HostConfig.deployWARs(HostConfig.java:817)
		at org.apache.catalina.startup.HostConfig.deployApps(HostConfig.java:468)
		at org.apache.catalina.startup.HostConfig.start(HostConfig.java:1579)
		at org.apache.catalina.startup.HostConfig.lifecycleEvent(HostConfig.java:312)
		at org.apache.catalina.util.LifecycleBase.fireLifecycleEvent(LifecycleBase.java:109)
		at org.apache.catalina.util.LifecycleBase.setStateInternal(LifecycleBase.java:389)
		at org.apache.catalina.util.LifecycleBase.setState(LifecycleBase.java:336)
		at org.apache.catalina.core.ContainerBase.startInternal(ContainerBase.java:776)
		at org.apache.catalina.core.StandardHost.startInternal(StandardHost.java:721)
		at org.apache.catalina.util.LifecycleBase.start(LifecycleBase.java:164)
		at org.apache.catalina.core.ContainerBase$StartChild.call(ContainerBase.java:1203)
		at org.apache.catalina.core.ContainerBase$StartChild.call(ContainerBase.java:1193)
		at java.base/java.util.concurrent.FutureTask.run(FutureTask.java:264)
		at org.apache.tomcat.util.threads.InlineExecutorService.execute(InlineExecutorService.java:76)
		at java.base/java.util.concurrent.AbstractExecutorService.submit(AbstractExecutorService.java:145)
		at org.apache.catalina.core.ContainerBase.startInternal(ContainerBase.java:749)
		at org.apache.catalina.core.StandardEngine.startInternal(StandardEngine.java:211)
		at org.apache.catalina.util.LifecycleBase.start(LifecycleBase.java:164)
		at org.apache.catalina.core.StandardService.startInternal(StandardService.java:412)
		at org.apache.catalina.util.LifecycleBase.start(LifecycleBase.java:164)
		at org.apache.catalina.core.StandardServer.startInternal(StandardServer.java:874)
		at org.apache.catalina.util.LifecycleBase.start(LifecycleBase.java:164)
		at org.apache.catalina.startup.Catalina.start(Catalina.java:739)
		at java.base/jdk.internal.reflect.NativeMethodAccessorImpl.invoke0(Native Method)
		at java.base/jdk.internal.reflect.NativeMethodAccessorImpl.invoke(NativeMethodAccessorImpl.java:77)
		at java.base/jdk.internal.reflect.DelegatingMethodAccessorImpl.invoke(DelegatingMethodAccessorImpl.java:43)
		at java.base/java.lang.reflect.Method.invoke(Method.java:569)
		at org.apache.catalina.startup.Bootstrap.start(Bootstrap.java:345)
		at org.apache.catalina.startup.Bootstrap.main(Bootstrap.java:476)
05-Oct-2025 18:02:31.172 INFO [main] org.apache.catalina.core.ApplicationContext.log ContextListener: contextInitialized()
05-Oct-2025 18:02:31.172 INFO [main] org.apache.catalina.core.ApplicationContext.log SessionListener: contextInitialized()
05-Oct-2025 18:02:31.173 INFO [main] org.apache.catalina.core.ApplicationContext.log ContextListener: attributeAdded('StockTicker', 'async.Stockticker@70169464')
05-Oct-2025 18:04:18.143 INFO [main] org.apache.catalina.core.ApplicationContext.log SessionListener: contextDestroyed()
05-Oct-2025 18:04:18.143 INFO [main] org.apache.catalina.core.ApplicationContext.log ContextListener: contextDestroyed()
05-Oct-2025 18:04:20.585 SEVERE [main] org.apache.catalina.core.ApplicationContext.log Servlet.init() for servlet [SqlGatewayServlet] threw exception
	javax.persistence.PersistenceException: No Persistence provider for EntityManager named murachPU
		at javax.persistence.Persistence.createEntityManagerFactory(Persistence.java:85)
		at javax.persistence.Persistence.createEntityManagerFactory(Persistence.java:54)
		at murach.sql.SqlGatewayServlet.init(SqlGatewayServlet.java:14)
		at javax.servlet.GenericServlet.init(GenericServlet.java:143)
		at org.apache.catalina.core.StandardWrapper.initServlet(StandardWrapper.java:989)
		at org.apache.catalina.core.StandardWrapper.loadServlet(StandardWrapper.java:946)
		at org.apache.catalina.core.StandardWrapper.load(StandardWrapper.java:843)
		at org.apache.catalina.core.StandardContext.loadOnStartup(StandardContext.java:4234)
		at org.apache.catalina.core.StandardContext.startInternal(StandardContext.java:4535)
		at org.apache.catalina.util.LifecycleBase.start(LifecycleBase.java:164)
		at org.apache.catalina.core.ContainerBase.addChildInternal(ContainerBase.java:599)
		at org.apache.catalina.core.ContainerBase.addChild(ContainerBase.java:571)
		at org.apache.catalina.core.StandardHost.addChild(StandardHost.java:603)
		at org.apache.catalina.startup.HostConfig.deployWAR(HostConfig.java:1013)
		at org.apache.catalina.startup.HostConfig$DeployWar.run(HostConfig.java:1861)
		at java.base/java.util.concurrent.Executors$RunnableAdapter.call(Executors.java:539)
		at java.base/java.util.concurrent.FutureTask.run(FutureTask.java:264)
		at org.apache.tomcat.util.threads.InlineExecutorService.execute(InlineExecutorService.java:76)
		at java.base/java.util.concurrent.AbstractExecutorService.submit(AbstractExecutorService.java:123)
		at org.apache.catalina.startup.HostConfig.deployWARs(HostConfig.java:817)
		at org.apache.catalina.startup.HostConfig.deployApps(HostConfig.java:468)
		at org.apache.catalina.startup.HostConfig.start(HostConfig.java:1579)
		at org.apache.catalina.startup.HostConfig.lifecycleEvent(HostConfig.java:312)
		at org.apache.catalina.util.LifecycleBase.fireLifecycleEvent(LifecycleBase.java:109)
		at org.apache.catalina.util.LifecycleBase.setStateInternal(LifecycleBase.java:389)
		at org.apache.catalina.util.LifecycleBase.setState(LifecycleBase.java:336)
		at org.apache.catalina.core.ContainerBase.startInternal(ContainerBase.java:776)
		at org.apache.catalina.core.StandardHost.startInternal(StandardHost.java:721)
		at org.apache.catalina.util.LifecycleBase.start(LifecycleBase.java:164)
		at org.apache.catalina.core.ContainerBase$StartChild.call(ContainerBase.java:1203)
		at org.apache.catalina.core.ContainerBase$StartChild.call(ContainerBase.java:1193)
		at java.base/java.util.concurrent.FutureTask.run(FutureTask.java:264)
		at org.apache.tomcat.util.threads.InlineExecutorService.execute(InlineExecutorService.java:76)
		at java.base/java.util.concurrent.AbstractExecutorService.submit(AbstractExecutorService.java:145)
		at org.apache.catalina.core.ContainerBase.startInternal(ContainerBase.java:749)
		at org.apache.catalina.core.StandardEngine.startInternal(StandardEngine.java:211)
		at org.apache.catalina.util.LifecycleBase.start(LifecycleBase.java:164)
		at org.apache.catalina.core.StandardService.startInternal(StandardService.java:412)
		at org.apache.catalina.util.LifecycleBase.start(LifecycleBase.java:164)
		at org.apache.catalina.core.StandardServer.startInternal(StandardServer.java:874)
		at org.apache.catalina.util.LifecycleBase.start(LifecycleBase.java:164)
		at org.apache.catalina.startup.Catalina.start(Catalina.java:739)
		at java.base/jdk.internal.reflect.NativeMethodAccessorImpl.invoke0(Native Method)
		at java.base/jdk.internal.reflect.NativeMethodAccessorImpl.invoke(NativeMethodAccessorImpl.java:77)
		at java.base/jdk.internal.reflect.DelegatingMethodAccessorImpl.invoke(DelegatingMethodAccessorImpl.java:43)
		at java.base/java.lang.reflect.Method.invoke(Method.java:569)
		at org.apache.catalina.startup.Bootstrap.start(Bootstrap.java:345)
		at org.apache.catalina.startup.Bootstrap.main(Bootstrap.java:476)
05-Oct-2025 18:04:20.585 SEVERE [main] org.apache.catalina.core.StandardContext.loadOnStartup Servlet [SqlGatewayServlet] in web application [/Lesson] threw load() exception
	javax.persistence.PersistenceException: No Persistence provider for EntityManager named murachPU
		at javax.persistence.Persistence.createEntityManagerFactory(Persistence.java:85)
		at javax.persistence.Persistence.createEntityManagerFactory(Persistence.java:54)
		at murach.sql.SqlGatewayServlet.init(SqlGatewayServlet.java:14)
		at javax.servlet.GenericServlet.init(GenericServlet.java:143)
		at org.apache.catalina.core.StandardWrapper.initServlet(StandardWrapper.java:989)
		at org.apache.catalina.core.StandardWrapper.loadServlet(StandardWrapper.java:946)
		at org.apache.catalina.core.StandardWrapper.load(StandardWrapper.java:843)
		at org.apache.catalina.core.StandardContext.loadOnStartup(StandardContext.java:4234)
		at org.apache.catalina.core.StandardContext.startInternal(StandardContext.java:4535)
		at org.apache.catalina.util.LifecycleBase.start(LifecycleBase.java:164)
		at org.apache.catalina.core.ContainerBase.addChildInternal(ContainerBase.java:599)
		at org.apache.catalina.core.ContainerBase.addChild(ContainerBase.java:571)
		at org.apache.catalina.core.StandardHost.addChild(StandardHost.java:603)
		at org.apache.catalina.startup.HostConfig.deployWAR(HostConfig.java:1013)
		at org.apache.catalina.startup.HostConfig$DeployWar.run(HostConfig.java:1861)
		at java.base/java.util.concurrent.Executors$RunnableAdapter.call(Executors.java:539)
		at java.base/java.util.concurrent.FutureTask.run(FutureTask.java:264)
		at org.apache.tomcat.util.threads.InlineExecutorService.execute(InlineExecutorService.java:76)
		at java.base/java.util.concurrent.AbstractExecutorService.submit(AbstractExecutorService.java:123)
		at org.apache.catalina.startup.HostConfig.deployWARs(HostConfig.java:817)
		at org.apache.catalina.startup.HostConfig.deployApps(HostConfig.java:468)
		at org.apache.catalina.startup.HostConfig.start(HostConfig.java:1579)
		at org.apache.catalina.startup.HostConfig.lifecycleEvent(HostConfig.java:312)
		at org.apache.catalina.util.LifecycleBase.fireLifecycleEvent(LifecycleBase.java:109)
		at org.apache.catalina.util.LifecycleBase.setStateInternal(LifecycleBase.java:389)
		at org.apache.catalina.util.LifecycleBase.setState(LifecycleBase.java:336)
		at org.apache.catalina.core.ContainerBase.startInternal(ContainerBase.java:776)
		at org.apache.catalina.core.StandardHost.startInternal(StandardHost.java:721)
		at org.apache.catalina.util.LifecycleBase.start(LifecycleBase.java:164)
		at org.apache.catalina.core.ContainerBase$StartChild.call(ContainerBase.java:1203)
		at org.apache.catalina.core.ContainerBase$StartChild.call(ContainerBase.java:1193)
		at java.base/java.util.concurrent.FutureTask.run(FutureTask.java:264)
		at org.apache.tomcat.util.threads.InlineExecutorService.execute(InlineExecutorService.java:76)
		at java.base/java.util.concurrent.AbstractExecutorService.submit(AbstractExecutorService.java:145)
		at org.apache.catalina.core.ContainerBase.startInternal(ContainerBase.java:749)
		at org.apache.catalina.core.StandardEngine.startInternal(StandardEngine.java:211)
		at org.apache.catalina.util.LifecycleBase.start(LifecycleBase.java:164)
		at org.apache.catalina.core.StandardService.startInternal(StandardService.java:412)
		at org.apache.catalina.util.LifecycleBase.start(LifecycleBase.java:164)
		at org.apache.catalina.core.StandardServer.startInternal(StandardServer.java:874)
		at org.apache.catalina.util.LifecycleBase.start(LifecycleBase.java:164)
		at org.apache.catalina.startup.Catalina.start(Catalina.java:739)
		at java.base/jdk.internal.reflect.NativeMethodAccessorImpl.invoke0(Native Method)
		at java.base/jdk.internal.reflect.NativeMethodAccessorImpl.invoke(NativeMethodAccessorImpl.java:77)
		at java.base/jdk.internal.reflect.DelegatingMethodAccessorImpl.invoke(DelegatingMethodAccessorImpl.java:43)
		at java.base/java.lang.reflect.Method.invoke(Method.java:569)
		at org.apache.catalina.startup.Bootstrap.start(Bootstrap.java:345)
		at org.apache.catalina.startup.Bootstrap.main(Bootstrap.java:476)
05-Oct-2025 18:04:20.691 INFO [main] org.apache.catalina.core.ApplicationContext.log ContextListener: contextInitialized()
05-Oct-2025 18:04:20.691 INFO [main] org.apache.catalina.core.ApplicationContext.log SessionListener: contextInitialized()
05-Oct-2025 18:04:20.692 INFO [main] org.apache.catalina.core.ApplicationContext.log ContextListener: attributeAdded('StockTicker', 'async.Stockticker@c190cfc')
05-Oct-2025 18:07:21.353 SEVERE [Catalina-utility-2] org.apache.catalina.core.ApplicationContext.log Servlet.init() for servlet [SqlGatewayServlet] threw exception
	javax.persistence.PersistenceException: No Persistence provider for EntityManager named murachPU
		at javax.persistence.Persistence.createEntityManagerFactory(Persistence.java:85)
		at javax.persistence.Persistence.createEntityManagerFactory(Persistence.java:54)
		at murach.sql.SqlGatewayServlet.init(SqlGatewayServlet.java:14)
		at javax.servlet.GenericServlet.init(GenericServlet.java:143)
		at org.apache.catalina.core.StandardWrapper.initServlet(StandardWrapper.java:989)
		at org.apache.catalina.core.StandardWrapper.loadServlet(StandardWrapper.java:946)
		at org.apache.catalina.core.StandardWrapper.load(StandardWrapper.java:843)
		at org.apache.catalina.core.StandardContext.loadOnStartup(StandardContext.java:4234)
		at org.apache.catalina.core.StandardContext.startInternal(StandardContext.java:4535)
		at org.apache.catalina.util.LifecycleBase.start(LifecycleBase.java:164)
		at org.apache.catalina.core.ContainerBase.addChildInternal(ContainerBase.java:599)
		at org.apache.catalina.core.ContainerBase.addChild(ContainerBase.java:571)
		at org.apache.catalina.core.StandardHost.addChild(StandardHost.java:603)
		at org.apache.catalina.startup.HostConfig.deployWAR(HostConfig.java:1013)
		at org.apache.catalina.startup.HostConfig$DeployWar.run(HostConfig.java:1861)
		at java.base/java.util.concurrent.Executors$RunnableAdapter.call(Executors.java:539)
		at java.base/java.util.concurrent.FutureTask.run(FutureTask.java:264)
		at org.apache.tomcat.util.threads.InlineExecutorService.execute(InlineExecutorService.java:76)
		at java.base/java.util.concurrent.AbstractExecutorService.submit(AbstractExecutorService.java:123)
		at org.apache.catalina.startup.HostConfig.deployWARs(HostConfig.java:817)
		at org.apache.catalina.startup.HostConfig.deployApps(HostConfig.java:468)
		at org.apache.catalina.startup.HostConfig.check(HostConfig.java:1628)
		at org.apache.catalina.startup.HostConfig.lifecycleEvent(HostConfig.java:308)
		at org.apache.catalina.util.LifecycleBase.fireLifecycleEvent(LifecycleBase.java:109)
		at org.apache.catalina.core.ContainerBase.backgroundProcess(ContainerBase.java:973)
		at org.apache.catalina.core.ContainerBase$ContainerBackgroundProcessor.processChildren(ContainerBase.java:1172)
		at org.apache.catalina.core.ContainerBase$ContainerBackgroundProcessor.processChildren(ContainerBase.java:1176)
		at org.apache.catalina.core.ContainerBase$ContainerBackgroundProcessor.run(ContainerBase.java:1154)
		at java.base/java.util.concurrent.Executors$RunnableAdapter.call(Executors.java:539)
		at java.base/java.util.concurrent.FutureTask.runAndReset(FutureTask.java:305)
		at java.base/java.util.concurrent.ScheduledThreadPoolExecutor$ScheduledFutureTask.run(ScheduledThreadPoolExecutor.java:305)
		at java.base/java.util.concurrent.ThreadPoolExecutor.runWorker(ThreadPoolExecutor.java:1136)
		at java.base/java.util.concurrent.ThreadPoolExecutor$Worker.run(ThreadPoolExecutor.java:635)
		at org.apache.tomcat.util.threads.TaskThread$WrappingRunnable.run(TaskThread.java:63)
		at java.base/java.lang.Thread.run(Thread.java:840)
05-Oct-2025 18:07:21.353 SEVERE [Catalina-utility-2] org.apache.catalina.core.StandardContext.loadOnStartup Servlet [SqlGatewayServlet] in web application [/Lesson] threw load() exception
	javax.persistence.PersistenceException: No Persistence provider for EntityManager named murachPU
		at javax.persistence.Persistence.createEntityManagerFactory(Persistence.java:85)
		at javax.persistence.Persistence.createEntityManagerFactory(Persistence.java:54)
		at murach.sql.SqlGatewayServlet.init(SqlGatewayServlet.java:14)
		at javax.servlet.GenericServlet.init(GenericServlet.java:143)
		at org.apache.catalina.core.StandardWrapper.initServlet(StandardWrapper.java:989)
		at org.apache.catalina.core.StandardWrapper.loadServlet(StandardWrapper.java:946)
		at org.apache.catalina.core.StandardWrapper.load(StandardWrapper.java:843)
		at org.apache.catalina.core.StandardContext.loadOnStartup(StandardContext.java:4234)
		at org.apache.catalina.core.StandardContext.startInternal(StandardContext.java:4535)
		at org.apache.catalina.util.LifecycleBase.start(LifecycleBase.java:164)
		at org.apache.catalina.core.ContainerBase.addChildInternal(ContainerBase.java:599)
		at org.apache.catalina.core.ContainerBase.addChild(ContainerBase.java:571)
		at org.apache.catalina.core.StandardHost.addChild(StandardHost.java:603)
		at org.apache.catalina.startup.HostConfig.deployWAR(HostConfig.java:1013)
		at org.apache.catalina.startup.HostConfig$DeployWar.run(HostConfig.java:1861)
		at java.base/java.util.concurrent.Executors$RunnableAdapter.call(Executors.java:539)
		at java.base/java.util.concurrent.FutureTask.run(FutureTask.java:264)
		at org.apache.tomcat.util.threads.InlineExecutorService.execute(InlineExecutorService.java:76)
		at java.base/java.util.concurrent.AbstractExecutorService.submit(AbstractExecutorService.java:123)
		at org.apache.catalina.startup.HostConfig.deployWARs(HostConfig.java:817)
		at org.apache.catalina.startup.HostConfig.deployApps(HostConfig.java:468)
		at org.apache.catalina.startup.HostConfig.check(HostConfig.java:1628)
		at org.apache.catalina.startup.HostConfig.lifecycleEvent(HostConfig.java:308)
		at org.apache.catalina.util.LifecycleBase.fireLifecycleEvent(LifecycleBase.java:109)
		at org.apache.catalina.core.ContainerBase.backgroundProcess(ContainerBase.java:973)
		at org.apache.catalina.core.ContainerBase$ContainerBackgroundProcessor.processChildren(ContainerBase.java:1172)
		at org.apache.catalina.core.ContainerBase$ContainerBackgroundProcessor.processChildren(ContainerBase.java:1176)
		at org.apache.catalina.core.ContainerBase$ContainerBackgroundProcessor.run(ContainerBase.java:1154)
		at java.base/java.util.concurrent.Executors$RunnableAdapter.call(Executors.java:539)
		at java.base/java.util.concurrent.FutureTask.runAndReset(FutureTask.java:305)
		at java.base/java.util.concurrent.ScheduledThreadPoolExecutor$ScheduledFutureTask.run(ScheduledThreadPoolExecutor.java:305)
		at java.base/java.util.concurrent.ThreadPoolExecutor.runWorker(ThreadPoolExecutor.java:1136)
		at java.base/java.util.concurrent.ThreadPoolExecutor$Worker.run(ThreadPoolExecutor.java:635)
		at org.apache.tomcat.util.threads.TaskThread$WrappingRunnable.run(TaskThread.java:63)
		at java.base/java.lang.Thread.run(Thread.java:840)
05-Oct-2025 18:07:25.168 INFO [main] org.apache.catalina.core.ApplicationContext.log SessionListener: contextDestroyed()
05-Oct-2025 18:07:25.168 INFO [main] org.apache.catalina.core.ApplicationContext.log ContextListener: contextDestroyed()
05-Oct-2025 18:07:28.004 SEVERE [main] org.apache.catalina.core.ApplicationContext.log Servlet.init() for servlet [SqlGatewayServlet] threw exception
	javax.persistence.PersistenceException: No Persistence provider for EntityManager named murachPU
		at javax.persistence.Persistence.createEntityManagerFactory(Persistence.java:85)
		at javax.persistence.Persistence.createEntityManagerFactory(Persistence.java:54)
		at murach.sql.SqlGatewayServlet.init(SqlGatewayServlet.java:14)
		at javax.servlet.GenericServlet.init(GenericServlet.java:143)
		at org.apache.catalina.core.StandardWrapper.initServlet(StandardWrapper.java:989)
		at org.apache.catalina.core.StandardWrapper.loadServlet(StandardWrapper.java:946)
		at org.apache.catalina.core.StandardWrapper.load(StandardWrapper.java:843)
		at org.apache.catalina.core.StandardContext.loadOnStartup(StandardContext.java:4234)
		at org.apache.catalina.core.StandardContext.startInternal(StandardContext.java:4535)
		at org.apache.catalina.util.LifecycleBase.start(LifecycleBase.java:164)
		at org.apache.catalina.core.ContainerBase.addChildInternal(ContainerBase.java:599)
		at org.apache.catalina.core.ContainerBase.addChild(ContainerBase.java:571)
		at org.apache.catalina.core.StandardHost.addChild(StandardHost.java:603)
		at org.apache.catalina.startup.HostConfig.deployWAR(HostConfig.java:1013)
		at org.apache.catalina.startup.HostConfig$DeployWar.run(HostConfig.java:1861)
		at java.base/java.util.concurrent.Executors$RunnableAdapter.call(Executors.java:539)
		at java.base/java.util.concurrent.FutureTask.run(FutureTask.java:264)
		at org.apache.tomcat.util.threads.InlineExecutorService.execute(InlineExecutorService.java:76)
		at java.base/java.util.concurrent.AbstractExecutorService.submit(AbstractExecutorService.java:123)
		at org.apache.catalina.startup.HostConfig.deployWARs(HostConfig.java:817)
		at org.apache.catalina.startup.HostConfig.deployApps(HostConfig.java:468)
		at org.apache.catalina.startup.HostConfig.start(HostConfig.java:1579)
		at org.apache.catalina.startup.HostConfig.lifecycleEvent(HostConfig.java:312)
		at org.apache.catalina.util.LifecycleBase.fireLifecycleEvent(LifecycleBase.java:109)
		at org.apache.catalina.util.LifecycleBase.setStateInternal(LifecycleBase.java:389)
		at org.apache.catalina.util.LifecycleBase.setState(LifecycleBase.java:336)
		at org.apache.catalina.core.ContainerBase.startInternal(ContainerBase.java:776)
		at org.apache.catalina.core.StandardHost.startInternal(StandardHost.java:721)
		at org.apache.catalina.util.LifecycleBase.start(LifecycleBase.java:164)
		at org.apache.catalina.core.ContainerBase$StartChild.call(ContainerBase.java:1203)
		at org.apache.catalina.core.ContainerBase$StartChild.call(ContainerBase.java:1193)
		at java.base/java.util.concurrent.FutureTask.run(FutureTask.java:264)
		at org.apache.tomcat.util.threads.InlineExecutorService.execute(InlineExecutorService.java:76)
		at java.base/java.util.concurrent.AbstractExecutorService.submit(AbstractExecutorService.java:145)
		at org.apache.catalina.core.ContainerBase.startInternal(ContainerBase.java:749)
		at org.apache.catalina.core.StandardEngine.startInternal(StandardEngine.java:211)
		at org.apache.catalina.util.LifecycleBase.start(LifecycleBase.java:164)
		at org.apache.catalina.core.StandardService.startInternal(StandardService.java:412)
		at org.apache.catalina.util.LifecycleBase.start(LifecycleBase.java:164)
		at org.apache.catalina.core.StandardServer.startInternal(StandardServer.java:874)
		at org.apache.catalina.util.LifecycleBase.start(LifecycleBase.java:164)
		at org.apache.catalina.startup.Catalina.start(Catalina.java:739)
		at java.base/jdk.internal.reflect.NativeMethodAccessorImpl.invoke0(Native Method)
		at java.base/jdk.internal.reflect.NativeMethodAccessorImpl.invoke(NativeMethodAccessorImpl.java:77)
		at java.base/jdk.internal.reflect.DelegatingMethodAccessorImpl.invoke(DelegatingMethodAccessorImpl.java:43)
		at java.base/java.lang.reflect.Method.invoke(Method.java:569)
		at org.apache.catalina.startup.Bootstrap.start(Bootstrap.java:345)
		at org.apache.catalina.startup.Bootstrap.main(Bootstrap.java:476)
05-Oct-2025 18:07:28.004 SEVERE [main] org.apache.catalina.core.StandardContext.loadOnStartup Servlet [SqlGatewayServlet] in web application [/Lesson] threw load() exception
	javax.persistence.PersistenceException: No Persistence provider for EntityManager named murachPU
		at javax.persistence.Persistence.createEntityManagerFactory(Persistence.java:85)
		at javax.persistence.Persistence.createEntityManagerFactory(Persistence.java:54)
		at murach.sql.SqlGatewayServlet.init(SqlGatewayServlet.java:14)
		at javax.servlet.GenericServlet.init(GenericServlet.java:143)
		at org.apache.catalina.core.StandardWrapper.initServlet(StandardWrapper.java:989)
		at org.apache.catalina.core.StandardWrapper.loadServlet(StandardWrapper.java:946)
		at org.apache.catalina.core.StandardWrapper.load(StandardWrapper.java:843)
		at org.apache.catalina.core.StandardContext.loadOnStartup(StandardContext.java:4234)
		at org.apache.catalina.core.StandardContext.startInternal(StandardContext.java:4535)
		at org.apache.catalina.util.LifecycleBase.start(LifecycleBase.java:164)
		at org.apache.catalina.core.ContainerBase.addChildInternal(ContainerBase.java:599)
		at org.apache.catalina.core.ContainerBase.addChild(ContainerBase.java:571)
		at org.apache.catalina.core.StandardHost.addChild(StandardHost.java:603)
		at org.apache.catalina.startup.HostConfig.deployWAR(HostConfig.java:1013)
		at org.apache.catalina.startup.HostConfig$DeployWar.run(HostConfig.java:1861)
		at java.base/java.util.concurrent.Executors$RunnableAdapter.call(Executors.java:539)
		at java.base/java.util.concurrent.FutureTask.run(FutureTask.java:264)
		at org.apache.tomcat.util.threads.InlineExecutorService.execute(InlineExecutorService.java:76)
		at java.base/java.util.concurrent.AbstractExecutorService.submit(AbstractExecutorService.java:123)
		at org.apache.catalina.startup.HostConfig.deployWARs(HostConfig.java:817)
		at org.apache.catalina.startup.HostConfig.deployApps(HostConfig.java:468)
		at org.apache.catalina.startup.HostConfig.start(HostConfig.java:1579)
		at org.apache.catalina.startup.HostConfig.lifecycleEvent(HostConfig.java:312)
		at org.apache.catalina.util.LifecycleBase.fireLifecycleEvent(LifecycleBase.java:109)
		at org.apache.catalina.util.LifecycleBase.setStateInternal(LifecycleBase.java:389)
		at org.apache.catalina.util.LifecycleBase.setState(LifecycleBase.java:336)
		at org.apache.catalina.core.ContainerBase.startInternal(ContainerBase.java:776)
		at org.apache.catalina.core.StandardHost.startInternal(StandardHost.java:721)
		at org.apache.catalina.util.LifecycleBase.start(LifecycleBase.java:164)
		at org.apache.catalina.core.ContainerBase$StartChild.call(ContainerBase.java:1203)
		at org.apache.catalina.core.ContainerBase$StartChild.call(ContainerBase.java:1193)
		at java.base/java.util.concurrent.FutureTask.run(FutureTask.java:264)
		at org.apache.tomcat.util.threads.InlineExecutorService.execute(InlineExecutorService.java:76)
		at java.base/java.util.concurrent.AbstractExecutorService.submit(AbstractExecutorService.java:145)
		at org.apache.catalina.core.ContainerBase.startInternal(ContainerBase.java:749)
		at org.apache.catalina.core.StandardEngine.startInternal(StandardEngine.java:211)
		at org.apache.catalina.util.LifecycleBase.start(LifecycleBase.java:164)
		at org.apache.catalina.core.StandardService.startInternal(StandardService.java:412)
		at org.apache.catalina.util.LifecycleBase.start(LifecycleBase.java:164)
		at org.apache.catalina.core.StandardServer.startInternal(StandardServer.java:874)
		at org.apache.catalina.util.LifecycleBase.start(LifecycleBase.java:164)
		at org.apache.catalina.startup.Catalina.start(Catalina.java:739)
		at java.base/jdk.internal.reflect.NativeMethodAccessorImpl.invoke0(Native Method)
		at java.base/jdk.internal.reflect.NativeMethodAccessorImpl.invoke(NativeMethodAccessorImpl.java:77)
		at java.base/jdk.internal.reflect.DelegatingMethodAccessorImpl.invoke(DelegatingMethodAccessorImpl.java:43)
		at java.base/java.lang.reflect.Method.invoke(Method.java:569)
		at org.apache.catalina.startup.Bootstrap.start(Bootstrap.java:345)
		at org.apache.catalina.startup.Bootstrap.main(Bootstrap.java:476)
05-Oct-2025 18:07:28.111 INFO [main] org.apache.catalina.core.ApplicationContext.log ContextListener: contextInitialized()
05-Oct-2025 18:07:28.111 INFO [main] org.apache.catalina.core.ApplicationContext.log SessionListener: contextInitialized()
05-Oct-2025 18:07:28.112 INFO [main] org.apache.catalina.core.ApplicationContext.log ContextListener: attributeAdded('StockTicker', 'async.Stockticker@40ac0a56')
05-Oct-2025 18:11:58.896 SEVERE [Catalina-utility-1] org.apache.catalina.core.ApplicationContext.log Servlet.init() for servlet [SqlGatewayServlet] threw exception
	javax.persistence.PersistenceException: No Persistence provider for EntityManager named murachPU
		at javax.persistence.Persistence.createEntityManagerFactory(Persistence.java:85)
		at javax.persistence.Persistence.createEntityManagerFactory(Persistence.java:54)
		at murach.sql.SqlGatewayServlet.init(SqlGatewayServlet.java:14)
		at javax.servlet.GenericServlet.init(GenericServlet.java:143)
		at org.apache.catalina.core.StandardWrapper.initServlet(StandardWrapper.java:989)
		at org.apache.catalina.core.StandardWrapper.loadServlet(StandardWrapper.java:946)
		at org.apache.catalina.core.StandardWrapper.load(StandardWrapper.java:843)
		at org.apache.catalina.core.StandardContext.loadOnStartup(StandardContext.java:4234)
		at org.apache.catalina.core.StandardContext.startInternal(StandardContext.java:4535)
		at org.apache.catalina.util.LifecycleBase.start(LifecycleBase.java:164)
		at org.apache.catalina.core.ContainerBase.addChildInternal(ContainerBase.java:599)
		at org.apache.catalina.core.ContainerBase.addChild(ContainerBase.java:571)
		at org.apache.catalina.core.StandardHost.addChild(StandardHost.java:603)
		at org.apache.catalina.startup.HostConfig.deployWAR(HostConfig.java:1013)
		at org.apache.catalina.startup.HostConfig$DeployWar.run(HostConfig.java:1861)
		at java.base/java.util.concurrent.Executors$RunnableAdapter.call(Executors.java:539)
		at java.base/java.util.concurrent.FutureTask.run(FutureTask.java:264)
		at org.apache.tomcat.util.threads.InlineExecutorService.execute(InlineExecutorService.java:76)
		at java.base/java.util.concurrent.AbstractExecutorService.submit(AbstractExecutorService.java:123)
		at org.apache.catalina.startup.HostConfig.deployWARs(HostConfig.java:817)
		at org.apache.catalina.startup.HostConfig.deployApps(HostConfig.java:468)
		at org.apache.catalina.startup.HostConfig.check(HostConfig.java:1628)
		at org.apache.catalina.startup.HostConfig.lifecycleEvent(HostConfig.java:308)
		at org.apache.catalina.util.LifecycleBase.fireLifecycleEvent(LifecycleBase.java:109)
		at org.apache.catalina.core.ContainerBase.backgroundProcess(ContainerBase.java:973)
		at org.apache.catalina.core.ContainerBase$ContainerBackgroundProcessor.processChildren(ContainerBase.java:1172)
		at org.apache.catalina.core.ContainerBase$ContainerBackgroundProcessor.processChildren(ContainerBase.java:1176)
		at org.apache.catalina.core.ContainerBase$ContainerBackgroundProcessor.run(ContainerBase.java:1154)
		at java.base/java.util.concurrent.Executors$RunnableAdapter.call(Executors.java:539)
		at java.base/java.util.concurrent.FutureTask.runAndReset(FutureTask.java:305)
		at java.base/java.util.concurrent.ScheduledThreadPoolExecutor$ScheduledFutureTask.run(ScheduledThreadPoolExecutor.java:305)
		at java.base/java.util.concurrent.ThreadPoolExecutor.runWorker(ThreadPoolExecutor.java:1136)
		at java.base/java.util.concurrent.ThreadPoolExecutor$Worker.run(ThreadPoolExecutor.java:635)
		at org.apache.tomcat.util.threads.TaskThread$WrappingRunnable.run(TaskThread.java:63)
		at java.base/java.lang.Thread.run(Thread.java:840)
05-Oct-2025 18:11:58.896 SEVERE [Catalina-utility-1] org.apache.catalina.core.StandardContext.loadOnStartup Servlet [SqlGatewayServlet] in web application [/Lesson] threw load() exception
	javax.persistence.PersistenceException: No Persistence provider for EntityManager named murachPU
		at javax.persistence.Persistence.createEntityManagerFactory(Persistence.java:85)
		at javax.persistence.Persistence.createEntityManagerFactory(Persistence.java:54)
		at murach.sql.SqlGatewayServlet.init(SqlGatewayServlet.java:14)
		at javax.servlet.GenericServlet.init(GenericServlet.java:143)
		at org.apache.catalina.core.StandardWrapper.initServlet(StandardWrapper.java:989)
		at org.apache.catalina.core.StandardWrapper.loadServlet(StandardWrapper.java:946)
		at org.apache.catalina.core.StandardWrapper.load(StandardWrapper.java:843)
		at org.apache.catalina.core.StandardContext.loadOnStartup(StandardContext.java:4234)
		at org.apache.catalina.core.StandardContext.startInternal(StandardContext.java:4535)
		at org.apache.catalina.util.LifecycleBase.start(LifecycleBase.java:164)
		at org.apache.catalina.core.ContainerBase.addChildInternal(ContainerBase.java:599)
		at org.apache.catalina.core.ContainerBase.addChild(ContainerBase.java:571)
		at org.apache.catalina.core.StandardHost.addChild(StandardHost.java:603)
		at org.apache.catalina.startup.HostConfig.deployWAR(HostConfig.java:1013)
		at org.apache.catalina.startup.HostConfig$DeployWar.run(HostConfig.java:1861)
		at java.base/java.util.concurrent.Executors$RunnableAdapter.call(Executors.java:539)
		at java.base/java.util.concurrent.FutureTask.run(FutureTask.java:264)
		at org.apache.tomcat.util.threads.InlineExecutorService.execute(InlineExecutorService.java:76)
		at java.base/java.util.concurrent.AbstractExecutorService.submit(AbstractExecutorService.java:123)
		at org.apache.catalina.startup.HostConfig.deployWARs(HostConfig.java:817)
		at org.apache.catalina.startup.HostConfig.deployApps(HostConfig.java:468)
		at org.apache.catalina.startup.HostConfig.check(HostConfig.java:1628)
		at org.apache.catalina.startup.HostConfig.lifecycleEvent(HostConfig.java:308)
		at org.apache.catalina.util.LifecycleBase.fireLifecycleEvent(LifecycleBase.java:109)
		at org.apache.catalina.core.ContainerBase.backgroundProcess(ContainerBase.java:973)
		at org.apache.catalina.core.ContainerBase$ContainerBackgroundProcessor.processChildren(ContainerBase.java:1172)
		at org.apache.catalina.core.ContainerBase$ContainerBackgroundProcessor.processChildren(ContainerBase.java:1176)
		at org.apache.catalina.core.ContainerBase$ContainerBackgroundProcessor.run(ContainerBase.java:1154)
		at java.base/java.util.concurrent.Executors$RunnableAdapter.call(Executors.java:539)
		at java.base/java.util.concurrent.FutureTask.runAndReset(FutureTask.java:305)
		at java.base/java.util.concurrent.ScheduledThreadPoolExecutor$ScheduledFutureTask.run(ScheduledThreadPoolExecutor.java:305)
		at java.base/java.util.concurrent.ThreadPoolExecutor.runWorker(ThreadPoolExecutor.java:1136)
		at java.base/java.util.concurrent.ThreadPoolExecutor$Worker.run(ThreadPoolExecutor.java:635)
		at org.apache.tomcat.util.threads.TaskThread$WrappingRunnable.run(TaskThread.java:63)
		at java.base/java.lang.Thread.run(Thread.java:840)
05-Oct-2025 18:11:58.898 INFO [main] org.apache.catalina.core.ApplicationContext.log SessionListener: contextDestroyed()
05-Oct-2025 18:11:58.898 INFO [main] org.apache.catalina.core.ApplicationContext.log ContextListener: contextDestroyed()
05-Oct-2025 18:12:09.138 SEVERE [main] org.apache.catalina.core.ApplicationContext.log Servlet.init() for servlet [SqlGatewayServlet] threw exception
	javax.persistence.PersistenceException: No Persistence provider for EntityManager named murachPU
		at javax.persistence.Persistence.createEntityManagerFactory(Persistence.java:85)
		at javax.persistence.Persistence.createEntityManagerFactory(Persistence.java:54)
		at murach.sql.SqlGatewayServlet.init(SqlGatewayServlet.java:14)
		at javax.servlet.GenericServlet.init(GenericServlet.java:143)
		at org.apache.catalina.core.StandardWrapper.initServlet(StandardWrapper.java:989)
		at org.apache.catalina.core.StandardWrapper.loadServlet(StandardWrapper.java:946)
		at org.apache.catalina.core.StandardWrapper.load(StandardWrapper.java:843)
		at org.apache.catalina.core.StandardContext.loadOnStartup(StandardContext.java:4234)
		at org.apache.catalina.core.StandardContext.startInternal(StandardContext.java:4535)
		at org.apache.catalina.util.LifecycleBase.start(LifecycleBase.java:164)
		at org.apache.catalina.core.ContainerBase.addChildInternal(ContainerBase.java:599)
		at org.apache.catalina.core.ContainerBase.addChild(ContainerBase.java:571)
		at org.apache.catalina.core.StandardHost.addChild(StandardHost.java:603)
		at org.apache.catalina.startup.HostConfig.deployWAR(HostConfig.java:1013)
		at org.apache.catalina.startup.HostConfig$DeployWar.run(HostConfig.java:1861)
		at java.base/java.util.concurrent.Executors$RunnableAdapter.call(Executors.java:539)
		at java.base/java.util.concurrent.FutureTask.run(FutureTask.java:264)
		at org.apache.tomcat.util.threads.InlineExecutorService.execute(InlineExecutorService.java:76)
		at java.base/java.util.concurrent.AbstractExecutorService.submit(AbstractExecutorService.java:123)
		at org.apache.catalina.startup.HostConfig.deployWARs(HostConfig.java:817)
		at org.apache.catalina.startup.HostConfig.deployApps(HostConfig.java:468)
		at org.apache.catalina.startup.HostConfig.start(HostConfig.java:1579)
		at org.apache.catalina.startup.HostConfig.lifecycleEvent(HostConfig.java:312)
		at org.apache.catalina.util.LifecycleBase.fireLifecycleEvent(LifecycleBase.java:109)
		at org.apache.catalina.util.LifecycleBase.setStateInternal(LifecycleBase.java:389)
		at org.apache.catalina.util.LifecycleBase.setState(LifecycleBase.java:336)
		at org.apache.catalina.core.ContainerBase.startInternal(ContainerBase.java:776)
		at org.apache.catalina.core.StandardHost.startInternal(StandardHost.java:721)
		at org.apache.catalina.util.LifecycleBase.start(LifecycleBase.java:164)
		at org.apache.catalina.core.ContainerBase$StartChild.call(ContainerBase.java:1203)
		at org.apache.catalina.core.ContainerBase$StartChild.call(ContainerBase.java:1193)
		at java.base/java.util.concurrent.FutureTask.run(FutureTask.java:264)
		at org.apache.tomcat.util.threads.InlineExecutorService.execute(InlineExecutorService.java:76)
		at java.base/java.util.concurrent.AbstractExecutorService.submit(AbstractExecutorService.java:145)
		at org.apache.catalina.core.ContainerBase.startInternal(ContainerBase.java:749)
		at org.apache.catalina.core.StandardEngine.startInternal(StandardEngine.java:211)
		at org.apache.catalina.util.LifecycleBase.start(LifecycleBase.java:164)
		at org.apache.catalina.core.StandardService.startInternal(StandardService.java:412)
		at org.apache.catalina.util.LifecycleBase.start(LifecycleBase.java:164)
		at org.apache.catalina.core.StandardServer.startInternal(StandardServer.java:874)
		at org.apache.catalina.util.LifecycleBase.start(LifecycleBase.java:164)
		at org.apache.catalina.startup.Catalina.start(Catalina.java:739)
		at java.base/jdk.internal.reflect.NativeMethodAccessorImpl.invoke0(Native Method)
		at java.base/jdk.internal.reflect.NativeMethodAccessorImpl.invoke(NativeMethodAccessorImpl.java:77)
		at java.base/jdk.internal.reflect.DelegatingMethodAccessorImpl.invoke(DelegatingMethodAccessorImpl.java:43)
		at java.base/java.lang.reflect.Method.invoke(Method.java:569)
		at org.apache.catalina.startup.Bootstrap.start(Bootstrap.java:345)
		at org.apache.catalina.startup.Bootstrap.main(Bootstrap.java:476)
05-Oct-2025 18:12:09.138 SEVERE [main] org.apache.catalina.core.StandardContext.loadOnStartup Servlet [SqlGatewayServlet] in web application [/Lesson] threw load() exception
	javax.persistence.PersistenceException: No Persistence provider for EntityManager named murachPU
		at javax.persistence.Persistence.createEntityManagerFactory(Persistence.java:85)
		at javax.persistence.Persistence.createEntityManagerFactory(Persistence.java:54)
		at murach.sql.SqlGatewayServlet.init(SqlGatewayServlet.java:14)
		at javax.servlet.GenericServlet.init(GenericServlet.java:143)
		at org.apache.catalina.core.StandardWrapper.initServlet(StandardWrapper.java:989)
		at org.apache.catalina.core.StandardWrapper.loadServlet(StandardWrapper.java:946)
		at org.apache.catalina.core.StandardWrapper.load(StandardWrapper.java:843)
		at org.apache.catalina.core.StandardContext.loadOnStartup(StandardContext.java:4234)
		at org.apache.catalina.core.StandardContext.startInternal(StandardContext.java:4535)
		at org.apache.catalina.util.LifecycleBase.start(LifecycleBase.java:164)
		at org.apache.catalina.core.ContainerBase.addChildInternal(ContainerBase.java:599)
		at org.apache.catalina.core.ContainerBase.addChild(ContainerBase.java:571)
		at org.apache.catalina.core.StandardHost.addChild(StandardHost.java:603)
		at org.apache.catalina.startup.HostConfig.deployWAR(HostConfig.java:1013)
		at org.apache.catalina.startup.HostConfig$DeployWar.run(HostConfig.java:1861)
		at java.base/java.util.concurrent.Executors$RunnableAdapter.call(Executors.java:539)
		at java.base/java.util.concurrent.FutureTask.run(FutureTask.java:264)
		at org.apache.tomcat.util.threads.InlineExecutorService.execute(InlineExecutorService.java:76)
		at java.base/java.util.concurrent.AbstractExecutorService.submit(AbstractExecutorService.java:123)
		at org.apache.catalina.startup.HostConfig.deployWARs(HostConfig.java:817)
		at org.apache.catalina.startup.HostConfig.deployApps(HostConfig.java:468)
		at org.apache.catalina.startup.HostConfig.start(HostConfig.java:1579)
		at org.apache.catalina.startup.HostConfig.lifecycleEvent(HostConfig.java:312)
		at org.apache.catalina.util.LifecycleBase.fireLifecycleEvent(LifecycleBase.java:109)
		at org.apache.catalina.util.LifecycleBase.setStateInternal(LifecycleBase.java:389)
		at org.apache.catalina.util.LifecycleBase.setState(LifecycleBase.java:336)
		at org.apache.catalina.core.ContainerBase.startInternal(ContainerBase.java:776)
		at org.apache.catalina.core.StandardHost.startInternal(StandardHost.java:721)
		at org.apache.catalina.util.LifecycleBase.start(LifecycleBase.java:164)
		at org.apache.catalina.core.ContainerBase$StartChild.call(ContainerBase.java:1203)
		at org.apache.catalina.core.ContainerBase$StartChild.call(ContainerBase.java:1193)
		at java.base/java.util.concurrent.FutureTask.run(FutureTask.java:264)
		at org.apache.tomcat.util.threads.InlineExecutorService.execute(InlineExecutorService.java:76)
		at java.base/java.util.concurrent.AbstractExecutorService.submit(AbstractExecutorService.java:145)
		at org.apache.catalina.core.ContainerBase.startInternal(ContainerBase.java:749)
		at org.apache.catalina.core.StandardEngine.startInternal(StandardEngine.java:211)
		at org.apache.catalina.util.LifecycleBase.start(LifecycleBase.java:164)
		at org.apache.catalina.core.StandardService.startInternal(StandardService.java:412)
		at org.apache.catalina.util.LifecycleBase.start(LifecycleBase.java:164)
		at org.apache.catalina.core.StandardServer.startInternal(StandardServer.java:874)
		at org.apache.catalina.util.LifecycleBase.start(LifecycleBase.java:164)
		at org.apache.catalina.startup.Catalina.start(Catalina.java:739)
		at java.base/jdk.internal.reflect.NativeMethodAccessorImpl.invoke0(Native Method)
		at java.base/jdk.internal.reflect.NativeMethodAccessorImpl.invoke(NativeMethodAccessorImpl.java:77)
		at java.base/jdk.internal.reflect.DelegatingMethodAccessorImpl.invoke(DelegatingMethodAccessorImpl.java:43)
		at java.base/java.lang.reflect.Method.invoke(Method.java:569)
		at org.apache.catalina.startup.Bootstrap.start(Bootstrap.java:345)
		at org.apache.catalina.startup.Bootstrap.main(Bootstrap.java:476)
05-Oct-2025 18:12:09.239 INFO [main] org.apache.catalina.core.ApplicationContext.log ContextListener: contextInitialized()
05-Oct-2025 18:12:09.239 INFO [main] org.apache.catalina.core.ApplicationContext.log SessionListener: contextInitialized()
05-Oct-2025 18:12:09.240 INFO [main] org.apache.catalina.core.ApplicationContext.log ContextListener: attributeAdded('StockTicker', 'async.Stockticker@73a49597')
05-Oct-2025 18:42:44.655 INFO [main] org.apache.catalina.core.ApplicationContext.log SessionListener: contextDestroyed()
05-Oct-2025 18:42:44.655 INFO [main] org.apache.catalina.core.ApplicationContext.log ContextListener: contextDestroyed()
05-Oct-2025 18:43:36.104 SEVERE [main] org.apache.catalina.core.ApplicationContext.log Servlet.init() for servlet [SqlGatewayServlet] threw exception
	javax.persistence.PersistenceException: No Persistence provider for EntityManager named murachPU
		at javax.persistence.Persistence.createEntityManagerFactory(Persistence.java:85)
		at javax.persistence.Persistence.createEntityManagerFactory(Persistence.java:54)
		at murach.sql.SqlGatewayServlet.init(SqlGatewayServlet.java:16)
		at javax.servlet.GenericServlet.init(GenericServlet.java:143)
		at org.apache.catalina.core.StandardWrapper.initServlet(StandardWrapper.java:989)
		at org.apache.catalina.core.StandardWrapper.loadServlet(StandardWrapper.java:946)
		at org.apache.catalina.core.StandardWrapper.load(StandardWrapper.java:843)
		at org.apache.catalina.core.StandardContext.loadOnStartup(StandardContext.java:4234)
		at org.apache.catalina.core.StandardContext.startInternal(StandardContext.java:4535)
		at org.apache.catalina.util.LifecycleBase.start(LifecycleBase.java:164)
		at org.apache.catalina.core.ContainerBase.addChildInternal(ContainerBase.java:599)
		at org.apache.catalina.core.ContainerBase.addChild(ContainerBase.java:571)
		at org.apache.catalina.core.StandardHost.addChild(StandardHost.java:603)
		at org.apache.catalina.startup.HostConfig.deployWAR(HostConfig.java:1013)
		at org.apache.catalina.startup.HostConfig$DeployWar.run(HostConfig.java:1861)
		at java.base/java.util.concurrent.Executors$RunnableAdapter.call(Executors.java:539)
		at java.base/java.util.concurrent.FutureTask.run(FutureTask.java:264)
		at org.apache.tomcat.util.threads.InlineExecutorService.execute(InlineExecutorService.java:76)
		at java.base/java.util.concurrent.AbstractExecutorService.submit(AbstractExecutorService.java:123)
		at org.apache.catalina.startup.HostConfig.deployWARs(HostConfig.java:817)
		at org.apache.catalina.startup.HostConfig.deployApps(HostConfig.java:468)
		at org.apache.catalina.startup.HostConfig.start(HostConfig.java:1579)
		at org.apache.catalina.startup.HostConfig.lifecycleEvent(HostConfig.java:312)
		at org.apache.catalina.util.LifecycleBase.fireLifecycleEvent(LifecycleBase.java:109)
		at org.apache.catalina.util.LifecycleBase.setStateInternal(LifecycleBase.java:389)
		at org.apache.catalina.util.LifecycleBase.setState(LifecycleBase.java:336)
		at org.apache.catalina.core.ContainerBase.startInternal(ContainerBase.java:776)
		at org.apache.catalina.core.StandardHost.startInternal(StandardHost.java:721)
		at org.apache.catalina.util.LifecycleBase.start(LifecycleBase.java:164)
		at org.apache.catalina.core.ContainerBase$StartChild.call(ContainerBase.java:1203)
		at org.apache.catalina.core.ContainerBase$StartChild.call(ContainerBase.java:1193)
		at java.base/java.util.concurrent.FutureTask.run(FutureTask.java:264)
		at org.apache.tomcat.util.threads.InlineExecutorService.execute(InlineExecutorService.java:76)
		at java.base/java.util.concurrent.AbstractExecutorService.submit(AbstractExecutorService.java:145)
		at org.apache.catalina.core.ContainerBase.startInternal(ContainerBase.java:749)
		at org.apache.catalina.core.StandardEngine.startInternal(StandardEngine.java:211)
		at org.apache.catalina.util.LifecycleBase.start(LifecycleBase.java:164)
		at org.apache.catalina.core.StandardService.startInternal(StandardService.java:412)
		at org.apache.catalina.util.LifecycleBase.start(LifecycleBase.java:164)
		at org.apache.catalina.core.StandardServer.startInternal(StandardServer.java:874)
		at org.apache.catalina.util.LifecycleBase.start(LifecycleBase.java:164)
		at org.apache.catalina.startup.Catalina.start(Catalina.java:739)
		at java.base/jdk.internal.reflect.NativeMethodAccessorImpl.invoke0(Native Method)
		at java.base/jdk.internal.reflect.NativeMethodAccessorImpl.invoke(NativeMethodAccessorImpl.java:77)
		at java.base/jdk.internal.reflect.DelegatingMethodAccessorImpl.invoke(DelegatingMethodAccessorImpl.java:43)
		at java.base/java.lang.reflect.Method.invoke(Method.java:569)
		at org.apache.catalina.startup.Bootstrap.start(Bootstrap.java:345)
		at org.apache.catalina.startup.Bootstrap.main(Bootstrap.java:476)
05-Oct-2025 18:43:36.104 SEVERE [main] org.apache.catalina.core.StandardContext.loadOnStartup Servlet [SqlGatewayServlet] in web application [/Lesson] threw load() exception
	javax.persistence.PersistenceException: No Persistence provider for EntityManager named murachPU
		at javax.persistence.Persistence.createEntityManagerFactory(Persistence.java:85)
		at javax.persistence.Persistence.createEntityManagerFactory(Persistence.java:54)
		at murach.sql.SqlGatewayServlet.init(SqlGatewayServlet.java:16)
		at javax.servlet.GenericServlet.init(GenericServlet.java:143)
		at org.apache.catalina.core.StandardWrapper.initServlet(StandardWrapper.java:989)
		at org.apache.catalina.core.StandardWrapper.loadServlet(StandardWrapper.java:946)
		at org.apache.catalina.core.StandardWrapper.load(StandardWrapper.java:843)
		at org.apache.catalina.core.StandardContext.loadOnStartup(StandardContext.java:4234)
		at org.apache.catalina.core.StandardContext.startInternal(StandardContext.java:4535)
		at org.apache.catalina.util.LifecycleBase.start(LifecycleBase.java:164)
		at org.apache.catalina.core.ContainerBase.addChildInternal(ContainerBase.java:599)
		at org.apache.catalina.core.ContainerBase.addChild(ContainerBase.java:571)
		at org.apache.catalina.core.StandardHost.addChild(StandardHost.java:603)
		at org.apache.catalina.startup.HostConfig.deployWAR(HostConfig.java:1013)
		at org.apache.catalina.startup.HostConfig$DeployWar.run(HostConfig.java:1861)
		at java.base/java.util.concurrent.Executors$RunnableAdapter.call(Executors.java:539)
		at java.base/java.util.concurrent.FutureTask.run(FutureTask.java:264)
		at org.apache.tomcat.util.threads.InlineExecutorService.execute(InlineExecutorService.java:76)
		at java.base/java.util.concurrent.AbstractExecutorService.submit(AbstractExecutorService.java:123)
		at org.apache.catalina.startup.HostConfig.deployWARs(HostConfig.java:817)
		at org.apache.catalina.startup.HostConfig.deployApps(HostConfig.java:468)
		at org.apache.catalina.startup.HostConfig.start(HostConfig.java:1579)
		at org.apache.catalina.startup.HostConfig.lifecycleEvent(HostConfig.java:312)
		at org.apache.catalina.util.LifecycleBase.fireLifecycleEvent(LifecycleBase.java:109)
		at org.apache.catalina.util.LifecycleBase.setStateInternal(LifecycleBase.java:389)
		at org.apache.catalina.util.LifecycleBase.setState(LifecycleBase.java:336)
		at org.apache.catalina.core.ContainerBase.startInternal(ContainerBase.java:776)
		at org.apache.catalina.core.StandardHost.startInternal(StandardHost.java:721)
		at org.apache.catalina.util.LifecycleBase.start(LifecycleBase.java:164)
		at org.apache.catalina.core.ContainerBase$StartChild.call(ContainerBase.java:1203)
		at org.apache.catalina.core.ContainerBase$StartChild.call(ContainerBase.java:1193)
		at java.base/java.util.concurrent.FutureTask.run(FutureTask.java:264)
		at org.apache.tomcat.util.threads.InlineExecutorService.execute(InlineExecutorService.java:76)
		at java.base/java.util.concurrent.AbstractExecutorService.submit(AbstractExecutorService.java:145)
		at org.apache.catalina.core.ContainerBase.startInternal(ContainerBase.java:749)
		at org.apache.catalina.core.StandardEngine.startInternal(StandardEngine.java:211)
		at org.apache.catalina.util.LifecycleBase.start(LifecycleBase.java:164)
		at org.apache.catalina.core.StandardService.startInternal(StandardService.java:412)
		at org.apache.catalina.util.LifecycleBase.start(LifecycleBase.java:164)
		at org.apache.catalina.core.StandardServer.startInternal(StandardServer.java:874)
		at org.apache.catalina.util.LifecycleBase.start(LifecycleBase.java:164)
		at org.apache.catalina.startup.Catalina.start(Catalina.java:739)
		at java.base/jdk.internal.reflect.NativeMethodAccessorImpl.invoke0(Native Method)
		at java.base/jdk.internal.reflect.NativeMethodAccessorImpl.invoke(NativeMethodAccessorImpl.java:77)
		at java.base/jdk.internal.reflect.DelegatingMethodAccessorImpl.invoke(DelegatingMethodAccessorImpl.java:43)
		at java.base/java.lang.reflect.Method.invoke(Method.java:569)
		at org.apache.catalina.startup.Bootstrap.start(Bootstrap.java:345)
		at org.apache.catalina.startup.Bootstrap.main(Bootstrap.java:476)
05-Oct-2025 18:43:36.217 INFO [main] org.apache.catalina.core.ApplicationContext.log ContextListener: contextInitialized()
05-Oct-2025 18:43:36.217 INFO [main] org.apache.catalina.core.ApplicationContext.log SessionListener: contextInitialized()
05-Oct-2025 18:43:36.217 INFO [main] org.apache.catalina.core.ApplicationContext.log ContextListener: attributeAdded('StockTicker', 'async.Stockticker@92fd091')
05-Oct-2025 18:43:38.314 SEVERE [http-nio-8080-exec-1] org.apache.catalina.core.ApplicationContext.log Servlet.init() for servlet [murach.sql.SqlGatewayServlet] threw exception
	javax.persistence.PersistenceException: No Persistence provider for EntityManager named murachPU
		at javax.persistence.Persistence.createEntityManagerFactory(Persistence.java:85)
		at javax.persistence.Persistence.createEntityManagerFactory(Persistence.java:54)
		at murach.sql.SqlGatewayServlet.init(SqlGatewayServlet.java:16)
		at javax.servlet.GenericServlet.init(GenericServlet.java:143)
		at org.apache.catalina.core.StandardWrapper.initServlet(StandardWrapper.java:989)
		at org.apache.catalina.core.StandardWrapper.loadServlet(StandardWrapper.java:946)
		at org.apache.catalina.core.StandardWrapper.allocate(StandardWrapper.java:664)
		at org.apache.catalina.core.StandardWrapperValve.invoke(StandardWrapperValve.java:116)
		at org.apache.catalina.core.StandardContextValve.invoke(StandardContextValve.java:90)
		at org.apache.catalina.authenticator.AuthenticatorBase.invoke(AuthenticatorBase.java:482)
		at org.apache.catalina.core.StandardHostValve.invoke(StandardHostValve.java:130)
		at org.apache.catalina.valves.ErrorReportValve.invoke(ErrorReportValve.java:93)
		at org.apache.catalina.valves.AbstractAccessLogValve.invoke(AbstractAccessLogValve.java:656)
		at org.apache.catalina.core.StandardEngineValve.invoke(StandardEngineValve.java:74)
		at org.apache.catalina.connector.CoyoteAdapter.service(CoyoteAdapter.java:346)
		at org.apache.coyote.http11.Http11Processor.service(Http11Processor.java:397)
		at org.apache.coyote.AbstractProcessorLight.process(AbstractProcessorLight.java:63)
		at org.apache.coyote.AbstractProtocol$ConnectionHandler.process(AbstractProtocol.java:935)
		at org.apache.tomcat.util.net.NioEndpoint$SocketProcessor.doRun(NioEndpoint.java:1826)
		at org.apache.tomcat.util.net.SocketProcessorBase.run(SocketProcessorBase.java:52)
		at org.apache.tomcat.util.threads.ThreadPoolExecutor.runWorker(ThreadPoolExecutor.java:1189)
		at org.apache.tomcat.util.threads.ThreadPoolExecutor$Worker.run(ThreadPoolExecutor.java:658)
		at org.apache.tomcat.util.threads.TaskThread$WrappingRunnable.run(TaskThread.java:63)
		at java.base/java.lang.Thread.run(Thread.java:840)
05-Oct-2025 18:43:38.315 SEVERE [http-nio-8080-exec-1] org.apache.catalina.core.StandardWrapperValve.invoke Allocate exception for servlet [murach.sql.SqlGatewayServlet]
	javax.persistence.PersistenceException: No Persistence provider for EntityManager named murachPU
		at javax.persistence.Persistence.createEntityManagerFactory(Persistence.java:85)
		at javax.persistence.Persistence.createEntityManagerFactory(Persistence.java:54)
		at murach.sql.SqlGatewayServlet.init(SqlGatewayServlet.java:16)
		at javax.servlet.GenericServlet.init(GenericServlet.java:143)
		at org.apache.catalina.core.StandardWrapper.initServlet(StandardWrapper.java:989)
		at org.apache.catalina.core.StandardWrapper.loadServlet(StandardWrapper.java:946)
		at org.apache.catalina.core.StandardWrapper.allocate(StandardWrapper.java:664)
		at org.apache.catalina.core.StandardWrapperValve.invoke(StandardWrapperValve.java:116)
		at org.apache.catalina.core.StandardContextValve.invoke(StandardContextValve.java:90)
		at org.apache.catalina.authenticator.AuthenticatorBase.invoke(AuthenticatorBase.java:482)
		at org.apache.catalina.core.StandardHostValve.invoke(StandardHostValve.java:130)
		at org.apache.catalina.valves.ErrorReportValve.invoke(ErrorReportValve.java:93)
		at org.apache.catalina.valves.AbstractAccessLogValve.invoke(AbstractAccessLogValve.java:656)
		at org.apache.catalina.core.StandardEngineValve.invoke(StandardEngineValve.java:74)
		at org.apache.catalina.connector.CoyoteAdapter.service(CoyoteAdapter.java:346)
		at org.apache.coyote.http11.Http11Processor.service(Http11Processor.java:397)
		at org.apache.coyote.AbstractProcessorLight.process(AbstractProcessorLight.java:63)
		at org.apache.coyote.AbstractProtocol$ConnectionHandler.process(AbstractProtocol.java:935)
		at org.apache.tomcat.util.net.NioEndpoint$SocketProcessor.doRun(NioEndpoint.java:1826)
		at org.apache.tomcat.util.net.SocketProcessorBase.run(SocketProcessorBase.java:52)
		at org.apache.tomcat.util.threads.ThreadPoolExecutor.runWorker(ThreadPoolExecutor.java:1189)
		at org.apache.tomcat.util.threads.ThreadPoolExecutor$Worker.run(ThreadPoolExecutor.java:658)
		at org.apache.tomcat.util.threads.TaskThread$WrappingRunnable.run(TaskThread.java:63)
		at java.base/java.lang.Thread.run(Thread.java:840)
05-Oct-2025 18:43:53.309 SEVERE [http-nio-8080-exec-6] org.apache.catalina.core.ApplicationContext.log Servlet.init() for servlet [murach.sql.SqlGatewayServlet] threw exception
	javax.persistence.PersistenceException: No Persistence provider for EntityManager named murachPU
		at javax.persistence.Persistence.createEntityManagerFactory(Persistence.java:85)
		at javax.persistence.Persistence.createEntityManagerFactory(Persistence.java:54)
		at murach.sql.SqlGatewayServlet.init(SqlGatewayServlet.java:16)
		at javax.servlet.GenericServlet.init(GenericServlet.java:143)
		at org.apache.catalina.core.StandardWrapper.initServlet(StandardWrapper.java:989)
		at org.apache.catalina.core.StandardWrapper.loadServlet(StandardWrapper.java:946)
		at org.apache.catalina.core.StandardWrapper.allocate(StandardWrapper.java:664)
		at org.apache.catalina.core.StandardWrapperValve.invoke(StandardWrapperValve.java:116)
		at org.apache.catalina.core.StandardContextValve.invoke(StandardContextValve.java:90)
		at org.apache.catalina.authenticator.AuthenticatorBase.invoke(AuthenticatorBase.java:482)
		at org.apache.catalina.core.StandardHostValve.invoke(StandardHostValve.java:130)
		at org.apache.catalina.valves.ErrorReportValve.invoke(ErrorReportValve.java:93)
		at org.apache.catalina.valves.AbstractAccessLogValve.invoke(AbstractAccessLogValve.java:656)
		at org.apache.catalina.core.StandardEngineValve.invoke(StandardEngineValve.java:74)
		at org.apache.catalina.connector.CoyoteAdapter.service(CoyoteAdapter.java:346)
		at org.apache.coyote.http11.Http11Processor.service(Http11Processor.java:397)
		at org.apache.coyote.AbstractProcessorLight.process(AbstractProcessorLight.java:63)
		at org.apache.coyote.AbstractProtocol$ConnectionHandler.process(AbstractProtocol.java:935)
		at org.apache.tomcat.util.net.NioEndpoint$SocketProcessor.doRun(NioEndpoint.java:1826)
		at org.apache.tomcat.util.net.SocketProcessorBase.run(SocketProcessorBase.java:52)
		at org.apache.tomcat.util.threads.ThreadPoolExecutor.runWorker(ThreadPoolExecutor.java:1189)
		at org.apache.tomcat.util.threads.ThreadPoolExecutor$Worker.run(ThreadPoolExecutor.java:658)
		at org.apache.tomcat.util.threads.TaskThread$WrappingRunnable.run(TaskThread.java:63)
		at java.base/java.lang.Thread.run(Thread.java:840)
05-Oct-2025 18:43:53.309 SEVERE [http-nio-8080-exec-6] org.apache.catalina.core.StandardWrapperValve.invoke Allocate exception for servlet [murach.sql.SqlGatewayServlet]
	javax.persistence.PersistenceException: No Persistence provider for EntityManager named murachPU
		at javax.persistence.Persistence.createEntityManagerFactory(Persistence.java:85)
		at javax.persistence.Persistence.createEntityManagerFactory(Persistence.java:54)
		at murach.sql.SqlGatewayServlet.init(SqlGatewayServlet.java:16)
		at javax.servlet.GenericServlet.init(GenericServlet.java:143)
		at org.apache.catalina.core.StandardWrapper.initServlet(StandardWrapper.java:989)
		at org.apache.catalina.core.StandardWrapper.loadServlet(StandardWrapper.java:946)
		at org.apache.catalina.core.StandardWrapper.allocate(StandardWrapper.java:664)
		at org.apache.catalina.core.StandardWrapperValve.invoke(StandardWrapperValve.java:116)
		at org.apache.catalina.core.StandardContextValve.invoke(StandardContextValve.java:90)
		at org.apache.catalina.authenticator.AuthenticatorBase.invoke(AuthenticatorBase.java:482)
		at org.apache.catalina.core.StandardHostValve.invoke(StandardHostValve.java:130)
		at org.apache.catalina.valves.ErrorReportValve.invoke(ErrorReportValve.java:93)
		at org.apache.catalina.valves.AbstractAccessLogValve.invoke(AbstractAccessLogValve.java:656)
		at org.apache.catalina.core.StandardEngineValve.invoke(StandardEngineValve.java:74)
		at org.apache.catalina.connector.CoyoteAdapter.service(CoyoteAdapter.java:346)
		at org.apache.coyote.http11.Http11Processor.service(Http11Processor.java:397)
		at org.apache.coyote.AbstractProcessorLight.process(AbstractProcessorLight.java:63)
		at org.apache.coyote.AbstractProtocol$ConnectionHandler.process(AbstractProtocol.java:935)
		at org.apache.tomcat.util.net.NioEndpoint$SocketProcessor.doRun(NioEndpoint.java:1826)
		at org.apache.tomcat.util.net.SocketProcessorBase.run(SocketProcessorBase.java:52)
		at org.apache.tomcat.util.threads.ThreadPoolExecutor.runWorker(ThreadPoolExecutor.java:1189)
		at org.apache.tomcat.util.threads.ThreadPoolExecutor$Worker.run(ThreadPoolExecutor.java:658)
		at org.apache.tomcat.util.threads.TaskThread$WrappingRunnable.run(TaskThread.java:63)
		at java.base/java.lang.Thread.run(Thread.java:840)
05-Oct-2025 18:47:24.533 INFO [main] org.apache.catalina.core.ApplicationContext.log SessionListener: contextDestroyed()
05-Oct-2025 18:47:24.533 INFO [main] org.apache.catalina.core.ApplicationContext.log ContextListener: contextDestroyed()
05-Oct-2025 18:48:54.358 SEVERE [main] org.apache.catalina.core.ApplicationContext.log Servlet.init() for servlet [SqlGatewayServlet] threw exception
	org.hibernate.service.spi.ServiceException: Unable to create requested service [org.hibernate.engine.jdbc.env.spi.JdbcEnvironment]
		at org.hibernate.service.internal.AbstractServiceRegistryImpl.createService(AbstractServiceRegistryImpl.java:284)
		at org.hibernate.service.internal.AbstractServiceRegistryImpl.initializeService(AbstractServiceRegistryImpl.java:246)
		at org.hibernate.service.internal.AbstractServiceRegistryImpl.getService(AbstractServiceRegistryImpl.java:223)
		at org.hibernate.id.factory.internal.DefaultIdentifierGeneratorFactory.injectServices(DefaultIdentifierGeneratorFactory.java:175)
		at org.hibernate.service.internal.AbstractServiceRegistryImpl.injectDependencies(AbstractServiceRegistryImpl.java:295)
		at org.hibernate.service.internal.AbstractServiceRegistryImpl.initializeService(AbstractServiceRegistryImpl.java:252)
		at org.hibernate.service.internal.AbstractServiceRegistryImpl.getService(AbstractServiceRegistryImpl.java:223)
		at org.hibernate.boot.internal.InFlightMetadataCollectorImpl.<init>(InFlightMetadataCollectorImpl.java:173)
		at org.hibernate.boot.model.process.spi.MetadataBuildingProcess.complete(MetadataBuildingProcess.java:127)
		at org.hibernate.jpa.boot.internal.EntityManagerFactoryBuilderImpl.metadata(EntityManagerFactoryBuilderImpl.java:1460)
		at org.hibernate.jpa.boot.internal.EntityManagerFactoryBuilderImpl.build(EntityManagerFactoryBuilderImpl.java:1494)
		at org.hibernate.jpa.HibernatePersistenceProvider.createEntityManagerFactory(HibernatePersistenceProvider.java:56)
		at javax.persistence.Persistence.createEntityManagerFactory(Persistence.java:79)
		at javax.persistence.Persistence.createEntityManagerFactory(Persistence.java:54)
		at murach.sql.SqlGatewayServlet.init(SqlGatewayServlet.java:16)
		at javax.servlet.GenericServlet.init(GenericServlet.java:143)
		at org.apache.catalina.core.StandardWrapper.initServlet(StandardWrapper.java:989)
		at org.apache.catalina.core.StandardWrapper.loadServlet(StandardWrapper.java:946)
		at org.apache.catalina.core.StandardWrapper.load(StandardWrapper.java:843)
		at org.apache.catalina.core.StandardContext.loadOnStartup(StandardContext.java:4234)
		at org.apache.catalina.core.StandardContext.startInternal(StandardContext.java:4535)
		at org.apache.catalina.util.LifecycleBase.start(LifecycleBase.java:164)
		at org.apache.catalina.core.ContainerBase.addChildInternal(ContainerBase.java:599)
		at org.apache.catalina.core.ContainerBase.addChild(ContainerBase.java:571)
		at org.apache.catalina.core.StandardHost.addChild(StandardHost.java:603)
		at org.apache.catalina.startup.HostConfig.deployWAR(HostConfig.java:1013)
		at org.apache.catalina.startup.HostConfig$DeployWar.run(HostConfig.java:1861)
		at java.base/java.util.concurrent.Executors$RunnableAdapter.call(Executors.java:539)
		at java.base/java.util.concurrent.FutureTask.run(FutureTask.java:264)
		at org.apache.tomcat.util.threads.InlineExecutorService.execute(InlineExecutorService.java:76)
		at java.base/java.util.concurrent.AbstractExecutorService.submit(AbstractExecutorService.java:123)
		at org.apache.catalina.startup.HostConfig.deployWARs(HostConfig.java:817)
		at org.apache.catalina.startup.HostConfig.deployApps(HostConfig.java:468)
		at org.apache.catalina.startup.HostConfig.start(HostConfig.java:1579)
		at org.apache.catalina.startup.HostConfig.lifecycleEvent(HostConfig.java:312)
		at org.apache.catalina.util.LifecycleBase.fireLifecycleEvent(LifecycleBase.java:109)
		at org.apache.catalina.util.LifecycleBase.setStateInternal(LifecycleBase.java:389)
		at org.apache.catalina.util.LifecycleBase.setState(LifecycleBase.java:336)
		at org.apache.catalina.core.ContainerBase.startInternal(ContainerBase.java:776)
		at org.apache.catalina.core.StandardHost.startInternal(StandardHost.java:721)
		at org.apache.catalina.util.LifecycleBase.start(LifecycleBase.java:164)
		at org.apache.catalina.core.ContainerBase$StartChild.call(ContainerBase.java:1203)
		at org.apache.catalina.core.ContainerBase$StartChild.call(ContainerBase.java:1193)
		at java.base/java.util.concurrent.FutureTask.run(FutureTask.java:264)
		at org.apache.tomcat.util.threads.InlineExecutorService.execute(InlineExecutorService.java:76)
		at java.base/java.util.concurrent.AbstractExecutorService.submit(AbstractExecutorService.java:145)
		at org.apache.catalina.core.ContainerBase.startInternal(ContainerBase.java:749)
		at org.apache.catalina.core.StandardEngine.startInternal(StandardEngine.java:211)
		at org.apache.catalina.util.LifecycleBase.start(LifecycleBase.java:164)
		at org.apache.catalina.core.StandardService.startInternal(StandardService.java:412)
		at org.apache.catalina.util.LifecycleBase.start(LifecycleBase.java:164)
		at org.apache.catalina.core.StandardServer.startInternal(StandardServer.java:874)
		at org.apache.catalina.util.LifecycleBase.start(LifecycleBase.java:164)
		at org.apache.catalina.startup.Catalina.start(Catalina.java:739)
		at java.base/jdk.internal.reflect.NativeMethodAccessorImpl.invoke0(Native Method)
		at java.base/jdk.internal.reflect.NativeMethodAccessorImpl.invoke(NativeMethodAccessorImpl.java:77)
		at java.base/jdk.internal.reflect.DelegatingMethodAccessorImpl.invoke(DelegatingMethodAccessorImpl.java:43)
		at java.base/java.lang.reflect.Method.invoke(Method.java:569)
		at org.apache.catalina.startup.Bootstrap.start(Bootstrap.java:345)
		at org.apache.catalina.startup.Bootstrap.main(Bootstrap.java:476)
	Caused by: org.hibernate.exception.JDBCConnectionException: Error calling Driver#connect
		at org.hibernate.exception.internal.SQLStateConversionDelegate.convert(SQLStateConversionDelegate.java:112)
		at org.hibernate.exception.internal.StandardSQLExceptionConverter.convert(StandardSQLExceptionConverter.java:37)
		at org.hibernate.engine.jdbc.spi.SqlExceptionHelper.convert(SqlExceptionHelper.java:113)
		at org.hibernate.engine.jdbc.connections.internal.BasicConnectionCreator.convertSqlException(BasicConnectionCreator.java:131)
		at org.hibernate.engine.jdbc.connections.internal.DriverConnectionCreator.makeConnection(DriverConnectionCreator.java:42)
		at org.hibernate.engine.jdbc.connections.internal.BasicConnectionCreator.createConnection(BasicConnectionCreator.java:62)
		at org.hibernate.engine.jdbc.connections.internal.DriverManagerConnectionProviderImpl$PooledConnections.addConnections(DriverManagerConnectionProviderImpl.java:457)
		at org.hibernate.engine.jdbc.connections.internal.DriverManagerConnectionProviderImpl$PooledConnections.<init>(DriverManagerConnectionProviderImpl.java:323)
		at org.hibernate.engine.jdbc.connections.internal.DriverManagerConnectionProviderImpl$PooledConnections.<init>(DriverManagerConnectionProviderImpl.java:297)
		at org.hibernate.engine.jdbc.connections.internal.DriverManagerConnectionProviderImpl$PooledConnections$Builder.build(DriverManagerConnectionProviderImpl.java:501)
		at org.hibernate.engine.jdbc.connections.internal.DriverManagerConnectionProviderImpl.buildPool(DriverManagerConnectionProviderImpl.java:101)
		at org.hibernate.engine.jdbc.connections.internal.DriverManagerConnectionProviderImpl.configure(DriverManagerConnectionProviderImpl.java:76)
		at org.hibernate.boot.registry.internal.StandardServiceRegistryImpl.configureService(StandardServiceRegistryImpl.java:107)
		at org.hibernate.service.internal.AbstractServiceRegistryImpl.initializeService(AbstractServiceRegistryImpl.java:255)
		at org.hibernate.service.internal.AbstractServiceRegistryImpl.getService(AbstractServiceRegistryImpl.java:223)
		at org.hibernate.engine.jdbc.env.internal.JdbcEnvironmentInitiator.buildJdbcConnectionAccess(JdbcEnvironmentInitiator.java:146)
		at org.hibernate.engine.jdbc.env.internal.JdbcEnvironmentInitiator.initiateService(JdbcEnvironmentInitiator.java:66)
		at org.hibernate.engine.jdbc.env.internal.JdbcEnvironmentInitiator.initiateService(JdbcEnvironmentInitiator.java:35)
		at org.hibernate.boot.registry.internal.StandardServiceRegistryImpl.initiateService(StandardServiceRegistryImpl.java:101)
		at org.hibernate.service.internal.AbstractServiceRegistryImpl.createService(AbstractServiceRegistryImpl.java:272)
		... 59 more
	Caused by: com.mysql.cj.jdbc.exceptions.CommunicationsException: Communications link failure

The last packet sent successfully to the server was 0 milliseconds ago. The driver has not received any packets from the server.
		at com.mysql.cj.jdbc.exceptions.SQLError.createCommunicationsException(SQLError.java:175)
		at com.mysql.cj.jdbc.exceptions.SQLExceptionsMapping.translateException(SQLExceptionsMapping.java:64)
		at com.mysql.cj.jdbc.ConnectionImpl.createNewIO(ConnectionImpl.java:825)
		at com.mysql.cj.jdbc.ConnectionImpl.<init>(ConnectionImpl.java:446)
		at com.mysql.cj.jdbc.ConnectionImpl.getInstance(ConnectionImpl.java:239)
		at com.mysql.cj.jdbc.NonRegisteringDriver.connect(NonRegisteringDriver.java:188)
		at org.hibernate.engine.jdbc.connections.internal.DriverConnectionCreator.makeConnection(DriverConnectionCreator.java:39)
		... 74 more
	Caused by: com.mysql.cj.exceptions.CJCommunicationsException: Communications link failure

The last packet sent successfully to the server was 0 milliseconds ago. The driver has not received any packets from the server.
		at java.base/jdk.internal.reflect.NativeConstructorAccessorImpl.newInstance0(Native Method)
		at java.base/jdk.internal.reflect.NativeConstructorAccessorImpl.newInstance(NativeConstructorAccessorImpl.java:77)
		at java.base/jdk.internal.reflect.DelegatingConstructorAccessorImpl.newInstance(DelegatingConstructorAccessorImpl.java:45)
		at java.base/java.lang.reflect.Constructor.newInstanceWithCaller(Constructor.java:500)
		at java.base/java.lang.reflect.Constructor.newInstance(Constructor.java:481)
		at com.mysql.cj.exceptions.ExceptionFactory.createException(ExceptionFactory.java:62)
		at com.mysql.cj.exceptions.ExceptionFactory.createException(ExceptionFactory.java:105)
		at com.mysql.cj.exceptions.ExceptionFactory.createException(ExceptionFactory.java:150)
		at com.mysql.cj.exceptions.ExceptionFactory.createCommunicationsException(ExceptionFactory.java:166)
		at com.mysql.cj.protocol.a.NativeSocketConnection.connect(NativeSocketConnection.java:89)
		at com.mysql.cj.NativeSession.connect(NativeSession.java:121)
		at com.mysql.cj.jdbc.ConnectionImpl.connectOneTryOnly(ConnectionImpl.java:945)
		at com.mysql.cj.jdbc.ConnectionImpl.createNewIO(ConnectionImpl.java:815)
		... 78 more
	Caused by: java.net.ConnectException: Operation timed out
		at java.base/sun.nio.ch.Net.connect0(Native Method)
		at java.base/sun.nio.ch.Net.connect(Net.java:579)
		at java.base/sun.nio.ch.Net.connect(Net.java:568)
		at java.base/sun.nio.ch.NioSocketImpl.connect(NioSocketImpl.java:593)
		at java.base/java.net.SocksSocketImpl.connect(SocksSocketImpl.java:327)
		at java.base/java.net.Socket.connect(Socket.java:633)
		at com.mysql.cj.protocol.StandardSocketFactory.connect(StandardSocketFactory.java:153)
		at com.mysql.cj.protocol.a.NativeSocketConnection.connect(NativeSocketConnection.java:63)
		... 81 more
05-Oct-2025 18:48:54.358 SEVERE [main] org.apache.catalina.core.StandardContext.loadOnStartup Servlet [SqlGatewayServlet] in web application [/Lesson] threw load() exception
	java.net.ConnectException: Operation timed out
		at java.base/sun.nio.ch.Net.connect0(Native Method)
		at java.base/sun.nio.ch.Net.connect(Net.java:579)
		at java.base/sun.nio.ch.Net.connect(Net.java:568)
		at java.base/sun.nio.ch.NioSocketImpl.connect(NioSocketImpl.java:593)
		at java.base/java.net.SocksSocketImpl.connect(SocksSocketImpl.java:327)
		at java.base/java.net.Socket.connect(Socket.java:633)
		at com.mysql.cj.protocol.StandardSocketFactory.connect(StandardSocketFactory.java:153)
		at com.mysql.cj.protocol.a.NativeSocketConnection.connect(NativeSocketConnection.java:63)
		at com.mysql.cj.NativeSession.connect(NativeSession.java:121)
		at com.mysql.cj.jdbc.ConnectionImpl.connectOneTryOnly(ConnectionImpl.java:945)
		at com.mysql.cj.jdbc.ConnectionImpl.createNewIO(ConnectionImpl.java:815)
		at com.mysql.cj.jdbc.ConnectionImpl.<init>(ConnectionImpl.java:446)
		at com.mysql.cj.jdbc.ConnectionImpl.getInstance(ConnectionImpl.java:239)
		at com.mysql.cj.jdbc.NonRegisteringDriver.connect(NonRegisteringDriver.java:188)
		at org.hibernate.engine.jdbc.connections.internal.DriverConnectionCreator.makeConnection(DriverConnectionCreator.java:39)
		at org.hibernate.engine.jdbc.connections.internal.BasicConnectionCreator.createConnection(BasicConnectionCreator.java:62)
		at org.hibernate.engine.jdbc.connections.internal.DriverManagerConnectionProviderImpl$PooledConnections.addConnections(DriverManagerConnectionProviderImpl.java:457)
		at org.hibernate.engine.jdbc.connections.internal.DriverManagerConnectionProviderImpl$PooledConnections.<init>(DriverManagerConnectionProviderImpl.java:323)
		at org.hibernate.engine.jdbc.connections.internal.DriverManagerConnectionProviderImpl$PooledConnections.<init>(DriverManagerConnectionProviderImpl.java:297)
		at org.hibernate.engine.jdbc.connections.internal.DriverManagerConnectionProviderImpl$PooledConnections$Builder.build(DriverManagerConnectionProviderImpl.java:501)
		at org.hibernate.engine.jdbc.connections.internal.DriverManagerConnectionProviderImpl.buildPool(DriverManagerConnectionProviderImpl.java:101)
		at org.hibernate.engine.jdbc.connections.internal.DriverManagerConnectionProviderImpl.configure(DriverManagerConnectionProviderImpl.java:76)
		at org.hibernate.boot.registry.internal.StandardServiceRegistryImpl.configureService(StandardServiceRegistryImpl.java:107)
		at org.hibernate.service.internal.AbstractServiceRegistryImpl.initializeService(AbstractServiceRegistryImpl.java:255)
		at org.hibernate.service.internal.AbstractServiceRegistryImpl.getService(AbstractServiceRegistryImpl.java:223)
		at org.hibernate.engine.jdbc.env.internal.JdbcEnvironmentInitiator.buildJdbcConnectionAccess(JdbcEnvironmentInitiator.java:146)
		at org.hibernate.engine.jdbc.env.internal.JdbcEnvironmentInitiator.initiateService(JdbcEnvironmentInitiator.java:66)
		at org.hibernate.engine.jdbc.env.internal.JdbcEnvironmentInitiator.initiateService(JdbcEnvironmentInitiator.java:35)
		at org.hibernate.boot.registry.internal.StandardServiceRegistryImpl.initiateService(StandardServiceRegistryImpl.java:101)
		at org.hibernate.service.internal.AbstractServiceRegistryImpl.createService(AbstractServiceRegistryImpl.java:272)
		at org.hibernate.service.internal.AbstractServiceRegistryImpl.initializeService(AbstractServiceRegistryImpl.java:246)
		at org.hibernate.service.internal.AbstractServiceRegistryImpl.getService(AbstractServiceRegistryImpl.java:223)
		at org.hibernate.id.factory.internal.DefaultIdentifierGeneratorFactory.injectServices(DefaultIdentifierGeneratorFactory.java:175)
		at org.hibernate.service.internal.AbstractServiceRegistryImpl.injectDependencies(AbstractServiceRegistryImpl.java:295)
		at org.hibernate.service.internal.AbstractServiceRegistryImpl.initializeService(AbstractServiceRegistryImpl.java:252)
		at org.hibernate.service.internal.AbstractServiceRegistryImpl.getService(AbstractServiceRegistryImpl.java:223)
		at org.hibernate.boot.internal.InFlightMetadataCollectorImpl.<init>(InFlightMetadataCollectorImpl.java:173)
		at org.hibernate.boot.model.process.spi.MetadataBuildingProcess.complete(MetadataBuildingProcess.java:127)
		at org.hibernate.jpa.boot.internal.EntityManagerFactoryBuilderImpl.metadata(EntityManagerFactoryBuilderImpl.java:1460)
		at org.hibernate.jpa.boot.internal.EntityManagerFactoryBuilderImpl.build(EntityManagerFactoryBuilderImpl.java:1494)
		at org.hibernate.jpa.HibernatePersistenceProvider.createEntityManagerFactory(HibernatePersistenceProvider.java:56)
		at javax.persistence.Persistence.createEntityManagerFactory(Persistence.java:79)
		at javax.persistence.Persistence.createEntityManagerFactory(Persistence.java:54)
		at murach.sql.SqlGatewayServlet.init(SqlGatewayServlet.java:16)
		at javax.servlet.GenericServlet.init(GenericServlet.java:143)
		at org.apache.catalina.core.StandardWrapper.initServlet(StandardWrapper.java:989)
		at org.apache.catalina.core.StandardWrapper.loadServlet(StandardWrapper.java:946)
		at org.apache.catalina.core.StandardWrapper.load(StandardWrapper.java:843)
		at org.apache.catalina.core.StandardContext.loadOnStartup(StandardContext.java:4234)
		at org.apache.catalina.core.StandardContext.startInternal(StandardContext.java:4535)
		at org.apache.catalina.util.LifecycleBase.start(LifecycleBase.java:164)
		at org.apache.catalina.core.ContainerBase.addChildInternal(ContainerBase.java:599)
		at org.apache.catalina.core.ContainerBase.addChild(ContainerBase.java:571)
		at org.apache.catalina.core.StandardHost.addChild(StandardHost.java:603)
		at org.apache.catalina.startup.HostConfig.deployWAR(HostConfig.java:1013)
		at org.apache.catalina.startup.HostConfig$DeployWar.run(HostConfig.java:1861)
		at java.base/java.util.concurrent.Executors$RunnableAdapter.call(Executors.java:539)
		at java.base/java.util.concurrent.FutureTask.run(FutureTask.java:264)
		at org.apache.tomcat.util.threads.InlineExecutorService.execute(InlineExecutorService.java:76)
		at java.base/java.util.concurrent.AbstractExecutorService.submit(AbstractExecutorService.java:123)
		at org.apache.catalina.startup.HostConfig.deployWARs(HostConfig.java:817)
		at org.apache.catalina.startup.HostConfig.deployApps(HostConfig.java:468)
		at org.apache.catalina.startup.HostConfig.start(HostConfig.java:1579)
		at org.apache.catalina.startup.HostConfig.lifecycleEvent(HostConfig.java:312)
		at org.apache.catalina.util.LifecycleBase.fireLifecycleEvent(LifecycleBase.java:109)
		at org.apache.catalina.util.LifecycleBase.setStateInternal(LifecycleBase.java:389)
		at org.apache.catalina.util.LifecycleBase.setState(LifecycleBase.java:336)
		at org.apache.catalina.core.ContainerBase.startInternal(ContainerBase.java:776)
		at org.apache.catalina.core.StandardHost.startInternal(StandardHost.java:721)
		at org.apache.catalina.util.LifecycleBase.start(LifecycleBase.java:164)
		at org.apache.catalina.core.ContainerBase$StartChild.call(ContainerBase.java:1203)
		at org.apache.catalina.core.ContainerBase$StartChild.call(ContainerBase.java:1193)
		at java.base/java.util.concurrent.FutureTask.run(FutureTask.java:264)
		at org.apache.tomcat.util.threads.InlineExecutorService.execute(InlineExecutorService.java:76)
		at java.base/java.util.concurrent.AbstractExecutorService.submit(AbstractExecutorService.java:145)
		at org.apache.catalina.core.ContainerBase.startInternal(ContainerBase.java:749)
		at org.apache.catalina.core.StandardEngine.startInternal(StandardEngine.java:211)
		at org.apache.catalina.util.LifecycleBase.start(LifecycleBase.java:164)
		at org.apache.catalina.core.StandardService.startInternal(StandardService.java:412)
		at org.apache.catalina.util.LifecycleBase.start(LifecycleBase.java:164)
		at org.apache.catalina.core.StandardServer.startInternal(StandardServer.java:874)
		at org.apache.catalina.util.LifecycleBase.start(LifecycleBase.java:164)
		at org.apache.catalina.startup.Catalina.start(Catalina.java:739)
		at java.base/jdk.internal.reflect.NativeMethodAccessorImpl.invoke0(Native Method)
		at java.base/jdk.internal.reflect.NativeMethodAccessorImpl.invoke(NativeMethodAccessorImpl.java:77)
		at java.base/jdk.internal.reflect.DelegatingMethodAccessorImpl.invoke(DelegatingMethodAccessorImpl.java:43)
		at java.base/java.lang.reflect.Method.invoke(Method.java:569)
		at org.apache.catalina.startup.Bootstrap.start(Bootstrap.java:345)
		at org.apache.catalina.startup.Bootstrap.main(Bootstrap.java:476)
05-Oct-2025 18:48:54.490 INFO [main] org.apache.catalina.core.ApplicationContext.log ContextListener: contextInitialized()
05-Oct-2025 18:48:54.491 INFO [main] org.apache.catalina.core.ApplicationContext.log SessionListener: contextInitialized()
05-Oct-2025 18:48:54.491 INFO [main] org.apache.catalina.core.ApplicationContext.log ContextListener: attributeAdded('StockTicker', 'async.Stockticker@3130ca39')
05-Oct-2025 18:49:58.703 SEVERE [main] org.apache.catalina.core.ApplicationContext.log Servlet.init() for servlet [SqlGatewayServlet] threw exception
	org.hibernate.service.spi.ServiceException: Unable to create requested service [org.hibernate.engine.jdbc.env.spi.JdbcEnvironment]
		at org.hibernate.service.internal.AbstractServiceRegistryImpl.createService(AbstractServiceRegistryImpl.java:284)
		at org.hibernate.service.internal.AbstractServiceRegistryImpl.initializeService(AbstractServiceRegistryImpl.java:246)
		at org.hibernate.service.internal.AbstractServiceRegistryImpl.getService(AbstractServiceRegistryImpl.java:223)
		at org.hibernate.id.factory.internal.DefaultIdentifierGeneratorFactory.injectServices(DefaultIdentifierGeneratorFactory.java:175)
		at org.hibernate.service.internal.AbstractServiceRegistryImpl.injectDependencies(AbstractServiceRegistryImpl.java:295)
		at org.hibernate.service.internal.AbstractServiceRegistryImpl.initializeService(AbstractServiceRegistryImpl.java:252)
		at org.hibernate.service.internal.AbstractServiceRegistryImpl.getService(AbstractServiceRegistryImpl.java:223)
		at org.hibernate.boot.internal.InFlightMetadataCollectorImpl.<init>(InFlightMetadataCollectorImpl.java:173)
		at org.hibernate.boot.model.process.spi.MetadataBuildingProcess.complete(MetadataBuildingProcess.java:127)
		at org.hibernate.jpa.boot.internal.EntityManagerFactoryBuilderImpl.metadata(EntityManagerFactoryBuilderImpl.java:1460)
		at org.hibernate.jpa.boot.internal.EntityManagerFactoryBuilderImpl.build(EntityManagerFactoryBuilderImpl.java:1494)
		at org.hibernate.jpa.HibernatePersistenceProvider.createEntityManagerFactory(HibernatePersistenceProvider.java:56)
		at javax.persistence.Persistence.createEntityManagerFactory(Persistence.java:79)
		at javax.persistence.Persistence.createEntityManagerFactory(Persistence.java:54)
		at murach.sql.SqlGatewayServlet.init(SqlGatewayServlet.java:16)
		at javax.servlet.GenericServlet.init(GenericServlet.java:143)
		at org.apache.catalina.core.StandardWrapper.initServlet(StandardWrapper.java:989)
		at org.apache.catalina.core.StandardWrapper.loadServlet(StandardWrapper.java:946)
		at org.apache.catalina.core.StandardWrapper.load(StandardWrapper.java:843)
		at org.apache.catalina.core.StandardContext.loadOnStartup(StandardContext.java:4234)
		at org.apache.catalina.core.StandardContext.startInternal(StandardContext.java:4535)
		at org.apache.catalina.util.LifecycleBase.start(LifecycleBase.java:164)
		at org.apache.catalina.core.ContainerBase.addChildInternal(ContainerBase.java:599)
		at org.apache.catalina.core.ContainerBase.addChild(ContainerBase.java:571)
		at org.apache.catalina.core.StandardHost.addChild(StandardHost.java:603)
		at org.apache.catalina.startup.HostConfig.deployWAR(HostConfig.java:1013)
		at org.apache.catalina.startup.HostConfig$DeployWar.run(HostConfig.java:1861)
		at java.base/java.util.concurrent.Executors$RunnableAdapter.call(Executors.java:539)
		at java.base/java.util.concurrent.FutureTask.run(FutureTask.java:264)
		at org.apache.tomcat.util.threads.InlineExecutorService.execute(InlineExecutorService.java:76)
		at java.base/java.util.concurrent.AbstractExecutorService.submit(AbstractExecutorService.java:123)
		at org.apache.catalina.startup.HostConfig.deployWARs(HostConfig.java:817)
		at org.apache.catalina.startup.HostConfig.deployApps(HostConfig.java:468)
		at org.apache.catalina.startup.HostConfig.start(HostConfig.java:1579)
		at org.apache.catalina.startup.HostConfig.lifecycleEvent(HostConfig.java:312)
		at org.apache.catalina.util.LifecycleBase.fireLifecycleEvent(LifecycleBase.java:109)
		at org.apache.catalina.util.LifecycleBase.setStateInternal(LifecycleBase.java:389)
		at org.apache.catalina.util.LifecycleBase.setState(LifecycleBase.java:336)
		at org.apache.catalina.core.ContainerBase.startInternal(ContainerBase.java:776)
		at org.apache.catalina.core.StandardHost.startInternal(StandardHost.java:721)
		at org.apache.catalina.util.LifecycleBase.start(LifecycleBase.java:164)
		at org.apache.catalina.core.ContainerBase$StartChild.call(ContainerBase.java:1203)
		at org.apache.catalina.core.ContainerBase$StartChild.call(ContainerBase.java:1193)
		at java.base/java.util.concurrent.FutureTask.run(FutureTask.java:264)
		at org.apache.tomcat.util.threads.InlineExecutorService.execute(InlineExecutorService.java:76)
		at java.base/java.util.concurrent.AbstractExecutorService.submit(AbstractExecutorService.java:145)
		at org.apache.catalina.core.ContainerBase.startInternal(ContainerBase.java:749)
		at org.apache.catalina.core.StandardEngine.startInternal(StandardEngine.java:211)
		at org.apache.catalina.util.LifecycleBase.start(LifecycleBase.java:164)
		at org.apache.catalina.core.StandardService.startInternal(StandardService.java:412)
		at org.apache.catalina.util.LifecycleBase.start(LifecycleBase.java:164)
		at org.apache.catalina.core.StandardServer.startInternal(StandardServer.java:874)
		at org.apache.catalina.util.LifecycleBase.start(LifecycleBase.java:164)
		at org.apache.catalina.startup.Catalina.start(Catalina.java:739)
		at java.base/jdk.internal.reflect.NativeMethodAccessorImpl.invoke0(Native Method)
		at java.base/jdk.internal.reflect.NativeMethodAccessorImpl.invoke(NativeMethodAccessorImpl.java:77)
		at java.base/jdk.internal.reflect.DelegatingMethodAccessorImpl.invoke(DelegatingMethodAccessorImpl.java:43)
		at java.base/java.lang.reflect.Method.invoke(Method.java:569)
		at org.apache.catalina.startup.Bootstrap.start(Bootstrap.java:345)
		at org.apache.catalina.startup.Bootstrap.main(Bootstrap.java:476)
	Caused by: org.hibernate.exception.JDBCConnectionException: Error calling Driver#connect
		at org.hibernate.exception.internal.SQLStateConversionDelegate.convert(SQLStateConversionDelegate.java:112)
		at org.hibernate.exception.internal.StandardSQLExceptionConverter.convert(StandardSQLExceptionConverter.java:37)
		at org.hibernate.engine.jdbc.spi.SqlExceptionHelper.convert(SqlExceptionHelper.java:113)
		at org.hibernate.engine.jdbc.connections.internal.BasicConnectionCreator.convertSqlException(BasicConnectionCreator.java:131)
		at org.hibernate.engine.jdbc.connections.internal.DriverConnectionCreator.makeConnection(DriverConnectionCreator.java:42)
		at org.hibernate.engine.jdbc.connections.internal.BasicConnectionCreator.createConnection(BasicConnectionCreator.java:62)
		at org.hibernate.engine.jdbc.connections.internal.DriverManagerConnectionProviderImpl$PooledConnections.addConnections(DriverManagerConnectionProviderImpl.java:457)
		at org.hibernate.engine.jdbc.connections.internal.DriverManagerConnectionProviderImpl$PooledConnections.<init>(DriverManagerConnectionProviderImpl.java:323)
		at org.hibernate.engine.jdbc.connections.internal.DriverManagerConnectionProviderImpl$PooledConnections.<init>(DriverManagerConnectionProviderImpl.java:297)
		at org.hibernate.engine.jdbc.connections.internal.DriverManagerConnectionProviderImpl$PooledConnections$Builder.build(DriverManagerConnectionProviderImpl.java:501)
		at org.hibernate.engine.jdbc.connections.internal.DriverManagerConnectionProviderImpl.buildPool(DriverManagerConnectionProviderImpl.java:101)
		at org.hibernate.engine.jdbc.connections.internal.DriverManagerConnectionProviderImpl.configure(DriverManagerConnectionProviderImpl.java:76)
		at org.hibernate.boot.registry.internal.StandardServiceRegistryImpl.configureService(StandardServiceRegistryImpl.java:107)
		at org.hibernate.service.internal.AbstractServiceRegistryImpl.initializeService(AbstractServiceRegistryImpl.java:255)
		at org.hibernate.service.internal.AbstractServiceRegistryImpl.getService(AbstractServiceRegistryImpl.java:223)
		at org.hibernate.engine.jdbc.env.internal.JdbcEnvironmentInitiator.buildJdbcConnectionAccess(JdbcEnvironmentInitiator.java:146)
		at org.hibernate.engine.jdbc.env.internal.JdbcEnvironmentInitiator.initiateService(JdbcEnvironmentInitiator.java:66)
		at org.hibernate.engine.jdbc.env.internal.JdbcEnvironmentInitiator.initiateService(JdbcEnvironmentInitiator.java:35)
		at org.hibernate.boot.registry.internal.StandardServiceRegistryImpl.initiateService(StandardServiceRegistryImpl.java:101)
		at org.hibernate.service.internal.AbstractServiceRegistryImpl.createService(AbstractServiceRegistryImpl.java:272)
		... 59 more
	Caused by: com.mysql.cj.jdbc.exceptions.CommunicationsException: Communications link failure

The last packet sent successfully to the server was 0 milliseconds ago. The driver has not received any packets from the server.
		at com.mysql.cj.jdbc.exceptions.SQLError.createCommunicationsException(SQLError.java:175)
		at com.mysql.cj.jdbc.exceptions.SQLExceptionsMapping.translateException(SQLExceptionsMapping.java:64)
		at com.mysql.cj.jdbc.ConnectionImpl.createNewIO(ConnectionImpl.java:825)
		at com.mysql.cj.jdbc.ConnectionImpl.<init>(ConnectionImpl.java:446)
		at com.mysql.cj.jdbc.ConnectionImpl.getInstance(ConnectionImpl.java:239)
		at com.mysql.cj.jdbc.NonRegisteringDriver.connect(NonRegisteringDriver.java:188)
		at org.hibernate.engine.jdbc.connections.internal.DriverConnectionCreator.makeConnection(DriverConnectionCreator.java:39)
		... 74 more
	Caused by: com.mysql.cj.exceptions.CJCommunicationsException: Communications link failure

The last packet sent successfully to the server was 0 milliseconds ago. The driver has not received any packets from the server.
		at java.base/jdk.internal.reflect.NativeConstructorAccessorImpl.newInstance0(Native Method)
		at java.base/jdk.internal.reflect.NativeConstructorAccessorImpl.newInstance(NativeConstructorAccessorImpl.java:77)
		at java.base/jdk.internal.reflect.DelegatingConstructorAccessorImpl.newInstance(DelegatingConstructorAccessorImpl.java:45)
		at java.base/java.lang.reflect.Constructor.newInstanceWithCaller(Constructor.java:500)
		at java.base/java.lang.reflect.Constructor.newInstance(Constructor.java:481)
		at com.mysql.cj.exceptions.ExceptionFactory.createException(ExceptionFactory.java:62)
		at com.mysql.cj.exceptions.ExceptionFactory.createException(ExceptionFactory.java:105)
		at com.mysql.cj.exceptions.ExceptionFactory.createException(ExceptionFactory.java:150)
		at com.mysql.cj.exceptions.ExceptionFactory.createCommunicationsException(ExceptionFactory.java:166)
		at com.mysql.cj.protocol.a.NativeSocketConnection.connect(NativeSocketConnection.java:89)
		at com.mysql.cj.NativeSession.connect(NativeSession.java:121)
		at com.mysql.cj.jdbc.ConnectionImpl.connectOneTryOnly(ConnectionImpl.java:945)
		at com.mysql.cj.jdbc.ConnectionImpl.createNewIO(ConnectionImpl.java:815)
		... 78 more
	Caused by: java.net.ConnectException: Operation timed out
		at java.base/sun.nio.ch.Net.connect0(Native Method)
		at java.base/sun.nio.ch.Net.connect(Net.java:579)
		at java.base/sun.nio.ch.Net.connect(Net.java:568)
		at java.base/sun.nio.ch.NioSocketImpl.connect(NioSocketImpl.java:593)
		at java.base/java.net.SocksSocketImpl.connect(SocksSocketImpl.java:327)
		at java.base/java.net.Socket.connect(Socket.java:633)
		at com.mysql.cj.protocol.StandardSocketFactory.connect(StandardSocketFactory.java:153)
		at com.mysql.cj.protocol.a.NativeSocketConnection.connect(NativeSocketConnection.java:63)
		... 81 more
05-Oct-2025 18:49:58.703 SEVERE [main] org.apache.catalina.core.StandardContext.loadOnStartup Servlet [SqlGatewayServlet] in web application [/Lesson] threw load() exception
	java.net.ConnectException: Operation timed out
		at java.base/sun.nio.ch.Net.connect0(Native Method)
		at java.base/sun.nio.ch.Net.connect(Net.java:579)
		at java.base/sun.nio.ch.Net.connect(Net.java:568)
		at java.base/sun.nio.ch.NioSocketImpl.connect(NioSocketImpl.java:593)
		at java.base/java.net.SocksSocketImpl.connect(SocksSocketImpl.java:327)
		at java.base/java.net.Socket.connect(Socket.java:633)
		at com.mysql.cj.protocol.StandardSocketFactory.connect(StandardSocketFactory.java:153)
		at com.mysql.cj.protocol.a.NativeSocketConnection.connect(NativeSocketConnection.java:63)
		at com.mysql.cj.NativeSession.connect(NativeSession.java:121)
		at com.mysql.cj.jdbc.ConnectionImpl.connectOneTryOnly(ConnectionImpl.java:945)
		at com.mysql.cj.jdbc.ConnectionImpl.createNewIO(ConnectionImpl.java:815)
		at com.mysql.cj.jdbc.ConnectionImpl.<init>(ConnectionImpl.java:446)
		at com.mysql.cj.jdbc.ConnectionImpl.getInstance(ConnectionImpl.java:239)
		at com.mysql.cj.jdbc.NonRegisteringDriver.connect(NonRegisteringDriver.java:188)
		at org.hibernate.engine.jdbc.connections.internal.DriverConnectionCreator.makeConnection(DriverConnectionCreator.java:39)
		at org.hibernate.engine.jdbc.connections.internal.BasicConnectionCreator.createConnection(BasicConnectionCreator.java:62)
		at org.hibernate.engine.jdbc.connections.internal.DriverManagerConnectionProviderImpl$PooledConnections.addConnections(DriverManagerConnectionProviderImpl.java:457)
		at org.hibernate.engine.jdbc.connections.internal.DriverManagerConnectionProviderImpl$PooledConnections.<init>(DriverManagerConnectionProviderImpl.java:323)
		at org.hibernate.engine.jdbc.connections.internal.DriverManagerConnectionProviderImpl$PooledConnections.<init>(DriverManagerConnectionProviderImpl.java:297)
		at org.hibernate.engine.jdbc.connections.internal.DriverManagerConnectionProviderImpl$PooledConnections$Builder.build(DriverManagerConnectionProviderImpl.java:501)
		at org.hibernate.engine.jdbc.connections.internal.DriverManagerConnectionProviderImpl.buildPool(DriverManagerConnectionProviderImpl.java:101)
		at org.hibernate.engine.jdbc.connections.internal.DriverManagerConnectionProviderImpl.configure(DriverManagerConnectionProviderImpl.java:76)
		at org.hibernate.boot.registry.internal.StandardServiceRegistryImpl.configureService(StandardServiceRegistryImpl.java:107)
		at org.hibernate.service.internal.AbstractServiceRegistryImpl.initializeService(AbstractServiceRegistryImpl.java:255)
		at org.hibernate.service.internal.AbstractServiceRegistryImpl.getService(AbstractServiceRegistryImpl.java:223)
		at org.hibernate.engine.jdbc.env.internal.JdbcEnvironmentInitiator.buildJdbcConnectionAccess(JdbcEnvironmentInitiator.java:146)
		at org.hibernate.engine.jdbc.env.internal.JdbcEnvironmentInitiator.initiateService(JdbcEnvironmentInitiator.java:66)
		at org.hibernate.engine.jdbc.env.internal.JdbcEnvironmentInitiator.initiateService(JdbcEnvironmentInitiator.java:35)
		at org.hibernate.boot.registry.internal.StandardServiceRegistryImpl.initiateService(StandardServiceRegistryImpl.java:101)
		at org.hibernate.service.internal.AbstractServiceRegistryImpl.createService(AbstractServiceRegistryImpl.java:272)
		at org.hibernate.service.internal.AbstractServiceRegistryImpl.initializeService(AbstractServiceRegistryImpl.java:246)
		at org.hibernate.service.internal.AbstractServiceRegistryImpl.getService(AbstractServiceRegistryImpl.java:223)
		at org.hibernate.id.factory.internal.DefaultIdentifierGeneratorFactory.injectServices(DefaultIdentifierGeneratorFactory.java:175)
		at org.hibernate.service.internal.AbstractServiceRegistryImpl.injectDependencies(AbstractServiceRegistryImpl.java:295)
		at org.hibernate.service.internal.AbstractServiceRegistryImpl.initializeService(AbstractServiceRegistryImpl.java:252)
		at org.hibernate.service.internal.AbstractServiceRegistryImpl.getService(AbstractServiceRegistryImpl.java:223)
		at org.hibernate.boot.internal.InFlightMetadataCollectorImpl.<init>(InFlightMetadataCollectorImpl.java:173)
		at org.hibernate.boot.model.process.spi.MetadataBuildingProcess.complete(MetadataBuildingProcess.java:127)
		at org.hibernate.jpa.boot.internal.EntityManagerFactoryBuilderImpl.metadata(EntityManagerFactoryBuilderImpl.java:1460)
		at org.hibernate.jpa.boot.internal.EntityManagerFactoryBuilderImpl.build(EntityManagerFactoryBuilderImpl.java:1494)
		at org.hibernate.jpa.HibernatePersistenceProvider.createEntityManagerFactory(HibernatePersistenceProvider.java:56)
		at javax.persistence.Persistence.createEntityManagerFactory(Persistence.java:79)
		at javax.persistence.Persistence.createEntityManagerFactory(Persistence.java:54)
		at murach.sql.SqlGatewayServlet.init(SqlGatewayServlet.java:16)
		at javax.servlet.GenericServlet.init(GenericServlet.java:143)
		at org.apache.catalina.core.StandardWrapper.initServlet(StandardWrapper.java:989)
		at org.apache.catalina.core.StandardWrapper.loadServlet(StandardWrapper.java:946)
		at org.apache.catalina.core.StandardWrapper.load(StandardWrapper.java:843)
		at org.apache.catalina.core.StandardContext.loadOnStartup(StandardContext.java:4234)
		at org.apache.catalina.core.StandardContext.startInternal(StandardContext.java:4535)
		at org.apache.catalina.util.LifecycleBase.start(LifecycleBase.java:164)
		at org.apache.catalina.core.ContainerBase.addChildInternal(ContainerBase.java:599)
		at org.apache.catalina.core.ContainerBase.addChild(ContainerBase.java:571)
		at org.apache.catalina.core.StandardHost.addChild(StandardHost.java:603)
		at org.apache.catalina.startup.HostConfig.deployWAR(HostConfig.java:1013)
		at org.apache.catalina.startup.HostConfig$DeployWar.run(HostConfig.java:1861)
		at java.base/java.util.concurrent.Executors$RunnableAdapter.call(Executors.java:539)
		at java.base/java.util.concurrent.FutureTask.run(FutureTask.java:264)
		at org.apache.tomcat.util.threads.InlineExecutorService.execute(InlineExecutorService.java:76)
		at java.base/java.util.concurrent.AbstractExecutorService.submit(AbstractExecutorService.java:123)
		at org.apache.catalina.startup.HostConfig.deployWARs(HostConfig.java:817)
		at org.apache.catalina.startup.HostConfig.deployApps(HostConfig.java:468)
		at org.apache.catalina.startup.HostConfig.start(HostConfig.java:1579)
		at org.apache.catalina.startup.HostConfig.lifecycleEvent(HostConfig.java:312)
		at org.apache.catalina.util.LifecycleBase.fireLifecycleEvent(LifecycleBase.java:109)
		at org.apache.catalina.util.LifecycleBase.setStateInternal(LifecycleBase.java:389)
		at org.apache.catalina.util.LifecycleBase.setState(LifecycleBase.java:336)
		at org.apache.catalina.core.ContainerBase.startInternal(ContainerBase.java:776)
		at org.apache.catalina.core.StandardHost.startInternal(StandardHost.java:721)
		at org.apache.catalina.util.LifecycleBase.start(LifecycleBase.java:164)
		at org.apache.catalina.core.ContainerBase$StartChild.call(ContainerBase.java:1203)
		at org.apache.catalina.core.ContainerBase$StartChild.call(ContainerBase.java:1193)
		at java.base/java.util.concurrent.FutureTask.run(FutureTask.java:264)
		at org.apache.tomcat.util.threads.InlineExecutorService.execute(InlineExecutorService.java:76)
		at java.base/java.util.concurrent.AbstractExecutorService.submit(AbstractExecutorService.java:145)
		at org.apache.catalina.core.ContainerBase.startInternal(ContainerBase.java:749)
		at org.apache.catalina.core.StandardEngine.startInternal(StandardEngine.java:211)
		at org.apache.catalina.util.LifecycleBase.start(LifecycleBase.java:164)
		at org.apache.catalina.core.StandardService.startInternal(StandardService.java:412)
		at org.apache.catalina.util.LifecycleBase.start(LifecycleBase.java:164)
		at org.apache.catalina.core.StandardServer.startInternal(StandardServer.java:874)
		at org.apache.catalina.util.LifecycleBase.start(LifecycleBase.java:164)
		at org.apache.catalina.startup.Catalina.start(Catalina.java:739)
		at java.base/jdk.internal.reflect.NativeMethodAccessorImpl.invoke0(Native Method)
		at java.base/jdk.internal.reflect.NativeMethodAccessorImpl.invoke(NativeMethodAccessorImpl.java:77)
		at java.base/jdk.internal.reflect.DelegatingMethodAccessorImpl.invoke(DelegatingMethodAccessorImpl.java:43)
		at java.base/java.lang.reflect.Method.invoke(Method.java:569)
		at org.apache.catalina.startup.Bootstrap.start(Bootstrap.java:345)
		at org.apache.catalina.startup.Bootstrap.main(Bootstrap.java:476)
05-Oct-2025 18:49:58.827 INFO [main] org.apache.catalina.core.ApplicationContext.log ContextListener: contextInitialized()
05-Oct-2025 18:49:58.827 INFO [main] org.apache.catalina.core.ApplicationContext.log SessionListener: contextInitialized()
05-Oct-2025 18:49:58.827 INFO [main] org.apache.catalina.core.ApplicationContext.log ContextListener: attributeAdded('StockTicker', 'async.Stockticker@5847010')
05-Oct-2025 18:49:58.851 INFO [main] org.apache.catalina.core.ApplicationContext.log SessionListener: contextDestroyed()
05-Oct-2025 18:49:58.851 INFO [main] org.apache.catalina.core.ApplicationContext.log ContextListener: contextDestroyed()
05-Oct-2025 18:50:24.631 SEVERE [http-nio-8080-exec-8] org.apache.catalina.core.ApplicationContext.log Servlet.init() for servlet [murach.sql.SqlGatewayServlet] threw exception
	org.hibernate.service.spi.ServiceException: Unable to create requested service [org.hibernate.engine.jdbc.env.spi.JdbcEnvironment]
		at org.hibernate.service.internal.AbstractServiceRegistryImpl.createService(AbstractServiceRegistryImpl.java:284)
		at org.hibernate.service.internal.AbstractServiceRegistryImpl.initializeService(AbstractServiceRegistryImpl.java:246)
		at org.hibernate.service.internal.AbstractServiceRegistryImpl.getService(AbstractServiceRegistryImpl.java:223)
		at org.hibernate.id.factory.internal.DefaultIdentifierGeneratorFactory.injectServices(DefaultIdentifierGeneratorFactory.java:175)
		at org.hibernate.service.internal.AbstractServiceRegistryImpl.injectDependencies(AbstractServiceRegistryImpl.java:295)
		at org.hibernate.service.internal.AbstractServiceRegistryImpl.initializeService(AbstractServiceRegistryImpl.java:252)
		at org.hibernate.service.internal.AbstractServiceRegistryImpl.getService(AbstractServiceRegistryImpl.java:223)
		at org.hibernate.boot.internal.InFlightMetadataCollectorImpl.<init>(InFlightMetadataCollectorImpl.java:173)
		at org.hibernate.boot.model.process.spi.MetadataBuildingProcess.complete(MetadataBuildingProcess.java:127)
		at org.hibernate.jpa.boot.internal.EntityManagerFactoryBuilderImpl.metadata(EntityManagerFactoryBuilderImpl.java:1460)
		at org.hibernate.jpa.boot.internal.EntityManagerFactoryBuilderImpl.build(EntityManagerFactoryBuilderImpl.java:1494)
		at org.hibernate.jpa.HibernatePersistenceProvider.createEntityManagerFactory(HibernatePersistenceProvider.java:56)
		at javax.persistence.Persistence.createEntityManagerFactory(Persistence.java:79)
		at javax.persistence.Persistence.createEntityManagerFactory(Persistence.java:54)
		at murach.sql.SqlGatewayServlet.init(SqlGatewayServlet.java:16)
		at javax.servlet.GenericServlet.init(GenericServlet.java:143)
		at org.apache.catalina.core.StandardWrapper.initServlet(StandardWrapper.java:989)
		at org.apache.catalina.core.StandardWrapper.loadServlet(StandardWrapper.java:946)
		at org.apache.catalina.core.StandardWrapper.allocate(StandardWrapper.java:664)
		at org.apache.catalina.core.StandardWrapperValve.invoke(StandardWrapperValve.java:116)
		at org.apache.catalina.core.StandardContextValve.invoke(StandardContextValve.java:90)
		at org.apache.catalina.authenticator.AuthenticatorBase.invoke(AuthenticatorBase.java:482)
		at org.apache.catalina.core.StandardHostValve.invoke(StandardHostValve.java:130)
		at org.apache.catalina.valves.ErrorReportValve.invoke(ErrorReportValve.java:93)
		at org.apache.catalina.valves.AbstractAccessLogValve.invoke(AbstractAccessLogValve.java:656)
		at org.apache.catalina.core.StandardEngineValve.invoke(StandardEngineValve.java:74)
		at org.apache.catalina.connector.CoyoteAdapter.service(CoyoteAdapter.java:346)
		at org.apache.coyote.http11.Http11Processor.service(Http11Processor.java:397)
		at org.apache.coyote.AbstractProcessorLight.process(AbstractProcessorLight.java:63)
		at org.apache.coyote.AbstractProtocol$ConnectionHandler.process(AbstractProtocol.java:935)
		at org.apache.tomcat.util.net.NioEndpoint$SocketProcessor.doRun(NioEndpoint.java:1826)
		at org.apache.tomcat.util.net.SocketProcessorBase.run(SocketProcessorBase.java:52)
		at org.apache.tomcat.util.threads.ThreadPoolExecutor.runWorker(ThreadPoolExecutor.java:1189)
		at org.apache.tomcat.util.threads.ThreadPoolExecutor$Worker.run(ThreadPoolExecutor.java:658)
		at org.apache.tomcat.util.threads.TaskThread$WrappingRunnable.run(TaskThread.java:63)
		at java.base/java.lang.Thread.run(Thread.java:840)
	Caused by: org.hibernate.exception.JDBCConnectionException: Error calling Driver#connect
		at org.hibernate.exception.internal.SQLStateConversionDelegate.convert(SQLStateConversionDelegate.java:112)
		at org.hibernate.exception.internal.StandardSQLExceptionConverter.convert(StandardSQLExceptionConverter.java:37)
		at org.hibernate.engine.jdbc.spi.SqlExceptionHelper.convert(SqlExceptionHelper.java:113)
		at org.hibernate.engine.jdbc.connections.internal.BasicConnectionCreator.convertSqlException(BasicConnectionCreator.java:131)
		at org.hibernate.engine.jdbc.connections.internal.DriverConnectionCreator.makeConnection(DriverConnectionCreator.java:42)
		at org.hibernate.engine.jdbc.connections.internal.BasicConnectionCreator.createConnection(BasicConnectionCreator.java:62)
		at org.hibernate.engine.jdbc.connections.internal.DriverManagerConnectionProviderImpl$PooledConnections.addConnections(DriverManagerConnectionProviderImpl.java:457)
		at org.hibernate.engine.jdbc.connections.internal.DriverManagerConnectionProviderImpl$PooledConnections.<init>(DriverManagerConnectionProviderImpl.java:323)
		at org.hibernate.engine.jdbc.connections.internal.DriverManagerConnectionProviderImpl$PooledConnections.<init>(DriverManagerConnectionProviderImpl.java:297)
		at org.hibernate.engine.jdbc.connections.internal.DriverManagerConnectionProviderImpl$PooledConnections$Builder.build(DriverManagerConnectionProviderImpl.java:501)
		at org.hibernate.engine.jdbc.connections.internal.DriverManagerConnectionProviderImpl.buildPool(DriverManagerConnectionProviderImpl.java:101)
		at org.hibernate.engine.jdbc.connections.internal.DriverManagerConnectionProviderImpl.configure(DriverManagerConnectionProviderImpl.java:76)
		at org.hibernate.boot.registry.internal.StandardServiceRegistryImpl.configureService(StandardServiceRegistryImpl.java:107)
		at org.hibernate.service.internal.AbstractServiceRegistryImpl.initializeService(AbstractServiceRegistryImpl.java:255)
		at org.hibernate.service.internal.AbstractServiceRegistryImpl.getService(AbstractServiceRegistryImpl.java:223)
		at org.hibernate.engine.jdbc.env.internal.JdbcEnvironmentInitiator.buildJdbcConnectionAccess(JdbcEnvironmentInitiator.java:146)
		at org.hibernate.engine.jdbc.env.internal.JdbcEnvironmentInitiator.initiateService(JdbcEnvironmentInitiator.java:66)
		at org.hibernate.engine.jdbc.env.internal.JdbcEnvironmentInitiator.initiateService(JdbcEnvironmentInitiator.java:35)
		at org.hibernate.boot.registry.internal.StandardServiceRegistryImpl.initiateService(StandardServiceRegistryImpl.java:101)
		at org.hibernate.service.internal.AbstractServiceRegistryImpl.createService(AbstractServiceRegistryImpl.java:272)
		... 35 more
	Caused by: com.mysql.cj.jdbc.exceptions.CommunicationsException: Communications link failure

The last packet sent successfully to the server was 0 milliseconds ago. The driver has not received any packets from the server.
		at com.mysql.cj.jdbc.exceptions.SQLError.createCommunicationsException(SQLError.java:175)
		at com.mysql.cj.jdbc.exceptions.SQLExceptionsMapping.translateException(SQLExceptionsMapping.java:64)
		at com.mysql.cj.jdbc.ConnectionImpl.createNewIO(ConnectionImpl.java:825)
		at com.mysql.cj.jdbc.ConnectionImpl.<init>(ConnectionImpl.java:446)
		at com.mysql.cj.jdbc.ConnectionImpl.getInstance(ConnectionImpl.java:239)
		at com.mysql.cj.jdbc.NonRegisteringDriver.connect(NonRegisteringDriver.java:188)
		at org.hibernate.engine.jdbc.connections.internal.DriverConnectionCreator.makeConnection(DriverConnectionCreator.java:39)
		... 50 more
	Caused by: com.mysql.cj.exceptions.CJCommunicationsException: Communications link failure

The last packet sent successfully to the server was 0 milliseconds ago. The driver has not received any packets from the server.
		at java.base/jdk.internal.reflect.NativeConstructorAccessorImpl.newInstance0(Native Method)
		at java.base/jdk.internal.reflect.NativeConstructorAccessorImpl.newInstance(NativeConstructorAccessorImpl.java:77)
		at java.base/jdk.internal.reflect.DelegatingConstructorAccessorImpl.newInstance(DelegatingConstructorAccessorImpl.java:45)
		at java.base/java.lang.reflect.Constructor.newInstanceWithCaller(Constructor.java:500)
		at java.base/java.lang.reflect.Constructor.newInstance(Constructor.java:481)
		at com.mysql.cj.exceptions.ExceptionFactory.createException(ExceptionFactory.java:62)
		at com.mysql.cj.exceptions.ExceptionFactory.createException(ExceptionFactory.java:105)
		at com.mysql.cj.exceptions.ExceptionFactory.createException(ExceptionFactory.java:150)
		at com.mysql.cj.exceptions.ExceptionFactory.createCommunicationsException(ExceptionFactory.java:166)
		at com.mysql.cj.protocol.a.NativeSocketConnection.connect(NativeSocketConnection.java:89)
		at com.mysql.cj.NativeSession.connect(NativeSession.java:121)
		at com.mysql.cj.jdbc.ConnectionImpl.connectOneTryOnly(ConnectionImpl.java:945)
		at com.mysql.cj.jdbc.ConnectionImpl.createNewIO(ConnectionImpl.java:815)
		... 54 more
	Caused by: java.net.ConnectException: Operation timed out
		at java.base/sun.nio.ch.Net.connect0(Native Method)
		at java.base/sun.nio.ch.Net.connect(Net.java:579)
		at java.base/sun.nio.ch.Net.connect(Net.java:568)
		at java.base/sun.nio.ch.NioSocketImpl.connect(NioSocketImpl.java:593)
		at java.base/java.net.SocksSocketImpl.connect(SocksSocketImpl.java:327)
		at java.base/java.net.Socket.connect(Socket.java:633)
		at com.mysql.cj.protocol.StandardSocketFactory.connect(StandardSocketFactory.java:153)
		at com.mysql.cj.protocol.a.NativeSocketConnection.connect(NativeSocketConnection.java:63)
		... 57 more
05-Oct-2025 18:50:24.631 SEVERE [http-nio-8080-exec-8] org.apache.catalina.core.StandardWrapperValve.invoke Allocate exception for servlet [murach.sql.SqlGatewayServlet]
	java.net.ConnectException: Operation timed out
		at java.base/sun.nio.ch.Net.connect0(Native Method)
		at java.base/sun.nio.ch.Net.connect(Net.java:579)
		at java.base/sun.nio.ch.Net.connect(Net.java:568)
		at java.base/sun.nio.ch.NioSocketImpl.connect(NioSocketImpl.java:593)
		at java.base/java.net.SocksSocketImpl.connect(SocksSocketImpl.java:327)
		at java.base/java.net.Socket.connect(Socket.java:633)
		at com.mysql.cj.protocol.StandardSocketFactory.connect(StandardSocketFactory.java:153)
		at com.mysql.cj.protocol.a.NativeSocketConnection.connect(NativeSocketConnection.java:63)
		at com.mysql.cj.NativeSession.connect(NativeSession.java:121)
		at com.mysql.cj.jdbc.ConnectionImpl.connectOneTryOnly(ConnectionImpl.java:945)
		at com.mysql.cj.jdbc.ConnectionImpl.createNewIO(ConnectionImpl.java:815)
		at com.mysql.cj.jdbc.ConnectionImpl.<init>(ConnectionImpl.java:446)
		at com.mysql.cj.jdbc.ConnectionImpl.getInstance(ConnectionImpl.java:239)
		at com.mysql.cj.jdbc.NonRegisteringDriver.connect(NonRegisteringDriver.java:188)
		at org.hibernate.engine.jdbc.connections.internal.DriverConnectionCreator.makeConnection(DriverConnectionCreator.java:39)
		at org.hibernate.engine.jdbc.connections.internal.BasicConnectionCreator.createConnection(BasicConnectionCreator.java:62)
		at org.hibernate.engine.jdbc.connections.internal.DriverManagerConnectionProviderImpl$PooledConnections.addConnections(DriverManagerConnectionProviderImpl.java:457)
		at org.hibernate.engine.jdbc.connections.internal.DriverManagerConnectionProviderImpl$PooledConnections.<init>(DriverManagerConnectionProviderImpl.java:323)
		at org.hibernate.engine.jdbc.connections.internal.DriverManagerConnectionProviderImpl$PooledConnections.<init>(DriverManagerConnectionProviderImpl.java:297)
		at org.hibernate.engine.jdbc.connections.internal.DriverManagerConnectionProviderImpl$PooledConnections$Builder.build(DriverManagerConnectionProviderImpl.java:501)
		at org.hibernate.engine.jdbc.connections.internal.DriverManagerConnectionProviderImpl.buildPool(DriverManagerConnectionProviderImpl.java:101)
		at org.hibernate.engine.jdbc.connections.internal.DriverManagerConnectionProviderImpl.configure(DriverManagerConnectionProviderImpl.java:76)
		at org.hibernate.boot.registry.internal.StandardServiceRegistryImpl.configureService(StandardServiceRegistryImpl.java:107)
		at org.hibernate.service.internal.AbstractServiceRegistryImpl.initializeService(AbstractServiceRegistryImpl.java:255)
		at org.hibernate.service.internal.AbstractServiceRegistryImpl.getService(AbstractServiceRegistryImpl.java:223)
		at org.hibernate.engine.jdbc.env.internal.JdbcEnvironmentInitiator.buildJdbcConnectionAccess(JdbcEnvironmentInitiator.java:146)
		at org.hibernate.engine.jdbc.env.internal.JdbcEnvironmentInitiator.initiateService(JdbcEnvironmentInitiator.java:66)
		at org.hibernate.engine.jdbc.env.internal.JdbcEnvironmentInitiator.initiateService(JdbcEnvironmentInitiator.java:35)
		at org.hibernate.boot.registry.internal.StandardServiceRegistryImpl.initiateService(StandardServiceRegistryImpl.java:101)
		at org.hibernate.service.internal.AbstractServiceRegistryImpl.createService(AbstractServiceRegistryImpl.java:272)
		at org.hibernate.service.internal.AbstractServiceRegistryImpl.initializeService(AbstractServiceRegistryImpl.java:246)
		at org.hibernate.service.internal.AbstractServiceRegistryImpl.getService(AbstractServiceRegistryImpl.java:223)
		at org.hibernate.id.factory.internal.DefaultIdentifierGeneratorFactory.injectServices(DefaultIdentifierGeneratorFactory.java:175)
		at org.hibernate.service.internal.AbstractServiceRegistryImpl.injectDependencies(AbstractServiceRegistryImpl.java:295)
		at org.hibernate.service.internal.AbstractServiceRegistryImpl.initializeService(AbstractServiceRegistryImpl.java:252)
		at org.hibernate.service.internal.AbstractServiceRegistryImpl.getService(AbstractServiceRegistryImpl.java:223)
		at org.hibernate.boot.internal.InFlightMetadataCollectorImpl.<init>(InFlightMetadataCollectorImpl.java:173)
		at org.hibernate.boot.model.process.spi.MetadataBuildingProcess.complete(MetadataBuildingProcess.java:127)
		at org.hibernate.jpa.boot.internal.EntityManagerFactoryBuilderImpl.metadata(EntityManagerFactoryBuilderImpl.java:1460)
		at org.hibernate.jpa.boot.internal.EntityManagerFactoryBuilderImpl.build(EntityManagerFactoryBuilderImpl.java:1494)
		at org.hibernate.jpa.HibernatePersistenceProvider.createEntityManagerFactory(HibernatePersistenceProvider.java:56)
		at javax.persistence.Persistence.createEntityManagerFactory(Persistence.java:79)
		at javax.persistence.Persistence.createEntityManagerFactory(Persistence.java:54)
		at murach.sql.SqlGatewayServlet.init(SqlGatewayServlet.java:16)
		at javax.servlet.GenericServlet.init(GenericServlet.java:143)
		at org.apache.catalina.core.StandardWrapper.initServlet(StandardWrapper.java:989)
		at org.apache.catalina.core.StandardWrapper.loadServlet(StandardWrapper.java:946)
		at org.apache.catalina.core.StandardWrapper.allocate(StandardWrapper.java:664)
		at org.apache.catalina.core.StandardWrapperValve.invoke(StandardWrapperValve.java:116)
		at org.apache.catalina.core.StandardContextValve.invoke(StandardContextValve.java:90)
		at org.apache.catalina.authenticator.AuthenticatorBase.invoke(AuthenticatorBase.java:482)
		at org.apache.catalina.core.StandardHostValve.invoke(StandardHostValve.java:130)
		at org.apache.catalina.valves.ErrorReportValve.invoke(ErrorReportValve.java:93)
		at org.apache.catalina.valves.AbstractAccessLogValve.invoke(AbstractAccessLogValve.java:656)
		at org.apache.catalina.core.StandardEngineValve.invoke(StandardEngineValve.java:74)
		at org.apache.catalina.connector.CoyoteAdapter.service(CoyoteAdapter.java:346)
		at org.apache.coyote.http11.Http11Processor.service(Http11Processor.java:397)
		at org.apache.coyote.AbstractProcessorLight.process(AbstractProcessorLight.java:63)
		at org.apache.coyote.AbstractProtocol$ConnectionHandler.process(AbstractProtocol.java:935)
		at org.apache.tomcat.util.net.NioEndpoint$SocketProcessor.doRun(NioEndpoint.java:1826)
		at org.apache.tomcat.util.net.SocketProcessorBase.run(SocketProcessorBase.java:52)
		at org.apache.tomcat.util.threads.ThreadPoolExecutor.runWorker(ThreadPoolExecutor.java:1189)
		at org.apache.tomcat.util.threads.ThreadPoolExecutor$Worker.run(ThreadPoolExecutor.java:658)
		at org.apache.tomcat.util.threads.TaskThread$WrappingRunnable.run(TaskThread.java:63)
		at java.base/java.lang.Thread.run(Thread.java:840)
05-Oct-2025 18:52:05.170 INFO [main] org.apache.catalina.core.ApplicationContext.log SessionListener: contextDestroyed()
05-Oct-2025 18:52:05.170 INFO [main] org.apache.catalina.core.ApplicationContext.log ContextListener: contextDestroyed()
05-Oct-2025 18:52:22.152 SEVERE [main] org.apache.catalina.core.ApplicationContext.log Servlet.init() for servlet [SqlGatewayServlet] threw exception
	javax.persistence.PersistenceException: Unable to locate persistence units
		at org.hibernate.jpa.HibernatePersistenceProvider.getEntityManagerFactoryBuilderOrNull(HibernatePersistenceProvider.java:85)
		at org.hibernate.jpa.HibernatePersistenceProvider.getEntityManagerFactoryBuilderOrNull(HibernatePersistenceProvider.java:61)
		at org.hibernate.jpa.HibernatePersistenceProvider.createEntityManagerFactory(HibernatePersistenceProvider.java:50)
		at javax.persistence.Persistence.createEntityManagerFactory(Persistence.java:79)
		at javax.persistence.Persistence.createEntityManagerFactory(Persistence.java:54)
		at murach.sql.SqlGatewayServlet.init(SqlGatewayServlet.java:16)
		at javax.servlet.GenericServlet.init(GenericServlet.java:143)
		at org.apache.catalina.core.StandardWrapper.initServlet(StandardWrapper.java:989)
		at org.apache.catalina.core.StandardWrapper.loadServlet(StandardWrapper.java:946)
		at org.apache.catalina.core.StandardWrapper.load(StandardWrapper.java:843)
		at org.apache.catalina.core.StandardContext.loadOnStartup(StandardContext.java:4234)
		at org.apache.catalina.core.StandardContext.startInternal(StandardContext.java:4535)
		at org.apache.catalina.util.LifecycleBase.start(LifecycleBase.java:164)
		at org.apache.catalina.core.ContainerBase.addChildInternal(ContainerBase.java:599)
		at org.apache.catalina.core.ContainerBase.addChild(ContainerBase.java:571)
		at org.apache.catalina.core.StandardHost.addChild(StandardHost.java:603)
		at org.apache.catalina.startup.HostConfig.deployWAR(HostConfig.java:1013)
		at org.apache.catalina.startup.HostConfig$DeployWar.run(HostConfig.java:1861)
		at java.base/java.util.concurrent.Executors$RunnableAdapter.call(Executors.java:539)
		at java.base/java.util.concurrent.FutureTask.run(FutureTask.java:264)
		at org.apache.tomcat.util.threads.InlineExecutorService.execute(InlineExecutorService.java:76)
		at java.base/java.util.concurrent.AbstractExecutorService.submit(AbstractExecutorService.java:123)
		at org.apache.catalina.startup.HostConfig.deployWARs(HostConfig.java:817)
		at org.apache.catalina.startup.HostConfig.deployApps(HostConfig.java:468)
		at org.apache.catalina.startup.HostConfig.start(HostConfig.java:1579)
		at org.apache.catalina.startup.HostConfig.lifecycleEvent(HostConfig.java:312)
		at org.apache.catalina.util.LifecycleBase.fireLifecycleEvent(LifecycleBase.java:109)
		at org.apache.catalina.util.LifecycleBase.setStateInternal(LifecycleBase.java:389)
		at org.apache.catalina.util.LifecycleBase.setState(LifecycleBase.java:336)
		at org.apache.catalina.core.ContainerBase.startInternal(ContainerBase.java:776)
		at org.apache.catalina.core.StandardHost.startInternal(StandardHost.java:721)
		at org.apache.catalina.util.LifecycleBase.start(LifecycleBase.java:164)
		at org.apache.catalina.core.ContainerBase$StartChild.call(ContainerBase.java:1203)
		at org.apache.catalina.core.ContainerBase$StartChild.call(ContainerBase.java:1193)
		at java.base/java.util.concurrent.FutureTask.run(FutureTask.java:264)
		at org.apache.tomcat.util.threads.InlineExecutorService.execute(InlineExecutorService.java:76)
		at java.base/java.util.concurrent.AbstractExecutorService.submit(AbstractExecutorService.java:145)
		at org.apache.catalina.core.ContainerBase.startInternal(ContainerBase.java:749)
		at org.apache.catalina.core.StandardEngine.startInternal(StandardEngine.java:211)
		at org.apache.catalina.util.LifecycleBase.start(LifecycleBase.java:164)
		at org.apache.catalina.core.StandardService.startInternal(StandardService.java:412)
		at org.apache.catalina.util.LifecycleBase.start(LifecycleBase.java:164)
		at org.apache.catalina.core.StandardServer.startInternal(StandardServer.java:874)
		at org.apache.catalina.util.LifecycleBase.start(LifecycleBase.java:164)
		at org.apache.catalina.startup.Catalina.start(Catalina.java:739)
		at java.base/jdk.internal.reflect.NativeMethodAccessorImpl.invoke0(Native Method)
		at java.base/jdk.internal.reflect.NativeMethodAccessorImpl.invoke(NativeMethodAccessorImpl.java:77)
		at java.base/jdk.internal.reflect.DelegatingMethodAccessorImpl.invoke(DelegatingMethodAccessorImpl.java:43)
		at java.base/java.lang.reflect.Method.invoke(Method.java:569)
		at org.apache.catalina.startup.Bootstrap.start(Bootstrap.java:345)
		at org.apache.catalina.startup.Bootstrap.main(Bootstrap.java:476)
	Caused by: javax.persistence.PersistenceException: Unexpected error parsing [file:/Users/nguyendinhtanloc/Documents/Semester_1_2025/Web/Week10/tomCat/webapps/Lesson/WEB-INF/classes/META-INF/persistence.xml]
		at org.hibernate.jpa.boot.internal.PersistenceXmlParser.loadUrl(PersistenceXmlParser.java:463)
		at org.hibernate.jpa.boot.internal.PersistenceXmlParser.parsePersistenceXml(PersistenceXmlParser.java:249)
		at org.hibernate.jpa.boot.internal.PersistenceXmlParser.parsePersistenceXml(PersistenceXmlParser.java:240)
		at org.hibernate.jpa.boot.internal.PersistenceXmlParser.doResolve(PersistenceXmlParser.java:234)
		at org.hibernate.jpa.boot.internal.PersistenceXmlParser.locatePersistenceUnits(PersistenceXmlParser.java:68)
		at org.hibernate.jpa.HibernatePersistenceProvider.getEntityManagerFactoryBuilderOrNull(HibernatePersistenceProvider.java:81)
		... 50 more
	Caused by: org.xml.sax.SAXParseException; lineNumber: 18; columnNumber: 136; The reference to entity "serverTimezone" must end with the ';' delimiter.
		at java.xml/com.sun.org.apache.xerces.internal.parsers.DOMParser.parse(DOMParser.java:262)
		at java.xml/com.sun.org.apache.xerces.internal.jaxp.DocumentBuilderImpl.parse(DocumentBuilderImpl.java:342)
		at org.hibernate.jpa.boot.internal.PersistenceXmlParser.loadUrl(PersistenceXmlParser.java:458)
		... 55 more
05-Oct-2025 18:52:22.152 SEVERE [main] org.apache.catalina.core.StandardContext.loadOnStartup Servlet [SqlGatewayServlet] in web application [/Lesson] threw load() exception
	org.xml.sax.SAXParseException; lineNumber: 18; columnNumber: 136; The reference to entity "serverTimezone" must end with the ';' delimiter.
		at java.xml/com.sun.org.apache.xerces.internal.parsers.DOMParser.parse(DOMParser.java:262)
		at java.xml/com.sun.org.apache.xerces.internal.jaxp.DocumentBuilderImpl.parse(DocumentBuilderImpl.java:342)
		at org.hibernate.jpa.boot.internal.PersistenceXmlParser.loadUrl(PersistenceXmlParser.java:458)
		at org.hibernate.jpa.boot.internal.PersistenceXmlParser.parsePersistenceXml(PersistenceXmlParser.java:249)
		at org.hibernate.jpa.boot.internal.PersistenceXmlParser.parsePersistenceXml(PersistenceXmlParser.java:240)
		at org.hibernate.jpa.boot.internal.PersistenceXmlParser.doResolve(PersistenceXmlParser.java:234)
		at org.hibernate.jpa.boot.internal.PersistenceXmlParser.locatePersistenceUnits(PersistenceXmlParser.java:68)
		at org.hibernate.jpa.HibernatePersistenceProvider.getEntityManagerFactoryBuilderOrNull(HibernatePersistenceProvider.java:81)
		at org.hibernate.jpa.HibernatePersistenceProvider.getEntityManagerFactoryBuilderOrNull(HibernatePersistenceProvider.java:61)
		at org.hibernate.jpa.HibernatePersistenceProvider.createEntityManagerFactory(HibernatePersistenceProvider.java:50)
		at javax.persistence.Persistence.createEntityManagerFactory(Persistence.java:79)
		at javax.persistence.Persistence.createEntityManagerFactory(Persistence.java:54)
		at murach.sql.SqlGatewayServlet.init(SqlGatewayServlet.java:16)
		at javax.servlet.GenericServlet.init(GenericServlet.java:143)
		at org.apache.catalina.core.StandardWrapper.initServlet(StandardWrapper.java:989)
		at org.apache.catalina.core.StandardWrapper.loadServlet(StandardWrapper.java:946)
		at org.apache.catalina.core.StandardWrapper.load(StandardWrapper.java:843)
		at org.apache.catalina.core.StandardContext.loadOnStartup(StandardContext.java:4234)
		at org.apache.catalina.core.StandardContext.startInternal(StandardContext.java:4535)
		at org.apache.catalina.util.LifecycleBase.start(LifecycleBase.java:164)
		at org.apache.catalina.core.ContainerBase.addChildInternal(ContainerBase.java:599)
		at org.apache.catalina.core.ContainerBase.addChild(ContainerBase.java:571)
		at org.apache.catalina.core.StandardHost.addChild(StandardHost.java:603)
		at org.apache.catalina.startup.HostConfig.deployWAR(HostConfig.java:1013)
		at org.apache.catalina.startup.HostConfig$DeployWar.run(HostConfig.java:1861)
		at java.base/java.util.concurrent.Executors$RunnableAdapter.call(Executors.java:539)
		at java.base/java.util.concurrent.FutureTask.run(FutureTask.java:264)
		at org.apache.tomcat.util.threads.InlineExecutorService.execute(InlineExecutorService.java:76)
		at java.base/java.util.concurrent.AbstractExecutorService.submit(AbstractExecutorService.java:123)
		at org.apache.catalina.startup.HostConfig.deployWARs(HostConfig.java:817)
		at org.apache.catalina.startup.HostConfig.deployApps(HostConfig.java:468)
		at org.apache.catalina.startup.HostConfig.start(HostConfig.java:1579)
		at org.apache.catalina.startup.HostConfig.lifecycleEvent(HostConfig.java:312)
		at org.apache.catalina.util.LifecycleBase.fireLifecycleEvent(LifecycleBase.java:109)
		at org.apache.catalina.util.LifecycleBase.setStateInternal(LifecycleBase.java:389)
		at org.apache.catalina.util.LifecycleBase.setState(LifecycleBase.java:336)
		at org.apache.catalina.core.ContainerBase.startInternal(ContainerBase.java:776)
		at org.apache.catalina.core.StandardHost.startInternal(StandardHost.java:721)
		at org.apache.catalina.util.LifecycleBase.start(LifecycleBase.java:164)
		at org.apache.catalina.core.ContainerBase$StartChild.call(ContainerBase.java:1203)
		at org.apache.catalina.core.ContainerBase$StartChild.call(ContainerBase.java:1193)
		at java.base/java.util.concurrent.FutureTask.run(FutureTask.java:264)
		at org.apache.tomcat.util.threads.InlineExecutorService.execute(InlineExecutorService.java:76)
		at java.base/java.util.concurrent.AbstractExecutorService.submit(AbstractExecutorService.java:145)
		at org.apache.catalina.core.ContainerBase.startInternal(ContainerBase.java:749)
		at org.apache.catalina.core.StandardEngine.startInternal(StandardEngine.java:211)
		at org.apache.catalina.util.LifecycleBase.start(LifecycleBase.java:164)
		at org.apache.catalina.core.StandardService.startInternal(StandardService.java:412)
		at org.apache.catalina.util.LifecycleBase.start(LifecycleBase.java:164)
		at org.apache.catalina.core.StandardServer.startInternal(StandardServer.java:874)
		at org.apache.catalina.util.LifecycleBase.start(LifecycleBase.java:164)
		at org.apache.catalina.startup.Catalina.start(Catalina.java:739)
		at java.base/jdk.internal.reflect.NativeMethodAccessorImpl.invoke0(Native Method)
		at java.base/jdk.internal.reflect.NativeMethodAccessorImpl.invoke(NativeMethodAccessorImpl.java:77)
		at java.base/jdk.internal.reflect.DelegatingMethodAccessorImpl.invoke(DelegatingMethodAccessorImpl.java:43)
		at java.base/java.lang.reflect.Method.invoke(Method.java:569)
		at org.apache.catalina.startup.Bootstrap.start(Bootstrap.java:345)
		at org.apache.catalina.startup.Bootstrap.main(Bootstrap.java:476)
05-Oct-2025 18:52:22.259 INFO [main] org.apache.catalina.core.ApplicationContext.log ContextListener: contextInitialized()
05-Oct-2025 18:52:22.259 INFO [main] org.apache.catalina.core.ApplicationContext.log SessionListener: contextInitialized()
05-Oct-2025 18:52:22.259 INFO [main] org.apache.catalina.core.ApplicationContext.log ContextListener: attributeAdded('StockTicker', 'async.Stockticker@2f6e92ca')
05-Oct-2025 18:52:25.809 SEVERE [http-nio-8080-exec-1] org.apache.catalina.core.ApplicationContext.log Servlet.init() for servlet [murach.sql.SqlGatewayServlet] threw exception
	javax.persistence.PersistenceException: Unable to locate persistence units
		at org.hibernate.jpa.HibernatePersistenceProvider.getEntityManagerFactoryBuilderOrNull(HibernatePersistenceProvider.java:85)
		at org.hibernate.jpa.HibernatePersistenceProvider.getEntityManagerFactoryBuilderOrNull(HibernatePersistenceProvider.java:61)
		at org.hibernate.jpa.HibernatePersistenceProvider.createEntityManagerFactory(HibernatePersistenceProvider.java:50)
		at javax.persistence.Persistence.createEntityManagerFactory(Persistence.java:79)
		at javax.persistence.Persistence.createEntityManagerFactory(Persistence.java:54)
		at murach.sql.SqlGatewayServlet.init(SqlGatewayServlet.java:16)
		at javax.servlet.GenericServlet.init(GenericServlet.java:143)
		at org.apache.catalina.core.StandardWrapper.initServlet(StandardWrapper.java:989)
		at org.apache.catalina.core.StandardWrapper.loadServlet(StandardWrapper.java:946)
		at org.apache.catalina.core.StandardWrapper.allocate(StandardWrapper.java:664)
		at org.apache.catalina.core.StandardWrapperValve.invoke(StandardWrapperValve.java:116)
		at org.apache.catalina.core.StandardContextValve.invoke(StandardContextValve.java:90)
		at org.apache.catalina.authenticator.AuthenticatorBase.invoke(AuthenticatorBase.java:482)
		at org.apache.catalina.core.StandardHostValve.invoke(StandardHostValve.java:130)
		at org.apache.catalina.valves.ErrorReportValve.invoke(ErrorReportValve.java:93)
		at org.apache.catalina.valves.AbstractAccessLogValve.invoke(AbstractAccessLogValve.java:656)
		at org.apache.catalina.core.StandardEngineValve.invoke(StandardEngineValve.java:74)
		at org.apache.catalina.connector.CoyoteAdapter.service(CoyoteAdapter.java:346)
		at org.apache.coyote.http11.Http11Processor.service(Http11Processor.java:397)
		at org.apache.coyote.AbstractProcessorLight.process(AbstractProcessorLight.java:63)
		at org.apache.coyote.AbstractProtocol$ConnectionHandler.process(AbstractProtocol.java:935)
		at org.apache.tomcat.util.net.NioEndpoint$SocketProcessor.doRun(NioEndpoint.java:1826)
		at org.apache.tomcat.util.net.SocketProcessorBase.run(SocketProcessorBase.java:52)
		at org.apache.tomcat.util.threads.ThreadPoolExecutor.runWorker(ThreadPoolExecutor.java:1189)
		at org.apache.tomcat.util.threads.ThreadPoolExecutor$Worker.run(ThreadPoolExecutor.java:658)
		at org.apache.tomcat.util.threads.TaskThread$WrappingRunnable.run(TaskThread.java:63)
		at java.base/java.lang.Thread.run(Thread.java:840)
	Caused by: javax.persistence.PersistenceException: Unexpected error parsing [file:/Users/nguyendinhtanloc/Documents/Semester_1_2025/Web/Week10/tomCat/webapps/Lesson/WEB-INF/classes/META-INF/persistence.xml]
		at org.hibernate.jpa.boot.internal.PersistenceXmlParser.loadUrl(PersistenceXmlParser.java:463)
		at org.hibernate.jpa.boot.internal.PersistenceXmlParser.parsePersistenceXml(PersistenceXmlParser.java:249)
		at org.hibernate.jpa.boot.internal.PersistenceXmlParser.parsePersistenceXml(PersistenceXmlParser.java:240)
		at org.hibernate.jpa.boot.internal.PersistenceXmlParser.doResolve(PersistenceXmlParser.java:234)
		at org.hibernate.jpa.boot.internal.PersistenceXmlParser.locatePersistenceUnits(PersistenceXmlParser.java:68)
		at org.hibernate.jpa.HibernatePersistenceProvider.getEntityManagerFactoryBuilderOrNull(HibernatePersistenceProvider.java:81)
		... 26 more
	Caused by: org.xml.sax.SAXParseException; lineNumber: 18; columnNumber: 136; The reference to entity "serverTimezone" must end with the ';' delimiter.
		at java.xml/com.sun.org.apache.xerces.internal.parsers.DOMParser.parse(DOMParser.java:262)
		at java.xml/com.sun.org.apache.xerces.internal.jaxp.DocumentBuilderImpl.parse(DocumentBuilderImpl.java:342)
		at org.hibernate.jpa.boot.internal.PersistenceXmlParser.loadUrl(PersistenceXmlParser.java:458)
		... 31 more
05-Oct-2025 18:52:25.809 SEVERE [http-nio-8080-exec-1] org.apache.catalina.core.StandardWrapperValve.invoke Allocate exception for servlet [murach.sql.SqlGatewayServlet]
	org.xml.sax.SAXParseException; lineNumber: 18; columnNumber: 136; The reference to entity "serverTimezone" must end with the ';' delimiter.
		at java.xml/com.sun.org.apache.xerces.internal.parsers.DOMParser.parse(DOMParser.java:262)
		at java.xml/com.sun.org.apache.xerces.internal.jaxp.DocumentBuilderImpl.parse(DocumentBuilderImpl.java:342)
		at org.hibernate.jpa.boot.internal.PersistenceXmlParser.loadUrl(PersistenceXmlParser.java:458)
		at org.hibernate.jpa.boot.internal.PersistenceXmlParser.parsePersistenceXml(PersistenceXmlParser.java:249)
		at org.hibernate.jpa.boot.internal.PersistenceXmlParser.parsePersistenceXml(PersistenceXmlParser.java:240)
		at org.hibernate.jpa.boot.internal.PersistenceXmlParser.doResolve(PersistenceXmlParser.java:234)
		at org.hibernate.jpa.boot.internal.PersistenceXmlParser.locatePersistenceUnits(PersistenceXmlParser.java:68)
		at org.hibernate.jpa.HibernatePersistenceProvider.getEntityManagerFactoryBuilderOrNull(HibernatePersistenceProvider.java:81)
		at org.hibernate.jpa.HibernatePersistenceProvider.getEntityManagerFactoryBuilderOrNull(HibernatePersistenceProvider.java:61)
		at org.hibernate.jpa.HibernatePersistenceProvider.createEntityManagerFactory(HibernatePersistenceProvider.java:50)
		at javax.persistence.Persistence.createEntityManagerFactory(Persistence.java:79)
		at javax.persistence.Persistence.createEntityManagerFactory(Persistence.java:54)
		at murach.sql.SqlGatewayServlet.init(SqlGatewayServlet.java:16)
		at javax.servlet.GenericServlet.init(GenericServlet.java:143)
		at org.apache.catalina.core.StandardWrapper.initServlet(StandardWrapper.java:989)
		at org.apache.catalina.core.StandardWrapper.loadServlet(StandardWrapper.java:946)
		at org.apache.catalina.core.StandardWrapper.allocate(StandardWrapper.java:664)
		at org.apache.catalina.core.StandardWrapperValve.invoke(StandardWrapperValve.java:116)
		at org.apache.catalina.core.StandardContextValve.invoke(StandardContextValve.java:90)
		at org.apache.catalina.authenticator.AuthenticatorBase.invoke(AuthenticatorBase.java:482)
		at org.apache.catalina.core.StandardHostValve.invoke(StandardHostValve.java:130)
		at org.apache.catalina.valves.ErrorReportValve.invoke(ErrorReportValve.java:93)
		at org.apache.catalina.valves.AbstractAccessLogValve.invoke(AbstractAccessLogValve.java:656)
		at org.apache.catalina.core.StandardEngineValve.invoke(StandardEngineValve.java:74)
		at org.apache.catalina.connector.CoyoteAdapter.service(CoyoteAdapter.java:346)
		at org.apache.coyote.http11.Http11Processor.service(Http11Processor.java:397)
		at org.apache.coyote.AbstractProcessorLight.process(AbstractProcessorLight.java:63)
		at org.apache.coyote.AbstractProtocol$ConnectionHandler.process(AbstractProtocol.java:935)
		at org.apache.tomcat.util.net.NioEndpoint$SocketProcessor.doRun(NioEndpoint.java:1826)
		at org.apache.tomcat.util.net.SocketProcessorBase.run(SocketProcessorBase.java:52)
		at org.apache.tomcat.util.threads.ThreadPoolExecutor.runWorker(ThreadPoolExecutor.java:1189)
		at org.apache.tomcat.util.threads.ThreadPoolExecutor$Worker.run(ThreadPoolExecutor.java:658)
		at org.apache.tomcat.util.threads.TaskThread$WrappingRunnable.run(TaskThread.java:63)
		at java.base/java.lang.Thread.run(Thread.java:840)
05-Oct-2025 18:52:42.209 SEVERE [http-nio-8080-exec-7] org.apache.catalina.core.ApplicationContext.log Servlet.init() for servlet [murach.sql.SqlGatewayServlet] threw exception
	javax.persistence.PersistenceException: Unable to locate persistence units
		at org.hibernate.jpa.HibernatePersistenceProvider.getEntityManagerFactoryBuilderOrNull(HibernatePersistenceProvider.java:85)
		at org.hibernate.jpa.HibernatePersistenceProvider.getEntityManagerFactoryBuilderOrNull(HibernatePersistenceProvider.java:61)
		at org.hibernate.jpa.HibernatePersistenceProvider.createEntityManagerFactory(HibernatePersistenceProvider.java:50)
		at javax.persistence.Persistence.createEntityManagerFactory(Persistence.java:79)
		at javax.persistence.Persistence.createEntityManagerFactory(Persistence.java:54)
		at murach.sql.SqlGatewayServlet.init(SqlGatewayServlet.java:16)
		at javax.servlet.GenericServlet.init(GenericServlet.java:143)
		at org.apache.catalina.core.StandardWrapper.initServlet(StandardWrapper.java:989)
		at org.apache.catalina.core.StandardWrapper.loadServlet(StandardWrapper.java:946)
		at org.apache.catalina.core.StandardWrapper.allocate(StandardWrapper.java:664)
		at org.apache.catalina.core.StandardWrapperValve.invoke(StandardWrapperValve.java:116)
		at org.apache.catalina.core.StandardContextValve.invoke(StandardContextValve.java:90)
		at org.apache.catalina.authenticator.AuthenticatorBase.invoke(AuthenticatorBase.java:482)
		at org.apache.catalina.core.StandardHostValve.invoke(StandardHostValve.java:130)
		at org.apache.catalina.valves.ErrorReportValve.invoke(ErrorReportValve.java:93)
		at org.apache.catalina.valves.AbstractAccessLogValve.invoke(AbstractAccessLogValve.java:656)
		at org.apache.catalina.core.StandardEngineValve.invoke(StandardEngineValve.java:74)
		at org.apache.catalina.connector.CoyoteAdapter.service(CoyoteAdapter.java:346)
		at org.apache.coyote.http11.Http11Processor.service(Http11Processor.java:397)
		at org.apache.coyote.AbstractProcessorLight.process(AbstractProcessorLight.java:63)
		at org.apache.coyote.AbstractProtocol$ConnectionHandler.process(AbstractProtocol.java:935)
		at org.apache.tomcat.util.net.NioEndpoint$SocketProcessor.doRun(NioEndpoint.java:1826)
		at org.apache.tomcat.util.net.SocketProcessorBase.run(SocketProcessorBase.java:52)
		at org.apache.tomcat.util.threads.ThreadPoolExecutor.runWorker(ThreadPoolExecutor.java:1189)
		at org.apache.tomcat.util.threads.ThreadPoolExecutor$Worker.run(ThreadPoolExecutor.java:658)
		at org.apache.tomcat.util.threads.TaskThread$WrappingRunnable.run(TaskThread.java:63)
		at java.base/java.lang.Thread.run(Thread.java:840)
	Caused by: javax.persistence.PersistenceException: Unexpected error parsing [file:/Users/nguyendinhtanloc/Documents/Semester_1_2025/Web/Week10/tomCat/webapps/Lesson/WEB-INF/classes/META-INF/persistence.xml]
		at org.hibernate.jpa.boot.internal.PersistenceXmlParser.loadUrl(PersistenceXmlParser.java:463)
		at org.hibernate.jpa.boot.internal.PersistenceXmlParser.parsePersistenceXml(PersistenceXmlParser.java:249)
		at org.hibernate.jpa.boot.internal.PersistenceXmlParser.parsePersistenceXml(PersistenceXmlParser.java:240)
		at org.hibernate.jpa.boot.internal.PersistenceXmlParser.doResolve(PersistenceXmlParser.java:234)
		at org.hibernate.jpa.boot.internal.PersistenceXmlParser.locatePersistenceUnits(PersistenceXmlParser.java:68)
		at org.hibernate.jpa.HibernatePersistenceProvider.getEntityManagerFactoryBuilderOrNull(HibernatePersistenceProvider.java:81)
		... 26 more
	Caused by: org.xml.sax.SAXParseException; lineNumber: 18; columnNumber: 136; The reference to entity "serverTimezone" must end with the ';' delimiter.
		at java.xml/com.sun.org.apache.xerces.internal.parsers.DOMParser.parse(DOMParser.java:262)
		at java.xml/com.sun.org.apache.xerces.internal.jaxp.DocumentBuilderImpl.parse(DocumentBuilderImpl.java:342)
		at org.hibernate.jpa.boot.internal.PersistenceXmlParser.loadUrl(PersistenceXmlParser.java:458)
		... 31 more
05-Oct-2025 18:52:42.209 SEVERE [http-nio-8080-exec-7] org.apache.catalina.core.StandardWrapperValve.invoke Allocate exception for servlet [murach.sql.SqlGatewayServlet]
	org.xml.sax.SAXParseException; lineNumber: 18; columnNumber: 136; The reference to entity "serverTimezone" must end with the ';' delimiter.
		at java.xml/com.sun.org.apache.xerces.internal.parsers.DOMParser.parse(DOMParser.java:262)
		at java.xml/com.sun.org.apache.xerces.internal.jaxp.DocumentBuilderImpl.parse(DocumentBuilderImpl.java:342)
		at org.hibernate.jpa.boot.internal.PersistenceXmlParser.loadUrl(PersistenceXmlParser.java:458)
		at org.hibernate.jpa.boot.internal.PersistenceXmlParser.parsePersistenceXml(PersistenceXmlParser.java:249)
		at org.hibernate.jpa.boot.internal.PersistenceXmlParser.parsePersistenceXml(PersistenceXmlParser.java:240)
		at org.hibernate.jpa.boot.internal.PersistenceXmlParser.doResolve(PersistenceXmlParser.java:234)
		at org.hibernate.jpa.boot.internal.PersistenceXmlParser.locatePersistenceUnits(PersistenceXmlParser.java:68)
		at org.hibernate.jpa.HibernatePersistenceProvider.getEntityManagerFactoryBuilderOrNull(HibernatePersistenceProvider.java:81)
		at org.hibernate.jpa.HibernatePersistenceProvider.getEntityManagerFactoryBuilderOrNull(HibernatePersistenceProvider.java:61)
		at org.hibernate.jpa.HibernatePersistenceProvider.createEntityManagerFactory(HibernatePersistenceProvider.java:50)
		at javax.persistence.Persistence.createEntityManagerFactory(Persistence.java:79)
		at javax.persistence.Persistence.createEntityManagerFactory(Persistence.java:54)
		at murach.sql.SqlGatewayServlet.init(SqlGatewayServlet.java:16)
		at javax.servlet.GenericServlet.init(GenericServlet.java:143)
		at org.apache.catalina.core.StandardWrapper.initServlet(StandardWrapper.java:989)
		at org.apache.catalina.core.StandardWrapper.loadServlet(StandardWrapper.java:946)
		at org.apache.catalina.core.StandardWrapper.allocate(StandardWrapper.java:664)
		at org.apache.catalina.core.StandardWrapperValve.invoke(StandardWrapperValve.java:116)
		at org.apache.catalina.core.StandardContextValve.invoke(StandardContextValve.java:90)
		at org.apache.catalina.authenticator.AuthenticatorBase.invoke(AuthenticatorBase.java:482)
		at org.apache.catalina.core.StandardHostValve.invoke(StandardHostValve.java:130)
		at org.apache.catalina.valves.ErrorReportValve.invoke(ErrorReportValve.java:93)
		at org.apache.catalina.valves.AbstractAccessLogValve.invoke(AbstractAccessLogValve.java:656)
		at org.apache.catalina.core.StandardEngineValve.invoke(StandardEngineValve.java:74)
		at org.apache.catalina.connector.CoyoteAdapter.service(CoyoteAdapter.java:346)
		at org.apache.coyote.http11.Http11Processor.service(Http11Processor.java:397)
		at org.apache.coyote.AbstractProcessorLight.process(AbstractProcessorLight.java:63)
		at org.apache.coyote.AbstractProtocol$ConnectionHandler.process(AbstractProtocol.java:935)
		at org.apache.tomcat.util.net.NioEndpoint$SocketProcessor.doRun(NioEndpoint.java:1826)
		at org.apache.tomcat.util.net.SocketProcessorBase.run(SocketProcessorBase.java:52)
		at org.apache.tomcat.util.threads.ThreadPoolExecutor.runWorker(ThreadPoolExecutor.java:1189)
		at org.apache.tomcat.util.threads.ThreadPoolExecutor$Worker.run(ThreadPoolExecutor.java:658)
		at org.apache.tomcat.util.threads.TaskThread$WrappingRunnable.run(TaskThread.java:63)
		at java.base/java.lang.Thread.run(Thread.java:840)
05-Oct-2025 18:53:27.925 INFO [main] org.apache.catalina.core.ApplicationContext.log SessionListener: contextDestroyed()
05-Oct-2025 18:53:27.925 INFO [main] org.apache.catalina.core.ApplicationContext.log ContextListener: contextDestroyed()
05-Oct-2025 18:55:05.402 SEVERE [main] org.apache.catalina.core.ApplicationContext.log Servlet.init() for servlet [SqlGatewayServlet] threw exception
	javax.persistence.PersistenceException: Unable to locate persistence units
		at org.hibernate.jpa.HibernatePersistenceProvider.getEntityManagerFactoryBuilderOrNull(HibernatePersistenceProvider.java:85)
		at org.hibernate.jpa.HibernatePersistenceProvider.getEntityManagerFactoryBuilderOrNull(HibernatePersistenceProvider.java:61)
		at org.hibernate.jpa.HibernatePersistenceProvider.createEntityManagerFactory(HibernatePersistenceProvider.java:50)
		at javax.persistence.Persistence.createEntityManagerFactory(Persistence.java:79)
		at javax.persistence.Persistence.createEntityManagerFactory(Persistence.java:54)
		at murach.sql.SqlGatewayServlet.init(SqlGatewayServlet.java:16)
		at javax.servlet.GenericServlet.init(GenericServlet.java:143)
		at org.apache.catalina.core.StandardWrapper.initServlet(StandardWrapper.java:989)
		at org.apache.catalina.core.StandardWrapper.loadServlet(StandardWrapper.java:946)
		at org.apache.catalina.core.StandardWrapper.load(StandardWrapper.java:843)
		at org.apache.catalina.core.StandardContext.loadOnStartup(StandardContext.java:4234)
		at org.apache.catalina.core.StandardContext.startInternal(StandardContext.java:4535)
		at org.apache.catalina.util.LifecycleBase.start(LifecycleBase.java:164)
		at org.apache.catalina.core.ContainerBase.addChildInternal(ContainerBase.java:599)
		at org.apache.catalina.core.ContainerBase.addChild(ContainerBase.java:571)
		at org.apache.catalina.core.StandardHost.addChild(StandardHost.java:603)
		at org.apache.catalina.startup.HostConfig.deployWAR(HostConfig.java:1013)
		at org.apache.catalina.startup.HostConfig$DeployWar.run(HostConfig.java:1861)
		at java.base/java.util.concurrent.Executors$RunnableAdapter.call(Executors.java:539)
		at java.base/java.util.concurrent.FutureTask.run(FutureTask.java:264)
		at org.apache.tomcat.util.threads.InlineExecutorService.execute(InlineExecutorService.java:76)
		at java.base/java.util.concurrent.AbstractExecutorService.submit(AbstractExecutorService.java:123)
		at org.apache.catalina.startup.HostConfig.deployWARs(HostConfig.java:817)
		at org.apache.catalina.startup.HostConfig.deployApps(HostConfig.java:468)
		at org.apache.catalina.startup.HostConfig.start(HostConfig.java:1579)
		at org.apache.catalina.startup.HostConfig.lifecycleEvent(HostConfig.java:312)
		at org.apache.catalina.util.LifecycleBase.fireLifecycleEvent(LifecycleBase.java:109)
		at org.apache.catalina.util.LifecycleBase.setStateInternal(LifecycleBase.java:389)
		at org.apache.catalina.util.LifecycleBase.setState(LifecycleBase.java:336)
		at org.apache.catalina.core.ContainerBase.startInternal(ContainerBase.java:776)
		at org.apache.catalina.core.StandardHost.startInternal(StandardHost.java:721)
		at org.apache.catalina.util.LifecycleBase.start(LifecycleBase.java:164)
		at org.apache.catalina.core.ContainerBase$StartChild.call(ContainerBase.java:1203)
		at org.apache.catalina.core.ContainerBase$StartChild.call(ContainerBase.java:1193)
		at java.base/java.util.concurrent.FutureTask.run(FutureTask.java:264)
		at org.apache.tomcat.util.threads.InlineExecutorService.execute(InlineExecutorService.java:76)
		at java.base/java.util.concurrent.AbstractExecutorService.submit(AbstractExecutorService.java:145)
		at org.apache.catalina.core.ContainerBase.startInternal(ContainerBase.java:749)
		at org.apache.catalina.core.StandardEngine.startInternal(StandardEngine.java:211)
		at org.apache.catalina.util.LifecycleBase.start(LifecycleBase.java:164)
		at org.apache.catalina.core.StandardService.startInternal(StandardService.java:412)
		at org.apache.catalina.util.LifecycleBase.start(LifecycleBase.java:164)
		at org.apache.catalina.core.StandardServer.startInternal(StandardServer.java:874)
		at org.apache.catalina.util.LifecycleBase.start(LifecycleBase.java:164)
		at org.apache.catalina.startup.Catalina.start(Catalina.java:739)
		at java.base/jdk.internal.reflect.NativeMethodAccessorImpl.invoke0(Native Method)
		at java.base/jdk.internal.reflect.NativeMethodAccessorImpl.invoke(NativeMethodAccessorImpl.java:77)
		at java.base/jdk.internal.reflect.DelegatingMethodAccessorImpl.invoke(DelegatingMethodAccessorImpl.java:43)
		at java.base/java.lang.reflect.Method.invoke(Method.java:569)
		at org.apache.catalina.startup.Bootstrap.start(Bootstrap.java:345)
		at org.apache.catalina.startup.Bootstrap.main(Bootstrap.java:476)
	Caused by: javax.persistence.PersistenceException: Unexpected error parsing [file:/Users/nguyendinhtanloc/Documents/Semester_1_2025/Web/Week10/tomCat/webapps/Lesson/WEB-INF/classes/META-INF/persistence.xml]
		at org.hibernate.jpa.boot.internal.PersistenceXmlParser.loadUrl(PersistenceXmlParser.java:463)
		at org.hibernate.jpa.boot.internal.PersistenceXmlParser.parsePersistenceXml(PersistenceXmlParser.java:249)
		at org.hibernate.jpa.boot.internal.PersistenceXmlParser.parsePersistenceXml(PersistenceXmlParser.java:240)
		at org.hibernate.jpa.boot.internal.PersistenceXmlParser.doResolve(PersistenceXmlParser.java:234)
		at org.hibernate.jpa.boot.internal.PersistenceXmlParser.locatePersistenceUnits(PersistenceXmlParser.java:68)
		at org.hibernate.jpa.HibernatePersistenceProvider.getEntityManagerFactoryBuilderOrNull(HibernatePersistenceProvider.java:81)
		... 50 more
	Caused by: org.xml.sax.SAXParseException; lineNumber: 18; columnNumber: 136; The reference to entity "serverTimezone" must end with the ';' delimiter.
		at java.xml/com.sun.org.apache.xerces.internal.parsers.DOMParser.parse(DOMParser.java:262)
		at java.xml/com.sun.org.apache.xerces.internal.jaxp.DocumentBuilderImpl.parse(DocumentBuilderImpl.java:342)
		at org.hibernate.jpa.boot.internal.PersistenceXmlParser.loadUrl(PersistenceXmlParser.java:458)
		... 55 more
05-Oct-2025 18:55:05.402 SEVERE [main] org.apache.catalina.core.StandardContext.loadOnStartup Servlet [SqlGatewayServlet] in web application [/Lesson] threw load() exception
	org.xml.sax.SAXParseException; lineNumber: 18; columnNumber: 136; The reference to entity "serverTimezone" must end with the ';' delimiter.
		at java.xml/com.sun.org.apache.xerces.internal.parsers.DOMParser.parse(DOMParser.java:262)
		at java.xml/com.sun.org.apache.xerces.internal.jaxp.DocumentBuilderImpl.parse(DocumentBuilderImpl.java:342)
		at org.hibernate.jpa.boot.internal.PersistenceXmlParser.loadUrl(PersistenceXmlParser.java:458)
		at org.hibernate.jpa.boot.internal.PersistenceXmlParser.parsePersistenceXml(PersistenceXmlParser.java:249)
		at org.hibernate.jpa.boot.internal.PersistenceXmlParser.parsePersistenceXml(PersistenceXmlParser.java:240)
		at org.hibernate.jpa.boot.internal.PersistenceXmlParser.doResolve(PersistenceXmlParser.java:234)
		at org.hibernate.jpa.boot.internal.PersistenceXmlParser.locatePersistenceUnits(PersistenceXmlParser.java:68)
		at org.hibernate.jpa.HibernatePersistenceProvider.getEntityManagerFactoryBuilderOrNull(HibernatePersistenceProvider.java:81)
		at org.hibernate.jpa.HibernatePersistenceProvider.getEntityManagerFactoryBuilderOrNull(HibernatePersistenceProvider.java:61)
		at org.hibernate.jpa.HibernatePersistenceProvider.createEntityManagerFactory(HibernatePersistenceProvider.java:50)
		at javax.persistence.Persistence.createEntityManagerFactory(Persistence.java:79)
		at javax.persistence.Persistence.createEntityManagerFactory(Persistence.java:54)
		at murach.sql.SqlGatewayServlet.init(SqlGatewayServlet.java:16)
		at javax.servlet.GenericServlet.init(GenericServlet.java:143)
		at org.apache.catalina.core.StandardWrapper.initServlet(StandardWrapper.java:989)
		at org.apache.catalina.core.StandardWrapper.loadServlet(StandardWrapper.java:946)
		at org.apache.catalina.core.StandardWrapper.load(StandardWrapper.java:843)
		at org.apache.catalina.core.StandardContext.loadOnStartup(StandardContext.java:4234)
		at org.apache.catalina.core.StandardContext.startInternal(StandardContext.java:4535)
		at org.apache.catalina.util.LifecycleBase.start(LifecycleBase.java:164)
		at org.apache.catalina.core.ContainerBase.addChildInternal(ContainerBase.java:599)
		at org.apache.catalina.core.ContainerBase.addChild(ContainerBase.java:571)
		at org.apache.catalina.core.StandardHost.addChild(StandardHost.java:603)
		at org.apache.catalina.startup.HostConfig.deployWAR(HostConfig.java:1013)
		at org.apache.catalina.startup.HostConfig$DeployWar.run(HostConfig.java:1861)
		at java.base/java.util.concurrent.Executors$RunnableAdapter.call(Executors.java:539)
		at java.base/java.util.concurrent.FutureTask.run(FutureTask.java:264)
		at org.apache.tomcat.util.threads.InlineExecutorService.execute(InlineExecutorService.java:76)
		at java.base/java.util.concurrent.AbstractExecutorService.submit(AbstractExecutorService.java:123)
		at org.apache.catalina.startup.HostConfig.deployWARs(HostConfig.java:817)
		at org.apache.catalina.startup.HostConfig.deployApps(HostConfig.java:468)
		at org.apache.catalina.startup.HostConfig.start(HostConfig.java:1579)
		at org.apache.catalina.startup.HostConfig.lifecycleEvent(HostConfig.java:312)
		at org.apache.catalina.util.LifecycleBase.fireLifecycleEvent(LifecycleBase.java:109)
		at org.apache.catalina.util.LifecycleBase.setStateInternal(LifecycleBase.java:389)
		at org.apache.catalina.util.LifecycleBase.setState(LifecycleBase.java:336)
		at org.apache.catalina.core.ContainerBase.startInternal(ContainerBase.java:776)
		at org.apache.catalina.core.StandardHost.startInternal(StandardHost.java:721)
		at org.apache.catalina.util.LifecycleBase.start(LifecycleBase.java:164)
		at org.apache.catalina.core.ContainerBase$StartChild.call(ContainerBase.java:1203)
		at org.apache.catalina.core.ContainerBase$StartChild.call(ContainerBase.java:1193)
		at java.base/java.util.concurrent.FutureTask.run(FutureTask.java:264)
		at org.apache.tomcat.util.threads.InlineExecutorService.execute(InlineExecutorService.java:76)
		at java.base/java.util.concurrent.AbstractExecutorService.submit(AbstractExecutorService.java:145)
		at org.apache.catalina.core.ContainerBase.startInternal(ContainerBase.java:749)
		at org.apache.catalina.core.StandardEngine.startInternal(StandardEngine.java:211)
		at org.apache.catalina.util.LifecycleBase.start(LifecycleBase.java:164)
		at org.apache.catalina.core.StandardService.startInternal(StandardService.java:412)
		at org.apache.catalina.util.LifecycleBase.start(LifecycleBase.java:164)
		at org.apache.catalina.core.StandardServer.startInternal(StandardServer.java:874)
		at org.apache.catalina.util.LifecycleBase.start(LifecycleBase.java:164)
		at org.apache.catalina.startup.Catalina.start(Catalina.java:739)
		at java.base/jdk.internal.reflect.NativeMethodAccessorImpl.invoke0(Native Method)
		at java.base/jdk.internal.reflect.NativeMethodAccessorImpl.invoke(NativeMethodAccessorImpl.java:77)
		at java.base/jdk.internal.reflect.DelegatingMethodAccessorImpl.invoke(DelegatingMethodAccessorImpl.java:43)
		at java.base/java.lang.reflect.Method.invoke(Method.java:569)
		at org.apache.catalina.startup.Bootstrap.start(Bootstrap.java:345)
		at org.apache.catalina.startup.Bootstrap.main(Bootstrap.java:476)
05-Oct-2025 18:55:05.507 INFO [main] org.apache.catalina.core.ApplicationContext.log ContextListener: contextInitialized()
05-Oct-2025 18:55:05.507 INFO [main] org.apache.catalina.core.ApplicationContext.log SessionListener: contextInitialized()
05-Oct-2025 18:55:05.507 INFO [main] org.apache.catalina.core.ApplicationContext.log ContextListener: attributeAdded('StockTicker', 'async.Stockticker@6906be0f')
05-Oct-2025 18:55:14.294 SEVERE [main] org.apache.catalina.core.ApplicationContext.log Servlet.init() for servlet [SqlGatewayServlet] threw exception
	org.hibernate.service.spi.ServiceException: Unable to create requested service [org.hibernate.engine.jdbc.env.spi.JdbcEnvironment]
		at org.hibernate.service.internal.AbstractServiceRegistryImpl.createService(AbstractServiceRegistryImpl.java:284)
		at org.hibernate.service.internal.AbstractServiceRegistryImpl.initializeService(AbstractServiceRegistryImpl.java:246)
		at org.hibernate.service.internal.AbstractServiceRegistryImpl.getService(AbstractServiceRegistryImpl.java:223)
		at org.hibernate.id.factory.internal.DefaultIdentifierGeneratorFactory.injectServices(DefaultIdentifierGeneratorFactory.java:175)
		at org.hibernate.service.internal.AbstractServiceRegistryImpl.injectDependencies(AbstractServiceRegistryImpl.java:295)
		at org.hibernate.service.internal.AbstractServiceRegistryImpl.initializeService(AbstractServiceRegistryImpl.java:252)
		at org.hibernate.service.internal.AbstractServiceRegistryImpl.getService(AbstractServiceRegistryImpl.java:223)
		at org.hibernate.boot.internal.InFlightMetadataCollectorImpl.<init>(InFlightMetadataCollectorImpl.java:173)
		at org.hibernate.boot.model.process.spi.MetadataBuildingProcess.complete(MetadataBuildingProcess.java:127)
		at org.hibernate.jpa.boot.internal.EntityManagerFactoryBuilderImpl.metadata(EntityManagerFactoryBuilderImpl.java:1460)
		at org.hibernate.jpa.boot.internal.EntityManagerFactoryBuilderImpl.build(EntityManagerFactoryBuilderImpl.java:1494)
		at org.hibernate.jpa.HibernatePersistenceProvider.createEntityManagerFactory(HibernatePersistenceProvider.java:56)
		at javax.persistence.Persistence.createEntityManagerFactory(Persistence.java:79)
		at javax.persistence.Persistence.createEntityManagerFactory(Persistence.java:54)
		at murach.sql.SqlGatewayServlet.init(SqlGatewayServlet.java:16)
		at javax.servlet.GenericServlet.init(GenericServlet.java:143)
		at org.apache.catalina.core.StandardWrapper.initServlet(StandardWrapper.java:989)
		at org.apache.catalina.core.StandardWrapper.loadServlet(StandardWrapper.java:946)
		at org.apache.catalina.core.StandardWrapper.load(StandardWrapper.java:843)
		at org.apache.catalina.core.StandardContext.loadOnStartup(StandardContext.java:4234)
		at org.apache.catalina.core.StandardContext.startInternal(StandardContext.java:4535)
		at org.apache.catalina.util.LifecycleBase.start(LifecycleBase.java:164)
		at org.apache.catalina.core.ContainerBase.addChildInternal(ContainerBase.java:599)
		at org.apache.catalina.core.ContainerBase.addChild(ContainerBase.java:571)
		at org.apache.catalina.core.StandardHost.addChild(StandardHost.java:603)
		at org.apache.catalina.startup.HostConfig.deployWAR(HostConfig.java:1013)
		at org.apache.catalina.startup.HostConfig$DeployWar.run(HostConfig.java:1861)
		at java.base/java.util.concurrent.Executors$RunnableAdapter.call(Executors.java:539)
		at java.base/java.util.concurrent.FutureTask.run(FutureTask.java:264)
		at org.apache.tomcat.util.threads.InlineExecutorService.execute(InlineExecutorService.java:76)
		at java.base/java.util.concurrent.AbstractExecutorService.submit(AbstractExecutorService.java:123)
		at org.apache.catalina.startup.HostConfig.deployWARs(HostConfig.java:817)
		at org.apache.catalina.startup.HostConfig.deployApps(HostConfig.java:468)
		at org.apache.catalina.startup.HostConfig.start(HostConfig.java:1579)
		at org.apache.catalina.startup.HostConfig.lifecycleEvent(HostConfig.java:312)
		at org.apache.catalina.util.LifecycleBase.fireLifecycleEvent(LifecycleBase.java:109)
		at org.apache.catalina.util.LifecycleBase.setStateInternal(LifecycleBase.java:389)
		at org.apache.catalina.util.LifecycleBase.setState(LifecycleBase.java:336)
		at org.apache.catalina.core.ContainerBase.startInternal(ContainerBase.java:776)
		at org.apache.catalina.core.StandardHost.startInternal(StandardHost.java:721)
		at org.apache.catalina.util.LifecycleBase.start(LifecycleBase.java:164)
		at org.apache.catalina.core.ContainerBase$StartChild.call(ContainerBase.java:1203)
		at org.apache.catalina.core.ContainerBase$StartChild.call(ContainerBase.java:1193)
		at java.base/java.util.concurrent.FutureTask.run(FutureTask.java:264)
		at org.apache.tomcat.util.threads.InlineExecutorService.execute(InlineExecutorService.java:76)
		at java.base/java.util.concurrent.AbstractExecutorService.submit(AbstractExecutorService.java:145)
		at org.apache.catalina.core.ContainerBase.startInternal(ContainerBase.java:749)
		at org.apache.catalina.core.StandardEngine.startInternal(StandardEngine.java:211)
		at org.apache.catalina.util.LifecycleBase.start(LifecycleBase.java:164)
		at org.apache.catalina.core.StandardService.startInternal(StandardService.java:412)
		at org.apache.catalina.util.LifecycleBase.start(LifecycleBase.java:164)
		at org.apache.catalina.core.StandardServer.startInternal(StandardServer.java:874)
		at org.apache.catalina.util.LifecycleBase.start(LifecycleBase.java:164)
		at org.apache.catalina.startup.Catalina.start(Catalina.java:739)
		at java.base/jdk.internal.reflect.NativeMethodAccessorImpl.invoke0(Native Method)
		at java.base/jdk.internal.reflect.NativeMethodAccessorImpl.invoke(NativeMethodAccessorImpl.java:77)
		at java.base/jdk.internal.reflect.DelegatingMethodAccessorImpl.invoke(DelegatingMethodAccessorImpl.java:43)
		at java.base/java.lang.reflect.Method.invoke(Method.java:569)
		at org.apache.catalina.startup.Bootstrap.start(Bootstrap.java:345)
		at org.apache.catalina.startup.Bootstrap.main(Bootstrap.java:476)
	Caused by: org.hibernate.exception.JDBCConnectionException: Error calling Driver#connect
		at org.hibernate.exception.internal.SQLStateConversionDelegate.convert(SQLStateConversionDelegate.java:112)
		at org.hibernate.exception.internal.StandardSQLExceptionConverter.convert(StandardSQLExceptionConverter.java:37)
		at org.hibernate.engine.jdbc.spi.SqlExceptionHelper.convert(SqlExceptionHelper.java:113)
		at org.hibernate.engine.jdbc.connections.internal.BasicConnectionCreator.convertSqlException(BasicConnectionCreator.java:131)
		at org.hibernate.engine.jdbc.connections.internal.DriverConnectionCreator.makeConnection(DriverConnectionCreator.java:42)
		at org.hibernate.engine.jdbc.connections.internal.BasicConnectionCreator.createConnection(BasicConnectionCreator.java:62)
		at org.hibernate.engine.jdbc.connections.internal.DriverManagerConnectionProviderImpl$PooledConnections.addConnections(DriverManagerConnectionProviderImpl.java:457)
		at org.hibernate.engine.jdbc.connections.internal.DriverManagerConnectionProviderImpl$PooledConnections.<init>(DriverManagerConnectionProviderImpl.java:323)
		at org.hibernate.engine.jdbc.connections.internal.DriverManagerConnectionProviderImpl$PooledConnections.<init>(DriverManagerConnectionProviderImpl.java:297)
		at org.hibernate.engine.jdbc.connections.internal.DriverManagerConnectionProviderImpl$PooledConnections$Builder.build(DriverManagerConnectionProviderImpl.java:501)
		at org.hibernate.engine.jdbc.connections.internal.DriverManagerConnectionProviderImpl.buildPool(DriverManagerConnectionProviderImpl.java:101)
		at org.hibernate.engine.jdbc.connections.internal.DriverManagerConnectionProviderImpl.configure(DriverManagerConnectionProviderImpl.java:76)
		at org.hibernate.boot.registry.internal.StandardServiceRegistryImpl.configureService(StandardServiceRegistryImpl.java:107)
		at org.hibernate.service.internal.AbstractServiceRegistryImpl.initializeService(AbstractServiceRegistryImpl.java:255)
		at org.hibernate.service.internal.AbstractServiceRegistryImpl.getService(AbstractServiceRegistryImpl.java:223)
		at org.hibernate.engine.jdbc.env.internal.JdbcEnvironmentInitiator.buildJdbcConnectionAccess(JdbcEnvironmentInitiator.java:146)
		at org.hibernate.engine.jdbc.env.internal.JdbcEnvironmentInitiator.initiateService(JdbcEnvironmentInitiator.java:66)
		at org.hibernate.engine.jdbc.env.internal.JdbcEnvironmentInitiator.initiateService(JdbcEnvironmentInitiator.java:35)
		at org.hibernate.boot.registry.internal.StandardServiceRegistryImpl.initiateService(StandardServiceRegistryImpl.java:101)
		at org.hibernate.service.internal.AbstractServiceRegistryImpl.createService(AbstractServiceRegistryImpl.java:272)
		... 59 more
	Caused by: com.mysql.cj.jdbc.exceptions.CommunicationsException: Communications link failure

The last packet sent successfully to the server was 0 milliseconds ago. The driver has not received any packets from the server.
		at com.mysql.cj.jdbc.exceptions.SQLError.createCommunicationsException(SQLError.java:175)
		at com.mysql.cj.jdbc.exceptions.SQLExceptionsMapping.translateException(SQLExceptionsMapping.java:64)
		at com.mysql.cj.jdbc.ConnectionImpl.createNewIO(ConnectionImpl.java:825)
		at com.mysql.cj.jdbc.ConnectionImpl.<init>(ConnectionImpl.java:446)
		at com.mysql.cj.jdbc.ConnectionImpl.getInstance(ConnectionImpl.java:239)
		at com.mysql.cj.jdbc.NonRegisteringDriver.connect(NonRegisteringDriver.java:188)
		at org.hibernate.engine.jdbc.connections.internal.DriverConnectionCreator.makeConnection(DriverConnectionCreator.java:39)
		... 74 more
	Caused by: com.mysql.cj.exceptions.CJCommunicationsException: Communications link failure

The last packet sent successfully to the server was 0 milliseconds ago. The driver has not received any packets from the server.
		at java.base/jdk.internal.reflect.NativeConstructorAccessorImpl.newInstance0(Native Method)
		at java.base/jdk.internal.reflect.NativeConstructorAccessorImpl.newInstance(NativeConstructorAccessorImpl.java:77)
		at java.base/jdk.internal.reflect.DelegatingConstructorAccessorImpl.newInstance(DelegatingConstructorAccessorImpl.java:45)
		at java.base/java.lang.reflect.Constructor.newInstanceWithCaller(Constructor.java:500)
		at java.base/java.lang.reflect.Constructor.newInstance(Constructor.java:481)
		at com.mysql.cj.exceptions.ExceptionFactory.createException(ExceptionFactory.java:62)
		at com.mysql.cj.exceptions.ExceptionFactory.createException(ExceptionFactory.java:105)
		at com.mysql.cj.exceptions.ExceptionFactory.createException(ExceptionFactory.java:150)
		at com.mysql.cj.exceptions.ExceptionFactory.createCommunicationsException(ExceptionFactory.java:166)
		at com.mysql.cj.protocol.a.NativeSocketConnection.connect(NativeSocketConnection.java:89)
		at com.mysql.cj.NativeSession.connect(NativeSession.java:121)
		at com.mysql.cj.jdbc.ConnectionImpl.connectOneTryOnly(ConnectionImpl.java:945)
		at com.mysql.cj.jdbc.ConnectionImpl.createNewIO(ConnectionImpl.java:815)
		... 78 more
	Caused by: java.net.ConnectException: Operation timed out
		at java.base/sun.nio.ch.Net.connect0(Native Method)
		at java.base/sun.nio.ch.Net.connect(Net.java:579)
		at java.base/sun.nio.ch.Net.connect(Net.java:568)
		at java.base/sun.nio.ch.NioSocketImpl.connect(NioSocketImpl.java:593)
		at java.base/java.net.SocksSocketImpl.connect(SocksSocketImpl.java:327)
		at java.base/java.net.Socket.connect(Socket.java:633)
		at com.mysql.cj.protocol.StandardSocketFactory.connect(StandardSocketFactory.java:153)
		at com.mysql.cj.protocol.a.NativeSocketConnection.connect(NativeSocketConnection.java:63)
		... 81 more
05-Oct-2025 18:55:14.294 SEVERE [main] org.apache.catalina.core.StandardContext.loadOnStartup Servlet [SqlGatewayServlet] in web application [/Lesson] threw load() exception
	java.net.ConnectException: Operation timed out
		at java.base/sun.nio.ch.Net.connect0(Native Method)
		at java.base/sun.nio.ch.Net.connect(Net.java:579)
		at java.base/sun.nio.ch.Net.connect(Net.java:568)
		at java.base/sun.nio.ch.NioSocketImpl.connect(NioSocketImpl.java:593)
		at java.base/java.net.SocksSocketImpl.connect(SocksSocketImpl.java:327)
		at java.base/java.net.Socket.connect(Socket.java:633)
		at com.mysql.cj.protocol.StandardSocketFactory.connect(StandardSocketFactory.java:153)
		at com.mysql.cj.protocol.a.NativeSocketConnection.connect(NativeSocketConnection.java:63)
		at com.mysql.cj.NativeSession.connect(NativeSession.java:121)
		at com.mysql.cj.jdbc.ConnectionImpl.connectOneTryOnly(ConnectionImpl.java:945)
		at com.mysql.cj.jdbc.ConnectionImpl.createNewIO(ConnectionImpl.java:815)
		at com.mysql.cj.jdbc.ConnectionImpl.<init>(ConnectionImpl.java:446)
		at com.mysql.cj.jdbc.ConnectionImpl.getInstance(ConnectionImpl.java:239)
		at com.mysql.cj.jdbc.NonRegisteringDriver.connect(NonRegisteringDriver.java:188)
		at org.hibernate.engine.jdbc.connections.internal.DriverConnectionCreator.makeConnection(DriverConnectionCreator.java:39)
		at org.hibernate.engine.jdbc.connections.internal.BasicConnectionCreator.createConnection(BasicConnectionCreator.java:62)
		at org.hibernate.engine.jdbc.connections.internal.DriverManagerConnectionProviderImpl$PooledConnections.addConnections(DriverManagerConnectionProviderImpl.java:457)
		at org.hibernate.engine.jdbc.connections.internal.DriverManagerConnectionProviderImpl$PooledConnections.<init>(DriverManagerConnectionProviderImpl.java:323)
		at org.hibernate.engine.jdbc.connections.internal.DriverManagerConnectionProviderImpl$PooledConnections.<init>(DriverManagerConnectionProviderImpl.java:297)
		at org.hibernate.engine.jdbc.connections.internal.DriverManagerConnectionProviderImpl$PooledConnections$Builder.build(DriverManagerConnectionProviderImpl.java:501)
		at org.hibernate.engine.jdbc.connections.internal.DriverManagerConnectionProviderImpl.buildPool(DriverManagerConnectionProviderImpl.java:101)
		at org.hibernate.engine.jdbc.connections.internal.DriverManagerConnectionProviderImpl.configure(DriverManagerConnectionProviderImpl.java:76)
		at org.hibernate.boot.registry.internal.StandardServiceRegistryImpl.configureService(StandardServiceRegistryImpl.java:107)
		at org.hibernate.service.internal.AbstractServiceRegistryImpl.initializeService(AbstractServiceRegistryImpl.java:255)
		at org.hibernate.service.internal.AbstractServiceRegistryImpl.getService(AbstractServiceRegistryImpl.java:223)
		at org.hibernate.engine.jdbc.env.internal.JdbcEnvironmentInitiator.buildJdbcConnectionAccess(JdbcEnvironmentInitiator.java:146)
		at org.hibernate.engine.jdbc.env.internal.JdbcEnvironmentInitiator.initiateService(JdbcEnvironmentInitiator.java:66)
		at org.hibernate.engine.jdbc.env.internal.JdbcEnvironmentInitiator.initiateService(JdbcEnvironmentInitiator.java:35)
		at org.hibernate.boot.registry.internal.StandardServiceRegistryImpl.initiateService(StandardServiceRegistryImpl.java:101)
		at org.hibernate.service.internal.AbstractServiceRegistryImpl.createService(AbstractServiceRegistryImpl.java:272)
		at org.hibernate.service.internal.AbstractServiceRegistryImpl.initializeService(AbstractServiceRegistryImpl.java:246)
		at org.hibernate.service.internal.AbstractServiceRegistryImpl.getService(AbstractServiceRegistryImpl.java:223)
		at org.hibernate.id.factory.internal.DefaultIdentifierGeneratorFactory.injectServices(DefaultIdentifierGeneratorFactory.java:175)
		at org.hibernate.service.internal.AbstractServiceRegistryImpl.injectDependencies(AbstractServiceRegistryImpl.java:295)
		at org.hibernate.service.internal.AbstractServiceRegistryImpl.initializeService(AbstractServiceRegistryImpl.java:252)
		at org.hibernate.service.internal.AbstractServiceRegistryImpl.getService(AbstractServiceRegistryImpl.java:223)
		at org.hibernate.boot.internal.InFlightMetadataCollectorImpl.<init>(InFlightMetadataCollectorImpl.java:173)
		at org.hibernate.boot.model.process.spi.MetadataBuildingProcess.complete(MetadataBuildingProcess.java:127)
		at org.hibernate.jpa.boot.internal.EntityManagerFactoryBuilderImpl.metadata(EntityManagerFactoryBuilderImpl.java:1460)
		at org.hibernate.jpa.boot.internal.EntityManagerFactoryBuilderImpl.build(EntityManagerFactoryBuilderImpl.java:1494)
		at org.hibernate.jpa.HibernatePersistenceProvider.createEntityManagerFactory(HibernatePersistenceProvider.java:56)
		at javax.persistence.Persistence.createEntityManagerFactory(Persistence.java:79)
		at javax.persistence.Persistence.createEntityManagerFactory(Persistence.java:54)
		at murach.sql.SqlGatewayServlet.init(SqlGatewayServlet.java:16)
		at javax.servlet.GenericServlet.init(GenericServlet.java:143)
		at org.apache.catalina.core.StandardWrapper.initServlet(StandardWrapper.java:989)
		at org.apache.catalina.core.StandardWrapper.loadServlet(StandardWrapper.java:946)
		at org.apache.catalina.core.StandardWrapper.load(StandardWrapper.java:843)
		at org.apache.catalina.core.StandardContext.loadOnStartup(StandardContext.java:4234)
		at org.apache.catalina.core.StandardContext.startInternal(StandardContext.java:4535)
		at org.apache.catalina.util.LifecycleBase.start(LifecycleBase.java:164)
		at org.apache.catalina.core.ContainerBase.addChildInternal(ContainerBase.java:599)
		at org.apache.catalina.core.ContainerBase.addChild(ContainerBase.java:571)
		at org.apache.catalina.core.StandardHost.addChild(StandardHost.java:603)
		at org.apache.catalina.startup.HostConfig.deployWAR(HostConfig.java:1013)
		at org.apache.catalina.startup.HostConfig$DeployWar.run(HostConfig.java:1861)
		at java.base/java.util.concurrent.Executors$RunnableAdapter.call(Executors.java:539)
		at java.base/java.util.concurrent.FutureTask.run(FutureTask.java:264)
		at org.apache.tomcat.util.threads.InlineExecutorService.execute(InlineExecutorService.java:76)
		at java.base/java.util.concurrent.AbstractExecutorService.submit(AbstractExecutorService.java:123)
		at org.apache.catalina.startup.HostConfig.deployWARs(HostConfig.java:817)
		at org.apache.catalina.startup.HostConfig.deployApps(HostConfig.java:468)
		at org.apache.catalina.startup.HostConfig.start(HostConfig.java:1579)
		at org.apache.catalina.startup.HostConfig.lifecycleEvent(HostConfig.java:312)
		at org.apache.catalina.util.LifecycleBase.fireLifecycleEvent(LifecycleBase.java:109)
		at org.apache.catalina.util.LifecycleBase.setStateInternal(LifecycleBase.java:389)
		at org.apache.catalina.util.LifecycleBase.setState(LifecycleBase.java:336)
		at org.apache.catalina.core.ContainerBase.startInternal(ContainerBase.java:776)
		at org.apache.catalina.core.StandardHost.startInternal(StandardHost.java:721)
		at org.apache.catalina.util.LifecycleBase.start(LifecycleBase.java:164)
		at org.apache.catalina.core.ContainerBase$StartChild.call(ContainerBase.java:1203)
		at org.apache.catalina.core.ContainerBase$StartChild.call(ContainerBase.java:1193)
		at java.base/java.util.concurrent.FutureTask.run(FutureTask.java:264)
		at org.apache.tomcat.util.threads.InlineExecutorService.execute(InlineExecutorService.java:76)
		at java.base/java.util.concurrent.AbstractExecutorService.submit(AbstractExecutorService.java:145)
		at org.apache.catalina.core.ContainerBase.startInternal(ContainerBase.java:749)
		at org.apache.catalina.core.StandardEngine.startInternal(StandardEngine.java:211)
		at org.apache.catalina.util.LifecycleBase.start(LifecycleBase.java:164)
		at org.apache.catalina.core.StandardService.startInternal(StandardService.java:412)
		at org.apache.catalina.util.LifecycleBase.start(LifecycleBase.java:164)
		at org.apache.catalina.core.StandardServer.startInternal(StandardServer.java:874)
		at org.apache.catalina.util.LifecycleBase.start(LifecycleBase.java:164)
		at org.apache.catalina.startup.Catalina.start(Catalina.java:739)
		at java.base/jdk.internal.reflect.NativeMethodAccessorImpl.invoke0(Native Method)
		at java.base/jdk.internal.reflect.NativeMethodAccessorImpl.invoke(NativeMethodAccessorImpl.java:77)
		at java.base/jdk.internal.reflect.DelegatingMethodAccessorImpl.invoke(DelegatingMethodAccessorImpl.java:43)
		at java.base/java.lang.reflect.Method.invoke(Method.java:569)
		at org.apache.catalina.startup.Bootstrap.start(Bootstrap.java:345)
		at org.apache.catalina.startup.Bootstrap.main(Bootstrap.java:476)
05-Oct-2025 18:55:14.406 INFO [main] org.apache.catalina.core.ApplicationContext.log ContextListener: contextInitialized()
05-Oct-2025 18:55:14.406 INFO [main] org.apache.catalina.core.ApplicationContext.log SessionListener: contextInitialized()
05-Oct-2025 18:55:14.407 INFO [main] org.apache.catalina.core.ApplicationContext.log ContextListener: attributeAdded('StockTicker', 'async.Stockticker@4219a4cc')
05-Oct-2025 18:55:14.441 INFO [main] org.apache.catalina.core.ApplicationContext.log SessionListener: contextDestroyed()
05-Oct-2025 18:55:14.441 INFO [main] org.apache.catalina.core.ApplicationContext.log ContextListener: contextDestroyed()
05-Oct-2025 18:55:18.817 INFO [main] org.apache.catalina.core.ApplicationContext.log SessionListener: contextDestroyed()
05-Oct-2025 18:55:18.817 INFO [main] org.apache.catalina.core.ApplicationContext.log ContextListener: contextDestroyed()
05-Oct-2025 18:55:22.293 SEVERE [main] org.apache.catalina.core.ApplicationContext.log Servlet.init() for servlet [SqlGatewayServlet] threw exception
	javax.persistence.PersistenceException: Unable to locate persistence units
		at org.hibernate.jpa.HibernatePersistenceProvider.getEntityManagerFactoryBuilderOrNull(HibernatePersistenceProvider.java:85)
		at org.hibernate.jpa.HibernatePersistenceProvider.getEntityManagerFactoryBuilderOrNull(HibernatePersistenceProvider.java:61)
		at org.hibernate.jpa.HibernatePersistenceProvider.createEntityManagerFactory(HibernatePersistenceProvider.java:50)
		at javax.persistence.Persistence.createEntityManagerFactory(Persistence.java:79)
		at javax.persistence.Persistence.createEntityManagerFactory(Persistence.java:54)
		at murach.sql.SqlGatewayServlet.init(SqlGatewayServlet.java:16)
		at javax.servlet.GenericServlet.init(GenericServlet.java:143)
		at org.apache.catalina.core.StandardWrapper.initServlet(StandardWrapper.java:989)
		at org.apache.catalina.core.StandardWrapper.loadServlet(StandardWrapper.java:946)
		at org.apache.catalina.core.StandardWrapper.load(StandardWrapper.java:843)
		at org.apache.catalina.core.StandardContext.loadOnStartup(StandardContext.java:4234)
		at org.apache.catalina.core.StandardContext.startInternal(StandardContext.java:4535)
		at org.apache.catalina.util.LifecycleBase.start(LifecycleBase.java:164)
		at org.apache.catalina.core.ContainerBase.addChildInternal(ContainerBase.java:599)
		at org.apache.catalina.core.ContainerBase.addChild(ContainerBase.java:571)
		at org.apache.catalina.core.StandardHost.addChild(StandardHost.java:603)
		at org.apache.catalina.startup.HostConfig.deployWAR(HostConfig.java:1013)
		at org.apache.catalina.startup.HostConfig$DeployWar.run(HostConfig.java:1861)
		at java.base/java.util.concurrent.Executors$RunnableAdapter.call(Executors.java:539)
		at java.base/java.util.concurrent.FutureTask.run(FutureTask.java:264)
		at org.apache.tomcat.util.threads.InlineExecutorService.execute(InlineExecutorService.java:76)
		at java.base/java.util.concurrent.AbstractExecutorService.submit(AbstractExecutorService.java:123)
		at org.apache.catalina.startup.HostConfig.deployWARs(HostConfig.java:817)
		at org.apache.catalina.startup.HostConfig.deployApps(HostConfig.java:468)
		at org.apache.catalina.startup.HostConfig.start(HostConfig.java:1579)
		at org.apache.catalina.startup.HostConfig.lifecycleEvent(HostConfig.java:312)
		at org.apache.catalina.util.LifecycleBase.fireLifecycleEvent(LifecycleBase.java:109)
		at org.apache.catalina.util.LifecycleBase.setStateInternal(LifecycleBase.java:389)
		at org.apache.catalina.util.LifecycleBase.setState(LifecycleBase.java:336)
		at org.apache.catalina.core.ContainerBase.startInternal(ContainerBase.java:776)
		at org.apache.catalina.core.StandardHost.startInternal(StandardHost.java:721)
		at org.apache.catalina.util.LifecycleBase.start(LifecycleBase.java:164)
		at org.apache.catalina.core.ContainerBase$StartChild.call(ContainerBase.java:1203)
		at org.apache.catalina.core.ContainerBase$StartChild.call(ContainerBase.java:1193)
		at java.base/java.util.concurrent.FutureTask.run(FutureTask.java:264)
		at org.apache.tomcat.util.threads.InlineExecutorService.execute(InlineExecutorService.java:76)
		at java.base/java.util.concurrent.AbstractExecutorService.submit(AbstractExecutorService.java:145)
		at org.apache.catalina.core.ContainerBase.startInternal(ContainerBase.java:749)
		at org.apache.catalina.core.StandardEngine.startInternal(StandardEngine.java:211)
		at org.apache.catalina.util.LifecycleBase.start(LifecycleBase.java:164)
		at org.apache.catalina.core.StandardService.startInternal(StandardService.java:412)
		at org.apache.catalina.util.LifecycleBase.start(LifecycleBase.java:164)
		at org.apache.catalina.core.StandardServer.startInternal(StandardServer.java:874)
		at org.apache.catalina.util.LifecycleBase.start(LifecycleBase.java:164)
		at org.apache.catalina.startup.Catalina.start(Catalina.java:739)
		at java.base/jdk.internal.reflect.NativeMethodAccessorImpl.invoke0(Native Method)
		at java.base/jdk.internal.reflect.NativeMethodAccessorImpl.invoke(NativeMethodAccessorImpl.java:77)
		at java.base/jdk.internal.reflect.DelegatingMethodAccessorImpl.invoke(DelegatingMethodAccessorImpl.java:43)
		at java.base/java.lang.reflect.Method.invoke(Method.java:569)
		at org.apache.catalina.startup.Bootstrap.start(Bootstrap.java:345)
		at org.apache.catalina.startup.Bootstrap.main(Bootstrap.java:476)
	Caused by: javax.persistence.PersistenceException: Unexpected error parsing [file:/Users/nguyendinhtanloc/Documents/Semester_1_2025/Web/Week10/tomCat/webapps/Lesson/WEB-INF/classes/META-INF/persistence.xml]
		at org.hibernate.jpa.boot.internal.PersistenceXmlParser.loadUrl(PersistenceXmlParser.java:463)
		at org.hibernate.jpa.boot.internal.PersistenceXmlParser.parsePersistenceXml(PersistenceXmlParser.java:249)
		at org.hibernate.jpa.boot.internal.PersistenceXmlParser.parsePersistenceXml(PersistenceXmlParser.java:240)
		at org.hibernate.jpa.boot.internal.PersistenceXmlParser.doResolve(PersistenceXmlParser.java:234)
		at org.hibernate.jpa.boot.internal.PersistenceXmlParser.locatePersistenceUnits(PersistenceXmlParser.java:68)
		at org.hibernate.jpa.HibernatePersistenceProvider.getEntityManagerFactoryBuilderOrNull(HibernatePersistenceProvider.java:81)
		... 50 more
	Caused by: org.xml.sax.SAXParseException; lineNumber: 18; columnNumber: 136; The reference to entity "serverTimezone" must end with the ';' delimiter.
		at java.xml/com.sun.org.apache.xerces.internal.parsers.DOMParser.parse(DOMParser.java:262)
		at java.xml/com.sun.org.apache.xerces.internal.jaxp.DocumentBuilderImpl.parse(DocumentBuilderImpl.java:342)
		at org.hibernate.jpa.boot.internal.PersistenceXmlParser.loadUrl(PersistenceXmlParser.java:458)
		... 55 more
05-Oct-2025 18:55:22.294 SEVERE [main] org.apache.catalina.core.StandardContext.loadOnStartup Servlet [SqlGatewayServlet] in web application [/Lesson] threw load() exception
	org.xml.sax.SAXParseException; lineNumber: 18; columnNumber: 136; The reference to entity "serverTimezone" must end with the ';' delimiter.
		at java.xml/com.sun.org.apache.xerces.internal.parsers.DOMParser.parse(DOMParser.java:262)
		at java.xml/com.sun.org.apache.xerces.internal.jaxp.DocumentBuilderImpl.parse(DocumentBuilderImpl.java:342)
		at org.hibernate.jpa.boot.internal.PersistenceXmlParser.loadUrl(PersistenceXmlParser.java:458)
		at org.hibernate.jpa.boot.internal.PersistenceXmlParser.parsePersistenceXml(PersistenceXmlParser.java:249)
		at org.hibernate.jpa.boot.internal.PersistenceXmlParser.parsePersistenceXml(PersistenceXmlParser.java:240)
		at org.hibernate.jpa.boot.internal.PersistenceXmlParser.doResolve(PersistenceXmlParser.java:234)
		at org.hibernate.jpa.boot.internal.PersistenceXmlParser.locatePersistenceUnits(PersistenceXmlParser.java:68)
		at org.hibernate.jpa.HibernatePersistenceProvider.getEntityManagerFactoryBuilderOrNull(HibernatePersistenceProvider.java:81)
		at org.hibernate.jpa.HibernatePersistenceProvider.getEntityManagerFactoryBuilderOrNull(HibernatePersistenceProvider.java:61)
		at org.hibernate.jpa.HibernatePersistenceProvider.createEntityManagerFactory(HibernatePersistenceProvider.java:50)
		at javax.persistence.Persistence.createEntityManagerFactory(Persistence.java:79)
		at javax.persistence.Persistence.createEntityManagerFactory(Persistence.java:54)
		at murach.sql.SqlGatewayServlet.init(SqlGatewayServlet.java:16)
		at javax.servlet.GenericServlet.init(GenericServlet.java:143)
		at org.apache.catalina.core.StandardWrapper.initServlet(StandardWrapper.java:989)
		at org.apache.catalina.core.StandardWrapper.loadServlet(StandardWrapper.java:946)
		at org.apache.catalina.core.StandardWrapper.load(StandardWrapper.java:843)
		at org.apache.catalina.core.StandardContext.loadOnStartup(StandardContext.java:4234)
		at org.apache.catalina.core.StandardContext.startInternal(StandardContext.java:4535)
		at org.apache.catalina.util.LifecycleBase.start(LifecycleBase.java:164)
		at org.apache.catalina.core.ContainerBase.addChildInternal(ContainerBase.java:599)
		at org.apache.catalina.core.ContainerBase.addChild(ContainerBase.java:571)
		at org.apache.catalina.core.StandardHost.addChild(StandardHost.java:603)
		at org.apache.catalina.startup.HostConfig.deployWAR(HostConfig.java:1013)
		at org.apache.catalina.startup.HostConfig$DeployWar.run(HostConfig.java:1861)
		at java.base/java.util.concurrent.Executors$RunnableAdapter.call(Executors.java:539)
		at java.base/java.util.concurrent.FutureTask.run(FutureTask.java:264)
		at org.apache.tomcat.util.threads.InlineExecutorService.execute(InlineExecutorService.java:76)
		at java.base/java.util.concurrent.AbstractExecutorService.submit(AbstractExecutorService.java:123)
		at org.apache.catalina.startup.HostConfig.deployWARs(HostConfig.java:817)
		at org.apache.catalina.startup.HostConfig.deployApps(HostConfig.java:468)
		at org.apache.catalina.startup.HostConfig.start(HostConfig.java:1579)
		at org.apache.catalina.startup.HostConfig.lifecycleEvent(HostConfig.java:312)
		at org.apache.catalina.util.LifecycleBase.fireLifecycleEvent(LifecycleBase.java:109)
		at org.apache.catalina.util.LifecycleBase.setStateInternal(LifecycleBase.java:389)
		at org.apache.catalina.util.LifecycleBase.setState(LifecycleBase.java:336)
		at org.apache.catalina.core.ContainerBase.startInternal(ContainerBase.java:776)
		at org.apache.catalina.core.StandardHost.startInternal(StandardHost.java:721)
		at org.apache.catalina.util.LifecycleBase.start(LifecycleBase.java:164)
		at org.apache.catalina.core.ContainerBase$StartChild.call(ContainerBase.java:1203)
		at org.apache.catalina.core.ContainerBase$StartChild.call(ContainerBase.java:1193)
		at java.base/java.util.concurrent.FutureTask.run(FutureTask.java:264)
		at org.apache.tomcat.util.threads.InlineExecutorService.execute(InlineExecutorService.java:76)
		at java.base/java.util.concurrent.AbstractExecutorService.submit(AbstractExecutorService.java:145)
		at org.apache.catalina.core.ContainerBase.startInternal(ContainerBase.java:749)
		at org.apache.catalina.core.StandardEngine.startInternal(StandardEngine.java:211)
		at org.apache.catalina.util.LifecycleBase.start(LifecycleBase.java:164)
		at org.apache.catalina.core.StandardService.startInternal(StandardService.java:412)
		at org.apache.catalina.util.LifecycleBase.start(LifecycleBase.java:164)
		at org.apache.catalina.core.StandardServer.startInternal(StandardServer.java:874)
		at org.apache.catalina.util.LifecycleBase.start(LifecycleBase.java:164)
		at org.apache.catalina.startup.Catalina.start(Catalina.java:739)
		at java.base/jdk.internal.reflect.NativeMethodAccessorImpl.invoke0(Native Method)
		at java.base/jdk.internal.reflect.NativeMethodAccessorImpl.invoke(NativeMethodAccessorImpl.java:77)
		at java.base/jdk.internal.reflect.DelegatingMethodAccessorImpl.invoke(DelegatingMethodAccessorImpl.java:43)
		at java.base/java.lang.reflect.Method.invoke(Method.java:569)
		at org.apache.catalina.startup.Bootstrap.start(Bootstrap.java:345)
		at org.apache.catalina.startup.Bootstrap.main(Bootstrap.java:476)
05-Oct-2025 18:55:22.390 INFO [main] org.apache.catalina.core.ApplicationContext.log ContextListener: contextInitialized()
05-Oct-2025 18:55:22.390 INFO [main] org.apache.catalina.core.ApplicationContext.log SessionListener: contextInitialized()
05-Oct-2025 18:55:22.390 INFO [main] org.apache.catalina.core.ApplicationContext.log ContextListener: attributeAdded('StockTicker', 'async.Stockticker@25421809')
05-Oct-2025 18:55:40.061 SEVERE [main] org.apache.catalina.core.ApplicationContext.log Servlet.init() for servlet [SqlGatewayServlet] threw exception
	org.hibernate.service.spi.ServiceException: Unable to create requested service [org.hibernate.engine.jdbc.env.spi.JdbcEnvironment]
		at org.hibernate.service.internal.AbstractServiceRegistryImpl.createService(AbstractServiceRegistryImpl.java:284)
		at org.hibernate.service.internal.AbstractServiceRegistryImpl.initializeService(AbstractServiceRegistryImpl.java:246)
		at org.hibernate.service.internal.AbstractServiceRegistryImpl.getService(AbstractServiceRegistryImpl.java:223)
		at org.hibernate.id.factory.internal.DefaultIdentifierGeneratorFactory.injectServices(DefaultIdentifierGeneratorFactory.java:175)
		at org.hibernate.service.internal.AbstractServiceRegistryImpl.injectDependencies(AbstractServiceRegistryImpl.java:295)
		at org.hibernate.service.internal.AbstractServiceRegistryImpl.initializeService(AbstractServiceRegistryImpl.java:252)
		at org.hibernate.service.internal.AbstractServiceRegistryImpl.getService(AbstractServiceRegistryImpl.java:223)
		at org.hibernate.boot.internal.InFlightMetadataCollectorImpl.<init>(InFlightMetadataCollectorImpl.java:173)
		at org.hibernate.boot.model.process.spi.MetadataBuildingProcess.complete(MetadataBuildingProcess.java:127)
		at org.hibernate.jpa.boot.internal.EntityManagerFactoryBuilderImpl.metadata(EntityManagerFactoryBuilderImpl.java:1460)
		at org.hibernate.jpa.boot.internal.EntityManagerFactoryBuilderImpl.build(EntityManagerFactoryBuilderImpl.java:1494)
		at org.hibernate.jpa.HibernatePersistenceProvider.createEntityManagerFactory(HibernatePersistenceProvider.java:56)
		at javax.persistence.Persistence.createEntityManagerFactory(Persistence.java:79)
		at javax.persistence.Persistence.createEntityManagerFactory(Persistence.java:54)
		at murach.sql.SqlGatewayServlet.init(SqlGatewayServlet.java:16)
		at javax.servlet.GenericServlet.init(GenericServlet.java:143)
		at org.apache.catalina.core.StandardWrapper.initServlet(StandardWrapper.java:989)
		at org.apache.catalina.core.StandardWrapper.loadServlet(StandardWrapper.java:946)
		at org.apache.catalina.core.StandardWrapper.load(StandardWrapper.java:843)
		at org.apache.catalina.core.StandardContext.loadOnStartup(StandardContext.java:4234)
		at org.apache.catalina.core.StandardContext.startInternal(StandardContext.java:4535)
		at org.apache.catalina.util.LifecycleBase.start(LifecycleBase.java:164)
		at org.apache.catalina.core.ContainerBase.addChildInternal(ContainerBase.java:599)
		at org.apache.catalina.core.ContainerBase.addChild(ContainerBase.java:571)
		at org.apache.catalina.core.StandardHost.addChild(StandardHost.java:603)
		at org.apache.catalina.startup.HostConfig.deployWAR(HostConfig.java:1013)
		at org.apache.catalina.startup.HostConfig$DeployWar.run(HostConfig.java:1861)
		at java.base/java.util.concurrent.Executors$RunnableAdapter.call(Executors.java:539)
		at java.base/java.util.concurrent.FutureTask.run(FutureTask.java:264)
		at org.apache.tomcat.util.threads.InlineExecutorService.execute(InlineExecutorService.java:76)
		at java.base/java.util.concurrent.AbstractExecutorService.submit(AbstractExecutorService.java:123)
		at org.apache.catalina.startup.HostConfig.deployWARs(HostConfig.java:817)
		at org.apache.catalina.startup.HostConfig.deployApps(HostConfig.java:468)
		at org.apache.catalina.startup.HostConfig.start(HostConfig.java:1579)
		at org.apache.catalina.startup.HostConfig.lifecycleEvent(HostConfig.java:312)
		at org.apache.catalina.util.LifecycleBase.fireLifecycleEvent(LifecycleBase.java:109)
		at org.apache.catalina.util.LifecycleBase.setStateInternal(LifecycleBase.java:389)
		at org.apache.catalina.util.LifecycleBase.setState(LifecycleBase.java:336)
		at org.apache.catalina.core.ContainerBase.startInternal(ContainerBase.java:776)
		at org.apache.catalina.core.StandardHost.startInternal(StandardHost.java:721)
		at org.apache.catalina.util.LifecycleBase.start(LifecycleBase.java:164)
		at org.apache.catalina.core.ContainerBase$StartChild.call(ContainerBase.java:1203)
		at org.apache.catalina.core.ContainerBase$StartChild.call(ContainerBase.java:1193)
		at java.base/java.util.concurrent.FutureTask.run(FutureTask.java:264)
		at org.apache.tomcat.util.threads.InlineExecutorService.execute(InlineExecutorService.java:76)
		at java.base/java.util.concurrent.AbstractExecutorService.submit(AbstractExecutorService.java:145)
		at org.apache.catalina.core.ContainerBase.startInternal(ContainerBase.java:749)
		at org.apache.catalina.core.StandardEngine.startInternal(StandardEngine.java:211)
		at org.apache.catalina.util.LifecycleBase.start(LifecycleBase.java:164)
		at org.apache.catalina.core.StandardService.startInternal(StandardService.java:412)
		at org.apache.catalina.util.LifecycleBase.start(LifecycleBase.java:164)
		at org.apache.catalina.core.StandardServer.startInternal(StandardServer.java:874)
		at org.apache.catalina.util.LifecycleBase.start(LifecycleBase.java:164)
		at org.apache.catalina.startup.Catalina.start(Catalina.java:739)
		at java.base/jdk.internal.reflect.NativeMethodAccessorImpl.invoke0(Native Method)
		at java.base/jdk.internal.reflect.NativeMethodAccessorImpl.invoke(NativeMethodAccessorImpl.java:77)
		at java.base/jdk.internal.reflect.DelegatingMethodAccessorImpl.invoke(DelegatingMethodAccessorImpl.java:43)
		at java.base/java.lang.reflect.Method.invoke(Method.java:569)
		at org.apache.catalina.startup.Bootstrap.start(Bootstrap.java:345)
		at org.apache.catalina.startup.Bootstrap.main(Bootstrap.java:476)
	Caused by: org.hibernate.exception.JDBCConnectionException: Error calling Driver#connect
		at org.hibernate.exception.internal.SQLStateConversionDelegate.convert(SQLStateConversionDelegate.java:112)
		at org.hibernate.exception.internal.StandardSQLExceptionConverter.convert(StandardSQLExceptionConverter.java:37)
		at org.hibernate.engine.jdbc.spi.SqlExceptionHelper.convert(SqlExceptionHelper.java:113)
		at org.hibernate.engine.jdbc.connections.internal.BasicConnectionCreator.convertSqlException(BasicConnectionCreator.java:131)
		at org.hibernate.engine.jdbc.connections.internal.DriverConnectionCreator.makeConnection(DriverConnectionCreator.java:42)
		at org.hibernate.engine.jdbc.connections.internal.BasicConnectionCreator.createConnection(BasicConnectionCreator.java:62)
		at org.hibernate.engine.jdbc.connections.internal.DriverManagerConnectionProviderImpl$PooledConnections.addConnections(DriverManagerConnectionProviderImpl.java:457)
		at org.hibernate.engine.jdbc.connections.internal.DriverManagerConnectionProviderImpl$PooledConnections.<init>(DriverManagerConnectionProviderImpl.java:323)
		at org.hibernate.engine.jdbc.connections.internal.DriverManagerConnectionProviderImpl$PooledConnections.<init>(DriverManagerConnectionProviderImpl.java:297)
		at org.hibernate.engine.jdbc.connections.internal.DriverManagerConnectionProviderImpl$PooledConnections$Builder.build(DriverManagerConnectionProviderImpl.java:501)
		at org.hibernate.engine.jdbc.connections.internal.DriverManagerConnectionProviderImpl.buildPool(DriverManagerConnectionProviderImpl.java:101)
		at org.hibernate.engine.jdbc.connections.internal.DriverManagerConnectionProviderImpl.configure(DriverManagerConnectionProviderImpl.java:76)
		at org.hibernate.boot.registry.internal.StandardServiceRegistryImpl.configureService(StandardServiceRegistryImpl.java:107)
		at org.hibernate.service.internal.AbstractServiceRegistryImpl.initializeService(AbstractServiceRegistryImpl.java:255)
		at org.hibernate.service.internal.AbstractServiceRegistryImpl.getService(AbstractServiceRegistryImpl.java:223)
		at org.hibernate.engine.jdbc.env.internal.JdbcEnvironmentInitiator.buildJdbcConnectionAccess(JdbcEnvironmentInitiator.java:146)
		at org.hibernate.engine.jdbc.env.internal.JdbcEnvironmentInitiator.initiateService(JdbcEnvironmentInitiator.java:66)
		at org.hibernate.engine.jdbc.env.internal.JdbcEnvironmentInitiator.initiateService(JdbcEnvironmentInitiator.java:35)
		at org.hibernate.boot.registry.internal.StandardServiceRegistryImpl.initiateService(StandardServiceRegistryImpl.java:101)
		at org.hibernate.service.internal.AbstractServiceRegistryImpl.createService(AbstractServiceRegistryImpl.java:272)
		... 59 more
	Caused by: com.mysql.cj.jdbc.exceptions.CommunicationsException: Communications link failure

The last packet sent successfully to the server was 0 milliseconds ago. The driver has not received any packets from the server.
		at com.mysql.cj.jdbc.exceptions.SQLError.createCommunicationsException(SQLError.java:175)
		at com.mysql.cj.jdbc.exceptions.SQLExceptionsMapping.translateException(SQLExceptionsMapping.java:64)
		at com.mysql.cj.jdbc.ConnectionImpl.createNewIO(ConnectionImpl.java:825)
		at com.mysql.cj.jdbc.ConnectionImpl.<init>(ConnectionImpl.java:446)
		at com.mysql.cj.jdbc.ConnectionImpl.getInstance(ConnectionImpl.java:239)
		at com.mysql.cj.jdbc.NonRegisteringDriver.connect(NonRegisteringDriver.java:188)
		at org.hibernate.engine.jdbc.connections.internal.DriverConnectionCreator.makeConnection(DriverConnectionCreator.java:39)
		... 74 more
	Caused by: com.mysql.cj.exceptions.CJCommunicationsException: Communications link failure

The last packet sent successfully to the server was 0 milliseconds ago. The driver has not received any packets from the server.
		at java.base/jdk.internal.reflect.NativeConstructorAccessorImpl.newInstance0(Native Method)
		at java.base/jdk.internal.reflect.NativeConstructorAccessorImpl.newInstance(NativeConstructorAccessorImpl.java:77)
		at java.base/jdk.internal.reflect.DelegatingConstructorAccessorImpl.newInstance(DelegatingConstructorAccessorImpl.java:45)
		at java.base/java.lang.reflect.Constructor.newInstanceWithCaller(Constructor.java:500)
		at java.base/java.lang.reflect.Constructor.newInstance(Constructor.java:481)
		at com.mysql.cj.exceptions.ExceptionFactory.createException(ExceptionFactory.java:62)
		at com.mysql.cj.exceptions.ExceptionFactory.createException(ExceptionFactory.java:105)
		at com.mysql.cj.exceptions.ExceptionFactory.createException(ExceptionFactory.java:150)
		at com.mysql.cj.exceptions.ExceptionFactory.createCommunicationsException(ExceptionFactory.java:166)
		at com.mysql.cj.protocol.a.NativeSocketConnection.connect(NativeSocketConnection.java:89)
		at com.mysql.cj.NativeSession.connect(NativeSession.java:121)
		at com.mysql.cj.jdbc.ConnectionImpl.connectOneTryOnly(ConnectionImpl.java:945)
		at com.mysql.cj.jdbc.ConnectionImpl.createNewIO(ConnectionImpl.java:815)
		... 78 more
	Caused by: java.net.ConnectException: Operation timed out
		at java.base/sun.nio.ch.Net.connect0(Native Method)
		at java.base/sun.nio.ch.Net.connect(Net.java:579)
		at java.base/sun.nio.ch.Net.connect(Net.java:568)
		at java.base/sun.nio.ch.NioSocketImpl.connect(NioSocketImpl.java:593)
		at java.base/java.net.SocksSocketImpl.connect(SocksSocketImpl.java:327)
		at java.base/java.net.Socket.connect(Socket.java:633)
		at com.mysql.cj.protocol.StandardSocketFactory.connect(StandardSocketFactory.java:153)
		at com.mysql.cj.protocol.a.NativeSocketConnection.connect(NativeSocketConnection.java:63)
		... 81 more
05-Oct-2025 18:55:40.061 SEVERE [main] org.apache.catalina.core.StandardContext.loadOnStartup Servlet [SqlGatewayServlet] in web application [/Lesson] threw load() exception
	java.net.ConnectException: Operation timed out
		at java.base/sun.nio.ch.Net.connect0(Native Method)
		at java.base/sun.nio.ch.Net.connect(Net.java:579)
		at java.base/sun.nio.ch.Net.connect(Net.java:568)
		at java.base/sun.nio.ch.NioSocketImpl.connect(NioSocketImpl.java:593)
		at java.base/java.net.SocksSocketImpl.connect(SocksSocketImpl.java:327)
		at java.base/java.net.Socket.connect(Socket.java:633)
		at com.mysql.cj.protocol.StandardSocketFactory.connect(StandardSocketFactory.java:153)
		at com.mysql.cj.protocol.a.NativeSocketConnection.connect(NativeSocketConnection.java:63)
		at com.mysql.cj.NativeSession.connect(NativeSession.java:121)
		at com.mysql.cj.jdbc.ConnectionImpl.connectOneTryOnly(ConnectionImpl.java:945)
		at com.mysql.cj.jdbc.ConnectionImpl.createNewIO(ConnectionImpl.java:815)
		at com.mysql.cj.jdbc.ConnectionImpl.<init>(ConnectionImpl.java:446)
		at com.mysql.cj.jdbc.ConnectionImpl.getInstance(ConnectionImpl.java:239)
		at com.mysql.cj.jdbc.NonRegisteringDriver.connect(NonRegisteringDriver.java:188)
		at org.hibernate.engine.jdbc.connections.internal.DriverConnectionCreator.makeConnection(DriverConnectionCreator.java:39)
		at org.hibernate.engine.jdbc.connections.internal.BasicConnectionCreator.createConnection(BasicConnectionCreator.java:62)
		at org.hibernate.engine.jdbc.connections.internal.DriverManagerConnectionProviderImpl$PooledConnections.addConnections(DriverManagerConnectionProviderImpl.java:457)
		at org.hibernate.engine.jdbc.connections.internal.DriverManagerConnectionProviderImpl$PooledConnections.<init>(DriverManagerConnectionProviderImpl.java:323)
		at org.hibernate.engine.jdbc.connections.internal.DriverManagerConnectionProviderImpl$PooledConnections.<init>(DriverManagerConnectionProviderImpl.java:297)
		at org.hibernate.engine.jdbc.connections.internal.DriverManagerConnectionProviderImpl$PooledConnections$Builder.build(DriverManagerConnectionProviderImpl.java:501)
		at org.hibernate.engine.jdbc.connections.internal.DriverManagerConnectionProviderImpl.buildPool(DriverManagerConnectionProviderImpl.java:101)
		at org.hibernate.engine.jdbc.connections.internal.DriverManagerConnectionProviderImpl.configure(DriverManagerConnectionProviderImpl.java:76)
		at org.hibernate.boot.registry.internal.StandardServiceRegistryImpl.configureService(StandardServiceRegistryImpl.java:107)
		at org.hibernate.service.internal.AbstractServiceRegistryImpl.initializeService(AbstractServiceRegistryImpl.java:255)
		at org.hibernate.service.internal.AbstractServiceRegistryImpl.getService(AbstractServiceRegistryImpl.java:223)
		at org.hibernate.engine.jdbc.env.internal.JdbcEnvironmentInitiator.buildJdbcConnectionAccess(JdbcEnvironmentInitiator.java:146)
		at org.hibernate.engine.jdbc.env.internal.JdbcEnvironmentInitiator.initiateService(JdbcEnvironmentInitiator.java:66)
		at org.hibernate.engine.jdbc.env.internal.JdbcEnvironmentInitiator.initiateService(JdbcEnvironmentInitiator.java:35)
		at org.hibernate.boot.registry.internal.StandardServiceRegistryImpl.initiateService(StandardServiceRegistryImpl.java:101)
		at org.hibernate.service.internal.AbstractServiceRegistryImpl.createService(AbstractServiceRegistryImpl.java:272)
		at org.hibernate.service.internal.AbstractServiceRegistryImpl.initializeService(AbstractServiceRegistryImpl.java:246)
		at org.hibernate.service.internal.AbstractServiceRegistryImpl.getService(AbstractServiceRegistryImpl.java:223)
		at org.hibernate.id.factory.internal.DefaultIdentifierGeneratorFactory.injectServices(DefaultIdentifierGeneratorFactory.java:175)
		at org.hibernate.service.internal.AbstractServiceRegistryImpl.injectDependencies(AbstractServiceRegistryImpl.java:295)
		at org.hibernate.service.internal.AbstractServiceRegistryImpl.initializeService(AbstractServiceRegistryImpl.java:252)
		at org.hibernate.service.internal.AbstractServiceRegistryImpl.getService(AbstractServiceRegistryImpl.java:223)
		at org.hibernate.boot.internal.InFlightMetadataCollectorImpl.<init>(InFlightMetadataCollectorImpl.java:173)
		at org.hibernate.boot.model.process.spi.MetadataBuildingProcess.complete(MetadataBuildingProcess.java:127)
		at org.hibernate.jpa.boot.internal.EntityManagerFactoryBuilderImpl.metadata(EntityManagerFactoryBuilderImpl.java:1460)
		at org.hibernate.jpa.boot.internal.EntityManagerFactoryBuilderImpl.build(EntityManagerFactoryBuilderImpl.java:1494)
		at org.hibernate.jpa.HibernatePersistenceProvider.createEntityManagerFactory(HibernatePersistenceProvider.java:56)
		at javax.persistence.Persistence.createEntityManagerFactory(Persistence.java:79)
		at javax.persistence.Persistence.createEntityManagerFactory(Persistence.java:54)
		at murach.sql.SqlGatewayServlet.init(SqlGatewayServlet.java:16)
		at javax.servlet.GenericServlet.init(GenericServlet.java:143)
		at org.apache.catalina.core.StandardWrapper.initServlet(StandardWrapper.java:989)
		at org.apache.catalina.core.StandardWrapper.loadServlet(StandardWrapper.java:946)
		at org.apache.catalina.core.StandardWrapper.load(StandardWrapper.java:843)
		at org.apache.catalina.core.StandardContext.loadOnStartup(StandardContext.java:4234)
		at org.apache.catalina.core.StandardContext.startInternal(StandardContext.java:4535)
		at org.apache.catalina.util.LifecycleBase.start(LifecycleBase.java:164)
		at org.apache.catalina.core.ContainerBase.addChildInternal(ContainerBase.java:599)
		at org.apache.catalina.core.ContainerBase.addChild(ContainerBase.java:571)
		at org.apache.catalina.core.StandardHost.addChild(StandardHost.java:603)
		at org.apache.catalina.startup.HostConfig.deployWAR(HostConfig.java:1013)
		at org.apache.catalina.startup.HostConfig$DeployWar.run(HostConfig.java:1861)
		at java.base/java.util.concurrent.Executors$RunnableAdapter.call(Executors.java:539)
		at java.base/java.util.concurrent.FutureTask.run(FutureTask.java:264)
		at org.apache.tomcat.util.threads.InlineExecutorService.execute(InlineExecutorService.java:76)
		at java.base/java.util.concurrent.AbstractExecutorService.submit(AbstractExecutorService.java:123)
		at org.apache.catalina.startup.HostConfig.deployWARs(HostConfig.java:817)
		at org.apache.catalina.startup.HostConfig.deployApps(HostConfig.java:468)
		at org.apache.catalina.startup.HostConfig.start(HostConfig.java:1579)
		at org.apache.catalina.startup.HostConfig.lifecycleEvent(HostConfig.java:312)
		at org.apache.catalina.util.LifecycleBase.fireLifecycleEvent(LifecycleBase.java:109)
		at org.apache.catalina.util.LifecycleBase.setStateInternal(LifecycleBase.java:389)
		at org.apache.catalina.util.LifecycleBase.setState(LifecycleBase.java:336)
		at org.apache.catalina.core.ContainerBase.startInternal(ContainerBase.java:776)
		at org.apache.catalina.core.StandardHost.startInternal(StandardHost.java:721)
		at org.apache.catalina.util.LifecycleBase.start(LifecycleBase.java:164)
		at org.apache.catalina.core.ContainerBase$StartChild.call(ContainerBase.java:1203)
		at org.apache.catalina.core.ContainerBase$StartChild.call(ContainerBase.java:1193)
		at java.base/java.util.concurrent.FutureTask.run(FutureTask.java:264)
		at org.apache.tomcat.util.threads.InlineExecutorService.execute(InlineExecutorService.java:76)
		at java.base/java.util.concurrent.AbstractExecutorService.submit(AbstractExecutorService.java:145)
		at org.apache.catalina.core.ContainerBase.startInternal(ContainerBase.java:749)
		at org.apache.catalina.core.StandardEngine.startInternal(StandardEngine.java:211)
		at org.apache.catalina.util.LifecycleBase.start(LifecycleBase.java:164)
		at org.apache.catalina.core.StandardService.startInternal(StandardService.java:412)
		at org.apache.catalina.util.LifecycleBase.start(LifecycleBase.java:164)
		at org.apache.catalina.core.StandardServer.startInternal(StandardServer.java:874)
		at org.apache.catalina.util.LifecycleBase.start(LifecycleBase.java:164)
		at org.apache.catalina.startup.Catalina.start(Catalina.java:739)
		at java.base/jdk.internal.reflect.NativeMethodAccessorImpl.invoke0(Native Method)
		at java.base/jdk.internal.reflect.NativeMethodAccessorImpl.invoke(NativeMethodAccessorImpl.java:77)
		at java.base/jdk.internal.reflect.DelegatingMethodAccessorImpl.invoke(DelegatingMethodAccessorImpl.java:43)
		at java.base/java.lang.reflect.Method.invoke(Method.java:569)
		at org.apache.catalina.startup.Bootstrap.start(Bootstrap.java:345)
		at org.apache.catalina.startup.Bootstrap.main(Bootstrap.java:476)
05-Oct-2025 18:55:40.187 INFO [main] org.apache.catalina.core.ApplicationContext.log ContextListener: contextInitialized()
05-Oct-2025 18:55:40.187 INFO [main] org.apache.catalina.core.ApplicationContext.log SessionListener: contextInitialized()
05-Oct-2025 18:55:40.187 INFO [main] org.apache.catalina.core.ApplicationContext.log ContextListener: attributeAdded('StockTicker', 'async.Stockticker@65da1cbe')
05-Oct-2025 18:55:40.208 INFO [main] org.apache.catalina.core.ApplicationContext.log SessionListener: contextDestroyed()
05-Oct-2025 18:55:40.208 INFO [main] org.apache.catalina.core.ApplicationContext.log ContextListener: contextDestroyed()
05-Oct-2025 18:55:49.522 SEVERE [http-nio-8080-exec-7] org.apache.catalina.core.ApplicationContext.log Servlet.init() for servlet [murach.sql.SqlGatewayServlet] threw exception
	javax.persistence.PersistenceException: Unable to locate persistence units
		at org.hibernate.jpa.HibernatePersistenceProvider.getEntityManagerFactoryBuilderOrNull(HibernatePersistenceProvider.java:85)
		at org.hibernate.jpa.HibernatePersistenceProvider.getEntityManagerFactoryBuilderOrNull(HibernatePersistenceProvider.java:61)
		at org.hibernate.jpa.HibernatePersistenceProvider.createEntityManagerFactory(HibernatePersistenceProvider.java:50)
		at javax.persistence.Persistence.createEntityManagerFactory(Persistence.java:79)
		at javax.persistence.Persistence.createEntityManagerFactory(Persistence.java:54)
		at murach.sql.SqlGatewayServlet.init(SqlGatewayServlet.java:16)
		at javax.servlet.GenericServlet.init(GenericServlet.java:143)
		at org.apache.catalina.core.StandardWrapper.initServlet(StandardWrapper.java:989)
		at org.apache.catalina.core.StandardWrapper.loadServlet(StandardWrapper.java:946)
		at org.apache.catalina.core.StandardWrapper.allocate(StandardWrapper.java:664)
		at org.apache.catalina.core.StandardWrapperValve.invoke(StandardWrapperValve.java:116)
		at org.apache.catalina.core.StandardContextValve.invoke(StandardContextValve.java:90)
		at org.apache.catalina.authenticator.AuthenticatorBase.invoke(AuthenticatorBase.java:482)
		at org.apache.catalina.core.StandardHostValve.invoke(StandardHostValve.java:130)
		at org.apache.catalina.valves.ErrorReportValve.invoke(ErrorReportValve.java:93)
		at org.apache.catalina.valves.AbstractAccessLogValve.invoke(AbstractAccessLogValve.java:656)
		at org.apache.catalina.core.StandardEngineValve.invoke(StandardEngineValve.java:74)
		at org.apache.catalina.connector.CoyoteAdapter.service(CoyoteAdapter.java:346)
		at org.apache.coyote.http11.Http11Processor.service(Http11Processor.java:397)
		at org.apache.coyote.AbstractProcessorLight.process(AbstractProcessorLight.java:63)
		at org.apache.coyote.AbstractProtocol$ConnectionHandler.process(AbstractProtocol.java:935)
		at org.apache.tomcat.util.net.NioEndpoint$SocketProcessor.doRun(NioEndpoint.java:1826)
		at org.apache.tomcat.util.net.SocketProcessorBase.run(SocketProcessorBase.java:52)
		at org.apache.tomcat.util.threads.ThreadPoolExecutor.runWorker(ThreadPoolExecutor.java:1189)
		at org.apache.tomcat.util.threads.ThreadPoolExecutor$Worker.run(ThreadPoolExecutor.java:658)
		at org.apache.tomcat.util.threads.TaskThread$WrappingRunnable.run(TaskThread.java:63)
		at java.base/java.lang.Thread.run(Thread.java:840)
	Caused by: javax.persistence.PersistenceException: Unexpected error parsing [file:/Users/nguyendinhtanloc/Documents/Semester_1_2025/Web/Week10/tomCat/webapps/Lesson/WEB-INF/classes/META-INF/persistence.xml]
		at org.hibernate.jpa.boot.internal.PersistenceXmlParser.loadUrl(PersistenceXmlParser.java:463)
		at org.hibernate.jpa.boot.internal.PersistenceXmlParser.parsePersistenceXml(PersistenceXmlParser.java:249)
		at org.hibernate.jpa.boot.internal.PersistenceXmlParser.parsePersistenceXml(PersistenceXmlParser.java:240)
		at org.hibernate.jpa.boot.internal.PersistenceXmlParser.doResolve(PersistenceXmlParser.java:234)
		at org.hibernate.jpa.boot.internal.PersistenceXmlParser.locatePersistenceUnits(PersistenceXmlParser.java:68)
		at org.hibernate.jpa.HibernatePersistenceProvider.getEntityManagerFactoryBuilderOrNull(HibernatePersistenceProvider.java:81)
		... 26 more
	Caused by: org.xml.sax.SAXParseException; lineNumber: 18; columnNumber: 136; The reference to entity "serverTimezone" must end with the ';' delimiter.
		at java.xml/com.sun.org.apache.xerces.internal.parsers.DOMParser.parse(DOMParser.java:262)
		at java.xml/com.sun.org.apache.xerces.internal.jaxp.DocumentBuilderImpl.parse(DocumentBuilderImpl.java:342)
		at org.hibernate.jpa.boot.internal.PersistenceXmlParser.loadUrl(PersistenceXmlParser.java:458)
		... 31 more
05-Oct-2025 18:55:49.523 SEVERE [http-nio-8080-exec-7] org.apache.catalina.core.StandardWrapperValve.invoke Allocate exception for servlet [murach.sql.SqlGatewayServlet]
	org.xml.sax.SAXParseException; lineNumber: 18; columnNumber: 136; The reference to entity "serverTimezone" must end with the ';' delimiter.
		at java.xml/com.sun.org.apache.xerces.internal.parsers.DOMParser.parse(DOMParser.java:262)
		at java.xml/com.sun.org.apache.xerces.internal.jaxp.DocumentBuilderImpl.parse(DocumentBuilderImpl.java:342)
		at org.hibernate.jpa.boot.internal.PersistenceXmlParser.loadUrl(PersistenceXmlParser.java:458)
		at org.hibernate.jpa.boot.internal.PersistenceXmlParser.parsePersistenceXml(PersistenceXmlParser.java:249)
		at org.hibernate.jpa.boot.internal.PersistenceXmlParser.parsePersistenceXml(PersistenceXmlParser.java:240)
		at org.hibernate.jpa.boot.internal.PersistenceXmlParser.doResolve(PersistenceXmlParser.java:234)
		at org.hibernate.jpa.boot.internal.PersistenceXmlParser.locatePersistenceUnits(PersistenceXmlParser.java:68)
		at org.hibernate.jpa.HibernatePersistenceProvider.getEntityManagerFactoryBuilderOrNull(HibernatePersistenceProvider.java:81)
		at org.hibernate.jpa.HibernatePersistenceProvider.getEntityManagerFactoryBuilderOrNull(HibernatePersistenceProvider.java:61)
		at org.hibernate.jpa.HibernatePersistenceProvider.createEntityManagerFactory(HibernatePersistenceProvider.java:50)
		at javax.persistence.Persistence.createEntityManagerFactory(Persistence.java:79)
		at javax.persistence.Persistence.createEntityManagerFactory(Persistence.java:54)
		at murach.sql.SqlGatewayServlet.init(SqlGatewayServlet.java:16)
		at javax.servlet.GenericServlet.init(GenericServlet.java:143)
		at org.apache.catalina.core.StandardWrapper.initServlet(StandardWrapper.java:989)
		at org.apache.catalina.core.StandardWrapper.loadServlet(StandardWrapper.java:946)
		at org.apache.catalina.core.StandardWrapper.allocate(StandardWrapper.java:664)
		at org.apache.catalina.core.StandardWrapperValve.invoke(StandardWrapperValve.java:116)
		at org.apache.catalina.core.StandardContextValve.invoke(StandardContextValve.java:90)
		at org.apache.catalina.authenticator.AuthenticatorBase.invoke(AuthenticatorBase.java:482)
		at org.apache.catalina.core.StandardHostValve.invoke(StandardHostValve.java:130)
		at org.apache.catalina.valves.ErrorReportValve.invoke(ErrorReportValve.java:93)
		at org.apache.catalina.valves.AbstractAccessLogValve.invoke(AbstractAccessLogValve.java:656)
		at org.apache.catalina.core.StandardEngineValve.invoke(StandardEngineValve.java:74)
		at org.apache.catalina.connector.CoyoteAdapter.service(CoyoteAdapter.java:346)
		at org.apache.coyote.http11.Http11Processor.service(Http11Processor.java:397)
		at org.apache.coyote.AbstractProcessorLight.process(AbstractProcessorLight.java:63)
		at org.apache.coyote.AbstractProtocol$ConnectionHandler.process(AbstractProtocol.java:935)
		at org.apache.tomcat.util.net.NioEndpoint$SocketProcessor.doRun(NioEndpoint.java:1826)
		at org.apache.tomcat.util.net.SocketProcessorBase.run(SocketProcessorBase.java:52)
		at org.apache.tomcat.util.threads.ThreadPoolExecutor.runWorker(ThreadPoolExecutor.java:1189)
		at org.apache.tomcat.util.threads.ThreadPoolExecutor$Worker.run(ThreadPoolExecutor.java:658)
		at org.apache.tomcat.util.threads.TaskThread$WrappingRunnable.run(TaskThread.java:63)
		at java.base/java.lang.Thread.run(Thread.java:840)
05-Oct-2025 18:58:41.292 INFO [main] org.apache.catalina.core.ApplicationContext.log SessionListener: contextDestroyed()
05-Oct-2025 18:58:41.292 INFO [main] org.apache.catalina.core.ApplicationContext.log ContextListener: contextDestroyed()
05-Oct-2025 19:00:19.332 SEVERE [main] org.apache.catalina.core.ApplicationContext.log Servlet.init() for servlet [SqlGatewayServlet] threw exception
	org.hibernate.service.spi.ServiceException: Unable to create requested service [org.hibernate.engine.jdbc.env.spi.JdbcEnvironment]
		at org.hibernate.service.internal.AbstractServiceRegistryImpl.createService(AbstractServiceRegistryImpl.java:284)
		at org.hibernate.service.internal.AbstractServiceRegistryImpl.initializeService(AbstractServiceRegistryImpl.java:246)
		at org.hibernate.service.internal.AbstractServiceRegistryImpl.getService(AbstractServiceRegistryImpl.java:223)
		at org.hibernate.id.factory.internal.DefaultIdentifierGeneratorFactory.injectServices(DefaultIdentifierGeneratorFactory.java:175)
		at org.hibernate.service.internal.AbstractServiceRegistryImpl.injectDependencies(AbstractServiceRegistryImpl.java:295)
		at org.hibernate.service.internal.AbstractServiceRegistryImpl.initializeService(AbstractServiceRegistryImpl.java:252)
		at org.hibernate.service.internal.AbstractServiceRegistryImpl.getService(AbstractServiceRegistryImpl.java:223)
		at org.hibernate.boot.internal.InFlightMetadataCollectorImpl.<init>(InFlightMetadataCollectorImpl.java:173)
		at org.hibernate.boot.model.process.spi.MetadataBuildingProcess.complete(MetadataBuildingProcess.java:127)
		at org.hibernate.jpa.boot.internal.EntityManagerFactoryBuilderImpl.metadata(EntityManagerFactoryBuilderImpl.java:1460)
		at org.hibernate.jpa.boot.internal.EntityManagerFactoryBuilderImpl.build(EntityManagerFactoryBuilderImpl.java:1494)
		at org.hibernate.jpa.HibernatePersistenceProvider.createEntityManagerFactory(HibernatePersistenceProvider.java:56)
		at javax.persistence.Persistence.createEntityManagerFactory(Persistence.java:79)
		at javax.persistence.Persistence.createEntityManagerFactory(Persistence.java:54)
		at murach.sql.SqlGatewayServlet.init(SqlGatewayServlet.java:16)
		at javax.servlet.GenericServlet.init(GenericServlet.java:143)
		at org.apache.catalina.core.StandardWrapper.initServlet(StandardWrapper.java:989)
		at org.apache.catalina.core.StandardWrapper.loadServlet(StandardWrapper.java:946)
		at org.apache.catalina.core.StandardWrapper.load(StandardWrapper.java:843)
		at org.apache.catalina.core.StandardContext.loadOnStartup(StandardContext.java:4234)
		at org.apache.catalina.core.StandardContext.startInternal(StandardContext.java:4535)
		at org.apache.catalina.util.LifecycleBase.start(LifecycleBase.java:164)
		at org.apache.catalina.core.ContainerBase.addChildInternal(ContainerBase.java:599)
		at org.apache.catalina.core.ContainerBase.addChild(ContainerBase.java:571)
		at org.apache.catalina.core.StandardHost.addChild(StandardHost.java:603)
		at org.apache.catalina.startup.HostConfig.deployWAR(HostConfig.java:1013)
		at org.apache.catalina.startup.HostConfig$DeployWar.run(HostConfig.java:1861)
		at java.base/java.util.concurrent.Executors$RunnableAdapter.call(Executors.java:539)
		at java.base/java.util.concurrent.FutureTask.run(FutureTask.java:264)
		at org.apache.tomcat.util.threads.InlineExecutorService.execute(InlineExecutorService.java:76)
		at java.base/java.util.concurrent.AbstractExecutorService.submit(AbstractExecutorService.java:123)
		at org.apache.catalina.startup.HostConfig.deployWARs(HostConfig.java:817)
		at org.apache.catalina.startup.HostConfig.deployApps(HostConfig.java:468)
		at org.apache.catalina.startup.HostConfig.start(HostConfig.java:1579)
		at org.apache.catalina.startup.HostConfig.lifecycleEvent(HostConfig.java:312)
		at org.apache.catalina.util.LifecycleBase.fireLifecycleEvent(LifecycleBase.java:109)
		at org.apache.catalina.util.LifecycleBase.setStateInternal(LifecycleBase.java:389)
		at org.apache.catalina.util.LifecycleBase.setState(LifecycleBase.java:336)
		at org.apache.catalina.core.ContainerBase.startInternal(ContainerBase.java:776)
		at org.apache.catalina.core.StandardHost.startInternal(StandardHost.java:721)
		at org.apache.catalina.util.LifecycleBase.start(LifecycleBase.java:164)
		at org.apache.catalina.core.ContainerBase$StartChild.call(ContainerBase.java:1203)
		at org.apache.catalina.core.ContainerBase$StartChild.call(ContainerBase.java:1193)
		at java.base/java.util.concurrent.FutureTask.run(FutureTask.java:264)
		at org.apache.tomcat.util.threads.InlineExecutorService.execute(InlineExecutorService.java:76)
		at java.base/java.util.concurrent.AbstractExecutorService.submit(AbstractExecutorService.java:145)
		at org.apache.catalina.core.ContainerBase.startInternal(ContainerBase.java:749)
		at org.apache.catalina.core.StandardEngine.startInternal(StandardEngine.java:211)
		at org.apache.catalina.util.LifecycleBase.start(LifecycleBase.java:164)
		at org.apache.catalina.core.StandardService.startInternal(StandardService.java:412)
		at org.apache.catalina.util.LifecycleBase.start(LifecycleBase.java:164)
		at org.apache.catalina.core.StandardServer.startInternal(StandardServer.java:874)
		at org.apache.catalina.util.LifecycleBase.start(LifecycleBase.java:164)
		at org.apache.catalina.startup.Catalina.start(Catalina.java:739)
		at java.base/jdk.internal.reflect.NativeMethodAccessorImpl.invoke0(Native Method)
		at java.base/jdk.internal.reflect.NativeMethodAccessorImpl.invoke(NativeMethodAccessorImpl.java:77)
		at java.base/jdk.internal.reflect.DelegatingMethodAccessorImpl.invoke(DelegatingMethodAccessorImpl.java:43)
		at java.base/java.lang.reflect.Method.invoke(Method.java:569)
		at org.apache.catalina.startup.Bootstrap.start(Bootstrap.java:345)
		at org.apache.catalina.startup.Bootstrap.main(Bootstrap.java:476)
	Caused by: org.hibernate.exception.JDBCConnectionException: Error calling Driver#connect
		at org.hibernate.exception.internal.SQLStateConversionDelegate.convert(SQLStateConversionDelegate.java:112)
		at org.hibernate.exception.internal.StandardSQLExceptionConverter.convert(StandardSQLExceptionConverter.java:37)
		at org.hibernate.engine.jdbc.spi.SqlExceptionHelper.convert(SqlExceptionHelper.java:113)
		at org.hibernate.engine.jdbc.connections.internal.BasicConnectionCreator.convertSqlException(BasicConnectionCreator.java:131)
		at org.hibernate.engine.jdbc.connections.internal.DriverConnectionCreator.makeConnection(DriverConnectionCreator.java:42)
		at org.hibernate.engine.jdbc.connections.internal.BasicConnectionCreator.createConnection(BasicConnectionCreator.java:62)
		at org.hibernate.engine.jdbc.connections.internal.DriverManagerConnectionProviderImpl$PooledConnections.addConnections(DriverManagerConnectionProviderImpl.java:457)
		at org.hibernate.engine.jdbc.connections.internal.DriverManagerConnectionProviderImpl$PooledConnections.<init>(DriverManagerConnectionProviderImpl.java:323)
		at org.hibernate.engine.jdbc.connections.internal.DriverManagerConnectionProviderImpl$PooledConnections.<init>(DriverManagerConnectionProviderImpl.java:297)
		at org.hibernate.engine.jdbc.connections.internal.DriverManagerConnectionProviderImpl$PooledConnections$Builder.build(DriverManagerConnectionProviderImpl.java:501)
		at org.hibernate.engine.jdbc.connections.internal.DriverManagerConnectionProviderImpl.buildPool(DriverManagerConnectionProviderImpl.java:101)
		at org.hibernate.engine.jdbc.connections.internal.DriverManagerConnectionProviderImpl.configure(DriverManagerConnectionProviderImpl.java:76)
		at org.hibernate.boot.registry.internal.StandardServiceRegistryImpl.configureService(StandardServiceRegistryImpl.java:107)
		at org.hibernate.service.internal.AbstractServiceRegistryImpl.initializeService(AbstractServiceRegistryImpl.java:255)
		at org.hibernate.service.internal.AbstractServiceRegistryImpl.getService(AbstractServiceRegistryImpl.java:223)
		at org.hibernate.engine.jdbc.env.internal.JdbcEnvironmentInitiator.buildJdbcConnectionAccess(JdbcEnvironmentInitiator.java:146)
		at org.hibernate.engine.jdbc.env.internal.JdbcEnvironmentInitiator.initiateService(JdbcEnvironmentInitiator.java:66)
		at org.hibernate.engine.jdbc.env.internal.JdbcEnvironmentInitiator.initiateService(JdbcEnvironmentInitiator.java:35)
		at org.hibernate.boot.registry.internal.StandardServiceRegistryImpl.initiateService(StandardServiceRegistryImpl.java:101)
		at org.hibernate.service.internal.AbstractServiceRegistryImpl.createService(AbstractServiceRegistryImpl.java:272)
		... 59 more
	Caused by: com.mysql.cj.jdbc.exceptions.CommunicationsException: Communications link failure

The last packet sent successfully to the server was 0 milliseconds ago. The driver has not received any packets from the server.
		at com.mysql.cj.jdbc.exceptions.SQLError.createCommunicationsException(SQLError.java:175)
		at com.mysql.cj.jdbc.exceptions.SQLExceptionsMapping.translateException(SQLExceptionsMapping.java:64)
		at com.mysql.cj.jdbc.ConnectionImpl.createNewIO(ConnectionImpl.java:825)
		at com.mysql.cj.jdbc.ConnectionImpl.<init>(ConnectionImpl.java:446)
		at com.mysql.cj.jdbc.ConnectionImpl.getInstance(ConnectionImpl.java:239)
		at com.mysql.cj.jdbc.NonRegisteringDriver.connect(NonRegisteringDriver.java:188)
		at org.hibernate.engine.jdbc.connections.internal.DriverConnectionCreator.makeConnection(DriverConnectionCreator.java:39)
		... 74 more
	Caused by: com.mysql.cj.exceptions.CJCommunicationsException: Communications link failure

The last packet sent successfully to the server was 0 milliseconds ago. The driver has not received any packets from the server.
		at java.base/jdk.internal.reflect.NativeConstructorAccessorImpl.newInstance0(Native Method)
		at java.base/jdk.internal.reflect.NativeConstructorAccessorImpl.newInstance(NativeConstructorAccessorImpl.java:77)
		at java.base/jdk.internal.reflect.DelegatingConstructorAccessorImpl.newInstance(DelegatingConstructorAccessorImpl.java:45)
		at java.base/java.lang.reflect.Constructor.newInstanceWithCaller(Constructor.java:500)
		at java.base/java.lang.reflect.Constructor.newInstance(Constructor.java:481)
		at com.mysql.cj.exceptions.ExceptionFactory.createException(ExceptionFactory.java:62)
		at com.mysql.cj.exceptions.ExceptionFactory.createException(ExceptionFactory.java:105)
		at com.mysql.cj.exceptions.ExceptionFactory.createException(ExceptionFactory.java:150)
		at com.mysql.cj.exceptions.ExceptionFactory.createCommunicationsException(ExceptionFactory.java:166)
		at com.mysql.cj.protocol.a.NativeSocketConnection.connect(NativeSocketConnection.java:89)
		at com.mysql.cj.NativeSession.connect(NativeSession.java:121)
		at com.mysql.cj.jdbc.ConnectionImpl.connectOneTryOnly(ConnectionImpl.java:945)
		at com.mysql.cj.jdbc.ConnectionImpl.createNewIO(ConnectionImpl.java:815)
		... 78 more
	Caused by: java.net.ConnectException: Operation timed out
		at java.base/sun.nio.ch.Net.connect0(Native Method)
		at java.base/sun.nio.ch.Net.connect(Net.java:579)
		at java.base/sun.nio.ch.Net.connect(Net.java:568)
		at java.base/sun.nio.ch.NioSocketImpl.connect(NioSocketImpl.java:593)
		at java.base/java.net.SocksSocketImpl.connect(SocksSocketImpl.java:327)
		at java.base/java.net.Socket.connect(Socket.java:633)
		at com.mysql.cj.protocol.StandardSocketFactory.connect(StandardSocketFactory.java:153)
		at com.mysql.cj.protocol.a.NativeSocketConnection.connect(NativeSocketConnection.java:63)
		... 81 more
05-Oct-2025 19:00:19.332 SEVERE [main] org.apache.catalina.core.StandardContext.loadOnStartup Servlet [SqlGatewayServlet] in web application [/Lesson] threw load() exception
	java.net.ConnectException: Operation timed out
		at java.base/sun.nio.ch.Net.connect0(Native Method)
		at java.base/sun.nio.ch.Net.connect(Net.java:579)
		at java.base/sun.nio.ch.Net.connect(Net.java:568)
		at java.base/sun.nio.ch.NioSocketImpl.connect(NioSocketImpl.java:593)
		at java.base/java.net.SocksSocketImpl.connect(SocksSocketImpl.java:327)
		at java.base/java.net.Socket.connect(Socket.java:633)
		at com.mysql.cj.protocol.StandardSocketFactory.connect(StandardSocketFactory.java:153)
		at com.mysql.cj.protocol.a.NativeSocketConnection.connect(NativeSocketConnection.java:63)
		at com.mysql.cj.NativeSession.connect(NativeSession.java:121)
		at com.mysql.cj.jdbc.ConnectionImpl.connectOneTryOnly(ConnectionImpl.java:945)
		at com.mysql.cj.jdbc.ConnectionImpl.createNewIO(ConnectionImpl.java:815)
		at com.mysql.cj.jdbc.ConnectionImpl.<init>(ConnectionImpl.java:446)
		at com.mysql.cj.jdbc.ConnectionImpl.getInstance(ConnectionImpl.java:239)
		at com.mysql.cj.jdbc.NonRegisteringDriver.connect(NonRegisteringDriver.java:188)
		at org.hibernate.engine.jdbc.connections.internal.DriverConnectionCreator.makeConnection(DriverConnectionCreator.java:39)
		at org.hibernate.engine.jdbc.connections.internal.BasicConnectionCreator.createConnection(BasicConnectionCreator.java:62)
		at org.hibernate.engine.jdbc.connections.internal.DriverManagerConnectionProviderImpl$PooledConnections.addConnections(DriverManagerConnectionProviderImpl.java:457)
		at org.hibernate.engine.jdbc.connections.internal.DriverManagerConnectionProviderImpl$PooledConnections.<init>(DriverManagerConnectionProviderImpl.java:323)
		at org.hibernate.engine.jdbc.connections.internal.DriverManagerConnectionProviderImpl$PooledConnections.<init>(DriverManagerConnectionProviderImpl.java:297)
		at org.hibernate.engine.jdbc.connections.internal.DriverManagerConnectionProviderImpl$PooledConnections$Builder.build(DriverManagerConnectionProviderImpl.java:501)
		at org.hibernate.engine.jdbc.connections.internal.DriverManagerConnectionProviderImpl.buildPool(DriverManagerConnectionProviderImpl.java:101)
		at org.hibernate.engine.jdbc.connections.internal.DriverManagerConnectionProviderImpl.configure(DriverManagerConnectionProviderImpl.java:76)
		at org.hibernate.boot.registry.internal.StandardServiceRegistryImpl.configureService(StandardServiceRegistryImpl.java:107)
		at org.hibernate.service.internal.AbstractServiceRegistryImpl.initializeService(AbstractServiceRegistryImpl.java:255)
		at org.hibernate.service.internal.AbstractServiceRegistryImpl.getService(AbstractServiceRegistryImpl.java:223)
		at org.hibernate.engine.jdbc.env.internal.JdbcEnvironmentInitiator.buildJdbcConnectionAccess(JdbcEnvironmentInitiator.java:146)
		at org.hibernate.engine.jdbc.env.internal.JdbcEnvironmentInitiator.initiateService(JdbcEnvironmentInitiator.java:66)
		at org.hibernate.engine.jdbc.env.internal.JdbcEnvironmentInitiator.initiateService(JdbcEnvironmentInitiator.java:35)
		at org.hibernate.boot.registry.internal.StandardServiceRegistryImpl.initiateService(StandardServiceRegistryImpl.java:101)
		at org.hibernate.service.internal.AbstractServiceRegistryImpl.createService(AbstractServiceRegistryImpl.java:272)
		at org.hibernate.service.internal.AbstractServiceRegistryImpl.initializeService(AbstractServiceRegistryImpl.java:246)
		at org.hibernate.service.internal.AbstractServiceRegistryImpl.getService(AbstractServiceRegistryImpl.java:223)
		at org.hibernate.id.factory.internal.DefaultIdentifierGeneratorFactory.injectServices(DefaultIdentifierGeneratorFactory.java:175)
		at org.hibernate.service.internal.AbstractServiceRegistryImpl.injectDependencies(AbstractServiceRegistryImpl.java:295)
		at org.hibernate.service.internal.AbstractServiceRegistryImpl.initializeService(AbstractServiceRegistryImpl.java:252)
		at org.hibernate.service.internal.AbstractServiceRegistryImpl.getService(AbstractServiceRegistryImpl.java:223)
		at org.hibernate.boot.internal.InFlightMetadataCollectorImpl.<init>(InFlightMetadataCollectorImpl.java:173)
		at org.hibernate.boot.model.process.spi.MetadataBuildingProcess.complete(MetadataBuildingProcess.java:127)
		at org.hibernate.jpa.boot.internal.EntityManagerFactoryBuilderImpl.metadata(EntityManagerFactoryBuilderImpl.java:1460)
		at org.hibernate.jpa.boot.internal.EntityManagerFactoryBuilderImpl.build(EntityManagerFactoryBuilderImpl.java:1494)
		at org.hibernate.jpa.HibernatePersistenceProvider.createEntityManagerFactory(HibernatePersistenceProvider.java:56)
		at javax.persistence.Persistence.createEntityManagerFactory(Persistence.java:79)
		at javax.persistence.Persistence.createEntityManagerFactory(Persistence.java:54)
		at murach.sql.SqlGatewayServlet.init(SqlGatewayServlet.java:16)
		at javax.servlet.GenericServlet.init(GenericServlet.java:143)
		at org.apache.catalina.core.StandardWrapper.initServlet(StandardWrapper.java:989)
		at org.apache.catalina.core.StandardWrapper.loadServlet(StandardWrapper.java:946)
		at org.apache.catalina.core.StandardWrapper.load(StandardWrapper.java:843)
		at org.apache.catalina.core.StandardContext.loadOnStartup(StandardContext.java:4234)
		at org.apache.catalina.core.StandardContext.startInternal(StandardContext.java:4535)
		at org.apache.catalina.util.LifecycleBase.start(LifecycleBase.java:164)
		at org.apache.catalina.core.ContainerBase.addChildInternal(ContainerBase.java:599)
		at org.apache.catalina.core.ContainerBase.addChild(ContainerBase.java:571)
		at org.apache.catalina.core.StandardHost.addChild(StandardHost.java:603)
		at org.apache.catalina.startup.HostConfig.deployWAR(HostConfig.java:1013)
		at org.apache.catalina.startup.HostConfig$DeployWar.run(HostConfig.java:1861)
		at java.base/java.util.concurrent.Executors$RunnableAdapter.call(Executors.java:539)
		at java.base/java.util.concurrent.FutureTask.run(FutureTask.java:264)
		at org.apache.tomcat.util.threads.InlineExecutorService.execute(InlineExecutorService.java:76)
		at java.base/java.util.concurrent.AbstractExecutorService.submit(AbstractExecutorService.java:123)
		at org.apache.catalina.startup.HostConfig.deployWARs(HostConfig.java:817)
		at org.apache.catalina.startup.HostConfig.deployApps(HostConfig.java:468)
		at org.apache.catalina.startup.HostConfig.start(HostConfig.java:1579)
		at org.apache.catalina.startup.HostConfig.lifecycleEvent(HostConfig.java:312)
		at org.apache.catalina.util.LifecycleBase.fireLifecycleEvent(LifecycleBase.java:109)
		at org.apache.catalina.util.LifecycleBase.setStateInternal(LifecycleBase.java:389)
		at org.apache.catalina.util.LifecycleBase.setState(LifecycleBase.java:336)
		at org.apache.catalina.core.ContainerBase.startInternal(ContainerBase.java:776)
		at org.apache.catalina.core.StandardHost.startInternal(StandardHost.java:721)
		at org.apache.catalina.util.LifecycleBase.start(LifecycleBase.java:164)
		at org.apache.catalina.core.ContainerBase$StartChild.call(ContainerBase.java:1203)
		at org.apache.catalina.core.ContainerBase$StartChild.call(ContainerBase.java:1193)
		at java.base/java.util.concurrent.FutureTask.run(FutureTask.java:264)
		at org.apache.tomcat.util.threads.InlineExecutorService.execute(InlineExecutorService.java:76)
		at java.base/java.util.concurrent.AbstractExecutorService.submit(AbstractExecutorService.java:145)
		at org.apache.catalina.core.ContainerBase.startInternal(ContainerBase.java:749)
		at org.apache.catalina.core.StandardEngine.startInternal(StandardEngine.java:211)
		at org.apache.catalina.util.LifecycleBase.start(LifecycleBase.java:164)
		at org.apache.catalina.core.StandardService.startInternal(StandardService.java:412)
		at org.apache.catalina.util.LifecycleBase.start(LifecycleBase.java:164)
		at org.apache.catalina.core.StandardServer.startInternal(StandardServer.java:874)
		at org.apache.catalina.util.LifecycleBase.start(LifecycleBase.java:164)
		at org.apache.catalina.startup.Catalina.start(Catalina.java:739)
		at java.base/jdk.internal.reflect.NativeMethodAccessorImpl.invoke0(Native Method)
		at java.base/jdk.internal.reflect.NativeMethodAccessorImpl.invoke(NativeMethodAccessorImpl.java:77)
		at java.base/jdk.internal.reflect.DelegatingMethodAccessorImpl.invoke(DelegatingMethodAccessorImpl.java:43)
		at java.base/java.lang.reflect.Method.invoke(Method.java:569)
		at org.apache.catalina.startup.Bootstrap.start(Bootstrap.java:345)
		at org.apache.catalina.startup.Bootstrap.main(Bootstrap.java:476)
05-Oct-2025 19:00:19.454 INFO [main] org.apache.catalina.core.ApplicationContext.log ContextListener: contextInitialized()
05-Oct-2025 19:00:19.454 INFO [main] org.apache.catalina.core.ApplicationContext.log SessionListener: contextInitialized()
05-Oct-2025 19:00:19.455 INFO [main] org.apache.catalina.core.ApplicationContext.log ContextListener: attributeAdded('StockTicker', 'async.Stockticker@12eaa2cd')
05-Oct-2025 19:01:02.083 SEVERE [main] org.apache.catalina.core.ApplicationContext.log Servlet.init() for servlet [SqlGatewayServlet] threw exception
	org.hibernate.service.spi.ServiceException: Unable to create requested service [org.hibernate.engine.jdbc.env.spi.JdbcEnvironment]
		at org.hibernate.service.internal.AbstractServiceRegistryImpl.createService(AbstractServiceRegistryImpl.java:284)
		at org.hibernate.service.internal.AbstractServiceRegistryImpl.initializeService(AbstractServiceRegistryImpl.java:246)
		at org.hibernate.service.internal.AbstractServiceRegistryImpl.getService(AbstractServiceRegistryImpl.java:223)
		at org.hibernate.id.factory.internal.DefaultIdentifierGeneratorFactory.injectServices(DefaultIdentifierGeneratorFactory.java:175)
		at org.hibernate.service.internal.AbstractServiceRegistryImpl.injectDependencies(AbstractServiceRegistryImpl.java:295)
		at org.hibernate.service.internal.AbstractServiceRegistryImpl.initializeService(AbstractServiceRegistryImpl.java:252)
		at org.hibernate.service.internal.AbstractServiceRegistryImpl.getService(AbstractServiceRegistryImpl.java:223)
		at org.hibernate.boot.internal.InFlightMetadataCollectorImpl.<init>(InFlightMetadataCollectorImpl.java:173)
		at org.hibernate.boot.model.process.spi.MetadataBuildingProcess.complete(MetadataBuildingProcess.java:127)
		at org.hibernate.jpa.boot.internal.EntityManagerFactoryBuilderImpl.metadata(EntityManagerFactoryBuilderImpl.java:1460)
		at org.hibernate.jpa.boot.internal.EntityManagerFactoryBuilderImpl.build(EntityManagerFactoryBuilderImpl.java:1494)
		at org.hibernate.jpa.HibernatePersistenceProvider.createEntityManagerFactory(HibernatePersistenceProvider.java:56)
		at javax.persistence.Persistence.createEntityManagerFactory(Persistence.java:79)
		at javax.persistence.Persistence.createEntityManagerFactory(Persistence.java:54)
		at murach.sql.SqlGatewayServlet.init(SqlGatewayServlet.java:16)
		at javax.servlet.GenericServlet.init(GenericServlet.java:143)
		at org.apache.catalina.core.StandardWrapper.initServlet(StandardWrapper.java:989)
		at org.apache.catalina.core.StandardWrapper.loadServlet(StandardWrapper.java:946)
		at org.apache.catalina.core.StandardWrapper.load(StandardWrapper.java:843)
		at org.apache.catalina.core.StandardContext.loadOnStartup(StandardContext.java:4234)
		at org.apache.catalina.core.StandardContext.startInternal(StandardContext.java:4535)
		at org.apache.catalina.util.LifecycleBase.start(LifecycleBase.java:164)
		at org.apache.catalina.core.ContainerBase.addChildInternal(ContainerBase.java:599)
		at org.apache.catalina.core.ContainerBase.addChild(ContainerBase.java:571)
		at org.apache.catalina.core.StandardHost.addChild(StandardHost.java:603)
		at org.apache.catalina.startup.HostConfig.deployWAR(HostConfig.java:1013)
		at org.apache.catalina.startup.HostConfig$DeployWar.run(HostConfig.java:1861)
		at java.base/java.util.concurrent.Executors$RunnableAdapter.call(Executors.java:539)
		at java.base/java.util.concurrent.FutureTask.run(FutureTask.java:264)
		at org.apache.tomcat.util.threads.InlineExecutorService.execute(InlineExecutorService.java:76)
		at java.base/java.util.concurrent.AbstractExecutorService.submit(AbstractExecutorService.java:123)
		at org.apache.catalina.startup.HostConfig.deployWARs(HostConfig.java:817)
		at org.apache.catalina.startup.HostConfig.deployApps(HostConfig.java:468)
		at org.apache.catalina.startup.HostConfig.start(HostConfig.java:1579)
		at org.apache.catalina.startup.HostConfig.lifecycleEvent(HostConfig.java:312)
		at org.apache.catalina.util.LifecycleBase.fireLifecycleEvent(LifecycleBase.java:109)
		at org.apache.catalina.util.LifecycleBase.setStateInternal(LifecycleBase.java:389)
		at org.apache.catalina.util.LifecycleBase.setState(LifecycleBase.java:336)
		at org.apache.catalina.core.ContainerBase.startInternal(ContainerBase.java:776)
		at org.apache.catalina.core.StandardHost.startInternal(StandardHost.java:721)
		at org.apache.catalina.util.LifecycleBase.start(LifecycleBase.java:164)
		at org.apache.catalina.core.ContainerBase$StartChild.call(ContainerBase.java:1203)
		at org.apache.catalina.core.ContainerBase$StartChild.call(ContainerBase.java:1193)
		at java.base/java.util.concurrent.FutureTask.run(FutureTask.java:264)
		at org.apache.tomcat.util.threads.InlineExecutorService.execute(InlineExecutorService.java:76)
		at java.base/java.util.concurrent.AbstractExecutorService.submit(AbstractExecutorService.java:145)
		at org.apache.catalina.core.ContainerBase.startInternal(ContainerBase.java:749)
		at org.apache.catalina.core.StandardEngine.startInternal(StandardEngine.java:211)
		at org.apache.catalina.util.LifecycleBase.start(LifecycleBase.java:164)
		at org.apache.catalina.core.StandardService.startInternal(StandardService.java:412)
		at org.apache.catalina.util.LifecycleBase.start(LifecycleBase.java:164)
		at org.apache.catalina.core.StandardServer.startInternal(StandardServer.java:874)
		at org.apache.catalina.util.LifecycleBase.start(LifecycleBase.java:164)
		at org.apache.catalina.startup.Catalina.start(Catalina.java:739)
		at java.base/jdk.internal.reflect.NativeMethodAccessorImpl.invoke0(Native Method)
		at java.base/jdk.internal.reflect.NativeMethodAccessorImpl.invoke(NativeMethodAccessorImpl.java:77)
		at java.base/jdk.internal.reflect.DelegatingMethodAccessorImpl.invoke(DelegatingMethodAccessorImpl.java:43)
		at java.base/java.lang.reflect.Method.invoke(Method.java:569)
		at org.apache.catalina.startup.Bootstrap.start(Bootstrap.java:345)
		at org.apache.catalina.startup.Bootstrap.main(Bootstrap.java:476)
	Caused by: org.hibernate.exception.JDBCConnectionException: Error calling Driver#connect
		at org.hibernate.exception.internal.SQLStateConversionDelegate.convert(SQLStateConversionDelegate.java:112)
		at org.hibernate.exception.internal.StandardSQLExceptionConverter.convert(StandardSQLExceptionConverter.java:37)
		at org.hibernate.engine.jdbc.spi.SqlExceptionHelper.convert(SqlExceptionHelper.java:113)
		at org.hibernate.engine.jdbc.connections.internal.BasicConnectionCreator.convertSqlException(BasicConnectionCreator.java:131)
		at org.hibernate.engine.jdbc.connections.internal.DriverConnectionCreator.makeConnection(DriverConnectionCreator.java:42)
		at org.hibernate.engine.jdbc.connections.internal.BasicConnectionCreator.createConnection(BasicConnectionCreator.java:62)
		at org.hibernate.engine.jdbc.connections.internal.DriverManagerConnectionProviderImpl$PooledConnections.addConnections(DriverManagerConnectionProviderImpl.java:457)
		at org.hibernate.engine.jdbc.connections.internal.DriverManagerConnectionProviderImpl$PooledConnections.<init>(DriverManagerConnectionProviderImpl.java:323)
		at org.hibernate.engine.jdbc.connections.internal.DriverManagerConnectionProviderImpl$PooledConnections.<init>(DriverManagerConnectionProviderImpl.java:297)
		at org.hibernate.engine.jdbc.connections.internal.DriverManagerConnectionProviderImpl$PooledConnections$Builder.build(DriverManagerConnectionProviderImpl.java:501)
		at org.hibernate.engine.jdbc.connections.internal.DriverManagerConnectionProviderImpl.buildPool(DriverManagerConnectionProviderImpl.java:101)
		at org.hibernate.engine.jdbc.connections.internal.DriverManagerConnectionProviderImpl.configure(DriverManagerConnectionProviderImpl.java:76)
		at org.hibernate.boot.registry.internal.StandardServiceRegistryImpl.configureService(StandardServiceRegistryImpl.java:107)
		at org.hibernate.service.internal.AbstractServiceRegistryImpl.initializeService(AbstractServiceRegistryImpl.java:255)
		at org.hibernate.service.internal.AbstractServiceRegistryImpl.getService(AbstractServiceRegistryImpl.java:223)
		at org.hibernate.engine.jdbc.env.internal.JdbcEnvironmentInitiator.buildJdbcConnectionAccess(JdbcEnvironmentInitiator.java:146)
		at org.hibernate.engine.jdbc.env.internal.JdbcEnvironmentInitiator.initiateService(JdbcEnvironmentInitiator.java:66)
		at org.hibernate.engine.jdbc.env.internal.JdbcEnvironmentInitiator.initiateService(JdbcEnvironmentInitiator.java:35)
		at org.hibernate.boot.registry.internal.StandardServiceRegistryImpl.initiateService(StandardServiceRegistryImpl.java:101)
		at org.hibernate.service.internal.AbstractServiceRegistryImpl.createService(AbstractServiceRegistryImpl.java:272)
		... 59 more
	Caused by: com.mysql.cj.jdbc.exceptions.CommunicationsException: Communications link failure

The last packet sent successfully to the server was 0 milliseconds ago. The driver has not received any packets from the server.
		at com.mysql.cj.jdbc.exceptions.SQLError.createCommunicationsException(SQLError.java:175)
		at com.mysql.cj.jdbc.exceptions.SQLExceptionsMapping.translateException(SQLExceptionsMapping.java:64)
		at com.mysql.cj.jdbc.ConnectionImpl.createNewIO(ConnectionImpl.java:825)
		at com.mysql.cj.jdbc.ConnectionImpl.<init>(ConnectionImpl.java:446)
		at com.mysql.cj.jdbc.ConnectionImpl.getInstance(ConnectionImpl.java:239)
		at com.mysql.cj.jdbc.NonRegisteringDriver.connect(NonRegisteringDriver.java:188)
		at org.hibernate.engine.jdbc.connections.internal.DriverConnectionCreator.makeConnection(DriverConnectionCreator.java:39)
		... 74 more
	Caused by: com.mysql.cj.exceptions.CJCommunicationsException: Communications link failure

The last packet sent successfully to the server was 0 milliseconds ago. The driver has not received any packets from the server.
		at java.base/jdk.internal.reflect.NativeConstructorAccessorImpl.newInstance0(Native Method)
		at java.base/jdk.internal.reflect.NativeConstructorAccessorImpl.newInstance(NativeConstructorAccessorImpl.java:77)
		at java.base/jdk.internal.reflect.DelegatingConstructorAccessorImpl.newInstance(DelegatingConstructorAccessorImpl.java:45)
		at java.base/java.lang.reflect.Constructor.newInstanceWithCaller(Constructor.java:500)
		at java.base/java.lang.reflect.Constructor.newInstance(Constructor.java:481)
		at com.mysql.cj.exceptions.ExceptionFactory.createException(ExceptionFactory.java:62)
		at com.mysql.cj.exceptions.ExceptionFactory.createException(ExceptionFactory.java:105)
		at com.mysql.cj.exceptions.ExceptionFactory.createException(ExceptionFactory.java:150)
		at com.mysql.cj.exceptions.ExceptionFactory.createCommunicationsException(ExceptionFactory.java:166)
		at com.mysql.cj.protocol.a.NativeSocketConnection.connect(NativeSocketConnection.java:89)
		at com.mysql.cj.NativeSession.connect(NativeSession.java:121)
		at com.mysql.cj.jdbc.ConnectionImpl.connectOneTryOnly(ConnectionImpl.java:945)
		at com.mysql.cj.jdbc.ConnectionImpl.createNewIO(ConnectionImpl.java:815)
		... 78 more
	Caused by: java.net.ConnectException: Operation timed out
		at java.base/sun.nio.ch.Net.connect0(Native Method)
		at java.base/sun.nio.ch.Net.connect(Net.java:579)
		at java.base/sun.nio.ch.Net.connect(Net.java:568)
		at java.base/sun.nio.ch.NioSocketImpl.connect(NioSocketImpl.java:593)
		at java.base/java.net.SocksSocketImpl.connect(SocksSocketImpl.java:327)
		at java.base/java.net.Socket.connect(Socket.java:633)
		at com.mysql.cj.protocol.StandardSocketFactory.connect(StandardSocketFactory.java:153)
		at com.mysql.cj.protocol.a.NativeSocketConnection.connect(NativeSocketConnection.java:63)
		... 81 more
05-Oct-2025 19:01:02.083 SEVERE [main] org.apache.catalina.core.StandardContext.loadOnStartup Servlet [SqlGatewayServlet] in web application [/Lesson] threw load() exception
	java.net.ConnectException: Operation timed out
		at java.base/sun.nio.ch.Net.connect0(Native Method)
		at java.base/sun.nio.ch.Net.connect(Net.java:579)
		at java.base/sun.nio.ch.Net.connect(Net.java:568)
		at java.base/sun.nio.ch.NioSocketImpl.connect(NioSocketImpl.java:593)
		at java.base/java.net.SocksSocketImpl.connect(SocksSocketImpl.java:327)
		at java.base/java.net.Socket.connect(Socket.java:633)
		at com.mysql.cj.protocol.StandardSocketFactory.connect(StandardSocketFactory.java:153)
		at com.mysql.cj.protocol.a.NativeSocketConnection.connect(NativeSocketConnection.java:63)
		at com.mysql.cj.NativeSession.connect(NativeSession.java:121)
		at com.mysql.cj.jdbc.ConnectionImpl.connectOneTryOnly(ConnectionImpl.java:945)
		at com.mysql.cj.jdbc.ConnectionImpl.createNewIO(ConnectionImpl.java:815)
		at com.mysql.cj.jdbc.ConnectionImpl.<init>(ConnectionImpl.java:446)
		at com.mysql.cj.jdbc.ConnectionImpl.getInstance(ConnectionImpl.java:239)
		at com.mysql.cj.jdbc.NonRegisteringDriver.connect(NonRegisteringDriver.java:188)
		at org.hibernate.engine.jdbc.connections.internal.DriverConnectionCreator.makeConnection(DriverConnectionCreator.java:39)
		at org.hibernate.engine.jdbc.connections.internal.BasicConnectionCreator.createConnection(BasicConnectionCreator.java:62)
		at org.hibernate.engine.jdbc.connections.internal.DriverManagerConnectionProviderImpl$PooledConnections.addConnections(DriverManagerConnectionProviderImpl.java:457)
		at org.hibernate.engine.jdbc.connections.internal.DriverManagerConnectionProviderImpl$PooledConnections.<init>(DriverManagerConnectionProviderImpl.java:323)
		at org.hibernate.engine.jdbc.connections.internal.DriverManagerConnectionProviderImpl$PooledConnections.<init>(DriverManagerConnectionProviderImpl.java:297)
		at org.hibernate.engine.jdbc.connections.internal.DriverManagerConnectionProviderImpl$PooledConnections$Builder.build(DriverManagerConnectionProviderImpl.java:501)
		at org.hibernate.engine.jdbc.connections.internal.DriverManagerConnectionProviderImpl.buildPool(DriverManagerConnectionProviderImpl.java:101)
		at org.hibernate.engine.jdbc.connections.internal.DriverManagerConnectionProviderImpl.configure(DriverManagerConnectionProviderImpl.java:76)
		at org.hibernate.boot.registry.internal.StandardServiceRegistryImpl.configureService(StandardServiceRegistryImpl.java:107)
		at org.hibernate.service.internal.AbstractServiceRegistryImpl.initializeService(AbstractServiceRegistryImpl.java:255)
		at org.hibernate.service.internal.AbstractServiceRegistryImpl.getService(AbstractServiceRegistryImpl.java:223)
		at org.hibernate.engine.jdbc.env.internal.JdbcEnvironmentInitiator.buildJdbcConnectionAccess(JdbcEnvironmentInitiator.java:146)
		at org.hibernate.engine.jdbc.env.internal.JdbcEnvironmentInitiator.initiateService(JdbcEnvironmentInitiator.java:66)
		at org.hibernate.engine.jdbc.env.internal.JdbcEnvironmentInitiator.initiateService(JdbcEnvironmentInitiator.java:35)
		at org.hibernate.boot.registry.internal.StandardServiceRegistryImpl.initiateService(StandardServiceRegistryImpl.java:101)
		at org.hibernate.service.internal.AbstractServiceRegistryImpl.createService(AbstractServiceRegistryImpl.java:272)
		at org.hibernate.service.internal.AbstractServiceRegistryImpl.initializeService(AbstractServiceRegistryImpl.java:246)
		at org.hibernate.service.internal.AbstractServiceRegistryImpl.getService(AbstractServiceRegistryImpl.java:223)
		at org.hibernate.id.factory.internal.DefaultIdentifierGeneratorFactory.injectServices(DefaultIdentifierGeneratorFactory.java:175)
		at org.hibernate.service.internal.AbstractServiceRegistryImpl.injectDependencies(AbstractServiceRegistryImpl.java:295)
		at org.hibernate.service.internal.AbstractServiceRegistryImpl.initializeService(AbstractServiceRegistryImpl.java:252)
		at org.hibernate.service.internal.AbstractServiceRegistryImpl.getService(AbstractServiceRegistryImpl.java:223)
		at org.hibernate.boot.internal.InFlightMetadataCollectorImpl.<init>(InFlightMetadataCollectorImpl.java:173)
		at org.hibernate.boot.model.process.spi.MetadataBuildingProcess.complete(MetadataBuildingProcess.java:127)
		at org.hibernate.jpa.boot.internal.EntityManagerFactoryBuilderImpl.metadata(EntityManagerFactoryBuilderImpl.java:1460)
		at org.hibernate.jpa.boot.internal.EntityManagerFactoryBuilderImpl.build(EntityManagerFactoryBuilderImpl.java:1494)
		at org.hibernate.jpa.HibernatePersistenceProvider.createEntityManagerFactory(HibernatePersistenceProvider.java:56)
		at javax.persistence.Persistence.createEntityManagerFactory(Persistence.java:79)
		at javax.persistence.Persistence.createEntityManagerFactory(Persistence.java:54)
		at murach.sql.SqlGatewayServlet.init(SqlGatewayServlet.java:16)
		at javax.servlet.GenericServlet.init(GenericServlet.java:143)
		at org.apache.catalina.core.StandardWrapper.initServlet(StandardWrapper.java:989)
		at org.apache.catalina.core.StandardWrapper.loadServlet(StandardWrapper.java:946)
		at org.apache.catalina.core.StandardWrapper.load(StandardWrapper.java:843)
		at org.apache.catalina.core.StandardContext.loadOnStartup(StandardContext.java:4234)
		at org.apache.catalina.core.StandardContext.startInternal(StandardContext.java:4535)
		at org.apache.catalina.util.LifecycleBase.start(LifecycleBase.java:164)
		at org.apache.catalina.core.ContainerBase.addChildInternal(ContainerBase.java:599)
		at org.apache.catalina.core.ContainerBase.addChild(ContainerBase.java:571)
		at org.apache.catalina.core.StandardHost.addChild(StandardHost.java:603)
		at org.apache.catalina.startup.HostConfig.deployWAR(HostConfig.java:1013)
		at org.apache.catalina.startup.HostConfig$DeployWar.run(HostConfig.java:1861)
		at java.base/java.util.concurrent.Executors$RunnableAdapter.call(Executors.java:539)
		at java.base/java.util.concurrent.FutureTask.run(FutureTask.java:264)
		at org.apache.tomcat.util.threads.InlineExecutorService.execute(InlineExecutorService.java:76)
		at java.base/java.util.concurrent.AbstractExecutorService.submit(AbstractExecutorService.java:123)
		at org.apache.catalina.startup.HostConfig.deployWARs(HostConfig.java:817)
		at org.apache.catalina.startup.HostConfig.deployApps(HostConfig.java:468)
		at org.apache.catalina.startup.HostConfig.start(HostConfig.java:1579)
		at org.apache.catalina.startup.HostConfig.lifecycleEvent(HostConfig.java:312)
		at org.apache.catalina.util.LifecycleBase.fireLifecycleEvent(LifecycleBase.java:109)
		at org.apache.catalina.util.LifecycleBase.setStateInternal(LifecycleBase.java:389)
		at org.apache.catalina.util.LifecycleBase.setState(LifecycleBase.java:336)
		at org.apache.catalina.core.ContainerBase.startInternal(ContainerBase.java:776)
		at org.apache.catalina.core.StandardHost.startInternal(StandardHost.java:721)
		at org.apache.catalina.util.LifecycleBase.start(LifecycleBase.java:164)
		at org.apache.catalina.core.ContainerBase$StartChild.call(ContainerBase.java:1203)
		at org.apache.catalina.core.ContainerBase$StartChild.call(ContainerBase.java:1193)
		at java.base/java.util.concurrent.FutureTask.run(FutureTask.java:264)
		at org.apache.tomcat.util.threads.InlineExecutorService.execute(InlineExecutorService.java:76)
		at java.base/java.util.concurrent.AbstractExecutorService.submit(AbstractExecutorService.java:145)
		at org.apache.catalina.core.ContainerBase.startInternal(ContainerBase.java:749)
		at org.apache.catalina.core.StandardEngine.startInternal(StandardEngine.java:211)
		at org.apache.catalina.util.LifecycleBase.start(LifecycleBase.java:164)
		at org.apache.catalina.core.StandardService.startInternal(StandardService.java:412)
		at org.apache.catalina.util.LifecycleBase.start(LifecycleBase.java:164)
		at org.apache.catalina.core.StandardServer.startInternal(StandardServer.java:874)
		at org.apache.catalina.util.LifecycleBase.start(LifecycleBase.java:164)
		at org.apache.catalina.startup.Catalina.start(Catalina.java:739)
		at java.base/jdk.internal.reflect.NativeMethodAccessorImpl.invoke0(Native Method)
		at java.base/jdk.internal.reflect.NativeMethodAccessorImpl.invoke(NativeMethodAccessorImpl.java:77)
		at java.base/jdk.internal.reflect.DelegatingMethodAccessorImpl.invoke(DelegatingMethodAccessorImpl.java:43)
		at java.base/java.lang.reflect.Method.invoke(Method.java:569)
		at org.apache.catalina.startup.Bootstrap.start(Bootstrap.java:345)
		at org.apache.catalina.startup.Bootstrap.main(Bootstrap.java:476)
05-Oct-2025 19:01:02.213 INFO [main] org.apache.catalina.core.ApplicationContext.log ContextListener: contextInitialized()
05-Oct-2025 19:01:02.213 INFO [main] org.apache.catalina.core.ApplicationContext.log SessionListener: contextInitialized()
05-Oct-2025 19:01:02.213 INFO [main] org.apache.catalina.core.ApplicationContext.log ContextListener: attributeAdded('StockTicker', 'async.Stockticker@1a914a00')
05-Oct-2025 19:01:02.234 INFO [main] org.apache.catalina.core.ApplicationContext.log SessionListener: contextDestroyed()
05-Oct-2025 19:01:02.234 INFO [main] org.apache.catalina.core.ApplicationContext.log ContextListener: contextDestroyed()
05-Oct-2025 19:01:34.588 SEVERE [http-nio-8080-exec-2] org.apache.catalina.core.ApplicationContext.log Servlet.init() for servlet [murach.sql.SqlGatewayServlet] threw exception
	org.hibernate.service.spi.ServiceException: Unable to create requested service [org.hibernate.engine.jdbc.env.spi.JdbcEnvironment]
		at org.hibernate.service.internal.AbstractServiceRegistryImpl.createService(AbstractServiceRegistryImpl.java:284)
		at org.hibernate.service.internal.AbstractServiceRegistryImpl.initializeService(AbstractServiceRegistryImpl.java:246)
		at org.hibernate.service.internal.AbstractServiceRegistryImpl.getService(AbstractServiceRegistryImpl.java:223)
		at org.hibernate.id.factory.internal.DefaultIdentifierGeneratorFactory.injectServices(DefaultIdentifierGeneratorFactory.java:175)
		at org.hibernate.service.internal.AbstractServiceRegistryImpl.injectDependencies(AbstractServiceRegistryImpl.java:295)
		at org.hibernate.service.internal.AbstractServiceRegistryImpl.initializeService(AbstractServiceRegistryImpl.java:252)
		at org.hibernate.service.internal.AbstractServiceRegistryImpl.getService(AbstractServiceRegistryImpl.java:223)
		at org.hibernate.boot.internal.InFlightMetadataCollectorImpl.<init>(InFlightMetadataCollectorImpl.java:173)
		at org.hibernate.boot.model.process.spi.MetadataBuildingProcess.complete(MetadataBuildingProcess.java:127)
		at org.hibernate.jpa.boot.internal.EntityManagerFactoryBuilderImpl.metadata(EntityManagerFactoryBuilderImpl.java:1460)
		at org.hibernate.jpa.boot.internal.EntityManagerFactoryBuilderImpl.build(EntityManagerFactoryBuilderImpl.java:1494)
		at org.hibernate.jpa.HibernatePersistenceProvider.createEntityManagerFactory(HibernatePersistenceProvider.java:56)
		at javax.persistence.Persistence.createEntityManagerFactory(Persistence.java:79)
		at javax.persistence.Persistence.createEntityManagerFactory(Persistence.java:54)
		at murach.sql.SqlGatewayServlet.init(SqlGatewayServlet.java:16)
		at javax.servlet.GenericServlet.init(GenericServlet.java:143)
		at org.apache.catalina.core.StandardWrapper.initServlet(StandardWrapper.java:989)
		at org.apache.catalina.core.StandardWrapper.loadServlet(StandardWrapper.java:946)
		at org.apache.catalina.core.StandardWrapper.allocate(StandardWrapper.java:664)
		at org.apache.catalina.core.StandardWrapperValve.invoke(StandardWrapperValve.java:116)
		at org.apache.catalina.core.StandardContextValve.invoke(StandardContextValve.java:90)
		at org.apache.catalina.authenticator.AuthenticatorBase.invoke(AuthenticatorBase.java:482)
		at org.apache.catalina.core.StandardHostValve.invoke(StandardHostValve.java:130)
		at org.apache.catalina.valves.ErrorReportValve.invoke(ErrorReportValve.java:93)
		at org.apache.catalina.valves.AbstractAccessLogValve.invoke(AbstractAccessLogValve.java:656)
		at org.apache.catalina.core.StandardEngineValve.invoke(StandardEngineValve.java:74)
		at org.apache.catalina.connector.CoyoteAdapter.service(CoyoteAdapter.java:346)
		at org.apache.coyote.http11.Http11Processor.service(Http11Processor.java:397)
		at org.apache.coyote.AbstractProcessorLight.process(AbstractProcessorLight.java:63)
		at org.apache.coyote.AbstractProtocol$ConnectionHandler.process(AbstractProtocol.java:935)
		at org.apache.tomcat.util.net.NioEndpoint$SocketProcessor.doRun(NioEndpoint.java:1826)
		at org.apache.tomcat.util.net.SocketProcessorBase.run(SocketProcessorBase.java:52)
		at org.apache.tomcat.util.threads.ThreadPoolExecutor.runWorker(ThreadPoolExecutor.java:1189)
		at org.apache.tomcat.util.threads.ThreadPoolExecutor$Worker.run(ThreadPoolExecutor.java:658)
		at org.apache.tomcat.util.threads.TaskThread$WrappingRunnable.run(TaskThread.java:63)
		at java.base/java.lang.Thread.run(Thread.java:840)
	Caused by: org.hibernate.exception.JDBCConnectionException: Error calling Driver#connect
		at org.hibernate.exception.internal.SQLStateConversionDelegate.convert(SQLStateConversionDelegate.java:112)
		at org.hibernate.exception.internal.StandardSQLExceptionConverter.convert(StandardSQLExceptionConverter.java:37)
		at org.hibernate.engine.jdbc.spi.SqlExceptionHelper.convert(SqlExceptionHelper.java:113)
		at org.hibernate.engine.jdbc.connections.internal.BasicConnectionCreator.convertSqlException(BasicConnectionCreator.java:131)
		at org.hibernate.engine.jdbc.connections.internal.DriverConnectionCreator.makeConnection(DriverConnectionCreator.java:42)
		at org.hibernate.engine.jdbc.connections.internal.BasicConnectionCreator.createConnection(BasicConnectionCreator.java:62)
		at org.hibernate.engine.jdbc.connections.internal.DriverManagerConnectionProviderImpl$PooledConnections.addConnections(DriverManagerConnectionProviderImpl.java:457)
		at org.hibernate.engine.jdbc.connections.internal.DriverManagerConnectionProviderImpl$PooledConnections.<init>(DriverManagerConnectionProviderImpl.java:323)
		at org.hibernate.engine.jdbc.connections.internal.DriverManagerConnectionProviderImpl$PooledConnections.<init>(DriverManagerConnectionProviderImpl.java:297)
		at org.hibernate.engine.jdbc.connections.internal.DriverManagerConnectionProviderImpl$PooledConnections$Builder.build(DriverManagerConnectionProviderImpl.java:501)
		at org.hibernate.engine.jdbc.connections.internal.DriverManagerConnectionProviderImpl.buildPool(DriverManagerConnectionProviderImpl.java:101)
		at org.hibernate.engine.jdbc.connections.internal.DriverManagerConnectionProviderImpl.configure(DriverManagerConnectionProviderImpl.java:76)
		at org.hibernate.boot.registry.internal.StandardServiceRegistryImpl.configureService(StandardServiceRegistryImpl.java:107)
		at org.hibernate.service.internal.AbstractServiceRegistryImpl.initializeService(AbstractServiceRegistryImpl.java:255)
		at org.hibernate.service.internal.AbstractServiceRegistryImpl.getService(AbstractServiceRegistryImpl.java:223)
		at org.hibernate.engine.jdbc.env.internal.JdbcEnvironmentInitiator.buildJdbcConnectionAccess(JdbcEnvironmentInitiator.java:146)
		at org.hibernate.engine.jdbc.env.internal.JdbcEnvironmentInitiator.initiateService(JdbcEnvironmentInitiator.java:66)
		at org.hibernate.engine.jdbc.env.internal.JdbcEnvironmentInitiator.initiateService(JdbcEnvironmentInitiator.java:35)
		at org.hibernate.boot.registry.internal.StandardServiceRegistryImpl.initiateService(StandardServiceRegistryImpl.java:101)
		at org.hibernate.service.internal.AbstractServiceRegistryImpl.createService(AbstractServiceRegistryImpl.java:272)
		... 35 more
	Caused by: com.mysql.cj.jdbc.exceptions.CommunicationsException: Communications link failure

The last packet sent successfully to the server was 0 milliseconds ago. The driver has not received any packets from the server.
		at com.mysql.cj.jdbc.exceptions.SQLError.createCommunicationsException(SQLError.java:175)
		at com.mysql.cj.jdbc.exceptions.SQLExceptionsMapping.translateException(SQLExceptionsMapping.java:64)
		at com.mysql.cj.jdbc.ConnectionImpl.createNewIO(ConnectionImpl.java:825)
		at com.mysql.cj.jdbc.ConnectionImpl.<init>(ConnectionImpl.java:446)
		at com.mysql.cj.jdbc.ConnectionImpl.getInstance(ConnectionImpl.java:239)
		at com.mysql.cj.jdbc.NonRegisteringDriver.connect(NonRegisteringDriver.java:188)
		at org.hibernate.engine.jdbc.connections.internal.DriverConnectionCreator.makeConnection(DriverConnectionCreator.java:39)
		... 50 more
	Caused by: com.mysql.cj.exceptions.CJCommunicationsException: Communications link failure

The last packet sent successfully to the server was 0 milliseconds ago. The driver has not received any packets from the server.
		at java.base/jdk.internal.reflect.NativeConstructorAccessorImpl.newInstance0(Native Method)
		at java.base/jdk.internal.reflect.NativeConstructorAccessorImpl.newInstance(NativeConstructorAccessorImpl.java:77)
		at java.base/jdk.internal.reflect.DelegatingConstructorAccessorImpl.newInstance(DelegatingConstructorAccessorImpl.java:45)
		at java.base/java.lang.reflect.Constructor.newInstanceWithCaller(Constructor.java:500)
		at java.base/java.lang.reflect.Constructor.newInstance(Constructor.java:481)
		at com.mysql.cj.exceptions.ExceptionFactory.createException(ExceptionFactory.java:62)
		at com.mysql.cj.exceptions.ExceptionFactory.createException(ExceptionFactory.java:105)
		at com.mysql.cj.exceptions.ExceptionFactory.createException(ExceptionFactory.java:150)
		at com.mysql.cj.exceptions.ExceptionFactory.createCommunicationsException(ExceptionFactory.java:166)
		at com.mysql.cj.protocol.a.NativeSocketConnection.connect(NativeSocketConnection.java:89)
		at com.mysql.cj.NativeSession.connect(NativeSession.java:121)
		at com.mysql.cj.jdbc.ConnectionImpl.connectOneTryOnly(ConnectionImpl.java:945)
		at com.mysql.cj.jdbc.ConnectionImpl.createNewIO(ConnectionImpl.java:815)
		... 54 more
	Caused by: java.net.ConnectException: Operation timed out
		at java.base/sun.nio.ch.Net.connect0(Native Method)
		at java.base/sun.nio.ch.Net.connect(Net.java:579)
		at java.base/sun.nio.ch.Net.connect(Net.java:568)
		at java.base/sun.nio.ch.NioSocketImpl.connect(NioSocketImpl.java:593)
		at java.base/java.net.SocksSocketImpl.connect(SocksSocketImpl.java:327)
		at java.base/java.net.Socket.connect(Socket.java:633)
		at com.mysql.cj.protocol.StandardSocketFactory.connect(StandardSocketFactory.java:153)
		at com.mysql.cj.protocol.a.NativeSocketConnection.connect(NativeSocketConnection.java:63)
		... 57 more
05-Oct-2025 19:01:34.588 SEVERE [http-nio-8080-exec-2] org.apache.catalina.core.StandardWrapperValve.invoke Allocate exception for servlet [murach.sql.SqlGatewayServlet]
	java.net.ConnectException: Operation timed out
		at java.base/sun.nio.ch.Net.connect0(Native Method)
		at java.base/sun.nio.ch.Net.connect(Net.java:579)
		at java.base/sun.nio.ch.Net.connect(Net.java:568)
		at java.base/sun.nio.ch.NioSocketImpl.connect(NioSocketImpl.java:593)
		at java.base/java.net.SocksSocketImpl.connect(SocksSocketImpl.java:327)
		at java.base/java.net.Socket.connect(Socket.java:633)
		at com.mysql.cj.protocol.StandardSocketFactory.connect(StandardSocketFactory.java:153)
		at com.mysql.cj.protocol.a.NativeSocketConnection.connect(NativeSocketConnection.java:63)
		at com.mysql.cj.NativeSession.connect(NativeSession.java:121)
		at com.mysql.cj.jdbc.ConnectionImpl.connectOneTryOnly(ConnectionImpl.java:945)
		at com.mysql.cj.jdbc.ConnectionImpl.createNewIO(ConnectionImpl.java:815)
		at com.mysql.cj.jdbc.ConnectionImpl.<init>(ConnectionImpl.java:446)
		at com.mysql.cj.jdbc.ConnectionImpl.getInstance(ConnectionImpl.java:239)
		at com.mysql.cj.jdbc.NonRegisteringDriver.connect(NonRegisteringDriver.java:188)
		at org.hibernate.engine.jdbc.connections.internal.DriverConnectionCreator.makeConnection(DriverConnectionCreator.java:39)
		at org.hibernate.engine.jdbc.connections.internal.BasicConnectionCreator.createConnection(BasicConnectionCreator.java:62)
		at org.hibernate.engine.jdbc.connections.internal.DriverManagerConnectionProviderImpl$PooledConnections.addConnections(DriverManagerConnectionProviderImpl.java:457)
		at org.hibernate.engine.jdbc.connections.internal.DriverManagerConnectionProviderImpl$PooledConnections.<init>(DriverManagerConnectionProviderImpl.java:323)
		at org.hibernate.engine.jdbc.connections.internal.DriverManagerConnectionProviderImpl$PooledConnections.<init>(DriverManagerConnectionProviderImpl.java:297)
		at org.hibernate.engine.jdbc.connections.internal.DriverManagerConnectionProviderImpl$PooledConnections$Builder.build(DriverManagerConnectionProviderImpl.java:501)
		at org.hibernate.engine.jdbc.connections.internal.DriverManagerConnectionProviderImpl.buildPool(DriverManagerConnectionProviderImpl.java:101)
		at org.hibernate.engine.jdbc.connections.internal.DriverManagerConnectionProviderImpl.configure(DriverManagerConnectionProviderImpl.java:76)
		at org.hibernate.boot.registry.internal.StandardServiceRegistryImpl.configureService(StandardServiceRegistryImpl.java:107)
		at org.hibernate.service.internal.AbstractServiceRegistryImpl.initializeService(AbstractServiceRegistryImpl.java:255)
		at org.hibernate.service.internal.AbstractServiceRegistryImpl.getService(AbstractServiceRegistryImpl.java:223)
		at org.hibernate.engine.jdbc.env.internal.JdbcEnvironmentInitiator.buildJdbcConnectionAccess(JdbcEnvironmentInitiator.java:146)
		at org.hibernate.engine.jdbc.env.internal.JdbcEnvironmentInitiator.initiateService(JdbcEnvironmentInitiator.java:66)
		at org.hibernate.engine.jdbc.env.internal.JdbcEnvironmentInitiator.initiateService(JdbcEnvironmentInitiator.java:35)
		at org.hibernate.boot.registry.internal.StandardServiceRegistryImpl.initiateService(StandardServiceRegistryImpl.java:101)
		at org.hibernate.service.internal.AbstractServiceRegistryImpl.createService(AbstractServiceRegistryImpl.java:272)
		at org.hibernate.service.internal.AbstractServiceRegistryImpl.initializeService(AbstractServiceRegistryImpl.java:246)
		at org.hibernate.service.internal.AbstractServiceRegistryImpl.getService(AbstractServiceRegistryImpl.java:223)
		at org.hibernate.id.factory.internal.DefaultIdentifierGeneratorFactory.injectServices(DefaultIdentifierGeneratorFactory.java:175)
		at org.hibernate.service.internal.AbstractServiceRegistryImpl.injectDependencies(AbstractServiceRegistryImpl.java:295)
		at org.hibernate.service.internal.AbstractServiceRegistryImpl.initializeService(AbstractServiceRegistryImpl.java:252)
		at org.hibernate.service.internal.AbstractServiceRegistryImpl.getService(AbstractServiceRegistryImpl.java:223)
		at org.hibernate.boot.internal.InFlightMetadataCollectorImpl.<init>(InFlightMetadataCollectorImpl.java:173)
		at org.hibernate.boot.model.process.spi.MetadataBuildingProcess.complete(MetadataBuildingProcess.java:127)
		at org.hibernate.jpa.boot.internal.EntityManagerFactoryBuilderImpl.metadata(EntityManagerFactoryBuilderImpl.java:1460)
		at org.hibernate.jpa.boot.internal.EntityManagerFactoryBuilderImpl.build(EntityManagerFactoryBuilderImpl.java:1494)
		at org.hibernate.jpa.HibernatePersistenceProvider.createEntityManagerFactory(HibernatePersistenceProvider.java:56)
		at javax.persistence.Persistence.createEntityManagerFactory(Persistence.java:79)
		at javax.persistence.Persistence.createEntityManagerFactory(Persistence.java:54)
		at murach.sql.SqlGatewayServlet.init(SqlGatewayServlet.java:16)
		at javax.servlet.GenericServlet.init(GenericServlet.java:143)
		at org.apache.catalina.core.StandardWrapper.initServlet(StandardWrapper.java:989)
		at org.apache.catalina.core.StandardWrapper.loadServlet(StandardWrapper.java:946)
		at org.apache.catalina.core.StandardWrapper.allocate(StandardWrapper.java:664)
		at org.apache.catalina.core.StandardWrapperValve.invoke(StandardWrapperValve.java:116)
		at org.apache.catalina.core.StandardContextValve.invoke(StandardContextValve.java:90)
		at org.apache.catalina.authenticator.AuthenticatorBase.invoke(AuthenticatorBase.java:482)
		at org.apache.catalina.core.StandardHostValve.invoke(StandardHostValve.java:130)
		at org.apache.catalina.valves.ErrorReportValve.invoke(ErrorReportValve.java:93)
		at org.apache.catalina.valves.AbstractAccessLogValve.invoke(AbstractAccessLogValve.java:656)
		at org.apache.catalina.core.StandardEngineValve.invoke(StandardEngineValve.java:74)
		at org.apache.catalina.connector.CoyoteAdapter.service(CoyoteAdapter.java:346)
		at org.apache.coyote.http11.Http11Processor.service(Http11Processor.java:397)
		at org.apache.coyote.AbstractProcessorLight.process(AbstractProcessorLight.java:63)
		at org.apache.coyote.AbstractProtocol$ConnectionHandler.process(AbstractProtocol.java:935)
		at org.apache.tomcat.util.net.NioEndpoint$SocketProcessor.doRun(NioEndpoint.java:1826)
		at org.apache.tomcat.util.net.SocketProcessorBase.run(SocketProcessorBase.java:52)
		at org.apache.tomcat.util.threads.ThreadPoolExecutor.runWorker(ThreadPoolExecutor.java:1189)
		at org.apache.tomcat.util.threads.ThreadPoolExecutor$Worker.run(ThreadPoolExecutor.java:658)
		at org.apache.tomcat.util.threads.TaskThread$WrappingRunnable.run(TaskThread.java:63)
		at java.base/java.lang.Thread.run(Thread.java:840)
05-Oct-2025 19:02:49.677 SEVERE [http-nio-8080-exec-7] org.apache.catalina.core.ApplicationContext.log Servlet.init() for servlet [murach.sql.SqlGatewayServlet] threw exception
	org.hibernate.service.spi.ServiceException: Unable to create requested service [org.hibernate.engine.jdbc.env.spi.JdbcEnvironment]
		at org.hibernate.service.internal.AbstractServiceRegistryImpl.createService(AbstractServiceRegistryImpl.java:284)
		at org.hibernate.service.internal.AbstractServiceRegistryImpl.initializeService(AbstractServiceRegistryImpl.java:246)
		at org.hibernate.service.internal.AbstractServiceRegistryImpl.getService(AbstractServiceRegistryImpl.java:223)
		at org.hibernate.id.factory.internal.DefaultIdentifierGeneratorFactory.injectServices(DefaultIdentifierGeneratorFactory.java:175)
		at org.hibernate.service.internal.AbstractServiceRegistryImpl.injectDependencies(AbstractServiceRegistryImpl.java:295)
		at org.hibernate.service.internal.AbstractServiceRegistryImpl.initializeService(AbstractServiceRegistryImpl.java:252)
		at org.hibernate.service.internal.AbstractServiceRegistryImpl.getService(AbstractServiceRegistryImpl.java:223)
		at org.hibernate.boot.internal.InFlightMetadataCollectorImpl.<init>(InFlightMetadataCollectorImpl.java:173)
		at org.hibernate.boot.model.process.spi.MetadataBuildingProcess.complete(MetadataBuildingProcess.java:127)
		at org.hibernate.jpa.boot.internal.EntityManagerFactoryBuilderImpl.metadata(EntityManagerFactoryBuilderImpl.java:1460)
		at org.hibernate.jpa.boot.internal.EntityManagerFactoryBuilderImpl.build(EntityManagerFactoryBuilderImpl.java:1494)
		at org.hibernate.jpa.HibernatePersistenceProvider.createEntityManagerFactory(HibernatePersistenceProvider.java:56)
		at javax.persistence.Persistence.createEntityManagerFactory(Persistence.java:79)
		at javax.persistence.Persistence.createEntityManagerFactory(Persistence.java:54)
		at murach.sql.SqlGatewayServlet.init(SqlGatewayServlet.java:16)
		at javax.servlet.GenericServlet.init(GenericServlet.java:143)
		at org.apache.catalina.core.StandardWrapper.initServlet(StandardWrapper.java:989)
		at org.apache.catalina.core.StandardWrapper.loadServlet(StandardWrapper.java:946)
		at org.apache.catalina.core.StandardWrapper.allocate(StandardWrapper.java:664)
		at org.apache.catalina.core.StandardWrapperValve.invoke(StandardWrapperValve.java:116)
		at org.apache.catalina.core.StandardContextValve.invoke(StandardContextValve.java:90)
		at org.apache.catalina.authenticator.AuthenticatorBase.invoke(AuthenticatorBase.java:482)
		at org.apache.catalina.core.StandardHostValve.invoke(StandardHostValve.java:130)
		at org.apache.catalina.valves.ErrorReportValve.invoke(ErrorReportValve.java:93)
		at org.apache.catalina.valves.AbstractAccessLogValve.invoke(AbstractAccessLogValve.java:656)
		at org.apache.catalina.core.StandardEngineValve.invoke(StandardEngineValve.java:74)
		at org.apache.catalina.connector.CoyoteAdapter.service(CoyoteAdapter.java:346)
		at org.apache.coyote.http11.Http11Processor.service(Http11Processor.java:397)
		at org.apache.coyote.AbstractProcessorLight.process(AbstractProcessorLight.java:63)
		at org.apache.coyote.AbstractProtocol$ConnectionHandler.process(AbstractProtocol.java:935)
		at org.apache.tomcat.util.net.NioEndpoint$SocketProcessor.doRun(NioEndpoint.java:1826)
		at org.apache.tomcat.util.net.SocketProcessorBase.run(SocketProcessorBase.java:52)
		at org.apache.tomcat.util.threads.ThreadPoolExecutor.runWorker(ThreadPoolExecutor.java:1189)
		at org.apache.tomcat.util.threads.ThreadPoolExecutor$Worker.run(ThreadPoolExecutor.java:658)
		at org.apache.tomcat.util.threads.TaskThread$WrappingRunnable.run(TaskThread.java:63)
		at java.base/java.lang.Thread.run(Thread.java:840)
	Caused by: org.hibernate.exception.JDBCConnectionException: Error calling Driver#connect
		at org.hibernate.exception.internal.SQLStateConversionDelegate.convert(SQLStateConversionDelegate.java:112)
		at org.hibernate.exception.internal.StandardSQLExceptionConverter.convert(StandardSQLExceptionConverter.java:37)
		at org.hibernate.engine.jdbc.spi.SqlExceptionHelper.convert(SqlExceptionHelper.java:113)
		at org.hibernate.engine.jdbc.connections.internal.BasicConnectionCreator.convertSqlException(BasicConnectionCreator.java:131)
		at org.hibernate.engine.jdbc.connections.internal.DriverConnectionCreator.makeConnection(DriverConnectionCreator.java:42)
		at org.hibernate.engine.jdbc.connections.internal.BasicConnectionCreator.createConnection(BasicConnectionCreator.java:62)
		at org.hibernate.engine.jdbc.connections.internal.DriverManagerConnectionProviderImpl$PooledConnections.addConnections(DriverManagerConnectionProviderImpl.java:457)
		at org.hibernate.engine.jdbc.connections.internal.DriverManagerConnectionProviderImpl$PooledConnections.<init>(DriverManagerConnectionProviderImpl.java:323)
		at org.hibernate.engine.jdbc.connections.internal.DriverManagerConnectionProviderImpl$PooledConnections.<init>(DriverManagerConnectionProviderImpl.java:297)
		at org.hibernate.engine.jdbc.connections.internal.DriverManagerConnectionProviderImpl$PooledConnections$Builder.build(DriverManagerConnectionProviderImpl.java:501)
		at org.hibernate.engine.jdbc.connections.internal.DriverManagerConnectionProviderImpl.buildPool(DriverManagerConnectionProviderImpl.java:101)
		at org.hibernate.engine.jdbc.connections.internal.DriverManagerConnectionProviderImpl.configure(DriverManagerConnectionProviderImpl.java:76)
		at org.hibernate.boot.registry.internal.StandardServiceRegistryImpl.configureService(StandardServiceRegistryImpl.java:107)
		at org.hibernate.service.internal.AbstractServiceRegistryImpl.initializeService(AbstractServiceRegistryImpl.java:255)
		at org.hibernate.service.internal.AbstractServiceRegistryImpl.getService(AbstractServiceRegistryImpl.java:223)
		at org.hibernate.engine.jdbc.env.internal.JdbcEnvironmentInitiator.buildJdbcConnectionAccess(JdbcEnvironmentInitiator.java:146)
		at org.hibernate.engine.jdbc.env.internal.JdbcEnvironmentInitiator.initiateService(JdbcEnvironmentInitiator.java:66)
		at org.hibernate.engine.jdbc.env.internal.JdbcEnvironmentInitiator.initiateService(JdbcEnvironmentInitiator.java:35)
		at org.hibernate.boot.registry.internal.StandardServiceRegistryImpl.initiateService(StandardServiceRegistryImpl.java:101)
		at org.hibernate.service.internal.AbstractServiceRegistryImpl.createService(AbstractServiceRegistryImpl.java:272)
		... 35 more
	Caused by: com.mysql.cj.jdbc.exceptions.CommunicationsException: Communications link failure

The last packet sent successfully to the server was 0 milliseconds ago. The driver has not received any packets from the server.
		at com.mysql.cj.jdbc.exceptions.SQLError.createCommunicationsException(SQLError.java:175)
		at com.mysql.cj.jdbc.exceptions.SQLExceptionsMapping.translateException(SQLExceptionsMapping.java:64)
		at com.mysql.cj.jdbc.ConnectionImpl.createNewIO(ConnectionImpl.java:825)
		at com.mysql.cj.jdbc.ConnectionImpl.<init>(ConnectionImpl.java:446)
		at com.mysql.cj.jdbc.ConnectionImpl.getInstance(ConnectionImpl.java:239)
		at com.mysql.cj.jdbc.NonRegisteringDriver.connect(NonRegisteringDriver.java:188)
		at org.hibernate.engine.jdbc.connections.internal.DriverConnectionCreator.makeConnection(DriverConnectionCreator.java:39)
		... 50 more
	Caused by: com.mysql.cj.exceptions.CJCommunicationsException: Communications link failure

The last packet sent successfully to the server was 0 milliseconds ago. The driver has not received any packets from the server.
		at java.base/jdk.internal.reflect.NativeConstructorAccessorImpl.newInstance0(Native Method)
		at java.base/jdk.internal.reflect.NativeConstructorAccessorImpl.newInstance(NativeConstructorAccessorImpl.java:77)
		at java.base/jdk.internal.reflect.DelegatingConstructorAccessorImpl.newInstance(DelegatingConstructorAccessorImpl.java:45)
		at java.base/java.lang.reflect.Constructor.newInstanceWithCaller(Constructor.java:500)
		at java.base/java.lang.reflect.Constructor.newInstance(Constructor.java:481)
		at com.mysql.cj.exceptions.ExceptionFactory.createException(ExceptionFactory.java:62)
		at com.mysql.cj.exceptions.ExceptionFactory.createException(ExceptionFactory.java:105)
		at com.mysql.cj.exceptions.ExceptionFactory.createException(ExceptionFactory.java:150)
		at com.mysql.cj.exceptions.ExceptionFactory.createCommunicationsException(ExceptionFactory.java:166)
		at com.mysql.cj.protocol.a.NativeSocketConnection.connect(NativeSocketConnection.java:89)
		at com.mysql.cj.NativeSession.connect(NativeSession.java:121)
		at com.mysql.cj.jdbc.ConnectionImpl.connectOneTryOnly(ConnectionImpl.java:945)
		at com.mysql.cj.jdbc.ConnectionImpl.createNewIO(ConnectionImpl.java:815)
		... 54 more
	Caused by: java.net.ConnectException: Operation timed out
		at java.base/sun.nio.ch.Net.connect0(Native Method)
		at java.base/sun.nio.ch.Net.connect(Net.java:579)
		at java.base/sun.nio.ch.Net.connect(Net.java:568)
		at java.base/sun.nio.ch.NioSocketImpl.connect(NioSocketImpl.java:593)
		at java.base/java.net.SocksSocketImpl.connect(SocksSocketImpl.java:327)
		at java.base/java.net.Socket.connect(Socket.java:633)
		at com.mysql.cj.protocol.StandardSocketFactory.connect(StandardSocketFactory.java:153)
		at com.mysql.cj.protocol.a.NativeSocketConnection.connect(NativeSocketConnection.java:63)
		... 57 more
05-Oct-2025 19:02:49.677 SEVERE [http-nio-8080-exec-7] org.apache.catalina.core.StandardWrapperValve.invoke Allocate exception for servlet [murach.sql.SqlGatewayServlet]
	java.net.ConnectException: Operation timed out
		at java.base/sun.nio.ch.Net.connect0(Native Method)
		at java.base/sun.nio.ch.Net.connect(Net.java:579)
		at java.base/sun.nio.ch.Net.connect(Net.java:568)
		at java.base/sun.nio.ch.NioSocketImpl.connect(NioSocketImpl.java:593)
		at java.base/java.net.SocksSocketImpl.connect(SocksSocketImpl.java:327)
		at java.base/java.net.Socket.connect(Socket.java:633)
		at com.mysql.cj.protocol.StandardSocketFactory.connect(StandardSocketFactory.java:153)
		at com.mysql.cj.protocol.a.NativeSocketConnection.connect(NativeSocketConnection.java:63)
		at com.mysql.cj.NativeSession.connect(NativeSession.java:121)
		at com.mysql.cj.jdbc.ConnectionImpl.connectOneTryOnly(ConnectionImpl.java:945)
		at com.mysql.cj.jdbc.ConnectionImpl.createNewIO(ConnectionImpl.java:815)
		at com.mysql.cj.jdbc.ConnectionImpl.<init>(ConnectionImpl.java:446)
		at com.mysql.cj.jdbc.ConnectionImpl.getInstance(ConnectionImpl.java:239)
		at com.mysql.cj.jdbc.NonRegisteringDriver.connect(NonRegisteringDriver.java:188)
		at org.hibernate.engine.jdbc.connections.internal.DriverConnectionCreator.makeConnection(DriverConnectionCreator.java:39)
		at org.hibernate.engine.jdbc.connections.internal.BasicConnectionCreator.createConnection(BasicConnectionCreator.java:62)
		at org.hibernate.engine.jdbc.connections.internal.DriverManagerConnectionProviderImpl$PooledConnections.addConnections(DriverManagerConnectionProviderImpl.java:457)
		at org.hibernate.engine.jdbc.connections.internal.DriverManagerConnectionProviderImpl$PooledConnections.<init>(DriverManagerConnectionProviderImpl.java:323)
		at org.hibernate.engine.jdbc.connections.internal.DriverManagerConnectionProviderImpl$PooledConnections.<init>(DriverManagerConnectionProviderImpl.java:297)
		at org.hibernate.engine.jdbc.connections.internal.DriverManagerConnectionProviderImpl$PooledConnections$Builder.build(DriverManagerConnectionProviderImpl.java:501)
		at org.hibernate.engine.jdbc.connections.internal.DriverManagerConnectionProviderImpl.buildPool(DriverManagerConnectionProviderImpl.java:101)
		at org.hibernate.engine.jdbc.connections.internal.DriverManagerConnectionProviderImpl.configure(DriverManagerConnectionProviderImpl.java:76)
		at org.hibernate.boot.registry.internal.StandardServiceRegistryImpl.configureService(StandardServiceRegistryImpl.java:107)
		at org.hibernate.service.internal.AbstractServiceRegistryImpl.initializeService(AbstractServiceRegistryImpl.java:255)
		at org.hibernate.service.internal.AbstractServiceRegistryImpl.getService(AbstractServiceRegistryImpl.java:223)
		at org.hibernate.engine.jdbc.env.internal.JdbcEnvironmentInitiator.buildJdbcConnectionAccess(JdbcEnvironmentInitiator.java:146)
		at org.hibernate.engine.jdbc.env.internal.JdbcEnvironmentInitiator.initiateService(JdbcEnvironmentInitiator.java:66)
		at org.hibernate.engine.jdbc.env.internal.JdbcEnvironmentInitiator.initiateService(JdbcEnvironmentInitiator.java:35)
		at org.hibernate.boot.registry.internal.StandardServiceRegistryImpl.initiateService(StandardServiceRegistryImpl.java:101)
		at org.hibernate.service.internal.AbstractServiceRegistryImpl.createService(AbstractServiceRegistryImpl.java:272)
		at org.hibernate.service.internal.AbstractServiceRegistryImpl.initializeService(AbstractServiceRegistryImpl.java:246)
		at org.hibernate.service.internal.AbstractServiceRegistryImpl.getService(AbstractServiceRegistryImpl.java:223)
		at org.hibernate.id.factory.internal.DefaultIdentifierGeneratorFactory.injectServices(DefaultIdentifierGeneratorFactory.java:175)
		at org.hibernate.service.internal.AbstractServiceRegistryImpl.injectDependencies(AbstractServiceRegistryImpl.java:295)
		at org.hibernate.service.internal.AbstractServiceRegistryImpl.initializeService(AbstractServiceRegistryImpl.java:252)
		at org.hibernate.service.internal.AbstractServiceRegistryImpl.getService(AbstractServiceRegistryImpl.java:223)
		at org.hibernate.boot.internal.InFlightMetadataCollectorImpl.<init>(InFlightMetadataCollectorImpl.java:173)
		at org.hibernate.boot.model.process.spi.MetadataBuildingProcess.complete(MetadataBuildingProcess.java:127)
		at org.hibernate.jpa.boot.internal.EntityManagerFactoryBuilderImpl.metadata(EntityManagerFactoryBuilderImpl.java:1460)
		at org.hibernate.jpa.boot.internal.EntityManagerFactoryBuilderImpl.build(EntityManagerFactoryBuilderImpl.java:1494)
		at org.hibernate.jpa.HibernatePersistenceProvider.createEntityManagerFactory(HibernatePersistenceProvider.java:56)
		at javax.persistence.Persistence.createEntityManagerFactory(Persistence.java:79)
		at javax.persistence.Persistence.createEntityManagerFactory(Persistence.java:54)
		at murach.sql.SqlGatewayServlet.init(SqlGatewayServlet.java:16)
		at javax.servlet.GenericServlet.init(GenericServlet.java:143)
		at org.apache.catalina.core.StandardWrapper.initServlet(StandardWrapper.java:989)
		at org.apache.catalina.core.StandardWrapper.loadServlet(StandardWrapper.java:946)
		at org.apache.catalina.core.StandardWrapper.allocate(StandardWrapper.java:664)
		at org.apache.catalina.core.StandardWrapperValve.invoke(StandardWrapperValve.java:116)
		at org.apache.catalina.core.StandardContextValve.invoke(StandardContextValve.java:90)
		at org.apache.catalina.authenticator.AuthenticatorBase.invoke(AuthenticatorBase.java:482)
		at org.apache.catalina.core.StandardHostValve.invoke(StandardHostValve.java:130)
		at org.apache.catalina.valves.ErrorReportValve.invoke(ErrorReportValve.java:93)
		at org.apache.catalina.valves.AbstractAccessLogValve.invoke(AbstractAccessLogValve.java:656)
		at org.apache.catalina.core.StandardEngineValve.invoke(StandardEngineValve.java:74)
		at org.apache.catalina.connector.CoyoteAdapter.service(CoyoteAdapter.java:346)
		at org.apache.coyote.http11.Http11Processor.service(Http11Processor.java:397)
		at org.apache.coyote.AbstractProcessorLight.process(AbstractProcessorLight.java:63)
		at org.apache.coyote.AbstractProtocol$ConnectionHandler.process(AbstractProtocol.java:935)
		at org.apache.tomcat.util.net.NioEndpoint$SocketProcessor.doRun(NioEndpoint.java:1826)
		at org.apache.tomcat.util.net.SocketProcessorBase.run(SocketProcessorBase.java:52)
		at org.apache.tomcat.util.threads.ThreadPoolExecutor.runWorker(ThreadPoolExecutor.java:1189)
		at org.apache.tomcat.util.threads.ThreadPoolExecutor$Worker.run(ThreadPoolExecutor.java:658)
		at org.apache.tomcat.util.threads.TaskThread$WrappingRunnable.run(TaskThread.java:63)
		at java.base/java.lang.Thread.run(Thread.java:840)
05-Oct-2025 19:04:04.751 SEVERE [http-nio-8080-exec-5] org.apache.catalina.core.ApplicationContext.log Servlet.init() for servlet [murach.sql.SqlGatewayServlet] threw exception
	org.hibernate.service.spi.ServiceException: Unable to create requested service [org.hibernate.engine.jdbc.env.spi.JdbcEnvironment]
		at org.hibernate.service.internal.AbstractServiceRegistryImpl.createService(AbstractServiceRegistryImpl.java:284)
		at org.hibernate.service.internal.AbstractServiceRegistryImpl.initializeService(AbstractServiceRegistryImpl.java:246)
		at org.hibernate.service.internal.AbstractServiceRegistryImpl.getService(AbstractServiceRegistryImpl.java:223)
		at org.hibernate.id.factory.internal.DefaultIdentifierGeneratorFactory.injectServices(DefaultIdentifierGeneratorFactory.java:175)
		at org.hibernate.service.internal.AbstractServiceRegistryImpl.injectDependencies(AbstractServiceRegistryImpl.java:295)
		at org.hibernate.service.internal.AbstractServiceRegistryImpl.initializeService(AbstractServiceRegistryImpl.java:252)
		at org.hibernate.service.internal.AbstractServiceRegistryImpl.getService(AbstractServiceRegistryImpl.java:223)
		at org.hibernate.boot.internal.InFlightMetadataCollectorImpl.<init>(InFlightMetadataCollectorImpl.java:173)
		at org.hibernate.boot.model.process.spi.MetadataBuildingProcess.complete(MetadataBuildingProcess.java:127)
		at org.hibernate.jpa.boot.internal.EntityManagerFactoryBuilderImpl.metadata(EntityManagerFactoryBuilderImpl.java:1460)
		at org.hibernate.jpa.boot.internal.EntityManagerFactoryBuilderImpl.build(EntityManagerFactoryBuilderImpl.java:1494)
		at org.hibernate.jpa.HibernatePersistenceProvider.createEntityManagerFactory(HibernatePersistenceProvider.java:56)
		at javax.persistence.Persistence.createEntityManagerFactory(Persistence.java:79)
		at javax.persistence.Persistence.createEntityManagerFactory(Persistence.java:54)
		at murach.sql.SqlGatewayServlet.init(SqlGatewayServlet.java:16)
		at javax.servlet.GenericServlet.init(GenericServlet.java:143)
		at org.apache.catalina.core.StandardWrapper.initServlet(StandardWrapper.java:989)
		at org.apache.catalina.core.StandardWrapper.loadServlet(StandardWrapper.java:946)
		at org.apache.catalina.core.StandardWrapper.allocate(StandardWrapper.java:664)
		at org.apache.catalina.core.StandardWrapperValve.invoke(StandardWrapperValve.java:116)
		at org.apache.catalina.core.StandardContextValve.invoke(StandardContextValve.java:90)
		at org.apache.catalina.authenticator.AuthenticatorBase.invoke(AuthenticatorBase.java:482)
		at org.apache.catalina.core.StandardHostValve.invoke(StandardHostValve.java:130)
		at org.apache.catalina.valves.ErrorReportValve.invoke(ErrorReportValve.java:93)
		at org.apache.catalina.valves.AbstractAccessLogValve.invoke(AbstractAccessLogValve.java:656)
		at org.apache.catalina.core.StandardEngineValve.invoke(StandardEngineValve.java:74)
		at org.apache.catalina.connector.CoyoteAdapter.service(CoyoteAdapter.java:346)
		at org.apache.coyote.http11.Http11Processor.service(Http11Processor.java:397)
		at org.apache.coyote.AbstractProcessorLight.process(AbstractProcessorLight.java:63)
		at org.apache.coyote.AbstractProtocol$ConnectionHandler.process(AbstractProtocol.java:935)
		at org.apache.tomcat.util.net.NioEndpoint$SocketProcessor.doRun(NioEndpoint.java:1826)
		at org.apache.tomcat.util.net.SocketProcessorBase.run(SocketProcessorBase.java:52)
		at org.apache.tomcat.util.threads.ThreadPoolExecutor.runWorker(ThreadPoolExecutor.java:1189)
		at org.apache.tomcat.util.threads.ThreadPoolExecutor$Worker.run(ThreadPoolExecutor.java:658)
		at org.apache.tomcat.util.threads.TaskThread$WrappingRunnable.run(TaskThread.java:63)
		at java.base/java.lang.Thread.run(Thread.java:840)
	Caused by: org.hibernate.exception.JDBCConnectionException: Error calling Driver#connect
		at org.hibernate.exception.internal.SQLStateConversionDelegate.convert(SQLStateConversionDelegate.java:112)
		at org.hibernate.exception.internal.StandardSQLExceptionConverter.convert(StandardSQLExceptionConverter.java:37)
		at org.hibernate.engine.jdbc.spi.SqlExceptionHelper.convert(SqlExceptionHelper.java:113)
		at org.hibernate.engine.jdbc.connections.internal.BasicConnectionCreator.convertSqlException(BasicConnectionCreator.java:131)
		at org.hibernate.engine.jdbc.connections.internal.DriverConnectionCreator.makeConnection(DriverConnectionCreator.java:42)
		at org.hibernate.engine.jdbc.connections.internal.BasicConnectionCreator.createConnection(BasicConnectionCreator.java:62)
		at org.hibernate.engine.jdbc.connections.internal.DriverManagerConnectionProviderImpl$PooledConnections.addConnections(DriverManagerConnectionProviderImpl.java:457)
		at org.hibernate.engine.jdbc.connections.internal.DriverManagerConnectionProviderImpl$PooledConnections.<init>(DriverManagerConnectionProviderImpl.java:323)
		at org.hibernate.engine.jdbc.connections.internal.DriverManagerConnectionProviderImpl$PooledConnections.<init>(DriverManagerConnectionProviderImpl.java:297)
		at org.hibernate.engine.jdbc.connections.internal.DriverManagerConnectionProviderImpl$PooledConnections$Builder.build(DriverManagerConnectionProviderImpl.java:501)
		at org.hibernate.engine.jdbc.connections.internal.DriverManagerConnectionProviderImpl.buildPool(DriverManagerConnectionProviderImpl.java:101)
		at org.hibernate.engine.jdbc.connections.internal.DriverManagerConnectionProviderImpl.configure(DriverManagerConnectionProviderImpl.java:76)
		at org.hibernate.boot.registry.internal.StandardServiceRegistryImpl.configureService(StandardServiceRegistryImpl.java:107)
		at org.hibernate.service.internal.AbstractServiceRegistryImpl.initializeService(AbstractServiceRegistryImpl.java:255)
		at org.hibernate.service.internal.AbstractServiceRegistryImpl.getService(AbstractServiceRegistryImpl.java:223)
		at org.hibernate.engine.jdbc.env.internal.JdbcEnvironmentInitiator.buildJdbcConnectionAccess(JdbcEnvironmentInitiator.java:146)
		at org.hibernate.engine.jdbc.env.internal.JdbcEnvironmentInitiator.initiateService(JdbcEnvironmentInitiator.java:66)
		at org.hibernate.engine.jdbc.env.internal.JdbcEnvironmentInitiator.initiateService(JdbcEnvironmentInitiator.java:35)
		at org.hibernate.boot.registry.internal.StandardServiceRegistryImpl.initiateService(StandardServiceRegistryImpl.java:101)
		at org.hibernate.service.internal.AbstractServiceRegistryImpl.createService(AbstractServiceRegistryImpl.java:272)
		... 35 more
	Caused by: com.mysql.cj.jdbc.exceptions.CommunicationsException: Communications link failure

The last packet sent successfully to the server was 0 milliseconds ago. The driver has not received any packets from the server.
		at com.mysql.cj.jdbc.exceptions.SQLError.createCommunicationsException(SQLError.java:175)
		at com.mysql.cj.jdbc.exceptions.SQLExceptionsMapping.translateException(SQLExceptionsMapping.java:64)
		at com.mysql.cj.jdbc.ConnectionImpl.createNewIO(ConnectionImpl.java:825)
		at com.mysql.cj.jdbc.ConnectionImpl.<init>(ConnectionImpl.java:446)
		at com.mysql.cj.jdbc.ConnectionImpl.getInstance(ConnectionImpl.java:239)
		at com.mysql.cj.jdbc.NonRegisteringDriver.connect(NonRegisteringDriver.java:188)
		at org.hibernate.engine.jdbc.connections.internal.DriverConnectionCreator.makeConnection(DriverConnectionCreator.java:39)
		... 50 more
	Caused by: com.mysql.cj.exceptions.CJCommunicationsException: Communications link failure

The last packet sent successfully to the server was 0 milliseconds ago. The driver has not received any packets from the server.
		at java.base/jdk.internal.reflect.NativeConstructorAccessorImpl.newInstance0(Native Method)
		at java.base/jdk.internal.reflect.NativeConstructorAccessorImpl.newInstance(NativeConstructorAccessorImpl.java:77)
		at java.base/jdk.internal.reflect.DelegatingConstructorAccessorImpl.newInstance(DelegatingConstructorAccessorImpl.java:45)
		at java.base/java.lang.reflect.Constructor.newInstanceWithCaller(Constructor.java:500)
		at java.base/java.lang.reflect.Constructor.newInstance(Constructor.java:481)
		at com.mysql.cj.exceptions.ExceptionFactory.createException(ExceptionFactory.java:62)
		at com.mysql.cj.exceptions.ExceptionFactory.createException(ExceptionFactory.java:105)
		at com.mysql.cj.exceptions.ExceptionFactory.createException(ExceptionFactory.java:150)
		at com.mysql.cj.exceptions.ExceptionFactory.createCommunicationsException(ExceptionFactory.java:166)
		at com.mysql.cj.protocol.a.NativeSocketConnection.connect(NativeSocketConnection.java:89)
		at com.mysql.cj.NativeSession.connect(NativeSession.java:121)
		at com.mysql.cj.jdbc.ConnectionImpl.connectOneTryOnly(ConnectionImpl.java:945)
		at com.mysql.cj.jdbc.ConnectionImpl.createNewIO(ConnectionImpl.java:815)
		... 54 more
	Caused by: java.net.ConnectException: Operation timed out
		at java.base/sun.nio.ch.Net.connect0(Native Method)
		at java.base/sun.nio.ch.Net.connect(Net.java:579)
		at java.base/sun.nio.ch.Net.connect(Net.java:568)
		at java.base/sun.nio.ch.NioSocketImpl.connect(NioSocketImpl.java:593)
		at java.base/java.net.SocksSocketImpl.connect(SocksSocketImpl.java:327)
		at java.base/java.net.Socket.connect(Socket.java:633)
		at com.mysql.cj.protocol.StandardSocketFactory.connect(StandardSocketFactory.java:153)
		at com.mysql.cj.protocol.a.NativeSocketConnection.connect(NativeSocketConnection.java:63)
		... 57 more
05-Oct-2025 19:04:04.751 SEVERE [http-nio-8080-exec-5] org.apache.catalina.core.StandardWrapperValve.invoke Allocate exception for servlet [murach.sql.SqlGatewayServlet]
	java.net.ConnectException: Operation timed out
		at java.base/sun.nio.ch.Net.connect0(Native Method)
		at java.base/sun.nio.ch.Net.connect(Net.java:579)
		at java.base/sun.nio.ch.Net.connect(Net.java:568)
		at java.base/sun.nio.ch.NioSocketImpl.connect(NioSocketImpl.java:593)
		at java.base/java.net.SocksSocketImpl.connect(SocksSocketImpl.java:327)
		at java.base/java.net.Socket.connect(Socket.java:633)
		at com.mysql.cj.protocol.StandardSocketFactory.connect(StandardSocketFactory.java:153)
		at com.mysql.cj.protocol.a.NativeSocketConnection.connect(NativeSocketConnection.java:63)
		at com.mysql.cj.NativeSession.connect(NativeSession.java:121)
		at com.mysql.cj.jdbc.ConnectionImpl.connectOneTryOnly(ConnectionImpl.java:945)
		at com.mysql.cj.jdbc.ConnectionImpl.createNewIO(ConnectionImpl.java:815)
		at com.mysql.cj.jdbc.ConnectionImpl.<init>(ConnectionImpl.java:446)
		at com.mysql.cj.jdbc.ConnectionImpl.getInstance(ConnectionImpl.java:239)
		at com.mysql.cj.jdbc.NonRegisteringDriver.connect(NonRegisteringDriver.java:188)
		at org.hibernate.engine.jdbc.connections.internal.DriverConnectionCreator.makeConnection(DriverConnectionCreator.java:39)
		at org.hibernate.engine.jdbc.connections.internal.BasicConnectionCreator.createConnection(BasicConnectionCreator.java:62)
		at org.hibernate.engine.jdbc.connections.internal.DriverManagerConnectionProviderImpl$PooledConnections.addConnections(DriverManagerConnectionProviderImpl.java:457)
		at org.hibernate.engine.jdbc.connections.internal.DriverManagerConnectionProviderImpl$PooledConnections.<init>(DriverManagerConnectionProviderImpl.java:323)
		at org.hibernate.engine.jdbc.connections.internal.DriverManagerConnectionProviderImpl$PooledConnections.<init>(DriverManagerConnectionProviderImpl.java:297)
		at org.hibernate.engine.jdbc.connections.internal.DriverManagerConnectionProviderImpl$PooledConnections$Builder.build(DriverManagerConnectionProviderImpl.java:501)
		at org.hibernate.engine.jdbc.connections.internal.DriverManagerConnectionProviderImpl.buildPool(DriverManagerConnectionProviderImpl.java:101)
		at org.hibernate.engine.jdbc.connections.internal.DriverManagerConnectionProviderImpl.configure(DriverManagerConnectionProviderImpl.java:76)
		at org.hibernate.boot.registry.internal.StandardServiceRegistryImpl.configureService(StandardServiceRegistryImpl.java:107)
		at org.hibernate.service.internal.AbstractServiceRegistryImpl.initializeService(AbstractServiceRegistryImpl.java:255)
		at org.hibernate.service.internal.AbstractServiceRegistryImpl.getService(AbstractServiceRegistryImpl.java:223)
		at org.hibernate.engine.jdbc.env.internal.JdbcEnvironmentInitiator.buildJdbcConnectionAccess(JdbcEnvironmentInitiator.java:146)
		at org.hibernate.engine.jdbc.env.internal.JdbcEnvironmentInitiator.initiateService(JdbcEnvironmentInitiator.java:66)
		at org.hibernate.engine.jdbc.env.internal.JdbcEnvironmentInitiator.initiateService(JdbcEnvironmentInitiator.java:35)
		at org.hibernate.boot.registry.internal.StandardServiceRegistryImpl.initiateService(StandardServiceRegistryImpl.java:101)
		at org.hibernate.service.internal.AbstractServiceRegistryImpl.createService(AbstractServiceRegistryImpl.java:272)
		at org.hibernate.service.internal.AbstractServiceRegistryImpl.initializeService(AbstractServiceRegistryImpl.java:246)
		at org.hibernate.service.internal.AbstractServiceRegistryImpl.getService(AbstractServiceRegistryImpl.java:223)
		at org.hibernate.id.factory.internal.DefaultIdentifierGeneratorFactory.injectServices(DefaultIdentifierGeneratorFactory.java:175)
		at org.hibernate.service.internal.AbstractServiceRegistryImpl.injectDependencies(AbstractServiceRegistryImpl.java:295)
		at org.hibernate.service.internal.AbstractServiceRegistryImpl.initializeService(AbstractServiceRegistryImpl.java:252)
		at org.hibernate.service.internal.AbstractServiceRegistryImpl.getService(AbstractServiceRegistryImpl.java:223)
		at org.hibernate.boot.internal.InFlightMetadataCollectorImpl.<init>(InFlightMetadataCollectorImpl.java:173)
		at org.hibernate.boot.model.process.spi.MetadataBuildingProcess.complete(MetadataBuildingProcess.java:127)
		at org.hibernate.jpa.boot.internal.EntityManagerFactoryBuilderImpl.metadata(EntityManagerFactoryBuilderImpl.java:1460)
		at org.hibernate.jpa.boot.internal.EntityManagerFactoryBuilderImpl.build(EntityManagerFactoryBuilderImpl.java:1494)
		at org.hibernate.jpa.HibernatePersistenceProvider.createEntityManagerFactory(HibernatePersistenceProvider.java:56)
		at javax.persistence.Persistence.createEntityManagerFactory(Persistence.java:79)
		at javax.persistence.Persistence.createEntityManagerFactory(Persistence.java:54)
		at murach.sql.SqlGatewayServlet.init(SqlGatewayServlet.java:16)
		at javax.servlet.GenericServlet.init(GenericServlet.java:143)
		at org.apache.catalina.core.StandardWrapper.initServlet(StandardWrapper.java:989)
		at org.apache.catalina.core.StandardWrapper.loadServlet(StandardWrapper.java:946)
		at org.apache.catalina.core.StandardWrapper.allocate(StandardWrapper.java:664)
		at org.apache.catalina.core.StandardWrapperValve.invoke(StandardWrapperValve.java:116)
		at org.apache.catalina.core.StandardContextValve.invoke(StandardContextValve.java:90)
		at org.apache.catalina.authenticator.AuthenticatorBase.invoke(AuthenticatorBase.java:482)
		at org.apache.catalina.core.StandardHostValve.invoke(StandardHostValve.java:130)
		at org.apache.catalina.valves.ErrorReportValve.invoke(ErrorReportValve.java:93)
		at org.apache.catalina.valves.AbstractAccessLogValve.invoke(AbstractAccessLogValve.java:656)
		at org.apache.catalina.core.StandardEngineValve.invoke(StandardEngineValve.java:74)
		at org.apache.catalina.connector.CoyoteAdapter.service(CoyoteAdapter.java:346)
		at org.apache.coyote.http11.Http11Processor.service(Http11Processor.java:397)
		at org.apache.coyote.AbstractProcessorLight.process(AbstractProcessorLight.java:63)
		at org.apache.coyote.AbstractProtocol$ConnectionHandler.process(AbstractProtocol.java:935)
		at org.apache.tomcat.util.net.NioEndpoint$SocketProcessor.doRun(NioEndpoint.java:1826)
		at org.apache.tomcat.util.net.SocketProcessorBase.run(SocketProcessorBase.java:52)
		at org.apache.tomcat.util.threads.ThreadPoolExecutor.runWorker(ThreadPoolExecutor.java:1189)
		at org.apache.tomcat.util.threads.ThreadPoolExecutor$Worker.run(ThreadPoolExecutor.java:658)
		at org.apache.tomcat.util.threads.TaskThread$WrappingRunnable.run(TaskThread.java:63)
		at java.base/java.lang.Thread.run(Thread.java:840)
05-Oct-2025 19:05:19.864 SEVERE [http-nio-8080-exec-10] org.apache.catalina.core.ApplicationContext.log Servlet.init() for servlet [murach.sql.SqlGatewayServlet] threw exception
	org.hibernate.service.spi.ServiceException: Unable to create requested service [org.hibernate.engine.jdbc.env.spi.JdbcEnvironment]
		at org.hibernate.service.internal.AbstractServiceRegistryImpl.createService(AbstractServiceRegistryImpl.java:284)
		at org.hibernate.service.internal.AbstractServiceRegistryImpl.initializeService(AbstractServiceRegistryImpl.java:246)
		at org.hibernate.service.internal.AbstractServiceRegistryImpl.getService(AbstractServiceRegistryImpl.java:223)
		at org.hibernate.id.factory.internal.DefaultIdentifierGeneratorFactory.injectServices(DefaultIdentifierGeneratorFactory.java:175)
		at org.hibernate.service.internal.AbstractServiceRegistryImpl.injectDependencies(AbstractServiceRegistryImpl.java:295)
		at org.hibernate.service.internal.AbstractServiceRegistryImpl.initializeService(AbstractServiceRegistryImpl.java:252)
		at org.hibernate.service.internal.AbstractServiceRegistryImpl.getService(AbstractServiceRegistryImpl.java:223)
		at org.hibernate.boot.internal.InFlightMetadataCollectorImpl.<init>(InFlightMetadataCollectorImpl.java:173)
		at org.hibernate.boot.model.process.spi.MetadataBuildingProcess.complete(MetadataBuildingProcess.java:127)
		at org.hibernate.jpa.boot.internal.EntityManagerFactoryBuilderImpl.metadata(EntityManagerFactoryBuilderImpl.java:1460)
		at org.hibernate.jpa.boot.internal.EntityManagerFactoryBuilderImpl.build(EntityManagerFactoryBuilderImpl.java:1494)
		at org.hibernate.jpa.HibernatePersistenceProvider.createEntityManagerFactory(HibernatePersistenceProvider.java:56)
		at javax.persistence.Persistence.createEntityManagerFactory(Persistence.java:79)
		at javax.persistence.Persistence.createEntityManagerFactory(Persistence.java:54)
		at murach.sql.SqlGatewayServlet.init(SqlGatewayServlet.java:16)
		at javax.servlet.GenericServlet.init(GenericServlet.java:143)
		at org.apache.catalina.core.StandardWrapper.initServlet(StandardWrapper.java:989)
		at org.apache.catalina.core.StandardWrapper.loadServlet(StandardWrapper.java:946)
		at org.apache.catalina.core.StandardWrapper.allocate(StandardWrapper.java:664)
		at org.apache.catalina.core.StandardWrapperValve.invoke(StandardWrapperValve.java:116)
		at org.apache.catalina.core.StandardContextValve.invoke(StandardContextValve.java:90)
		at org.apache.catalina.authenticator.AuthenticatorBase.invoke(AuthenticatorBase.java:482)
		at org.apache.catalina.core.StandardHostValve.invoke(StandardHostValve.java:130)
		at org.apache.catalina.valves.ErrorReportValve.invoke(ErrorReportValve.java:93)
		at org.apache.catalina.valves.AbstractAccessLogValve.invoke(AbstractAccessLogValve.java:656)
		at org.apache.catalina.core.StandardEngineValve.invoke(StandardEngineValve.java:74)
		at org.apache.catalina.connector.CoyoteAdapter.service(CoyoteAdapter.java:346)
		at org.apache.coyote.http11.Http11Processor.service(Http11Processor.java:397)
		at org.apache.coyote.AbstractProcessorLight.process(AbstractProcessorLight.java:63)
		at org.apache.coyote.AbstractProtocol$ConnectionHandler.process(AbstractProtocol.java:935)
		at org.apache.tomcat.util.net.NioEndpoint$SocketProcessor.doRun(NioEndpoint.java:1826)
		at org.apache.tomcat.util.net.SocketProcessorBase.run(SocketProcessorBase.java:52)
		at org.apache.tomcat.util.threads.ThreadPoolExecutor.runWorker(ThreadPoolExecutor.java:1189)
		at org.apache.tomcat.util.threads.ThreadPoolExecutor$Worker.run(ThreadPoolExecutor.java:658)
		at org.apache.tomcat.util.threads.TaskThread$WrappingRunnable.run(TaskThread.java:63)
		at java.base/java.lang.Thread.run(Thread.java:840)
	Caused by: org.hibernate.exception.JDBCConnectionException: Error calling Driver#connect
		at org.hibernate.exception.internal.SQLStateConversionDelegate.convert(SQLStateConversionDelegate.java:112)
		at org.hibernate.exception.internal.StandardSQLExceptionConverter.convert(StandardSQLExceptionConverter.java:37)
		at org.hibernate.engine.jdbc.spi.SqlExceptionHelper.convert(SqlExceptionHelper.java:113)
		at org.hibernate.engine.jdbc.connections.internal.BasicConnectionCreator.convertSqlException(BasicConnectionCreator.java:131)
		at org.hibernate.engine.jdbc.connections.internal.DriverConnectionCreator.makeConnection(DriverConnectionCreator.java:42)
		at org.hibernate.engine.jdbc.connections.internal.BasicConnectionCreator.createConnection(BasicConnectionCreator.java:62)
		at org.hibernate.engine.jdbc.connections.internal.DriverManagerConnectionProviderImpl$PooledConnections.addConnections(DriverManagerConnectionProviderImpl.java:457)
		at org.hibernate.engine.jdbc.connections.internal.DriverManagerConnectionProviderImpl$PooledConnections.<init>(DriverManagerConnectionProviderImpl.java:323)
		at org.hibernate.engine.jdbc.connections.internal.DriverManagerConnectionProviderImpl$PooledConnections.<init>(DriverManagerConnectionProviderImpl.java:297)
		at org.hibernate.engine.jdbc.connections.internal.DriverManagerConnectionProviderImpl$PooledConnections$Builder.build(DriverManagerConnectionProviderImpl.java:501)
		at org.hibernate.engine.jdbc.connections.internal.DriverManagerConnectionProviderImpl.buildPool(DriverManagerConnectionProviderImpl.java:101)
		at org.hibernate.engine.jdbc.connections.internal.DriverManagerConnectionProviderImpl.configure(DriverManagerConnectionProviderImpl.java:76)
		at org.hibernate.boot.registry.internal.StandardServiceRegistryImpl.configureService(StandardServiceRegistryImpl.java:107)
		at org.hibernate.service.internal.AbstractServiceRegistryImpl.initializeService(AbstractServiceRegistryImpl.java:255)
		at org.hibernate.service.internal.AbstractServiceRegistryImpl.getService(AbstractServiceRegistryImpl.java:223)
		at org.hibernate.engine.jdbc.env.internal.JdbcEnvironmentInitiator.buildJdbcConnectionAccess(JdbcEnvironmentInitiator.java:146)
		at org.hibernate.engine.jdbc.env.internal.JdbcEnvironmentInitiator.initiateService(JdbcEnvironmentInitiator.java:66)
		at org.hibernate.engine.jdbc.env.internal.JdbcEnvironmentInitiator.initiateService(JdbcEnvironmentInitiator.java:35)
		at org.hibernate.boot.registry.internal.StandardServiceRegistryImpl.initiateService(StandardServiceRegistryImpl.java:101)
		at org.hibernate.service.internal.AbstractServiceRegistryImpl.createService(AbstractServiceRegistryImpl.java:272)
		... 35 more
	Caused by: com.mysql.cj.jdbc.exceptions.CommunicationsException: Communications link failure

The last packet sent successfully to the server was 0 milliseconds ago. The driver has not received any packets from the server.
		at com.mysql.cj.jdbc.exceptions.SQLError.createCommunicationsException(SQLError.java:175)
		at com.mysql.cj.jdbc.exceptions.SQLExceptionsMapping.translateException(SQLExceptionsMapping.java:64)
		at com.mysql.cj.jdbc.ConnectionImpl.createNewIO(ConnectionImpl.java:825)
		at com.mysql.cj.jdbc.ConnectionImpl.<init>(ConnectionImpl.java:446)
		at com.mysql.cj.jdbc.ConnectionImpl.getInstance(ConnectionImpl.java:239)
		at com.mysql.cj.jdbc.NonRegisteringDriver.connect(NonRegisteringDriver.java:188)
		at org.hibernate.engine.jdbc.connections.internal.DriverConnectionCreator.makeConnection(DriverConnectionCreator.java:39)
		... 50 more
	Caused by: com.mysql.cj.exceptions.CJCommunicationsException: Communications link failure

The last packet sent successfully to the server was 0 milliseconds ago. The driver has not received any packets from the server.
		at java.base/jdk.internal.reflect.NativeConstructorAccessorImpl.newInstance0(Native Method)
		at java.base/jdk.internal.reflect.NativeConstructorAccessorImpl.newInstance(NativeConstructorAccessorImpl.java:77)
		at java.base/jdk.internal.reflect.DelegatingConstructorAccessorImpl.newInstance(DelegatingConstructorAccessorImpl.java:45)
		at java.base/java.lang.reflect.Constructor.newInstanceWithCaller(Constructor.java:500)
		at java.base/java.lang.reflect.Constructor.newInstance(Constructor.java:481)
		at com.mysql.cj.exceptions.ExceptionFactory.createException(ExceptionFactory.java:62)
		at com.mysql.cj.exceptions.ExceptionFactory.createException(ExceptionFactory.java:105)
		at com.mysql.cj.exceptions.ExceptionFactory.createException(ExceptionFactory.java:150)
		at com.mysql.cj.exceptions.ExceptionFactory.createCommunicationsException(ExceptionFactory.java:166)
		at com.mysql.cj.protocol.a.NativeSocketConnection.connect(NativeSocketConnection.java:89)
		at com.mysql.cj.NativeSession.connect(NativeSession.java:121)
		at com.mysql.cj.jdbc.ConnectionImpl.connectOneTryOnly(ConnectionImpl.java:945)
		at com.mysql.cj.jdbc.ConnectionImpl.createNewIO(ConnectionImpl.java:815)
		... 54 more
	Caused by: java.net.ConnectException: Operation timed out
		at java.base/sun.nio.ch.Net.connect0(Native Method)
		at java.base/sun.nio.ch.Net.connect(Net.java:579)
		at java.base/sun.nio.ch.Net.connect(Net.java:568)
		at java.base/sun.nio.ch.NioSocketImpl.connect(NioSocketImpl.java:593)
		at java.base/java.net.SocksSocketImpl.connect(SocksSocketImpl.java:327)
		at java.base/java.net.Socket.connect(Socket.java:633)
		at com.mysql.cj.protocol.StandardSocketFactory.connect(StandardSocketFactory.java:153)
		at com.mysql.cj.protocol.a.NativeSocketConnection.connect(NativeSocketConnection.java:63)
		... 57 more
05-Oct-2025 19:05:19.864 SEVERE [http-nio-8080-exec-10] org.apache.catalina.core.StandardWrapperValve.invoke Allocate exception for servlet [murach.sql.SqlGatewayServlet]
	java.net.ConnectException: Operation timed out
		at java.base/sun.nio.ch.Net.connect0(Native Method)
		at java.base/sun.nio.ch.Net.connect(Net.java:579)
		at java.base/sun.nio.ch.Net.connect(Net.java:568)
		at java.base/sun.nio.ch.NioSocketImpl.connect(NioSocketImpl.java:593)
		at java.base/java.net.SocksSocketImpl.connect(SocksSocketImpl.java:327)
		at java.base/java.net.Socket.connect(Socket.java:633)
		at com.mysql.cj.protocol.StandardSocketFactory.connect(StandardSocketFactory.java:153)
		at com.mysql.cj.protocol.a.NativeSocketConnection.connect(NativeSocketConnection.java:63)
		at com.mysql.cj.NativeSession.connect(NativeSession.java:121)
		at com.mysql.cj.jdbc.ConnectionImpl.connectOneTryOnly(ConnectionImpl.java:945)
		at com.mysql.cj.jdbc.ConnectionImpl.createNewIO(ConnectionImpl.java:815)
		at com.mysql.cj.jdbc.ConnectionImpl.<init>(ConnectionImpl.java:446)
		at com.mysql.cj.jdbc.ConnectionImpl.getInstance(ConnectionImpl.java:239)
		at com.mysql.cj.jdbc.NonRegisteringDriver.connect(NonRegisteringDriver.java:188)
		at org.hibernate.engine.jdbc.connections.internal.DriverConnectionCreator.makeConnection(DriverConnectionCreator.java:39)
		at org.hibernate.engine.jdbc.connections.internal.BasicConnectionCreator.createConnection(BasicConnectionCreator.java:62)
		at org.hibernate.engine.jdbc.connections.internal.DriverManagerConnectionProviderImpl$PooledConnections.addConnections(DriverManagerConnectionProviderImpl.java:457)
		at org.hibernate.engine.jdbc.connections.internal.DriverManagerConnectionProviderImpl$PooledConnections.<init>(DriverManagerConnectionProviderImpl.java:323)
		at org.hibernate.engine.jdbc.connections.internal.DriverManagerConnectionProviderImpl$PooledConnections.<init>(DriverManagerConnectionProviderImpl.java:297)
		at org.hibernate.engine.jdbc.connections.internal.DriverManagerConnectionProviderImpl$PooledConnections$Builder.build(DriverManagerConnectionProviderImpl.java:501)
		at org.hibernate.engine.jdbc.connections.internal.DriverManagerConnectionProviderImpl.buildPool(DriverManagerConnectionProviderImpl.java:101)
		at org.hibernate.engine.jdbc.connections.internal.DriverManagerConnectionProviderImpl.configure(DriverManagerConnectionProviderImpl.java:76)
		at org.hibernate.boot.registry.internal.StandardServiceRegistryImpl.configureService(StandardServiceRegistryImpl.java:107)
		at org.hibernate.service.internal.AbstractServiceRegistryImpl.initializeService(AbstractServiceRegistryImpl.java:255)
		at org.hibernate.service.internal.AbstractServiceRegistryImpl.getService(AbstractServiceRegistryImpl.java:223)
		at org.hibernate.engine.jdbc.env.internal.JdbcEnvironmentInitiator.buildJdbcConnectionAccess(JdbcEnvironmentInitiator.java:146)
		at org.hibernate.engine.jdbc.env.internal.JdbcEnvironmentInitiator.initiateService(JdbcEnvironmentInitiator.java:66)
		at org.hibernate.engine.jdbc.env.internal.JdbcEnvironmentInitiator.initiateService(JdbcEnvironmentInitiator.java:35)
		at org.hibernate.boot.registry.internal.StandardServiceRegistryImpl.initiateService(StandardServiceRegistryImpl.java:101)
		at org.hibernate.service.internal.AbstractServiceRegistryImpl.createService(AbstractServiceRegistryImpl.java:272)
		at org.hibernate.service.internal.AbstractServiceRegistryImpl.initializeService(AbstractServiceRegistryImpl.java:246)
		at org.hibernate.service.internal.AbstractServiceRegistryImpl.getService(AbstractServiceRegistryImpl.java:223)
		at org.hibernate.id.factory.internal.DefaultIdentifierGeneratorFactory.injectServices(DefaultIdentifierGeneratorFactory.java:175)
		at org.hibernate.service.internal.AbstractServiceRegistryImpl.injectDependencies(AbstractServiceRegistryImpl.java:295)
		at org.hibernate.service.internal.AbstractServiceRegistryImpl.initializeService(AbstractServiceRegistryImpl.java:252)
		at org.hibernate.service.internal.AbstractServiceRegistryImpl.getService(AbstractServiceRegistryImpl.java:223)
		at org.hibernate.boot.internal.InFlightMetadataCollectorImpl.<init>(InFlightMetadataCollectorImpl.java:173)
		at org.hibernate.boot.model.process.spi.MetadataBuildingProcess.complete(MetadataBuildingProcess.java:127)
		at org.hibernate.jpa.boot.internal.EntityManagerFactoryBuilderImpl.metadata(EntityManagerFactoryBuilderImpl.java:1460)
		at org.hibernate.jpa.boot.internal.EntityManagerFactoryBuilderImpl.build(EntityManagerFactoryBuilderImpl.java:1494)
		at org.hibernate.jpa.HibernatePersistenceProvider.createEntityManagerFactory(HibernatePersistenceProvider.java:56)
		at javax.persistence.Persistence.createEntityManagerFactory(Persistence.java:79)
		at javax.persistence.Persistence.createEntityManagerFactory(Persistence.java:54)
		at murach.sql.SqlGatewayServlet.init(SqlGatewayServlet.java:16)
		at javax.servlet.GenericServlet.init(GenericServlet.java:143)
		at org.apache.catalina.core.StandardWrapper.initServlet(StandardWrapper.java:989)
		at org.apache.catalina.core.StandardWrapper.loadServlet(StandardWrapper.java:946)
		at org.apache.catalina.core.StandardWrapper.allocate(StandardWrapper.java:664)
		at org.apache.catalina.core.StandardWrapperValve.invoke(StandardWrapperValve.java:116)
		at org.apache.catalina.core.StandardContextValve.invoke(StandardContextValve.java:90)
		at org.apache.catalina.authenticator.AuthenticatorBase.invoke(AuthenticatorBase.java:482)
		at org.apache.catalina.core.StandardHostValve.invoke(StandardHostValve.java:130)
		at org.apache.catalina.valves.ErrorReportValve.invoke(ErrorReportValve.java:93)
		at org.apache.catalina.valves.AbstractAccessLogValve.invoke(AbstractAccessLogValve.java:656)
		at org.apache.catalina.core.StandardEngineValve.invoke(StandardEngineValve.java:74)
		at org.apache.catalina.connector.CoyoteAdapter.service(CoyoteAdapter.java:346)
		at org.apache.coyote.http11.Http11Processor.service(Http11Processor.java:397)
		at org.apache.coyote.AbstractProcessorLight.process(AbstractProcessorLight.java:63)
		at org.apache.coyote.AbstractProtocol$ConnectionHandler.process(AbstractProtocol.java:935)
		at org.apache.tomcat.util.net.NioEndpoint$SocketProcessor.doRun(NioEndpoint.java:1826)
		at org.apache.tomcat.util.net.SocketProcessorBase.run(SocketProcessorBase.java:52)
		at org.apache.tomcat.util.threads.ThreadPoolExecutor.runWorker(ThreadPoolExecutor.java:1189)
		at org.apache.tomcat.util.threads.ThreadPoolExecutor$Worker.run(ThreadPoolExecutor.java:658)
		at org.apache.tomcat.util.threads.TaskThread$WrappingRunnable.run(TaskThread.java:63)
		at java.base/java.lang.Thread.run(Thread.java:840)
05-Oct-2025 19:06:34.973 SEVERE [http-nio-8080-exec-9] org.apache.catalina.core.ApplicationContext.log Servlet.init() for servlet [murach.sql.SqlGatewayServlet] threw exception
	org.hibernate.service.spi.ServiceException: Unable to create requested service [org.hibernate.engine.jdbc.env.spi.JdbcEnvironment]
		at org.hibernate.service.internal.AbstractServiceRegistryImpl.createService(AbstractServiceRegistryImpl.java:284)
		at org.hibernate.service.internal.AbstractServiceRegistryImpl.initializeService(AbstractServiceRegistryImpl.java:246)
		at org.hibernate.service.internal.AbstractServiceRegistryImpl.getService(AbstractServiceRegistryImpl.java:223)
		at org.hibernate.id.factory.internal.DefaultIdentifierGeneratorFactory.injectServices(DefaultIdentifierGeneratorFactory.java:175)
		at org.hibernate.service.internal.AbstractServiceRegistryImpl.injectDependencies(AbstractServiceRegistryImpl.java:295)
		at org.hibernate.service.internal.AbstractServiceRegistryImpl.initializeService(AbstractServiceRegistryImpl.java:252)
		at org.hibernate.service.internal.AbstractServiceRegistryImpl.getService(AbstractServiceRegistryImpl.java:223)
		at org.hibernate.boot.internal.InFlightMetadataCollectorImpl.<init>(InFlightMetadataCollectorImpl.java:173)
		at org.hibernate.boot.model.process.spi.MetadataBuildingProcess.complete(MetadataBuildingProcess.java:127)
		at org.hibernate.jpa.boot.internal.EntityManagerFactoryBuilderImpl.metadata(EntityManagerFactoryBuilderImpl.java:1460)
		at org.hibernate.jpa.boot.internal.EntityManagerFactoryBuilderImpl.build(EntityManagerFactoryBuilderImpl.java:1494)
		at org.hibernate.jpa.HibernatePersistenceProvider.createEntityManagerFactory(HibernatePersistenceProvider.java:56)
		at javax.persistence.Persistence.createEntityManagerFactory(Persistence.java:79)
		at javax.persistence.Persistence.createEntityManagerFactory(Persistence.java:54)
		at murach.sql.SqlGatewayServlet.init(SqlGatewayServlet.java:16)
		at javax.servlet.GenericServlet.init(GenericServlet.java:143)
		at org.apache.catalina.core.StandardWrapper.initServlet(StandardWrapper.java:989)
		at org.apache.catalina.core.StandardWrapper.loadServlet(StandardWrapper.java:946)
		at org.apache.catalina.core.StandardWrapper.allocate(StandardWrapper.java:664)
		at org.apache.catalina.core.StandardWrapperValve.invoke(StandardWrapperValve.java:116)
		at org.apache.catalina.core.StandardContextValve.invoke(StandardContextValve.java:90)
		at org.apache.catalina.authenticator.AuthenticatorBase.invoke(AuthenticatorBase.java:482)
		at org.apache.catalina.core.StandardHostValve.invoke(StandardHostValve.java:130)
		at org.apache.catalina.valves.ErrorReportValve.invoke(ErrorReportValve.java:93)
		at org.apache.catalina.valves.AbstractAccessLogValve.invoke(AbstractAccessLogValve.java:656)
		at org.apache.catalina.core.StandardEngineValve.invoke(StandardEngineValve.java:74)
		at org.apache.catalina.connector.CoyoteAdapter.service(CoyoteAdapter.java:346)
		at org.apache.coyote.http11.Http11Processor.service(Http11Processor.java:397)
		at org.apache.coyote.AbstractProcessorLight.process(AbstractProcessorLight.java:63)
		at org.apache.coyote.AbstractProtocol$ConnectionHandler.process(AbstractProtocol.java:935)
		at org.apache.tomcat.util.net.NioEndpoint$SocketProcessor.doRun(NioEndpoint.java:1826)
		at org.apache.tomcat.util.net.SocketProcessorBase.run(SocketProcessorBase.java:52)
		at org.apache.tomcat.util.threads.ThreadPoolExecutor.runWorker(ThreadPoolExecutor.java:1189)
		at org.apache.tomcat.util.threads.ThreadPoolExecutor$Worker.run(ThreadPoolExecutor.java:658)
		at org.apache.tomcat.util.threads.TaskThread$WrappingRunnable.run(TaskThread.java:63)
		at java.base/java.lang.Thread.run(Thread.java:840)
	Caused by: org.hibernate.exception.JDBCConnectionException: Error calling Driver#connect
		at org.hibernate.exception.internal.SQLStateConversionDelegate.convert(SQLStateConversionDelegate.java:112)
		at org.hibernate.exception.internal.StandardSQLExceptionConverter.convert(StandardSQLExceptionConverter.java:37)
		at org.hibernate.engine.jdbc.spi.SqlExceptionHelper.convert(SqlExceptionHelper.java:113)
		at org.hibernate.engine.jdbc.connections.internal.BasicConnectionCreator.convertSqlException(BasicConnectionCreator.java:131)
		at org.hibernate.engine.jdbc.connections.internal.DriverConnectionCreator.makeConnection(DriverConnectionCreator.java:42)
		at org.hibernate.engine.jdbc.connections.internal.BasicConnectionCreator.createConnection(BasicConnectionCreator.java:62)
		at org.hibernate.engine.jdbc.connections.internal.DriverManagerConnectionProviderImpl$PooledConnections.addConnections(DriverManagerConnectionProviderImpl.java:457)
		at org.hibernate.engine.jdbc.connections.internal.DriverManagerConnectionProviderImpl$PooledConnections.<init>(DriverManagerConnectionProviderImpl.java:323)
		at org.hibernate.engine.jdbc.connections.internal.DriverManagerConnectionProviderImpl$PooledConnections.<init>(DriverManagerConnectionProviderImpl.java:297)
		at org.hibernate.engine.jdbc.connections.internal.DriverManagerConnectionProviderImpl$PooledConnections$Builder.build(DriverManagerConnectionProviderImpl.java:501)
		at org.hibernate.engine.jdbc.connections.internal.DriverManagerConnectionProviderImpl.buildPool(DriverManagerConnectionProviderImpl.java:101)
		at org.hibernate.engine.jdbc.connections.internal.DriverManagerConnectionProviderImpl.configure(DriverManagerConnectionProviderImpl.java:76)
		at org.hibernate.boot.registry.internal.StandardServiceRegistryImpl.configureService(StandardServiceRegistryImpl.java:107)
		at org.hibernate.service.internal.AbstractServiceRegistryImpl.initializeService(AbstractServiceRegistryImpl.java:255)
		at org.hibernate.service.internal.AbstractServiceRegistryImpl.getService(AbstractServiceRegistryImpl.java:223)
		at org.hibernate.engine.jdbc.env.internal.JdbcEnvironmentInitiator.buildJdbcConnectionAccess(JdbcEnvironmentInitiator.java:146)
		at org.hibernate.engine.jdbc.env.internal.JdbcEnvironmentInitiator.initiateService(JdbcEnvironmentInitiator.java:66)
		at org.hibernate.engine.jdbc.env.internal.JdbcEnvironmentInitiator.initiateService(JdbcEnvironmentInitiator.java:35)
		at org.hibernate.boot.registry.internal.StandardServiceRegistryImpl.initiateService(StandardServiceRegistryImpl.java:101)
		at org.hibernate.service.internal.AbstractServiceRegistryImpl.createService(AbstractServiceRegistryImpl.java:272)
		... 35 more
	Caused by: com.mysql.cj.jdbc.exceptions.CommunicationsException: Communications link failure

The last packet sent successfully to the server was 0 milliseconds ago. The driver has not received any packets from the server.
		at com.mysql.cj.jdbc.exceptions.SQLError.createCommunicationsException(SQLError.java:175)
		at com.mysql.cj.jdbc.exceptions.SQLExceptionsMapping.translateException(SQLExceptionsMapping.java:64)
		at com.mysql.cj.jdbc.ConnectionImpl.createNewIO(ConnectionImpl.java:825)
		at com.mysql.cj.jdbc.ConnectionImpl.<init>(ConnectionImpl.java:446)
		at com.mysql.cj.jdbc.ConnectionImpl.getInstance(ConnectionImpl.java:239)
		at com.mysql.cj.jdbc.NonRegisteringDriver.connect(NonRegisteringDriver.java:188)
		at org.hibernate.engine.jdbc.connections.internal.DriverConnectionCreator.makeConnection(DriverConnectionCreator.java:39)
		... 50 more
	Caused by: com.mysql.cj.exceptions.CJCommunicationsException: Communications link failure

The last packet sent successfully to the server was 0 milliseconds ago. The driver has not received any packets from the server.
		at java.base/jdk.internal.reflect.NativeConstructorAccessorImpl.newInstance0(Native Method)
		at java.base/jdk.internal.reflect.NativeConstructorAccessorImpl.newInstance(NativeConstructorAccessorImpl.java:77)
		at java.base/jdk.internal.reflect.DelegatingConstructorAccessorImpl.newInstance(DelegatingConstructorAccessorImpl.java:45)
		at java.base/java.lang.reflect.Constructor.newInstanceWithCaller(Constructor.java:500)
		at java.base/java.lang.reflect.Constructor.newInstance(Constructor.java:481)
		at com.mysql.cj.exceptions.ExceptionFactory.createException(ExceptionFactory.java:62)
		at com.mysql.cj.exceptions.ExceptionFactory.createException(ExceptionFactory.java:105)
		at com.mysql.cj.exceptions.ExceptionFactory.createException(ExceptionFactory.java:150)
		at com.mysql.cj.exceptions.ExceptionFactory.createCommunicationsException(ExceptionFactory.java:166)
		at com.mysql.cj.protocol.a.NativeSocketConnection.connect(NativeSocketConnection.java:89)
		at com.mysql.cj.NativeSession.connect(NativeSession.java:121)
		at com.mysql.cj.jdbc.ConnectionImpl.connectOneTryOnly(ConnectionImpl.java:945)
		at com.mysql.cj.jdbc.ConnectionImpl.createNewIO(ConnectionImpl.java:815)
		... 54 more
	Caused by: java.net.ConnectException: Operation timed out
		at java.base/sun.nio.ch.Net.connect0(Native Method)
		at java.base/sun.nio.ch.Net.connect(Net.java:579)
		at java.base/sun.nio.ch.Net.connect(Net.java:568)
		at java.base/sun.nio.ch.NioSocketImpl.connect(NioSocketImpl.java:593)
		at java.base/java.net.SocksSocketImpl.connect(SocksSocketImpl.java:327)
		at java.base/java.net.Socket.connect(Socket.java:633)
		at com.mysql.cj.protocol.StandardSocketFactory.connect(StandardSocketFactory.java:153)
		at com.mysql.cj.protocol.a.NativeSocketConnection.connect(NativeSocketConnection.java:63)
		... 57 more
05-Oct-2025 19:06:34.973 SEVERE [http-nio-8080-exec-9] org.apache.catalina.core.StandardWrapperValve.invoke Allocate exception for servlet [murach.sql.SqlGatewayServlet]
	java.net.ConnectException: Operation timed out
		at java.base/sun.nio.ch.Net.connect0(Native Method)
		at java.base/sun.nio.ch.Net.connect(Net.java:579)
		at java.base/sun.nio.ch.Net.connect(Net.java:568)
		at java.base/sun.nio.ch.NioSocketImpl.connect(NioSocketImpl.java:593)
		at java.base/java.net.SocksSocketImpl.connect(SocksSocketImpl.java:327)
		at java.base/java.net.Socket.connect(Socket.java:633)
		at com.mysql.cj.protocol.StandardSocketFactory.connect(StandardSocketFactory.java:153)
		at com.mysql.cj.protocol.a.NativeSocketConnection.connect(NativeSocketConnection.java:63)
		at com.mysql.cj.NativeSession.connect(NativeSession.java:121)
		at com.mysql.cj.jdbc.ConnectionImpl.connectOneTryOnly(ConnectionImpl.java:945)
		at com.mysql.cj.jdbc.ConnectionImpl.createNewIO(ConnectionImpl.java:815)
		at com.mysql.cj.jdbc.ConnectionImpl.<init>(ConnectionImpl.java:446)
		at com.mysql.cj.jdbc.ConnectionImpl.getInstance(ConnectionImpl.java:239)
		at com.mysql.cj.jdbc.NonRegisteringDriver.connect(NonRegisteringDriver.java:188)
		at org.hibernate.engine.jdbc.connections.internal.DriverConnectionCreator.makeConnection(DriverConnectionCreator.java:39)
		at org.hibernate.engine.jdbc.connections.internal.BasicConnectionCreator.createConnection(BasicConnectionCreator.java:62)
		at org.hibernate.engine.jdbc.connections.internal.DriverManagerConnectionProviderImpl$PooledConnections.addConnections(DriverManagerConnectionProviderImpl.java:457)
		at org.hibernate.engine.jdbc.connections.internal.DriverManagerConnectionProviderImpl$PooledConnections.<init>(DriverManagerConnectionProviderImpl.java:323)
		at org.hibernate.engine.jdbc.connections.internal.DriverManagerConnectionProviderImpl$PooledConnections.<init>(DriverManagerConnectionProviderImpl.java:297)
		at org.hibernate.engine.jdbc.connections.internal.DriverManagerConnectionProviderImpl$PooledConnections$Builder.build(DriverManagerConnectionProviderImpl.java:501)
		at org.hibernate.engine.jdbc.connections.internal.DriverManagerConnectionProviderImpl.buildPool(DriverManagerConnectionProviderImpl.java:101)
		at org.hibernate.engine.jdbc.connections.internal.DriverManagerConnectionProviderImpl.configure(DriverManagerConnectionProviderImpl.java:76)
		at org.hibernate.boot.registry.internal.StandardServiceRegistryImpl.configureService(StandardServiceRegistryImpl.java:107)
		at org.hibernate.service.internal.AbstractServiceRegistryImpl.initializeService(AbstractServiceRegistryImpl.java:255)
		at org.hibernate.service.internal.AbstractServiceRegistryImpl.getService(AbstractServiceRegistryImpl.java:223)
		at org.hibernate.engine.jdbc.env.internal.JdbcEnvironmentInitiator.buildJdbcConnectionAccess(JdbcEnvironmentInitiator.java:146)
		at org.hibernate.engine.jdbc.env.internal.JdbcEnvironmentInitiator.initiateService(JdbcEnvironmentInitiator.java:66)
		at org.hibernate.engine.jdbc.env.internal.JdbcEnvironmentInitiator.initiateService(JdbcEnvironmentInitiator.java:35)
		at org.hibernate.boot.registry.internal.StandardServiceRegistryImpl.initiateService(StandardServiceRegistryImpl.java:101)
		at org.hibernate.service.internal.AbstractServiceRegistryImpl.createService(AbstractServiceRegistryImpl.java:272)
		at org.hibernate.service.internal.AbstractServiceRegistryImpl.initializeService(AbstractServiceRegistryImpl.java:246)
		at org.hibernate.service.internal.AbstractServiceRegistryImpl.getService(AbstractServiceRegistryImpl.java:223)
		at org.hibernate.id.factory.internal.DefaultIdentifierGeneratorFactory.injectServices(DefaultIdentifierGeneratorFactory.java:175)
		at org.hibernate.service.internal.AbstractServiceRegistryImpl.injectDependencies(AbstractServiceRegistryImpl.java:295)
		at org.hibernate.service.internal.AbstractServiceRegistryImpl.initializeService(AbstractServiceRegistryImpl.java:252)
		at org.hibernate.service.internal.AbstractServiceRegistryImpl.getService(AbstractServiceRegistryImpl.java:223)
		at org.hibernate.boot.internal.InFlightMetadataCollectorImpl.<init>(InFlightMetadataCollectorImpl.java:173)
		at org.hibernate.boot.model.process.spi.MetadataBuildingProcess.complete(MetadataBuildingProcess.java:127)
		at org.hibernate.jpa.boot.internal.EntityManagerFactoryBuilderImpl.metadata(EntityManagerFactoryBuilderImpl.java:1460)
		at org.hibernate.jpa.boot.internal.EntityManagerFactoryBuilderImpl.build(EntityManagerFactoryBuilderImpl.java:1494)
		at org.hibernate.jpa.HibernatePersistenceProvider.createEntityManagerFactory(HibernatePersistenceProvider.java:56)
		at javax.persistence.Persistence.createEntityManagerFactory(Persistence.java:79)
		at javax.persistence.Persistence.createEntityManagerFactory(Persistence.java:54)
		at murach.sql.SqlGatewayServlet.init(SqlGatewayServlet.java:16)
		at javax.servlet.GenericServlet.init(GenericServlet.java:143)
		at org.apache.catalina.core.StandardWrapper.initServlet(StandardWrapper.java:989)
		at org.apache.catalina.core.StandardWrapper.loadServlet(StandardWrapper.java:946)
		at org.apache.catalina.core.StandardWrapper.allocate(StandardWrapper.java:664)
		at org.apache.catalina.core.StandardWrapperValve.invoke(StandardWrapperValve.java:116)
		at org.apache.catalina.core.StandardContextValve.invoke(StandardContextValve.java:90)
		at org.apache.catalina.authenticator.AuthenticatorBase.invoke(AuthenticatorBase.java:482)
		at org.apache.catalina.core.StandardHostValve.invoke(StandardHostValve.java:130)
		at org.apache.catalina.valves.ErrorReportValve.invoke(ErrorReportValve.java:93)
		at org.apache.catalina.valves.AbstractAccessLogValve.invoke(AbstractAccessLogValve.java:656)
		at org.apache.catalina.core.StandardEngineValve.invoke(StandardEngineValve.java:74)
		at org.apache.catalina.connector.CoyoteAdapter.service(CoyoteAdapter.java:346)
		at org.apache.coyote.http11.Http11Processor.service(Http11Processor.java:397)
		at org.apache.coyote.AbstractProcessorLight.process(AbstractProcessorLight.java:63)
		at org.apache.coyote.AbstractProtocol$ConnectionHandler.process(AbstractProtocol.java:935)
		at org.apache.tomcat.util.net.NioEndpoint$SocketProcessor.doRun(NioEndpoint.java:1826)
		at org.apache.tomcat.util.net.SocketProcessorBase.run(SocketProcessorBase.java:52)
		at org.apache.tomcat.util.threads.ThreadPoolExecutor.runWorker(ThreadPoolExecutor.java:1189)
		at org.apache.tomcat.util.threads.ThreadPoolExecutor$Worker.run(ThreadPoolExecutor.java:658)
		at org.apache.tomcat.util.threads.TaskThread$WrappingRunnable.run(TaskThread.java:63)
		at java.base/java.lang.Thread.run(Thread.java:840)
05-Oct-2025 19:08:10.427 SEVERE [main] org.apache.catalina.core.ApplicationContext.log Servlet.init() for servlet [SqlGatewayServlet] threw exception
	javax.persistence.PersistenceException: Unable to locate persistence units
		at org.hibernate.jpa.HibernatePersistenceProvider.getEntityManagerFactoryBuilderOrNull(HibernatePersistenceProvider.java:85)
		at org.hibernate.jpa.HibernatePersistenceProvider.getEntityManagerFactoryBuilderOrNull(HibernatePersistenceProvider.java:61)
		at org.hibernate.jpa.HibernatePersistenceProvider.createEntityManagerFactory(HibernatePersistenceProvider.java:50)
		at javax.persistence.Persistence.createEntityManagerFactory(Persistence.java:79)
		at javax.persistence.Persistence.createEntityManagerFactory(Persistence.java:54)
		at murach.sql.SqlGatewayServlet.init(SqlGatewayServlet.java:16)
		at javax.servlet.GenericServlet.init(GenericServlet.java:143)
		at org.apache.catalina.core.StandardWrapper.initServlet(StandardWrapper.java:989)
		at org.apache.catalina.core.StandardWrapper.loadServlet(StandardWrapper.java:946)
		at org.apache.catalina.core.StandardWrapper.load(StandardWrapper.java:843)
		at org.apache.catalina.core.StandardContext.loadOnStartup(StandardContext.java:4234)
		at org.apache.catalina.core.StandardContext.startInternal(StandardContext.java:4535)
		at org.apache.catalina.util.LifecycleBase.start(LifecycleBase.java:164)
		at org.apache.catalina.core.ContainerBase.addChildInternal(ContainerBase.java:599)
		at org.apache.catalina.core.ContainerBase.addChild(ContainerBase.java:571)
		at org.apache.catalina.core.StandardHost.addChild(StandardHost.java:603)
		at org.apache.catalina.startup.HostConfig.deployWAR(HostConfig.java:1013)
		at org.apache.catalina.startup.HostConfig$DeployWar.run(HostConfig.java:1861)
		at java.base/java.util.concurrent.Executors$RunnableAdapter.call(Executors.java:539)
		at java.base/java.util.concurrent.FutureTask.run(FutureTask.java:264)
		at org.apache.tomcat.util.threads.InlineExecutorService.execute(InlineExecutorService.java:76)
		at java.base/java.util.concurrent.AbstractExecutorService.submit(AbstractExecutorService.java:123)
		at org.apache.catalina.startup.HostConfig.deployWARs(HostConfig.java:817)
		at org.apache.catalina.startup.HostConfig.deployApps(HostConfig.java:468)
		at org.apache.catalina.startup.HostConfig.start(HostConfig.java:1579)
		at org.apache.catalina.startup.HostConfig.lifecycleEvent(HostConfig.java:312)
		at org.apache.catalina.util.LifecycleBase.fireLifecycleEvent(LifecycleBase.java:109)
		at org.apache.catalina.util.LifecycleBase.setStateInternal(LifecycleBase.java:389)
		at org.apache.catalina.util.LifecycleBase.setState(LifecycleBase.java:336)
		at org.apache.catalina.core.ContainerBase.startInternal(ContainerBase.java:776)
		at org.apache.catalina.core.StandardHost.startInternal(StandardHost.java:721)
		at org.apache.catalina.util.LifecycleBase.start(LifecycleBase.java:164)
		at org.apache.catalina.core.ContainerBase$StartChild.call(ContainerBase.java:1203)
		at org.apache.catalina.core.ContainerBase$StartChild.call(ContainerBase.java:1193)
		at java.base/java.util.concurrent.FutureTask.run(FutureTask.java:264)
		at org.apache.tomcat.util.threads.InlineExecutorService.execute(InlineExecutorService.java:76)
		at java.base/java.util.concurrent.AbstractExecutorService.submit(AbstractExecutorService.java:145)
		at org.apache.catalina.core.ContainerBase.startInternal(ContainerBase.java:749)
		at org.apache.catalina.core.StandardEngine.startInternal(StandardEngine.java:211)
		at org.apache.catalina.util.LifecycleBase.start(LifecycleBase.java:164)
		at org.apache.catalina.core.StandardService.startInternal(StandardService.java:412)
		at org.apache.catalina.util.LifecycleBase.start(LifecycleBase.java:164)
		at org.apache.catalina.core.StandardServer.startInternal(StandardServer.java:874)
		at org.apache.catalina.util.LifecycleBase.start(LifecycleBase.java:164)
		at org.apache.catalina.startup.Catalina.start(Catalina.java:739)
		at java.base/jdk.internal.reflect.NativeMethodAccessorImpl.invoke0(Native Method)
		at java.base/jdk.internal.reflect.NativeMethodAccessorImpl.invoke(NativeMethodAccessorImpl.java:77)
		at java.base/jdk.internal.reflect.DelegatingMethodAccessorImpl.invoke(DelegatingMethodAccessorImpl.java:43)
		at java.base/java.lang.reflect.Method.invoke(Method.java:569)
		at org.apache.catalina.startup.Bootstrap.start(Bootstrap.java:345)
		at org.apache.catalina.startup.Bootstrap.main(Bootstrap.java:476)
	Caused by: javax.persistence.PersistenceException: Unexpected error parsing [file:/Users/nguyendinhtanloc/Documents/Semester_1_2025/Web/Week10/tomCat/webapps/Lesson/WEB-INF/classes/META-INF/persistence.xml]
		at org.hibernate.jpa.boot.internal.PersistenceXmlParser.loadUrl(PersistenceXmlParser.java:463)
		at org.hibernate.jpa.boot.internal.PersistenceXmlParser.parsePersistenceXml(PersistenceXmlParser.java:249)
		at org.hibernate.jpa.boot.internal.PersistenceXmlParser.parsePersistenceXml(PersistenceXmlParser.java:240)
		at org.hibernate.jpa.boot.internal.PersistenceXmlParser.doResolve(PersistenceXmlParser.java:234)
		at org.hibernate.jpa.boot.internal.PersistenceXmlParser.locatePersistenceUnits(PersistenceXmlParser.java:68)
		at org.hibernate.jpa.HibernatePersistenceProvider.getEntityManagerFactoryBuilderOrNull(HibernatePersistenceProvider.java:81)
		... 50 more
	Caused by: org.xml.sax.SAXParseException; lineNumber: 12; columnNumber: 77; The value of attribute "value" associated with an element type "property" must not contain the '<' character.
		at java.xml/com.sun.org.apache.xerces.internal.parsers.DOMParser.parse(DOMParser.java:262)
		at java.xml/com.sun.org.apache.xerces.internal.jaxp.DocumentBuilderImpl.parse(DocumentBuilderImpl.java:342)
		at org.hibernate.jpa.boot.internal.PersistenceXmlParser.loadUrl(PersistenceXmlParser.java:458)
		... 55 more
05-Oct-2025 19:08:10.427 SEVERE [main] org.apache.catalina.core.StandardContext.loadOnStartup Servlet [SqlGatewayServlet] in web application [/Lesson] threw load() exception
	org.xml.sax.SAXParseException; lineNumber: 12; columnNumber: 77; The value of attribute "value" associated with an element type "property" must not contain the '<' character.
		at java.xml/com.sun.org.apache.xerces.internal.parsers.DOMParser.parse(DOMParser.java:262)
		at java.xml/com.sun.org.apache.xerces.internal.jaxp.DocumentBuilderImpl.parse(DocumentBuilderImpl.java:342)
		at org.hibernate.jpa.boot.internal.PersistenceXmlParser.loadUrl(PersistenceXmlParser.java:458)
		at org.hibernate.jpa.boot.internal.PersistenceXmlParser.parsePersistenceXml(PersistenceXmlParser.java:249)
		at org.hibernate.jpa.boot.internal.PersistenceXmlParser.parsePersistenceXml(PersistenceXmlParser.java:240)
		at org.hibernate.jpa.boot.internal.PersistenceXmlParser.doResolve(PersistenceXmlParser.java:234)
		at org.hibernate.jpa.boot.internal.PersistenceXmlParser.locatePersistenceUnits(PersistenceXmlParser.java:68)
		at org.hibernate.jpa.HibernatePersistenceProvider.getEntityManagerFactoryBuilderOrNull(HibernatePersistenceProvider.java:81)
		at org.hibernate.jpa.HibernatePersistenceProvider.getEntityManagerFactoryBuilderOrNull(HibernatePersistenceProvider.java:61)
		at org.hibernate.jpa.HibernatePersistenceProvider.createEntityManagerFactory(HibernatePersistenceProvider.java:50)
		at javax.persistence.Persistence.createEntityManagerFactory(Persistence.java:79)
		at javax.persistence.Persistence.createEntityManagerFactory(Persistence.java:54)
		at murach.sql.SqlGatewayServlet.init(SqlGatewayServlet.java:16)
		at javax.servlet.GenericServlet.init(GenericServlet.java:143)
		at org.apache.catalina.core.StandardWrapper.initServlet(StandardWrapper.java:989)
		at org.apache.catalina.core.StandardWrapper.loadServlet(StandardWrapper.java:946)
		at org.apache.catalina.core.StandardWrapper.load(StandardWrapper.java:843)
		at org.apache.catalina.core.StandardContext.loadOnStartup(StandardContext.java:4234)
		at org.apache.catalina.core.StandardContext.startInternal(StandardContext.java:4535)
		at org.apache.catalina.util.LifecycleBase.start(LifecycleBase.java:164)
		at org.apache.catalina.core.ContainerBase.addChildInternal(ContainerBase.java:599)
		at org.apache.catalina.core.ContainerBase.addChild(ContainerBase.java:571)
		at org.apache.catalina.core.StandardHost.addChild(StandardHost.java:603)
		at org.apache.catalina.startup.HostConfig.deployWAR(HostConfig.java:1013)
		at org.apache.catalina.startup.HostConfig$DeployWar.run(HostConfig.java:1861)
		at java.base/java.util.concurrent.Executors$RunnableAdapter.call(Executors.java:539)
		at java.base/java.util.concurrent.FutureTask.run(FutureTask.java:264)
		at org.apache.tomcat.util.threads.InlineExecutorService.execute(InlineExecutorService.java:76)
		at java.base/java.util.concurrent.AbstractExecutorService.submit(AbstractExecutorService.java:123)
		at org.apache.catalina.startup.HostConfig.deployWARs(HostConfig.java:817)
		at org.apache.catalina.startup.HostConfig.deployApps(HostConfig.java:468)
		at org.apache.catalina.startup.HostConfig.start(HostConfig.java:1579)
		at org.apache.catalina.startup.HostConfig.lifecycleEvent(HostConfig.java:312)
		at org.apache.catalina.util.LifecycleBase.fireLifecycleEvent(LifecycleBase.java:109)
		at org.apache.catalina.util.LifecycleBase.setStateInternal(LifecycleBase.java:389)
		at org.apache.catalina.util.LifecycleBase.setState(LifecycleBase.java:336)
		at org.apache.catalina.core.ContainerBase.startInternal(ContainerBase.java:776)
		at org.apache.catalina.core.StandardHost.startInternal(StandardHost.java:721)
		at org.apache.catalina.util.LifecycleBase.start(LifecycleBase.java:164)
		at org.apache.catalina.core.ContainerBase$StartChild.call(ContainerBase.java:1203)
		at org.apache.catalina.core.ContainerBase$StartChild.call(ContainerBase.java:1193)
		at java.base/java.util.concurrent.FutureTask.run(FutureTask.java:264)
		at org.apache.tomcat.util.threads.InlineExecutorService.execute(InlineExecutorService.java:76)
		at java.base/java.util.concurrent.AbstractExecutorService.submit(AbstractExecutorService.java:145)
		at org.apache.catalina.core.ContainerBase.startInternal(ContainerBase.java:749)
		at org.apache.catalina.core.StandardEngine.startInternal(StandardEngine.java:211)
		at org.apache.catalina.util.LifecycleBase.start(LifecycleBase.java:164)
		at org.apache.catalina.core.StandardService.startInternal(StandardService.java:412)
		at org.apache.catalina.util.LifecycleBase.start(LifecycleBase.java:164)
		at org.apache.catalina.core.StandardServer.startInternal(StandardServer.java:874)
		at org.apache.catalina.util.LifecycleBase.start(LifecycleBase.java:164)
		at org.apache.catalina.startup.Catalina.start(Catalina.java:739)
		at java.base/jdk.internal.reflect.NativeMethodAccessorImpl.invoke0(Native Method)
		at java.base/jdk.internal.reflect.NativeMethodAccessorImpl.invoke(NativeMethodAccessorImpl.java:77)
		at java.base/jdk.internal.reflect.DelegatingMethodAccessorImpl.invoke(DelegatingMethodAccessorImpl.java:43)
		at java.base/java.lang.reflect.Method.invoke(Method.java:569)
		at org.apache.catalina.startup.Bootstrap.start(Bootstrap.java:345)
		at org.apache.catalina.startup.Bootstrap.main(Bootstrap.java:476)
05-Oct-2025 19:08:10.542 INFO [main] org.apache.catalina.core.ApplicationContext.log ContextListener: contextInitialized()
05-Oct-2025 19:08:10.542 INFO [main] org.apache.catalina.core.ApplicationContext.log SessionListener: contextInitialized()
05-Oct-2025 19:08:10.542 INFO [main] org.apache.catalina.core.ApplicationContext.log ContextListener: attributeAdded('StockTicker', 'async.Stockticker@50672905')
05-Oct-2025 19:08:10.607 INFO [main] org.apache.catalina.core.ApplicationContext.log SessionListener: contextDestroyed()
05-Oct-2025 19:08:10.607 INFO [main] org.apache.catalina.core.ApplicationContext.log ContextListener: contextDestroyed()
05-Oct-2025 19:08:15.482 SEVERE [Catalina-utility-2] org.apache.catalina.core.ApplicationContext.log Servlet.init() for servlet [SqlGatewayServlet] threw exception
	javax.persistence.PersistenceException: Unable to locate persistence units
		at org.hibernate.jpa.HibernatePersistenceProvider.getEntityManagerFactoryBuilderOrNull(HibernatePersistenceProvider.java:85)
		at org.hibernate.jpa.HibernatePersistenceProvider.getEntityManagerFactoryBuilderOrNull(HibernatePersistenceProvider.java:61)
		at org.hibernate.jpa.HibernatePersistenceProvider.createEntityManagerFactory(HibernatePersistenceProvider.java:50)
		at javax.persistence.Persistence.createEntityManagerFactory(Persistence.java:79)
		at javax.persistence.Persistence.createEntityManagerFactory(Persistence.java:54)
		at murach.sql.SqlGatewayServlet.init(SqlGatewayServlet.java:16)
		at javax.servlet.GenericServlet.init(GenericServlet.java:143)
		at org.apache.catalina.core.StandardWrapper.initServlet(StandardWrapper.java:989)
		at org.apache.catalina.core.StandardWrapper.loadServlet(StandardWrapper.java:946)
		at org.apache.catalina.core.StandardWrapper.load(StandardWrapper.java:843)
		at org.apache.catalina.core.StandardContext.loadOnStartup(StandardContext.java:4234)
		at org.apache.catalina.core.StandardContext.startInternal(StandardContext.java:4535)
		at org.apache.catalina.util.LifecycleBase.start(LifecycleBase.java:164)
		at org.apache.catalina.core.ContainerBase.addChildInternal(ContainerBase.java:599)
		at org.apache.catalina.core.ContainerBase.addChild(ContainerBase.java:571)
		at org.apache.catalina.core.StandardHost.addChild(StandardHost.java:603)
		at org.apache.catalina.startup.HostConfig.deployWAR(HostConfig.java:1013)
		at org.apache.catalina.startup.HostConfig$DeployWar.run(HostConfig.java:1861)
		at java.base/java.util.concurrent.Executors$RunnableAdapter.call(Executors.java:539)
		at java.base/java.util.concurrent.FutureTask.run(FutureTask.java:264)
		at org.apache.tomcat.util.threads.InlineExecutorService.execute(InlineExecutorService.java:76)
		at java.base/java.util.concurrent.AbstractExecutorService.submit(AbstractExecutorService.java:123)
		at org.apache.catalina.startup.HostConfig.deployWARs(HostConfig.java:817)
		at org.apache.catalina.startup.HostConfig.deployApps(HostConfig.java:468)
		at org.apache.catalina.startup.HostConfig.check(HostConfig.java:1628)
		at org.apache.catalina.startup.HostConfig.lifecycleEvent(HostConfig.java:308)
		at org.apache.catalina.util.LifecycleBase.fireLifecycleEvent(LifecycleBase.java:109)
		at org.apache.catalina.core.ContainerBase.backgroundProcess(ContainerBase.java:973)
		at org.apache.catalina.core.ContainerBase$ContainerBackgroundProcessor.processChildren(ContainerBase.java:1172)
		at org.apache.catalina.core.ContainerBase$ContainerBackgroundProcessor.processChildren(ContainerBase.java:1176)
		at org.apache.catalina.core.ContainerBase$ContainerBackgroundProcessor.run(ContainerBase.java:1154)
		at java.base/java.util.concurrent.Executors$RunnableAdapter.call(Executors.java:539)
		at java.base/java.util.concurrent.FutureTask.runAndReset(FutureTask.java:305)
		at java.base/java.util.concurrent.ScheduledThreadPoolExecutor$ScheduledFutureTask.run(ScheduledThreadPoolExecutor.java:305)
		at java.base/java.util.concurrent.ThreadPoolExecutor.runWorker(ThreadPoolExecutor.java:1136)
		at java.base/java.util.concurrent.ThreadPoolExecutor$Worker.run(ThreadPoolExecutor.java:635)
		at org.apache.tomcat.util.threads.TaskThread$WrappingRunnable.run(TaskThread.java:63)
		at java.base/java.lang.Thread.run(Thread.java:840)
	Caused by: javax.persistence.PersistenceException: Unexpected error parsing [file:/Users/nguyendinhtanloc/Documents/Semester_1_2025/Web/Week10/tomCat/webapps/Lesson/WEB-INF/classes/META-INF/persistence.xml]
		at org.hibernate.jpa.boot.internal.PersistenceXmlParser.loadUrl(PersistenceXmlParser.java:463)
		at org.hibernate.jpa.boot.internal.PersistenceXmlParser.parsePersistenceXml(PersistenceXmlParser.java:249)
		at org.hibernate.jpa.boot.internal.PersistenceXmlParser.parsePersistenceXml(PersistenceXmlParser.java:240)
		at org.hibernate.jpa.boot.internal.PersistenceXmlParser.doResolve(PersistenceXmlParser.java:234)
		at org.hibernate.jpa.boot.internal.PersistenceXmlParser.locatePersistenceUnits(PersistenceXmlParser.java:68)
		at org.hibernate.jpa.HibernatePersistenceProvider.getEntityManagerFactoryBuilderOrNull(HibernatePersistenceProvider.java:81)
		... 37 more
	Caused by: org.xml.sax.SAXParseException; lineNumber: 12; columnNumber: 77; The value of attribute "value" associated with an element type "property" must not contain the '<' character.
		at java.xml/com.sun.org.apache.xerces.internal.parsers.DOMParser.parse(DOMParser.java:262)
		at java.xml/com.sun.org.apache.xerces.internal.jaxp.DocumentBuilderImpl.parse(DocumentBuilderImpl.java:342)
		at org.hibernate.jpa.boot.internal.PersistenceXmlParser.loadUrl(PersistenceXmlParser.java:458)
		... 42 more
05-Oct-2025 19:08:15.482 SEVERE [Catalina-utility-2] org.apache.catalina.core.StandardContext.loadOnStartup Servlet [SqlGatewayServlet] in web application [/Lesson] threw load() exception
	org.xml.sax.SAXParseException; lineNumber: 12; columnNumber: 77; The value of attribute "value" associated with an element type "property" must not contain the '<' character.
		at java.xml/com.sun.org.apache.xerces.internal.parsers.DOMParser.parse(DOMParser.java:262)
		at java.xml/com.sun.org.apache.xerces.internal.jaxp.DocumentBuilderImpl.parse(DocumentBuilderImpl.java:342)
		at org.hibernate.jpa.boot.internal.PersistenceXmlParser.loadUrl(PersistenceXmlParser.java:458)
		at org.hibernate.jpa.boot.internal.PersistenceXmlParser.parsePersistenceXml(PersistenceXmlParser.java:249)
		at org.hibernate.jpa.boot.internal.PersistenceXmlParser.parsePersistenceXml(PersistenceXmlParser.java:240)
		at org.hibernate.jpa.boot.internal.PersistenceXmlParser.doResolve(PersistenceXmlParser.java:234)
		at org.hibernate.jpa.boot.internal.PersistenceXmlParser.locatePersistenceUnits(PersistenceXmlParser.java:68)
		at org.hibernate.jpa.HibernatePersistenceProvider.getEntityManagerFactoryBuilderOrNull(HibernatePersistenceProvider.java:81)
		at org.hibernate.jpa.HibernatePersistenceProvider.getEntityManagerFactoryBuilderOrNull(HibernatePersistenceProvider.java:61)
		at org.hibernate.jpa.HibernatePersistenceProvider.createEntityManagerFactory(HibernatePersistenceProvider.java:50)
		at javax.persistence.Persistence.createEntityManagerFactory(Persistence.java:79)
		at javax.persistence.Persistence.createEntityManagerFactory(Persistence.java:54)
		at murach.sql.SqlGatewayServlet.init(SqlGatewayServlet.java:16)
		at javax.servlet.GenericServlet.init(GenericServlet.java:143)
		at org.apache.catalina.core.StandardWrapper.initServlet(StandardWrapper.java:989)
		at org.apache.catalina.core.StandardWrapper.loadServlet(StandardWrapper.java:946)
		at org.apache.catalina.core.StandardWrapper.load(StandardWrapper.java:843)
		at org.apache.catalina.core.StandardContext.loadOnStartup(StandardContext.java:4234)
		at org.apache.catalina.core.StandardContext.startInternal(StandardContext.java:4535)
		at org.apache.catalina.util.LifecycleBase.start(LifecycleBase.java:164)
		at org.apache.catalina.core.ContainerBase.addChildInternal(ContainerBase.java:599)
		at org.apache.catalina.core.ContainerBase.addChild(ContainerBase.java:571)
		at org.apache.catalina.core.StandardHost.addChild(StandardHost.java:603)
		at org.apache.catalina.startup.HostConfig.deployWAR(HostConfig.java:1013)
		at org.apache.catalina.startup.HostConfig$DeployWar.run(HostConfig.java:1861)
		at java.base/java.util.concurrent.Executors$RunnableAdapter.call(Executors.java:539)
		at java.base/java.util.concurrent.FutureTask.run(FutureTask.java:264)
		at org.apache.tomcat.util.threads.InlineExecutorService.execute(InlineExecutorService.java:76)
		at java.base/java.util.concurrent.AbstractExecutorService.submit(AbstractExecutorService.java:123)
		at org.apache.catalina.startup.HostConfig.deployWARs(HostConfig.java:817)
		at org.apache.catalina.startup.HostConfig.deployApps(HostConfig.java:468)
		at org.apache.catalina.startup.HostConfig.check(HostConfig.java:1628)
		at org.apache.catalina.startup.HostConfig.lifecycleEvent(HostConfig.java:308)
		at org.apache.catalina.util.LifecycleBase.fireLifecycleEvent(LifecycleBase.java:109)
		at org.apache.catalina.core.ContainerBase.backgroundProcess(ContainerBase.java:973)
		at org.apache.catalina.core.ContainerBase$ContainerBackgroundProcessor.processChildren(ContainerBase.java:1172)
		at org.apache.catalina.core.ContainerBase$ContainerBackgroundProcessor.processChildren(ContainerBase.java:1176)
		at org.apache.catalina.core.ContainerBase$ContainerBackgroundProcessor.run(ContainerBase.java:1154)
		at java.base/java.util.concurrent.Executors$RunnableAdapter.call(Executors.java:539)
		at java.base/java.util.concurrent.FutureTask.runAndReset(FutureTask.java:305)
		at java.base/java.util.concurrent.ScheduledThreadPoolExecutor$ScheduledFutureTask.run(ScheduledThreadPoolExecutor.java:305)
		at java.base/java.util.concurrent.ThreadPoolExecutor.runWorker(ThreadPoolExecutor.java:1136)
		at java.base/java.util.concurrent.ThreadPoolExecutor$Worker.run(ThreadPoolExecutor.java:635)
		at org.apache.tomcat.util.threads.TaskThread$WrappingRunnable.run(TaskThread.java:63)
		at java.base/java.lang.Thread.run(Thread.java:840)
05-Oct-2025 19:08:40.034 SEVERE [http-nio-8080-exec-9] org.apache.catalina.core.ApplicationContext.log Servlet.init() for servlet [murach.sql.SqlGatewayServlet] threw exception
	javax.persistence.PersistenceException: Unable to locate persistence units
		at org.hibernate.jpa.HibernatePersistenceProvider.getEntityManagerFactoryBuilderOrNull(HibernatePersistenceProvider.java:85)
		at org.hibernate.jpa.HibernatePersistenceProvider.getEntityManagerFactoryBuilderOrNull(HibernatePersistenceProvider.java:61)
		at org.hibernate.jpa.HibernatePersistenceProvider.createEntityManagerFactory(HibernatePersistenceProvider.java:50)
		at javax.persistence.Persistence.createEntityManagerFactory(Persistence.java:79)
		at javax.persistence.Persistence.createEntityManagerFactory(Persistence.java:54)
		at murach.sql.SqlGatewayServlet.init(SqlGatewayServlet.java:16)
		at javax.servlet.GenericServlet.init(GenericServlet.java:143)
		at org.apache.catalina.core.StandardWrapper.initServlet(StandardWrapper.java:989)
		at org.apache.catalina.core.StandardWrapper.loadServlet(StandardWrapper.java:946)
		at org.apache.catalina.core.StandardWrapper.allocate(StandardWrapper.java:664)
		at org.apache.catalina.core.StandardWrapperValve.invoke(StandardWrapperValve.java:116)
		at org.apache.catalina.core.StandardContextValve.invoke(StandardContextValve.java:90)
		at org.apache.catalina.authenticator.AuthenticatorBase.invoke(AuthenticatorBase.java:482)
		at org.apache.catalina.core.StandardHostValve.invoke(StandardHostValve.java:130)
		at org.apache.catalina.valves.ErrorReportValve.invoke(ErrorReportValve.java:93)
		at org.apache.catalina.valves.AbstractAccessLogValve.invoke(AbstractAccessLogValve.java:656)
		at org.apache.catalina.core.StandardEngineValve.invoke(StandardEngineValve.java:74)
		at org.apache.catalina.connector.CoyoteAdapter.service(CoyoteAdapter.java:346)
		at org.apache.coyote.http11.Http11Processor.service(Http11Processor.java:397)
		at org.apache.coyote.AbstractProcessorLight.process(AbstractProcessorLight.java:63)
		at org.apache.coyote.AbstractProtocol$ConnectionHandler.process(AbstractProtocol.java:935)
		at org.apache.tomcat.util.net.NioEndpoint$SocketProcessor.doRun(NioEndpoint.java:1826)
		at org.apache.tomcat.util.net.SocketProcessorBase.run(SocketProcessorBase.java:52)
		at org.apache.tomcat.util.threads.ThreadPoolExecutor.runWorker(ThreadPoolExecutor.java:1189)
		at org.apache.tomcat.util.threads.ThreadPoolExecutor$Worker.run(ThreadPoolExecutor.java:658)
		at org.apache.tomcat.util.threads.TaskThread$WrappingRunnable.run(TaskThread.java:63)
		at java.base/java.lang.Thread.run(Thread.java:840)
	Caused by: javax.persistence.PersistenceException: Unexpected error parsing [file:/Users/nguyendinhtanloc/Documents/Semester_1_2025/Web/Week10/tomCat/webapps/Lesson/WEB-INF/classes/META-INF/persistence.xml]
		at org.hibernate.jpa.boot.internal.PersistenceXmlParser.loadUrl(PersistenceXmlParser.java:463)
		at org.hibernate.jpa.boot.internal.PersistenceXmlParser.parsePersistenceXml(PersistenceXmlParser.java:249)
		at org.hibernate.jpa.boot.internal.PersistenceXmlParser.parsePersistenceXml(PersistenceXmlParser.java:240)
		at org.hibernate.jpa.boot.internal.PersistenceXmlParser.doResolve(PersistenceXmlParser.java:234)
		at org.hibernate.jpa.boot.internal.PersistenceXmlParser.locatePersistenceUnits(PersistenceXmlParser.java:68)
		at org.hibernate.jpa.HibernatePersistenceProvider.getEntityManagerFactoryBuilderOrNull(HibernatePersistenceProvider.java:81)
		... 26 more
	Caused by: org.xml.sax.SAXParseException; lineNumber: 12; columnNumber: 77; The value of attribute "value" associated with an element type "property" must not contain the '<' character.
		at java.xml/com.sun.org.apache.xerces.internal.parsers.DOMParser.parse(DOMParser.java:262)
		at java.xml/com.sun.org.apache.xerces.internal.jaxp.DocumentBuilderImpl.parse(DocumentBuilderImpl.java:342)
		at org.hibernate.jpa.boot.internal.PersistenceXmlParser.loadUrl(PersistenceXmlParser.java:458)
		... 31 more
05-Oct-2025 19:08:40.034 SEVERE [http-nio-8080-exec-9] org.apache.catalina.core.StandardWrapperValve.invoke Allocate exception for servlet [murach.sql.SqlGatewayServlet]
	org.xml.sax.SAXParseException; lineNumber: 12; columnNumber: 77; The value of attribute "value" associated with an element type "property" must not contain the '<' character.
		at java.xml/com.sun.org.apache.xerces.internal.parsers.DOMParser.parse(DOMParser.java:262)
		at java.xml/com.sun.org.apache.xerces.internal.jaxp.DocumentBuilderImpl.parse(DocumentBuilderImpl.java:342)
		at org.hibernate.jpa.boot.internal.PersistenceXmlParser.loadUrl(PersistenceXmlParser.java:458)
		at org.hibernate.jpa.boot.internal.PersistenceXmlParser.parsePersistenceXml(PersistenceXmlParser.java:249)
		at org.hibernate.jpa.boot.internal.PersistenceXmlParser.parsePersistenceXml(PersistenceXmlParser.java:240)
		at org.hibernate.jpa.boot.internal.PersistenceXmlParser.doResolve(PersistenceXmlParser.java:234)
		at org.hibernate.jpa.boot.internal.PersistenceXmlParser.locatePersistenceUnits(PersistenceXmlParser.java:68)
		at org.hibernate.jpa.HibernatePersistenceProvider.getEntityManagerFactoryBuilderOrNull(HibernatePersistenceProvider.java:81)
		at org.hibernate.jpa.HibernatePersistenceProvider.getEntityManagerFactoryBuilderOrNull(HibernatePersistenceProvider.java:61)
		at org.hibernate.jpa.HibernatePersistenceProvider.createEntityManagerFactory(HibernatePersistenceProvider.java:50)
		at javax.persistence.Persistence.createEntityManagerFactory(Persistence.java:79)
		at javax.persistence.Persistence.createEntityManagerFactory(Persistence.java:54)
		at murach.sql.SqlGatewayServlet.init(SqlGatewayServlet.java:16)
		at javax.servlet.GenericServlet.init(GenericServlet.java:143)
		at org.apache.catalina.core.StandardWrapper.initServlet(StandardWrapper.java:989)
		at org.apache.catalina.core.StandardWrapper.loadServlet(StandardWrapper.java:946)
		at org.apache.catalina.core.StandardWrapper.allocate(StandardWrapper.java:664)
		at org.apache.catalina.core.StandardWrapperValve.invoke(StandardWrapperValve.java:116)
		at org.apache.catalina.core.StandardContextValve.invoke(StandardContextValve.java:90)
		at org.apache.catalina.authenticator.AuthenticatorBase.invoke(AuthenticatorBase.java:482)
		at org.apache.catalina.core.StandardHostValve.invoke(StandardHostValve.java:130)
		at org.apache.catalina.valves.ErrorReportValve.invoke(ErrorReportValve.java:93)
		at org.apache.catalina.valves.AbstractAccessLogValve.invoke(AbstractAccessLogValve.java:656)
		at org.apache.catalina.core.StandardEngineValve.invoke(StandardEngineValve.java:74)
		at org.apache.catalina.connector.CoyoteAdapter.service(CoyoteAdapter.java:346)
		at org.apache.coyote.http11.Http11Processor.service(Http11Processor.java:397)
		at org.apache.coyote.AbstractProcessorLight.process(AbstractProcessorLight.java:63)
		at org.apache.coyote.AbstractProtocol$ConnectionHandler.process(AbstractProtocol.java:935)
		at org.apache.tomcat.util.net.NioEndpoint$SocketProcessor.doRun(NioEndpoint.java:1826)
		at org.apache.tomcat.util.net.SocketProcessorBase.run(SocketProcessorBase.java:52)
		at org.apache.tomcat.util.threads.ThreadPoolExecutor.runWorker(ThreadPoolExecutor.java:1189)
		at org.apache.tomcat.util.threads.ThreadPoolExecutor$Worker.run(ThreadPoolExecutor.java:658)
		at org.apache.tomcat.util.threads.TaskThread$WrappingRunnable.run(TaskThread.java:63)
		at java.base/java.lang.Thread.run(Thread.java:840)
05-Oct-2025 19:11:46.428 INFO [main] org.apache.catalina.core.ApplicationContext.log ContextListener: contextInitialized()
05-Oct-2025 19:11:46.428 INFO [main] org.apache.catalina.core.ApplicationContext.log SessionListener: contextInitialized()
05-Oct-2025 19:11:46.429 INFO [main] org.apache.catalina.core.ApplicationContext.log ContextListener: attributeAdded('StockTicker', 'async.Stockticker@397f925e')
05-Oct-2025 19:11:46.458 INFO [main] org.apache.catalina.core.ApplicationContext.log SessionListener: contextDestroyed()
05-Oct-2025 19:11:46.458 INFO [main] org.apache.catalina.core.ApplicationContext.log ContextListener: contextDestroyed()
05-Oct-2025 19:13:27.567 INFO [main] org.apache.catalina.core.ApplicationContext.log SessionListener: contextDestroyed()
05-Oct-2025 19:13:27.567 INFO [main] org.apache.catalina.core.ApplicationContext.log ContextListener: contextDestroyed()
05-Oct-2025 19:13:31.414 INFO [main] org.apache.catalina.core.ApplicationContext.log ContextListener: contextInitialized()
05-Oct-2025 19:13:31.414 INFO [main] org.apache.catalina.core.ApplicationContext.log SessionListener: contextInitialized()
05-Oct-2025 19:13:31.414 INFO [main] org.apache.catalina.core.ApplicationContext.log ContextListener: attributeAdded('StockTicker', 'async.Stockticker@3a36da5e')
05-Oct-2025 19:54:04.036 INFO [main] org.apache.catalina.core.ApplicationContext.log Marking servlet [SqlGatewayServlet] as unavailable
05-Oct-2025 19:54:04.036 SEVERE [main] org.apache.catalina.core.StandardContext.loadOnStartup Servlet [SqlGatewayServlet] in web application [/Lesson] threw load() exception
	java.lang.ClassNotFoundException: murach.sql.SqlGatewayServlet
		at org.apache.catalina.loader.WebappClassLoaderBase.loadClass(WebappClassLoaderBase.java:1354)
		at org.apache.catalina.loader.WebappClassLoaderBase.loadClass(WebappClassLoaderBase.java:1163)
		at org.apache.catalina.core.DefaultInstanceManager.loadClass(DefaultInstanceManager.java:484)
		at org.apache.catalina.core.DefaultInstanceManager.loadClassMaybePrivileged(DefaultInstanceManager.java:466)
		at org.apache.catalina.core.DefaultInstanceManager.newInstance(DefaultInstanceManager.java:142)
		at org.apache.catalina.core.StandardWrapper.loadServlet(StandardWrapper.java:903)
		at org.apache.catalina.core.StandardWrapper.load(StandardWrapper.java:843)
		at org.apache.catalina.core.StandardContext.loadOnStartup(StandardContext.java:4234)
		at org.apache.catalina.core.StandardContext.startInternal(StandardContext.java:4535)
		at org.apache.catalina.util.LifecycleBase.start(LifecycleBase.java:164)
		at org.apache.catalina.core.ContainerBase.addChildInternal(ContainerBase.java:599)
		at org.apache.catalina.core.ContainerBase.addChild(ContainerBase.java:571)
		at org.apache.catalina.core.StandardHost.addChild(StandardHost.java:603)
		at org.apache.catalina.startup.HostConfig.deployWAR(HostConfig.java:1013)
		at org.apache.catalina.startup.HostConfig$DeployWar.run(HostConfig.java:1861)
		at java.base/java.util.concurrent.Executors$RunnableAdapter.call(Executors.java:539)
		at java.base/java.util.concurrent.FutureTask.run(FutureTask.java:264)
		at org.apache.tomcat.util.threads.InlineExecutorService.execute(InlineExecutorService.java:76)
		at java.base/java.util.concurrent.AbstractExecutorService.submit(AbstractExecutorService.java:123)
		at org.apache.catalina.startup.HostConfig.deployWARs(HostConfig.java:817)
		at org.apache.catalina.startup.HostConfig.deployApps(HostConfig.java:468)
		at org.apache.catalina.startup.HostConfig.start(HostConfig.java:1579)
		at org.apache.catalina.startup.HostConfig.lifecycleEvent(HostConfig.java:312)
		at org.apache.catalina.util.LifecycleBase.fireLifecycleEvent(LifecycleBase.java:109)
		at org.apache.catalina.util.LifecycleBase.setStateInternal(LifecycleBase.java:389)
		at org.apache.catalina.util.LifecycleBase.setState(LifecycleBase.java:336)
		at org.apache.catalina.core.ContainerBase.startInternal(ContainerBase.java:776)
		at org.apache.catalina.core.StandardHost.startInternal(StandardHost.java:721)
		at org.apache.catalina.util.LifecycleBase.start(LifecycleBase.java:164)
		at org.apache.catalina.core.ContainerBase$StartChild.call(ContainerBase.java:1203)
		at org.apache.catalina.core.ContainerBase$StartChild.call(ContainerBase.java:1193)
		at java.base/java.util.concurrent.FutureTask.run(FutureTask.java:264)
		at org.apache.tomcat.util.threads.InlineExecutorService.execute(InlineExecutorService.java:76)
		at java.base/java.util.concurrent.AbstractExecutorService.submit(AbstractExecutorService.java:145)
		at org.apache.catalina.core.ContainerBase.startInternal(ContainerBase.java:749)
		at org.apache.catalina.core.StandardEngine.startInternal(StandardEngine.java:211)
		at org.apache.catalina.util.LifecycleBase.start(LifecycleBase.java:164)
		at org.apache.catalina.core.StandardService.startInternal(StandardService.java:412)
		at org.apache.catalina.util.LifecycleBase.start(LifecycleBase.java:164)
		at org.apache.catalina.core.StandardServer.startInternal(StandardServer.java:874)
		at org.apache.catalina.util.LifecycleBase.start(LifecycleBase.java:164)
		at org.apache.catalina.startup.Catalina.start(Catalina.java:739)
		at java.base/jdk.internal.reflect.NativeMethodAccessorImpl.invoke0(Native Method)
		at java.base/jdk.internal.reflect.NativeMethodAccessorImpl.invoke(NativeMethodAccessorImpl.java:77)
		at java.base/jdk.internal.reflect.DelegatingMethodAccessorImpl.invoke(DelegatingMethodAccessorImpl.java:43)
		at java.base/java.lang.reflect.Method.invoke(Method.java:569)
		at org.apache.catalina.startup.Bootstrap.start(Bootstrap.java:345)
		at org.apache.catalina.startup.Bootstrap.main(Bootstrap.java:476)
05-Oct-2025 19:54:04.144 INFO [main] org.apache.catalina.core.ApplicationContext.log ContextListener: contextInitialized()
05-Oct-2025 19:54:04.144 INFO [main] org.apache.catalina.core.ApplicationContext.log SessionListener: contextInitialized()
05-Oct-2025 19:54:04.144 INFO [main] org.apache.catalina.core.ApplicationContext.log ContextListener: attributeAdded('StockTicker', 'async.Stockticker@17d76ebb')
05-Oct-2025 19:55:24.312 INFO [main] org.apache.catalina.core.ApplicationContext.log SessionListener: contextDestroyed()
05-Oct-2025 19:55:24.312 INFO [main] org.apache.catalina.core.ApplicationContext.log ContextListener: contextDestroyed()
05-Oct-2025 19:55:31.077 INFO [main] org.apache.catalina.core.ApplicationContext.log Marking servlet [SqlGatewayServlet] as unavailable
05-Oct-2025 19:55:31.077 SEVERE [main] org.apache.catalina.core.StandardContext.loadOnStartup Servlet [SqlGatewayServlet] in web application [/Lesson] threw load() exception
	java.lang.ClassNotFoundException: murach.sql.SqlGatewayServlet
		at org.apache.catalina.loader.WebappClassLoaderBase.loadClass(WebappClassLoaderBase.java:1354)
		at org.apache.catalina.loader.WebappClassLoaderBase.loadClass(WebappClassLoaderBase.java:1163)
		at org.apache.catalina.core.DefaultInstanceManager.loadClass(DefaultInstanceManager.java:484)
		at org.apache.catalina.core.DefaultInstanceManager.loadClassMaybePrivileged(DefaultInstanceManager.java:466)
		at org.apache.catalina.core.DefaultInstanceManager.newInstance(DefaultInstanceManager.java:142)
		at org.apache.catalina.core.StandardWrapper.loadServlet(StandardWrapper.java:903)
		at org.apache.catalina.core.StandardWrapper.load(StandardWrapper.java:843)
		at org.apache.catalina.core.StandardContext.loadOnStartup(StandardContext.java:4234)
		at org.apache.catalina.core.StandardContext.startInternal(StandardContext.java:4535)
		at org.apache.catalina.util.LifecycleBase.start(LifecycleBase.java:164)
		at org.apache.catalina.core.ContainerBase.addChildInternal(ContainerBase.java:599)
		at org.apache.catalina.core.ContainerBase.addChild(ContainerBase.java:571)
		at org.apache.catalina.core.StandardHost.addChild(StandardHost.java:603)
		at org.apache.catalina.startup.HostConfig.deployWAR(HostConfig.java:1013)
		at org.apache.catalina.startup.HostConfig$DeployWar.run(HostConfig.java:1861)
		at java.base/java.util.concurrent.Executors$RunnableAdapter.call(Executors.java:539)
		at java.base/java.util.concurrent.FutureTask.run(FutureTask.java:264)
		at org.apache.tomcat.util.threads.InlineExecutorService.execute(InlineExecutorService.java:76)
		at java.base/java.util.concurrent.AbstractExecutorService.submit(AbstractExecutorService.java:123)
		at org.apache.catalina.startup.HostConfig.deployWARs(HostConfig.java:817)
		at org.apache.catalina.startup.HostConfig.deployApps(HostConfig.java:468)
		at org.apache.catalina.startup.HostConfig.start(HostConfig.java:1579)
		at org.apache.catalina.startup.HostConfig.lifecycleEvent(HostConfig.java:312)
		at org.apache.catalina.util.LifecycleBase.fireLifecycleEvent(LifecycleBase.java:109)
		at org.apache.catalina.util.LifecycleBase.setStateInternal(LifecycleBase.java:389)
		at org.apache.catalina.util.LifecycleBase.setState(LifecycleBase.java:336)
		at org.apache.catalina.core.ContainerBase.startInternal(ContainerBase.java:776)
		at org.apache.catalina.core.StandardHost.startInternal(StandardHost.java:721)
		at org.apache.catalina.util.LifecycleBase.start(LifecycleBase.java:164)
		at org.apache.catalina.core.ContainerBase$StartChild.call(ContainerBase.java:1203)
		at org.apache.catalina.core.ContainerBase$StartChild.call(ContainerBase.java:1193)
		at java.base/java.util.concurrent.FutureTask.run(FutureTask.java:264)
		at org.apache.tomcat.util.threads.InlineExecutorService.execute(InlineExecutorService.java:76)
		at java.base/java.util.concurrent.AbstractExecutorService.submit(AbstractExecutorService.java:145)
		at org.apache.catalina.core.ContainerBase.startInternal(ContainerBase.java:749)
		at org.apache.catalina.core.StandardEngine.startInternal(StandardEngine.java:211)
		at org.apache.catalina.util.LifecycleBase.start(LifecycleBase.java:164)
		at org.apache.catalina.core.StandardService.startInternal(StandardService.java:412)
		at org.apache.catalina.util.LifecycleBase.start(LifecycleBase.java:164)
		at org.apache.catalina.core.StandardServer.startInternal(StandardServer.java:874)
		at org.apache.catalina.util.LifecycleBase.start(LifecycleBase.java:164)
		at org.apache.catalina.startup.Catalina.start(Catalina.java:739)
		at java.base/jdk.internal.reflect.NativeMethodAccessorImpl.invoke0(Native Method)
		at java.base/jdk.internal.reflect.NativeMethodAccessorImpl.invoke(NativeMethodAccessorImpl.java:77)
		at java.base/jdk.internal.reflect.DelegatingMethodAccessorImpl.invoke(DelegatingMethodAccessorImpl.java:43)
		at java.base/java.lang.reflect.Method.invoke(Method.java:569)
		at org.apache.catalina.startup.Bootstrap.start(Bootstrap.java:345)
		at org.apache.catalina.startup.Bootstrap.main(Bootstrap.java:476)
05-Oct-2025 19:55:31.176 INFO [main] org.apache.catalina.core.ApplicationContext.log ContextListener: contextInitialized()
05-Oct-2025 19:55:31.176 INFO [main] org.apache.catalina.core.ApplicationContext.log SessionListener: contextInitialized()
05-Oct-2025 19:55:31.176 INFO [main] org.apache.catalina.core.ApplicationContext.log ContextListener: attributeAdded('StockTicker', 'async.Stockticker@3d235635')
05-Oct-2025 19:55:41.695 INFO [main] org.apache.catalina.core.ApplicationContext.log SessionListener: contextDestroyed()
05-Oct-2025 19:55:41.695 INFO [main] org.apache.catalina.core.ApplicationContext.log ContextListener: contextDestroyed()
05-Oct-2025 19:55:52.361 INFO [main] org.apache.catalina.core.ApplicationContext.log ContextListener: contextInitialized()
05-Oct-2025 19:55:52.361 INFO [main] org.apache.catalina.core.ApplicationContext.log SessionListener: contextInitialized()
05-Oct-2025 19:55:52.361 INFO [main] org.apache.catalina.core.ApplicationContext.log ContextListener: attributeAdded('StockTicker', 'async.Stockticker@3cf4dec7')
05-Oct-2025 19:55:53.968 INFO [main] org.apache.catalina.core.ApplicationContext.log SessionListener: contextDestroyed()
05-Oct-2025 19:55:53.968 INFO [main] org.apache.catalina.core.ApplicationContext.log ContextListener: contextDestroyed()
05-Oct-2025 19:55:56.020 INFO [main] org.apache.catalina.core.ApplicationContext.log ContextListener: contextInitialized()
05-Oct-2025 19:55:56.020 INFO [main] org.apache.catalina.core.ApplicationContext.log SessionListener: contextInitialized()
05-Oct-2025 19:55:56.021 INFO [main] org.apache.catalina.core.ApplicationContext.log ContextListener: attributeAdded('StockTicker', 'async.Stockticker@8ac512e')
05-Oct-2025 19:56:31.102 SEVERE [http-nio-8080-exec-4] org.apache.catalina.core.StandardWrapperValve.invoke Servlet.service() for servlet [murach.controller.AuthServlet] in context with path [/Lesson] threw exception
	javax.persistence.PersistenceException: org.hibernate.exception.SQLGrammarException: could not extract ResultSet
		at org.hibernate.internal.ExceptionConverterImpl.convert(ExceptionConverterImpl.java:154)
		at org.hibernate.query.internal.AbstractProducedQuery.list(AbstractProducedQuery.java:1626)
		at org.hibernate.query.internal.AbstractProducedQuery.getSingleResult(AbstractProducedQuery.java:1665)
		at murach.data.AccountRepository.findByEmail(AccountRepository.java:14)
		at murach.service.AuthService.login(AuthService.java:11)
		at murach.controller.AuthServlet.doPost(AuthServlet.java:18)
		at javax.servlet.http.HttpServlet.service(HttpServlet.java:555)
		at javax.servlet.http.HttpServlet.service(HttpServlet.java:623)
		at org.apache.catalina.core.ApplicationFilterChain.internalDoFilter(ApplicationFilterChain.java:199)
		at org.apache.catalina.core.ApplicationFilterChain.doFilter(ApplicationFilterChain.java:144)
		at org.apache.tomcat.websocket.server.WsFilter.doFilter(WsFilter.java:51)
		at org.apache.catalina.core.ApplicationFilterChain.internalDoFilter(ApplicationFilterChain.java:168)
		at org.apache.catalina.core.ApplicationFilterChain.doFilter(ApplicationFilterChain.java:144)
		at org.apache.catalina.core.StandardWrapperValve.invoke(StandardWrapperValve.java:168)
		at org.apache.catalina.core.StandardContextValve.invoke(StandardContextValve.java:90)
		at org.apache.catalina.authenticator.AuthenticatorBase.invoke(AuthenticatorBase.java:482)
		at org.apache.catalina.core.StandardHostValve.invoke(StandardHostValve.java:130)
		at org.apache.catalina.valves.ErrorReportValve.invoke(ErrorReportValve.java:93)
		at org.apache.catalina.valves.AbstractAccessLogValve.invoke(AbstractAccessLogValve.java:656)
		at org.apache.catalina.core.StandardEngineValve.invoke(StandardEngineValve.java:74)
		at org.apache.catalina.connector.CoyoteAdapter.service(CoyoteAdapter.java:346)
		at org.apache.coyote.http11.Http11Processor.service(Http11Processor.java:397)
		at org.apache.coyote.AbstractProcessorLight.process(AbstractProcessorLight.java:63)
		at org.apache.coyote.AbstractProtocol$ConnectionHandler.process(AbstractProtocol.java:935)
		at org.apache.tomcat.util.net.NioEndpoint$SocketProcessor.doRun(NioEndpoint.java:1826)
		at org.apache.tomcat.util.net.SocketProcessorBase.run(SocketProcessorBase.java:52)
		at org.apache.tomcat.util.threads.ThreadPoolExecutor.runWorker(ThreadPoolExecutor.java:1189)
		at org.apache.tomcat.util.threads.ThreadPoolExecutor$Worker.run(ThreadPoolExecutor.java:658)
		at org.apache.tomcat.util.threads.TaskThread$WrappingRunnable.run(TaskThread.java:63)
		at java.base/java.lang.Thread.run(Thread.java:840)
	Caused by: org.hibernate.exception.SQLGrammarException: could not extract ResultSet
		at org.hibernate.exception.internal.SQLExceptionTypeDelegate.convert(SQLExceptionTypeDelegate.java:63)
		at org.hibernate.exception.internal.StandardSQLExceptionConverter.convert(StandardSQLExceptionConverter.java:37)
		at org.hibernate.engine.jdbc.spi.SqlExceptionHelper.convert(SqlExceptionHelper.java:113)
		at org.hibernate.engine.jdbc.spi.SqlExceptionHelper.convert(SqlExceptionHelper.java:99)
		at org.hibernate.engine.jdbc.internal.ResultSetReturnImpl.extract(ResultSetReturnImpl.java:67)
		at org.hibernate.loader.Loader.getResultSet(Loader.java:2322)
		at org.hibernate.loader.Loader.executeQueryStatement(Loader.java:2075)
		at org.hibernate.loader.Loader.executeQueryStatement(Loader.java:2037)
		at org.hibernate.loader.Loader.doQuery(Loader.java:956)
		at org.hibernate.loader.Loader.doQueryAndInitializeNonLazyCollections(Loader.java:357)
		at org.hibernate.loader.Loader.doList(Loader.java:2868)
		at org.hibernate.loader.Loader.doList(Loader.java:2850)
		at org.hibernate.loader.Loader.listIgnoreQueryCache(Loader.java:2682)
		at org.hibernate.loader.Loader.list(Loader.java:2677)
		at org.hibernate.loader.hql.QueryLoader.list(QueryLoader.java:540)
		at org.hibernate.hql.internal.ast.QueryTranslatorImpl.list(QueryTranslatorImpl.java:400)
		at org.hibernate.engine.query.spi.HQLQueryPlan.performList(HQLQueryPlan.java:218)
		at org.hibernate.internal.SessionImpl.list(SessionImpl.java:1459)
		at org.hibernate.query.internal.AbstractProducedQuery.doList(AbstractProducedQuery.java:1649)
		at org.hibernate.query.internal.AbstractProducedQuery.list(AbstractProducedQuery.java:1617)
		... 28 more
	Caused by: java.sql.SQLSyntaxErrorException: Unknown column 'account0_.firstName' in 'field list'
		at com.mysql.cj.jdbc.exceptions.SQLError.createSQLException(SQLError.java:121)
		at com.mysql.cj.jdbc.exceptions.SQLExceptionsMapping.translateException(SQLExceptionsMapping.java:122)
		at com.mysql.cj.jdbc.ClientPreparedStatement.executeInternal(ClientPreparedStatement.java:916)
		at com.mysql.cj.jdbc.ClientPreparedStatement.executeQuery(ClientPreparedStatement.java:972)
		at org.hibernate.engine.jdbc.internal.ResultSetReturnImpl.extract(ResultSetReturnImpl.java:57)
		... 43 more
05-Oct-2025 19:57:30.593 INFO [main] org.apache.catalina.core.ApplicationContext.log SessionListener: contextDestroyed()
05-Oct-2025 19:57:30.593 INFO [main] org.apache.catalina.core.ApplicationContext.log ContextListener: contextDestroyed()
05-Oct-2025 20:01:46.589 INFO [main] org.apache.catalina.core.ApplicationContext.log ContextListener: contextInitialized()
05-Oct-2025 20:01:46.589 INFO [main] org.apache.catalina.core.ApplicationContext.log SessionListener: contextInitialized()
05-Oct-2025 20:01:46.589 INFO [main] org.apache.catalina.core.ApplicationContext.log ContextListener: attributeAdded('StockTicker', 'async.Stockticker@3e2d8623')
05-Oct-2025 20:03:49.725 SEVERE [http-nio-8080-exec-1] org.apache.catalina.core.StandardWrapperValve.invoke Servlet.service() for servlet [murach.controller.AuthServlet] in context with path [/Lesson] threw exception
	java.lang.IllegalArgumentException: Invalid salt version
		at org.mindrot.jbcrypt.BCrypt.hashpw(BCrypt.java:659)
		at org.mindrot.jbcrypt.BCrypt.checkpw(BCrypt.java:764)
		at murach.util.PasswordUtil.checkPassword(PasswordUtil.java:10)
		at murach.service.AuthService.login(AuthService.java:12)
		at murach.controller.AuthServlet.doPost(AuthServlet.java:18)
		at javax.servlet.http.HttpServlet.service(HttpServlet.java:555)
		at javax.servlet.http.HttpServlet.service(HttpServlet.java:623)
		at org.apache.catalina.core.ApplicationFilterChain.internalDoFilter(ApplicationFilterChain.java:199)
		at org.apache.catalina.core.ApplicationFilterChain.doFilter(ApplicationFilterChain.java:144)
		at org.apache.tomcat.websocket.server.WsFilter.doFilter(WsFilter.java:51)
		at org.apache.catalina.core.ApplicationFilterChain.internalDoFilter(ApplicationFilterChain.java:168)
		at org.apache.catalina.core.ApplicationFilterChain.doFilter(ApplicationFilterChain.java:144)
		at org.apache.catalina.core.StandardWrapperValve.invoke(StandardWrapperValve.java:168)
		at org.apache.catalina.core.StandardContextValve.invoke(StandardContextValve.java:90)
		at org.apache.catalina.authenticator.AuthenticatorBase.invoke(AuthenticatorBase.java:482)
		at org.apache.catalina.core.StandardHostValve.invoke(StandardHostValve.java:130)
		at org.apache.catalina.valves.ErrorReportValve.invoke(ErrorReportValve.java:93)
		at org.apache.catalina.valves.AbstractAccessLogValve.invoke(AbstractAccessLogValve.java:656)
		at org.apache.catalina.core.StandardEngineValve.invoke(StandardEngineValve.java:74)
		at org.apache.catalina.connector.CoyoteAdapter.service(CoyoteAdapter.java:346)
		at org.apache.coyote.http11.Http11Processor.service(Http11Processor.java:397)
		at org.apache.coyote.AbstractProcessorLight.process(AbstractProcessorLight.java:63)
		at org.apache.coyote.AbstractProtocol$ConnectionHandler.process(AbstractProtocol.java:935)
		at org.apache.tomcat.util.net.NioEndpoint$SocketProcessor.doRun(NioEndpoint.java:1826)
		at org.apache.tomcat.util.net.SocketProcessorBase.run(SocketProcessorBase.java:52)
		at org.apache.tomcat.util.threads.ThreadPoolExecutor.runWorker(ThreadPoolExecutor.java:1189)
		at org.apache.tomcat.util.threads.ThreadPoolExecutor$Worker.run(ThreadPoolExecutor.java:658)
		at org.apache.tomcat.util.threads.TaskThread$WrappingRunnable.run(TaskThread.java:63)
		at java.base/java.lang.Thread.run(Thread.java:840)
05-Oct-2025 20:10:07.137 INFO [main] org.apache.catalina.core.ApplicationContext.log SessionListener: contextDestroyed()
05-Oct-2025 20:10:07.137 INFO [main] org.apache.catalina.core.ApplicationContext.log ContextListener: contextDestroyed()
05-Oct-2025 20:10:22.616 INFO [main] org.apache.catalina.core.ApplicationContext.log ContextListener: contextInitialized()
05-Oct-2025 20:10:22.616 INFO [main] org.apache.catalina.core.ApplicationContext.log SessionListener: contextInitialized()
05-Oct-2025 20:10:22.617 INFO [main] org.apache.catalina.core.ApplicationContext.log ContextListener: attributeAdded('StockTicker', 'async.Stockticker@305aaedf')
05-Oct-2025 20:10:27.110 SEVERE [http-nio-8080-exec-1] org.apache.catalina.core.StandardWrapperValve.invoke Servlet.service() for servlet [murach.controller.AuthServlet] in context with path [/Lesson] threw exception
	java.lang.IllegalArgumentException: Invalid salt version
		at org.mindrot.jbcrypt.BCrypt.hashpw(BCrypt.java:659)
		at org.mindrot.jbcrypt.BCrypt.checkpw(BCrypt.java:764)
		at murach.util.PasswordUtil.checkPassword(PasswordUtil.java:10)
		at murach.service.AuthService.login(AuthService.java:12)
		at murach.controller.AuthServlet.doPost(AuthServlet.java:18)
		at javax.servlet.http.HttpServlet.service(HttpServlet.java:555)
		at javax.servlet.http.HttpServlet.service(HttpServlet.java:623)
		at org.apache.catalina.core.ApplicationFilterChain.internalDoFilter(ApplicationFilterChain.java:199)
		at org.apache.catalina.core.ApplicationFilterChain.doFilter(ApplicationFilterChain.java:144)
		at org.apache.tomcat.websocket.server.WsFilter.doFilter(WsFilter.java:51)
		at org.apache.catalina.core.ApplicationFilterChain.internalDoFilter(ApplicationFilterChain.java:168)
		at org.apache.catalina.core.ApplicationFilterChain.doFilter(ApplicationFilterChain.java:144)
		at org.apache.catalina.core.StandardWrapperValve.invoke(StandardWrapperValve.java:168)
		at org.apache.catalina.core.StandardContextValve.invoke(StandardContextValve.java:90)
		at org.apache.catalina.authenticator.AuthenticatorBase.invoke(AuthenticatorBase.java:482)
		at org.apache.catalina.core.StandardHostValve.invoke(StandardHostValve.java:130)
		at org.apache.catalina.valves.ErrorReportValve.invoke(ErrorReportValve.java:93)
		at org.apache.catalina.valves.AbstractAccessLogValve.invoke(AbstractAccessLogValve.java:656)
		at org.apache.catalina.core.StandardEngineValve.invoke(StandardEngineValve.java:74)
		at org.apache.catalina.connector.CoyoteAdapter.service(CoyoteAdapter.java:346)
		at org.apache.coyote.http11.Http11Processor.service(Http11Processor.java:397)
		at org.apache.coyote.AbstractProcessorLight.process(AbstractProcessorLight.java:63)
		at org.apache.coyote.AbstractProtocol$ConnectionHandler.process(AbstractProtocol.java:935)
		at org.apache.tomcat.util.net.NioEndpoint$SocketProcessor.doRun(NioEndpoint.java:1826)
		at org.apache.tomcat.util.net.SocketProcessorBase.run(SocketProcessorBase.java:52)
		at org.apache.tomcat.util.threads.ThreadPoolExecutor.runWorker(ThreadPoolExecutor.java:1189)
		at org.apache.tomcat.util.threads.ThreadPoolExecutor$Worker.run(ThreadPoolExecutor.java:658)
		at org.apache.tomcat.util.threads.TaskThread$WrappingRunnable.run(TaskThread.java:63)
		at java.base/java.lang.Thread.run(Thread.java:840)
05-Oct-2025 20:10:33.969 SEVERE [http-nio-8080-exec-7] org.apache.catalina.core.StandardWrapperValve.invoke Servlet.service() for servlet [murach.controller.AuthServlet] in context with path [/Lesson] threw exception
	java.lang.IllegalArgumentException: Invalid salt version
		at org.mindrot.jbcrypt.BCrypt.hashpw(BCrypt.java:659)
		at org.mindrot.jbcrypt.BCrypt.checkpw(BCrypt.java:764)
		at murach.util.PasswordUtil.checkPassword(PasswordUtil.java:10)
		at murach.service.AuthService.login(AuthService.java:12)
		at murach.controller.AuthServlet.doPost(AuthServlet.java:18)
		at javax.servlet.http.HttpServlet.service(HttpServlet.java:555)
		at javax.servlet.http.HttpServlet.service(HttpServlet.java:623)
		at org.apache.catalina.core.ApplicationFilterChain.internalDoFilter(ApplicationFilterChain.java:199)
		at org.apache.catalina.core.ApplicationFilterChain.doFilter(ApplicationFilterChain.java:144)
		at org.apache.tomcat.websocket.server.WsFilter.doFilter(WsFilter.java:51)
		at org.apache.catalina.core.ApplicationFilterChain.internalDoFilter(ApplicationFilterChain.java:168)
		at org.apache.catalina.core.ApplicationFilterChain.doFilter(ApplicationFilterChain.java:144)
		at org.apache.catalina.core.StandardWrapperValve.invoke(StandardWrapperValve.java:168)
		at org.apache.catalina.core.StandardContextValve.invoke(StandardContextValve.java:90)
		at org.apache.catalina.authenticator.AuthenticatorBase.invoke(AuthenticatorBase.java:482)
		at org.apache.catalina.core.StandardHostValve.invoke(StandardHostValve.java:130)
		at org.apache.catalina.valves.ErrorReportValve.invoke(ErrorReportValve.java:93)
		at org.apache.catalina.valves.AbstractAccessLogValve.invoke(AbstractAccessLogValve.java:656)
		at org.apache.catalina.core.StandardEngineValve.invoke(StandardEngineValve.java:74)
		at org.apache.catalina.connector.CoyoteAdapter.service(CoyoteAdapter.java:346)
		at org.apache.coyote.http11.Http11Processor.service(Http11Processor.java:397)
		at org.apache.coyote.AbstractProcessorLight.process(AbstractProcessorLight.java:63)
		at org.apache.coyote.AbstractProtocol$ConnectionHandler.process(AbstractProtocol.java:935)
		at org.apache.tomcat.util.net.NioEndpoint$SocketProcessor.doRun(NioEndpoint.java:1826)
		at org.apache.tomcat.util.net.SocketProcessorBase.run(SocketProcessorBase.java:52)
		at org.apache.tomcat.util.threads.ThreadPoolExecutor.runWorker(ThreadPoolExecutor.java:1189)
		at org.apache.tomcat.util.threads.ThreadPoolExecutor$Worker.run(ThreadPoolExecutor.java:658)
		at org.apache.tomcat.util.threads.TaskThread$WrappingRunnable.run(TaskThread.java:63)
		at java.base/java.lang.Thread.run(Thread.java:840)
05-Oct-2025 20:12:01.038 INFO [main] org.apache.catalina.core.ApplicationContext.log SessionListener: contextDestroyed()
05-Oct-2025 20:12:01.038 INFO [main] org.apache.catalina.core.ApplicationContext.log ContextListener: contextDestroyed()
05-Oct-2025 20:33:12.395 INFO [main] org.apache.catalina.core.ApplicationContext.log ContextListener: contextInitialized()
05-Oct-2025 20:33:12.395 INFO [main] org.apache.catalina.core.ApplicationContext.log SessionListener: contextInitialized()
05-Oct-2025 20:33:12.396 INFO [main] org.apache.catalina.core.ApplicationContext.log ContextListener: attributeAdded('StockTicker', 'async.Stockticker@4fa91d5b')
05-Oct-2025 20:33:22.755 SEVERE [http-nio-8080-exec-4] org.apache.catalina.core.StandardWrapperValve.invoke Servlet.service() for servlet [murach.controller.AuthServlet] in context with path [/Lesson] threw exception
	java.lang.IllegalArgumentException: Invalid salt version
		at org.mindrot.jbcrypt.BCrypt.hashpw(BCrypt.java:659)
		at org.mindrot.jbcrypt.BCrypt.checkpw(BCrypt.java:764)
		at murach.util.PasswordUtil.checkPassword(PasswordUtil.java:10)
		at murach.service.AuthService.login(AuthService.java:12)
		at murach.controller.AuthServlet.doPost(AuthServlet.java:18)
		at javax.servlet.http.HttpServlet.service(HttpServlet.java:555)
		at javax.servlet.http.HttpServlet.service(HttpServlet.java:623)
		at org.apache.catalina.core.ApplicationFilterChain.internalDoFilter(ApplicationFilterChain.java:199)
		at org.apache.catalina.core.ApplicationFilterChain.doFilter(ApplicationFilterChain.java:144)
		at org.apache.tomcat.websocket.server.WsFilter.doFilter(WsFilter.java:51)
		at org.apache.catalina.core.ApplicationFilterChain.internalDoFilter(ApplicationFilterChain.java:168)
		at org.apache.catalina.core.ApplicationFilterChain.doFilter(ApplicationFilterChain.java:144)
		at org.apache.catalina.core.StandardWrapperValve.invoke(StandardWrapperValve.java:168)
		at org.apache.catalina.core.StandardContextValve.invoke(StandardContextValve.java:90)
		at org.apache.catalina.authenticator.AuthenticatorBase.invoke(AuthenticatorBase.java:482)
		at org.apache.catalina.core.StandardHostValve.invoke(StandardHostValve.java:130)
		at org.apache.catalina.valves.ErrorReportValve.invoke(ErrorReportValve.java:93)
		at org.apache.catalina.valves.AbstractAccessLogValve.invoke(AbstractAccessLogValve.java:656)
		at org.apache.catalina.core.StandardEngineValve.invoke(StandardEngineValve.java:74)
		at org.apache.catalina.connector.CoyoteAdapter.service(CoyoteAdapter.java:346)
		at org.apache.coyote.http11.Http11Processor.service(Http11Processor.java:397)
		at org.apache.coyote.AbstractProcessorLight.process(AbstractProcessorLight.java:63)
		at org.apache.coyote.AbstractProtocol$ConnectionHandler.process(AbstractProtocol.java:935)
		at org.apache.tomcat.util.net.NioEndpoint$SocketProcessor.doRun(NioEndpoint.java:1826)
		at org.apache.tomcat.util.net.SocketProcessorBase.run(SocketProcessorBase.java:52)
		at org.apache.tomcat.util.threads.ThreadPoolExecutor.runWorker(ThreadPoolExecutor.java:1189)
		at org.apache.tomcat.util.threads.ThreadPoolExecutor$Worker.run(ThreadPoolExecutor.java:658)
		at org.apache.tomcat.util.threads.TaskThread$WrappingRunnable.run(TaskThread.java:63)
		at java.base/java.lang.Thread.run(Thread.java:840)
05-Oct-2025 20:34:55.926 INFO [main] org.apache.catalina.core.ApplicationContext.log SessionListener: contextDestroyed()
05-Oct-2025 20:34:55.926 INFO [main] org.apache.catalina.core.ApplicationContext.log ContextListener: contextDestroyed()
05-Oct-2025 20:35:09.379 INFO [main] org.apache.catalina.core.ApplicationContext.log ContextListener: contextInitialized()
05-Oct-2025 20:35:09.379 INFO [main] org.apache.catalina.core.ApplicationContext.log SessionListener: contextInitialized()
05-Oct-2025 20:35:09.380 INFO [main] org.apache.catalina.core.ApplicationContext.log ContextListener: attributeAdded('StockTicker', 'async.Stockticker@6df2af02')
05-Oct-2025 20:35:55.105 INFO [main] org.apache.catalina.core.ApplicationContext.log SessionListener: contextDestroyed()
05-Oct-2025 20:35:55.105 INFO [main] org.apache.catalina.core.ApplicationContext.log ContextListener: contextDestroyed()
