NOTE: Picked up JDK_JAVA_OPTIONS:  --add-opens=java.base/java.lang=ALL-UNNAMED --add-opens=java.base/java.lang.invoke=ALL-UNNAMED --add-opens=java.base/java.lang.reflect=ALL-UNNAMED --add-opens=java.base/java.io=ALL-UNNAMED --add-opens=java.base/java.util=ALL-UNNAMED --add-opens=java.base/java.util.concurrent=ALL-UNNAMED --add-opens=java.rmi/sun.rmi.transport=ALL-UNNAMED
26-Aug-2025 16:24:50.195 INFO [main] org.apache.catalina.startup.VersionLoggerListener.log Server version name:   Apache Tomcat/9.0.108
26-Aug-2025 16:24:50.197 INFO [main] org.apache.catalina.startup.VersionLoggerListener.log Server built:          Jul 31 2025 18:19:48 UTC
26-Aug-2025 16:24:50.197 INFO [main] org.apache.catalina.startup.VersionLoggerListener.log Server version number: 9.0.108.0
26-Aug-2025 16:24:50.197 INFO [main] org.apache.catalina.startup.VersionLoggerListener.log OS Name:               Mac OS X
26-Aug-2025 16:24:50.197 INFO [main] org.apache.catalina.startup.VersionLoggerListener.log OS Version:            15.6.1
26-Aug-2025 16:24:50.197 INFO [main] org.apache.catalina.startup.VersionLoggerListener.log Architecture:          aarch64
26-Aug-2025 16:24:50.197 INFO [main] org.apache.catalina.startup.VersionLoggerListener.log Java Home:             /opt/homebrew/Cellar/openjdk@17/17.0.15/libexec/openjdk.jdk/Contents/Home
26-Aug-2025 16:24:50.197 INFO [main] org.apache.catalina.startup.VersionLoggerListener.log JVM Version:           17.0.15+0
26-Aug-2025 16:24:50.197 INFO [main] org.apache.catalina.startup.VersionLoggerListener.log JVM Vendor:            Homebrew
26-Aug-2025 16:24:50.197 INFO [main] org.apache.catalina.startup.VersionLoggerListener.log CATALINA_BASE:         /Users/nguyendinhtanloc/Documents/Semester_1_2025/Web/Week2/apache-tomcat-9.0.108
26-Aug-2025 16:24:50.197 INFO [main] org.apache.catalina.startup.VersionLoggerListener.log CATALINA_HOME:         /Users/nguyendinhtanloc/Documents/Semester_1_2025/Web/Week2/apache-tomcat-9.0.108
26-Aug-2025 16:24:50.204 INFO [main] org.apache.catalina.startup.VersionLoggerListener.log Command line argument: --add-opens=java.base/java.lang=ALL-UNNAMED
26-Aug-2025 16:24:50.204 INFO [main] org.apache.catalina.startup.VersionLoggerListener.log Command line argument: --add-opens=java.base/java.lang.invoke=ALL-UNNAMED
26-Aug-2025 16:24:50.204 INFO [main] org.apache.catalina.startup.VersionLoggerListener.log Command line argument: --add-opens=java.base/java.lang.reflect=ALL-UNNAMED
26-Aug-2025 16:24:50.204 INFO [main] org.apache.catalina.startup.VersionLoggerListener.log Command line argument: --add-opens=java.base/java.io=ALL-UNNAMED
26-Aug-2025 16:24:50.204 INFO [main] org.apache.catalina.startup.VersionLoggerListener.log Command line argument: --add-opens=java.base/java.util=ALL-UNNAMED
26-Aug-2025 16:24:50.204 INFO [main] org.apache.catalina.startup.VersionLoggerListener.log Command line argument: --add-opens=java.base/java.util.concurrent=ALL-UNNAMED
26-Aug-2025 16:24:50.204 INFO [main] org.apache.catalina.startup.VersionLoggerListener.log Command line argument: --add-opens=java.rmi/sun.rmi.transport=ALL-UNNAMED
26-Aug-2025 16:24:50.204 INFO [main] org.apache.catalina.startup.VersionLoggerListener.log Command line argument: -Djava.util.logging.config.file=/Users/nguyendinhtanloc/Documents/Semester_1_2025/Web/Week2/apache-tomcat-9.0.108/conf/logging.properties
26-Aug-2025 16:24:50.204 INFO [main] org.apache.catalina.startup.VersionLoggerListener.log Command line argument: -Djava.util.logging.manager=org.apache.juli.ClassLoaderLogManager
26-Aug-2025 16:24:50.204 INFO [main] org.apache.catalina.startup.VersionLoggerListener.log Command line argument: -Djdk.tls.ephemeralDHKeySize=2048
26-Aug-2025 16:24:50.204 INFO [main] org.apache.catalina.startup.VersionLoggerListener.log Command line argument: -Djava.protocol.handler.pkgs=org.apache.catalina.webresources
26-Aug-2025 16:24:50.204 INFO [main] org.apache.catalina.startup.VersionLoggerListener.log Command line argument: -Dsun.io.useCanonCaches=false
26-Aug-2025 16:24:50.204 INFO [main] org.apache.catalina.startup.VersionLoggerListener.log Command line argument: -Dorg.apache.catalina.security.SecurityListener.UMASK=0027
26-Aug-2025 16:24:50.204 INFO [main] org.apache.catalina.startup.VersionLoggerListener.log Command line argument: -Dignore.endorsed.dirs=
26-Aug-2025 16:24:50.204 INFO [main] org.apache.catalina.startup.VersionLoggerListener.log Command line argument: -Dcatalina.base=/Users/nguyendinhtanloc/Documents/Semester_1_2025/Web/Week2/apache-tomcat-9.0.108
26-Aug-2025 16:24:50.204 INFO [main] org.apache.catalina.startup.VersionLoggerListener.log Command line argument: -Dcatalina.home=/Users/nguyendinhtanloc/Documents/Semester_1_2025/Web/Week2/apache-tomcat-9.0.108
26-Aug-2025 16:24:50.204 INFO [main] org.apache.catalina.startup.VersionLoggerListener.log Command line argument: -Djava.io.tmpdir=/Users/nguyendinhtanloc/Documents/Semester_1_2025/Web/Week2/apache-tomcat-9.0.108/temp
26-Aug-2025 16:24:50.210 INFO [main] org.apache.catalina.core.AprLifecycleListener.lifecycleEvent The Apache Tomcat Native library which allows using OpenSSL was not found on the java.library.path: [/Users/nguyendinhtanloc/Library/Java/Extensions:/Library/Java/Extensions:/Network/Library/Java/Extensions:/System/Library/Java/Extensions:/usr/lib/java:.]
26-Aug-2025 16:24:50.348 INFO [main] org.apache.coyote.AbstractProtocol.init Initializing ProtocolHandler ["http-nio-8080"]
26-Aug-2025 16:24:50.355 SEVERE [main] org.apache.catalina.util.LifecycleBase.handleSubClassException Failed to initialize component [Connector["http-nio-8080"]]
	org.apache.catalina.LifecycleException: Protocol handler initialization failed
		at org.apache.catalina.connector.Connector.initInternal(Connector.java:1072)
		at org.apache.catalina.util.LifecycleBase.init(LifecycleBase.java:122)
		at org.apache.catalina.core.StandardService.initInternal(StandardService.java:522)
		at org.apache.catalina.util.LifecycleBase.init(LifecycleBase.java:122)
		at org.apache.catalina.core.StandardServer.initInternal(StandardServer.java:986)
		at org.apache.catalina.util.LifecycleBase.init(LifecycleBase.java:122)
		at org.apache.catalina.startup.Catalina.load(Catalina.java:690)
		at org.apache.catalina.startup.Catalina.load(Catalina.java:713)
		at java.base/jdk.internal.reflect.NativeMethodAccessorImpl.invoke0(Native Method)
		at java.base/jdk.internal.reflect.NativeMethodAccessorImpl.invoke(NativeMethodAccessorImpl.java:77)
		at java.base/jdk.internal.reflect.DelegatingMethodAccessorImpl.invoke(DelegatingMethodAccessorImpl.java:43)
		at java.base/java.lang.reflect.Method.invoke(Method.java:569)
		at org.apache.catalina.startup.Bootstrap.load(Bootstrap.java:302)
		at org.apache.catalina.startup.Bootstrap.main(Bootstrap.java:475)
	Caused by: java.net.BindException: Address already in use
		at java.base/sun.nio.ch.Net.bind0(Native Method)
		at java.base/sun.nio.ch.Net.bind(Net.java:555)
		at java.base/sun.nio.ch.ServerSocketChannelImpl.netBind(ServerSocketChannelImpl.java:337)
		at java.base/sun.nio.ch.ServerSocketChannelImpl.bind(ServerSocketChannelImpl.java:294)
		at org.apache.tomcat.util.net.NioEndpoint.initServerSocket(NioEndpoint.java:298)
		at org.apache.tomcat.util.net.NioEndpoint.bind(NioEndpoint.java:253)
		at org.apache.tomcat.util.net.AbstractEndpoint.bindWithCleanup(AbstractEndpoint.java:1465)
		at org.apache.tomcat.util.net.AbstractEndpoint.init(AbstractEndpoint.java:1478)
		at org.apache.coyote.AbstractProtocol.init(AbstractProtocol.java:663)
		at org.apache.coyote.http11.AbstractHttp11Protocol.init(AbstractHttp11Protocol.java:80)
		at org.apache.catalina.connector.Connector.initInternal(Connector.java:1070)
		... 13 more
26-Aug-2025 16:24:50.356 INFO [main] org.apache.catalina.startup.Catalina.load Server initialization in [249] milliseconds
26-Aug-2025 16:24:50.370 INFO [main] org.apache.catalina.core.StandardService.startInternal Starting service [Catalina]
26-Aug-2025 16:24:50.370 INFO [main] org.apache.catalina.core.StandardEngine.startInternal Starting Servlet engine: [Apache Tomcat/9.0.108]
26-Aug-2025 16:24:50.375 INFO [main] org.apache.catalina.startup.HostConfig.deployWAR Deploying web application archive [/Users/nguyendinhtanloc/Documents/Semester_1_2025/Web/Week2/apache-tomcat-9.0.108/webapps/Lesson.war]
26-Aug-2025 16:24:50.493 INFO [main] org.apache.catalina.startup.HostConfig.deployWAR Deployment of web application archive [/Users/nguyendinhtanloc/Documents/Semester_1_2025/Web/Week2/apache-tomcat-9.0.108/webapps/Lesson.war] has finished in [117] ms
26-Aug-2025 16:24:50.493 INFO [main] org.apache.catalina.startup.HostConfig.deployDirectory Deploying web application directory [/Users/nguyendinhtanloc/Documents/Semester_1_2025/Web/Week2/apache-tomcat-9.0.108/webapps/docs]
26-Aug-2025 16:24:50.502 INFO [main] org.apache.catalina.startup.HostConfig.deployDirectory Deployment of web application directory [/Users/nguyendinhtanloc/Documents/Semester_1_2025/Web/Week2/apache-tomcat-9.0.108/webapps/docs] has finished in [9] ms
26-Aug-2025 16:24:50.502 INFO [main] org.apache.catalina.startup.HostConfig.deployDirectory Deploying web application directory [/Users/nguyendinhtanloc/Documents/Semester_1_2025/Web/Week2/apache-tomcat-9.0.108/webapps/manager]
26-Aug-2025 16:24:50.516 INFO [main] org.apache.catalina.startup.HostConfig.deployDirectory Deployment of web application directory [/Users/nguyendinhtanloc/Documents/Semester_1_2025/Web/Week2/apache-tomcat-9.0.108/webapps/manager] has finished in [13] ms
26-Aug-2025 16:24:50.516 INFO [main] org.apache.catalina.startup.HostConfig.deployDirectory Deploying web application directory [/Users/nguyendinhtanloc/Documents/Semester_1_2025/Web/Week2/apache-tomcat-9.0.108/webapps/examples]
26-Aug-2025 16:24:50.625 INFO [main] org.apache.catalina.startup.HostConfig.deployDirectory Deployment of web application directory [/Users/nguyendinhtanloc/Documents/Semester_1_2025/Web/Week2/apache-tomcat-9.0.108/webapps/examples] has finished in [109] ms
26-Aug-2025 16:24:50.625 INFO [main] org.apache.catalina.startup.HostConfig.deployDirectory Deploying web application directory [/Users/nguyendinhtanloc/Documents/Semester_1_2025/Web/Week2/apache-tomcat-9.0.108/webapps/ROOT]
26-Aug-2025 16:24:50.632 INFO [main] org.apache.catalina.startup.HostConfig.deployDirectory Deployment of web application directory [/Users/nguyendinhtanloc/Documents/Semester_1_2025/Web/Week2/apache-tomcat-9.0.108/webapps/ROOT] has finished in [7] ms
26-Aug-2025 16:24:50.632 INFO [main] org.apache.catalina.startup.HostConfig.deployDirectory Deploying web application directory [/Users/nguyendinhtanloc/Documents/Semester_1_2025/Web/Week2/apache-tomcat-9.0.108/webapps/host-manager]
26-Aug-2025 16:24:50.645 INFO [main] org.apache.catalina.startup.HostConfig.deployDirectory Deployment of web application directory [/Users/nguyendinhtanloc/Documents/Semester_1_2025/Web/Week2/apache-tomcat-9.0.108/webapps/host-manager] has finished in [13] ms
26-Aug-2025 16:24:50.647 INFO [main] org.apache.catalina.startup.Catalina.start Server startup in [291] milliseconds
26-Aug-2025 16:24:50.649 SEVERE [main] org.apache.catalina.core.StandardServer.await Failed to create server shutdown socket on address [localhost] and port [8005] (base port [8005] and offset [0])
	java.net.BindException: Address already in use
		at java.base/sun.nio.ch.Net.bind0(Native Method)
		at java.base/sun.nio.ch.Net.bind(Net.java:555)
		at java.base/sun.nio.ch.Net.bind(Net.java:544)
		at java.base/sun.nio.ch.NioSocketImpl.bind(NioSocketImpl.java:648)
		at java.base/java.net.ServerSocket.bind(ServerSocket.java:388)
		at java.base/java.net.ServerSocket.<init>(ServerSocket.java:274)
		at org.apache.catalina.core.StandardServer.await(StandardServer.java:537)
		at org.apache.catalina.startup.Catalina.await(Catalina.java:829)
		at org.apache.catalina.startup.Catalina.start(Catalina.java:777)
		at java.base/jdk.internal.reflect.NativeMethodAccessorImpl.invoke0(Native Method)
		at java.base/jdk.internal.reflect.NativeMethodAccessorImpl.invoke(NativeMethodAccessorImpl.java:77)
		at java.base/jdk.internal.reflect.DelegatingMethodAccessorImpl.invoke(DelegatingMethodAccessorImpl.java:43)
		at java.base/java.lang.reflect.Method.invoke(Method.java:569)
		at org.apache.catalina.startup.Bootstrap.start(Bootstrap.java:345)
		at org.apache.catalina.startup.Bootstrap.main(Bootstrap.java:476)
26-Aug-2025 16:24:50.649 INFO [main] org.apache.coyote.AbstractProtocol.pause Pausing ProtocolHandler ["http-nio-8080"]
26-Aug-2025 16:24:50.649 INFO [main] org.apache.catalina.core.StandardService.stopInternal Stopping service [Catalina]
26-Aug-2025 16:24:50.656 INFO [main] org.apache.coyote.AbstractProtocol.stop Stopping ProtocolHandler ["http-nio-8080"]
26-Aug-2025 16:24:50.657 INFO [main] org.apache.coyote.AbstractProtocol.destroy Destroying ProtocolHandler ["http-nio-8080"]
NOTE: Picked up JDK_JAVA_OPTIONS:  --add-opens=java.base/java.lang=ALL-UNNAMED --add-opens=java.base/java.lang.invoke=ALL-UNNAMED --add-opens=java.base/java.lang.reflect=ALL-UNNAMED --add-opens=java.base/java.io=ALL-UNNAMED --add-opens=java.base/java.util=ALL-UNNAMED --add-opens=java.base/java.util.concurrent=ALL-UNNAMED --add-opens=java.rmi/sun.rmi.transport=ALL-UNNAMED
26-Aug-2025 16:27:06.606 INFO [main] org.apache.catalina.startup.VersionLoggerListener.log Server version name:   Apache Tomcat/9.0.108
26-Aug-2025 16:27:06.608 INFO [main] org.apache.catalina.startup.VersionLoggerListener.log Server built:          Jul 31 2025 18:19:48 UTC
26-Aug-2025 16:27:06.608 INFO [main] org.apache.catalina.startup.VersionLoggerListener.log Server version number: 9.0.108.0
26-Aug-2025 16:27:06.608 INFO [main] org.apache.catalina.startup.VersionLoggerListener.log OS Name:               Mac OS X
26-Aug-2025 16:27:06.608 INFO [main] org.apache.catalina.startup.VersionLoggerListener.log OS Version:            15.6.1
26-Aug-2025 16:27:06.608 INFO [main] org.apache.catalina.startup.VersionLoggerListener.log Architecture:          aarch64
26-Aug-2025 16:27:06.608 INFO [main] org.apache.catalina.startup.VersionLoggerListener.log Java Home:             /opt/homebrew/Cellar/openjdk@17/17.0.15/libexec/openjdk.jdk/Contents/Home
26-Aug-2025 16:27:06.609 INFO [main] org.apache.catalina.startup.VersionLoggerListener.log JVM Version:           17.0.15+0
26-Aug-2025 16:27:06.609 INFO [main] org.apache.catalina.startup.VersionLoggerListener.log JVM Vendor:            Homebrew
26-Aug-2025 16:27:06.609 INFO [main] org.apache.catalina.startup.VersionLoggerListener.log CATALINA_BASE:         /Users/nguyendinhtanloc/Documents/Semester_1_2025/Web/Week2/apache-tomcat-9.0.108
26-Aug-2025 16:27:06.609 INFO [main] org.apache.catalina.startup.VersionLoggerListener.log CATALINA_HOME:         /Users/nguyendinhtanloc/Documents/Semester_1_2025/Web/Week2/apache-tomcat-9.0.108
26-Aug-2025 16:27:06.614 INFO [main] org.apache.catalina.startup.VersionLoggerListener.log Command line argument: --add-opens=java.base/java.lang=ALL-UNNAMED
26-Aug-2025 16:27:06.614 INFO [main] org.apache.catalina.startup.VersionLoggerListener.log Command line argument: --add-opens=java.base/java.lang.invoke=ALL-UNNAMED
26-Aug-2025 16:27:06.614 INFO [main] org.apache.catalina.startup.VersionLoggerListener.log Command line argument: --add-opens=java.base/java.lang.reflect=ALL-UNNAMED
26-Aug-2025 16:27:06.614 INFO [main] org.apache.catalina.startup.VersionLoggerListener.log Command line argument: --add-opens=java.base/java.io=ALL-UNNAMED
26-Aug-2025 16:27:06.614 INFO [main] org.apache.catalina.startup.VersionLoggerListener.log Command line argument: --add-opens=java.base/java.util=ALL-UNNAMED
26-Aug-2025 16:27:06.614 INFO [main] org.apache.catalina.startup.VersionLoggerListener.log Command line argument: --add-opens=java.base/java.util.concurrent=ALL-UNNAMED
26-Aug-2025 16:27:06.615 INFO [main] org.apache.catalina.startup.VersionLoggerListener.log Command line argument: --add-opens=java.rmi/sun.rmi.transport=ALL-UNNAMED
26-Aug-2025 16:27:06.615 INFO [main] org.apache.catalina.startup.VersionLoggerListener.log Command line argument: -Djava.util.logging.config.file=/Users/nguyendinhtanloc/Documents/Semester_1_2025/Web/Week2/apache-tomcat-9.0.108/conf/logging.properties
26-Aug-2025 16:27:06.615 INFO [main] org.apache.catalina.startup.VersionLoggerListener.log Command line argument: -Djava.util.logging.manager=org.apache.juli.ClassLoaderLogManager
26-Aug-2025 16:27:06.615 INFO [main] org.apache.catalina.startup.VersionLoggerListener.log Command line argument: -Djdk.tls.ephemeralDHKeySize=2048
26-Aug-2025 16:27:06.615 INFO [main] org.apache.catalina.startup.VersionLoggerListener.log Command line argument: -Djava.protocol.handler.pkgs=org.apache.catalina.webresources
26-Aug-2025 16:27:06.615 INFO [main] org.apache.catalina.startup.VersionLoggerListener.log Command line argument: -Dsun.io.useCanonCaches=false
26-Aug-2025 16:27:06.615 INFO [main] org.apache.catalina.startup.VersionLoggerListener.log Command line argument: -Dorg.apache.catalina.security.SecurityListener.UMASK=0027
26-Aug-2025 16:27:06.615 INFO [main] org.apache.catalina.startup.VersionLoggerListener.log Command line argument: -Dignore.endorsed.dirs=
26-Aug-2025 16:27:06.615 INFO [main] org.apache.catalina.startup.VersionLoggerListener.log Command line argument: -Dcatalina.base=/Users/nguyendinhtanloc/Documents/Semester_1_2025/Web/Week2/apache-tomcat-9.0.108
26-Aug-2025 16:27:06.615 INFO [main] org.apache.catalina.startup.VersionLoggerListener.log Command line argument: -Dcatalina.home=/Users/nguyendinhtanloc/Documents/Semester_1_2025/Web/Week2/apache-tomcat-9.0.108
26-Aug-2025 16:27:06.615 INFO [main] org.apache.catalina.startup.VersionLoggerListener.log Command line argument: -Djava.io.tmpdir=/Users/nguyendinhtanloc/Documents/Semester_1_2025/Web/Week2/apache-tomcat-9.0.108/temp
26-Aug-2025 16:27:06.620 INFO [main] org.apache.catalina.core.AprLifecycleListener.lifecycleEvent The Apache Tomcat Native library which allows using OpenSSL was not found on the java.library.path: [/Users/nguyendinhtanloc/Library/Java/Extensions:/Library/Java/Extensions:/Network/Library/Java/Extensions:/System/Library/Java/Extensions:/usr/lib/java:.]
26-Aug-2025 16:27:06.748 INFO [main] org.apache.coyote.AbstractProtocol.init Initializing ProtocolHandler ["http-nio-8080"]
26-Aug-2025 16:27:06.759 INFO [main] org.apache.catalina.startup.Catalina.load Server initialization in [239] milliseconds
26-Aug-2025 16:27:06.774 INFO [main] org.apache.catalina.core.StandardService.startInternal Starting service [Catalina]
26-Aug-2025 16:27:06.774 INFO [main] org.apache.catalina.core.StandardEngine.startInternal Starting Servlet engine: [Apache Tomcat/9.0.108]
26-Aug-2025 16:27:06.779 INFO [main] org.apache.catalina.startup.HostConfig.deployWAR Deploying web application archive [/Users/nguyendinhtanloc/Documents/Semester_1_2025/Web/Week2/apache-tomcat-9.0.108/webapps/Lesson.war]
26-Aug-2025 16:27:06.890 INFO [main] org.apache.catalina.startup.HostConfig.deployWAR Deployment of web application archive [/Users/nguyendinhtanloc/Documents/Semester_1_2025/Web/Week2/apache-tomcat-9.0.108/webapps/Lesson.war] has finished in [110] ms
26-Aug-2025 16:27:06.890 INFO [main] org.apache.catalina.startup.HostConfig.deployDirectory Deploying web application directory [/Users/nguyendinhtanloc/Documents/Semester_1_2025/Web/Week2/apache-tomcat-9.0.108/webapps/docs]
26-Aug-2025 16:27:06.901 INFO [main] org.apache.catalina.startup.HostConfig.deployDirectory Deployment of web application directory [/Users/nguyendinhtanloc/Documents/Semester_1_2025/Web/Week2/apache-tomcat-9.0.108/webapps/docs] has finished in [11] ms
26-Aug-2025 16:27:06.901 INFO [main] org.apache.catalina.startup.HostConfig.deployDirectory Deploying web application directory [/Users/nguyendinhtanloc/Documents/Semester_1_2025/Web/Week2/apache-tomcat-9.0.108/webapps/manager]
26-Aug-2025 16:27:06.922 INFO [main] org.apache.catalina.startup.HostConfig.deployDirectory Deployment of web application directory [/Users/nguyendinhtanloc/Documents/Semester_1_2025/Web/Week2/apache-tomcat-9.0.108/webapps/manager] has finished in [21] ms
26-Aug-2025 16:27:06.922 INFO [main] org.apache.catalina.startup.HostConfig.deployDirectory Deploying web application directory [/Users/nguyendinhtanloc/Documents/Semester_1_2025/Web/Week2/apache-tomcat-9.0.108/webapps/examples]
26-Aug-2025 16:27:07.027 INFO [main] org.apache.catalina.startup.HostConfig.deployDirectory Deployment of web application directory [/Users/nguyendinhtanloc/Documents/Semester_1_2025/Web/Week2/apache-tomcat-9.0.108/webapps/examples] has finished in [105] ms
26-Aug-2025 16:27:07.027 INFO [main] org.apache.catalina.startup.HostConfig.deployDirectory Deploying web application directory [/Users/nguyendinhtanloc/Documents/Semester_1_2025/Web/Week2/apache-tomcat-9.0.108/webapps/ROOT]
26-Aug-2025 16:27:07.034 INFO [main] org.apache.catalina.startup.HostConfig.deployDirectory Deployment of web application directory [/Users/nguyendinhtanloc/Documents/Semester_1_2025/Web/Week2/apache-tomcat-9.0.108/webapps/ROOT] has finished in [7] ms
26-Aug-2025 16:27:07.034 INFO [main] org.apache.catalina.startup.HostConfig.deployDirectory Deploying web application directory [/Users/nguyendinhtanloc/Documents/Semester_1_2025/Web/Week2/apache-tomcat-9.0.108/webapps/host-manager]
26-Aug-2025 16:27:07.042 INFO [main] org.apache.catalina.startup.HostConfig.deployDirectory Deployment of web application directory [/Users/nguyendinhtanloc/Documents/Semester_1_2025/Web/Week2/apache-tomcat-9.0.108/webapps/host-manager] has finished in [8] ms
26-Aug-2025 16:27:07.043 INFO [main] org.apache.coyote.AbstractProtocol.start Starting ProtocolHandler ["http-nio-8080"]
26-Aug-2025 16:27:07.050 INFO [main] org.apache.catalina.startup.Catalina.start Server startup in [291] milliseconds
User added: 123@gmail.com
26-Aug-2025 16:30:27.219 INFO [Catalina-utility-2] org.apache.catalina.users.MemoryUserDatabase.backgroundProcess Reloading memory user database [UserDatabase] from updated source [file:/Users/nguyendinhtanloc/Documents/Semester_1_2025/Web/Week2/apache-tomcat-9.0.108/conf/tomcat-users.xml]
26-Aug-2025 16:30:27.221 SEVERE [Catalina-utility-2] org.apache.catalina.users.MemoryUserDatabase.open The specified user database [conf/tomcat-users.xml] could not be found
26-Aug-2025 16:30:27.728 INFO [Catalina-utility-2] org.apache.catalina.startup.HostConfig.undeploy Undeploying context []
26-Aug-2025 16:30:27.744 WARNING [Catalina-utility-2] org.apache.catalina.loader.WebappClassLoaderBase.clearReferencesJdbc JDBC driver de-registration failed for web application [ROOT]
	java.io.FileNotFoundException: org/apache/catalina/loader/JdbcLeakPrevention.class
		at org.apache.catalina.loader.WebappClassLoaderBase.clearReferencesJdbc(WebappClassLoaderBase.java:1629)
		at org.apache.catalina.loader.WebappClassLoaderBase.clearReferences(WebappClassLoaderBase.java:1572)
		at org.apache.catalina.loader.WebappClassLoaderBase.stop(WebappClassLoaderBase.java:1509)
		at org.apache.catalina.loader.WebappLoader.stopInternal(WebappLoader.java:410)
		at org.apache.catalina.util.LifecycleBase.stop(LifecycleBase.java:235)
		at org.apache.catalina.core.StandardContext.stopInternal(StandardContext.java:4764)
		at org.apache.catalina.util.LifecycleBase.stop(LifecycleBase.java:235)
		at org.apache.catalina.core.ContainerBase.removeChild(ContainerBase.java:659)
		at org.apache.catalina.startup.HostConfig.undeploy(HostConfig.java:1437)
		at org.apache.catalina.startup.HostConfig.checkResources(HostConfig.java:1366)
		at org.apache.catalina.startup.HostConfig.check(HostConfig.java:1615)
		at org.apache.catalina.startup.HostConfig.lifecycleEvent(HostConfig.java:308)
		at org.apache.catalina.util.LifecycleBase.fireLifecycleEvent(LifecycleBase.java:109)
		at org.apache.catalina.core.ContainerBase.backgroundProcess(ContainerBase.java:973)
		at org.apache.catalina.core.ContainerBase$ContainerBackgroundProcessor.processChildren(ContainerBase.java:1172)
		at org.apache.catalina.core.ContainerBase$ContainerBackgroundProcessor.processChildren(ContainerBase.java:1176)
		at org.apache.catalina.core.ContainerBase$ContainerBackgroundProcessor.run(ContainerBase.java:1154)
		at java.base/java.util.concurrent.Executors$RunnableAdapter.call(Executors.java:539)
		at java.base/java.util.concurrent.FutureTask.runAndReset(FutureTask.java:305)
		at java.base/java.util.concurrent.ScheduledThreadPoolExecutor$ScheduledFutureTask.run(ScheduledThreadPoolExecutor.java:305)
		at java.base/java.util.concurrent.ThreadPoolExecutor.runWorker(ThreadPoolExecutor.java:1136)
		at java.base/java.util.concurrent.ThreadPoolExecutor$Worker.run(ThreadPoolExecutor.java:635)
		at org.apache.tomcat.util.threads.TaskThread$WrappingRunnable.run(TaskThread.java:63)
		at java.base/java.lang.Thread.run(Thread.java:840)
26-Aug-2025 16:30:28.263 INFO [Catalina-utility-2] org.apache.catalina.startup.HostConfig.undeploy Undeploying context [/examples]
26-Aug-2025 16:30:28.269 WARNING [Catalina-utility-2] org.apache.catalina.loader.WebappClassLoaderBase.clearReferencesJdbc JDBC driver de-registration failed for web application [examples]
	java.lang.IllegalStateException: java.io.IOException: java.lang.reflect.InvocationTargetException
		at org.apache.catalina.webresources.AbstractSingleArchiveResourceSet.getArchiveEntry(AbstractSingleArchiveResourceSet.java:100)
		at org.apache.catalina.webresources.AbstractArchiveResourceSet.getResource(AbstractArchiveResourceSet.java:251)
		at org.apache.catalina.webresources.StandardRoot.getResourceInternal(StandardRoot.java:273)
		at org.apache.catalina.webresources.Cache.getResource(Cache.java:64)
		at org.apache.catalina.webresources.StandardRoot.getResource(StandardRoot.java:212)
		at org.apache.catalina.webresources.StandardRoot.getClassLoaderResource(StandardRoot.java:221)
		at org.apache.catalina.loader.WebappClassLoaderBase.getResourceAsStream(WebappClassLoaderBase.java:1104)
		at org.apache.catalina.loader.WebappClassLoaderBase.clearReferencesJdbc(WebappClassLoaderBase.java:1627)
		at org.apache.catalina.loader.WebappClassLoaderBase.clearReferences(WebappClassLoaderBase.java:1572)
		at org.apache.catalina.loader.WebappClassLoaderBase.stop(WebappClassLoaderBase.java:1509)
		at org.apache.catalina.loader.WebappLoader.stopInternal(WebappLoader.java:410)
		at org.apache.catalina.util.LifecycleBase.stop(LifecycleBase.java:235)
		at org.apache.catalina.core.StandardContext.stopInternal(StandardContext.java:4764)
		at org.apache.catalina.util.LifecycleBase.stop(LifecycleBase.java:235)
		at org.apache.catalina.core.ContainerBase.removeChild(ContainerBase.java:659)
		at org.apache.catalina.startup.HostConfig.undeploy(HostConfig.java:1437)
		at org.apache.catalina.startup.HostConfig.checkResources(HostConfig.java:1366)
		at org.apache.catalina.startup.HostConfig.check(HostConfig.java:1615)
		at org.apache.catalina.startup.HostConfig.lifecycleEvent(HostConfig.java:308)
		at org.apache.catalina.util.LifecycleBase.fireLifecycleEvent(LifecycleBase.java:109)
		at org.apache.catalina.core.ContainerBase.backgroundProcess(ContainerBase.java:973)
		at org.apache.catalina.core.ContainerBase$ContainerBackgroundProcessor.processChildren(ContainerBase.java:1172)
		at org.apache.catalina.core.ContainerBase$ContainerBackgroundProcessor.processChildren(ContainerBase.java:1176)
		at org.apache.catalina.core.ContainerBase$ContainerBackgroundProcessor.run(ContainerBase.java:1154)
		at java.base/java.util.concurrent.Executors$RunnableAdapter.call(Executors.java:539)
		at java.base/java.util.concurrent.FutureTask.runAndReset(FutureTask.java:305)
		at java.base/java.util.concurrent.ScheduledThreadPoolExecutor$ScheduledFutureTask.run(ScheduledThreadPoolExecutor.java:305)
		at java.base/java.util.concurrent.ThreadPoolExecutor.runWorker(ThreadPoolExecutor.java:1136)
		at java.base/java.util.concurrent.ThreadPoolExecutor$Worker.run(ThreadPoolExecutor.java:635)
		at org.apache.tomcat.util.threads.TaskThread$WrappingRunnable.run(TaskThread.java:63)
		at java.base/java.lang.Thread.run(Thread.java:840)
	Caused by: java.io.IOException: java.lang.reflect.InvocationTargetException
		at org.apache.tomcat.util.compat.Jre9Compat.jarFileNewInstance(Jre9Compat.java:208)
		at org.apache.tomcat.util.compat.Jre12Compat.jarFileNewInstance(Jre12Compat.java:33)
		at org.apache.tomcat.util.compat.JreCompat.jarFileNewInstance(JreCompat.java:302)
		at org.apache.catalina.webresources.AbstractArchiveResourceSet.openJarFile(AbstractArchiveResourceSet.java:320)
		at org.apache.catalina.webresources.AbstractSingleArchiveResourceSet.getArchiveEntry(AbstractSingleArchiveResourceSet.java:96)
		... 30 more
	Caused by: java.lang.reflect.InvocationTargetException
		at java.base/jdk.internal.reflect.GeneratedConstructorAccessor10.newInstance(Unknown Source)
		at java.base/jdk.internal.reflect.DelegatingConstructorAccessorImpl.newInstance(DelegatingConstructorAccessorImpl.java:45)
		at java.base/java.lang.reflect.Constructor.newInstanceWithCaller(Constructor.java:500)
		at java.base/java.lang.reflect.Constructor.newInstance(Constructor.java:481)
		at org.apache.tomcat.util.compat.Jre9Compat.jarFileNewInstance(Jre9Compat.java:206)
		... 34 more
	Caused by: java.nio.file.NoSuchFileException: /Users/nguyendinhtanloc/Documents/Semester_1_2025/Web/Week2/apache-tomcat-9.0.108/webapps/examples/WEB-INF/lib/taglibs-standard-impl-1.2.5.jar
		at java.base/sun.nio.fs.UnixException.translateToIOException(UnixException.java:92)
		at java.base/sun.nio.fs.UnixException.rethrowAsIOException(UnixException.java:106)
		at java.base/sun.nio.fs.UnixException.rethrowAsIOException(UnixException.java:111)
		at java.base/sun.nio.fs.UnixFileAttributeViews$Basic.readAttributes(UnixFileAttributeViews.java:55)
		at java.base/sun.nio.fs.UnixFileSystemProvider.readAttributes(UnixFileSystemProvider.java:148)
		at java.base/java.nio.file.Files.readAttributes(Files.java:1851)
		at java.base/java.util.zip.ZipFile$Source.get(ZipFile.java:1432)
		at java.base/java.util.zip.ZipFile$CleanableResource.<init>(ZipFile.java:717)
		at java.base/java.util.zip.ZipFile.<init>(ZipFile.java:251)
		at java.base/java.util.zip.ZipFile.<init>(ZipFile.java:180)
		at java.base/java.util.jar.JarFile.<init>(JarFile.java:346)
		... 39 more
26-Aug-2025 16:30:28.779 INFO [Catalina-utility-2] org.apache.catalina.startup.HostConfig.undeploy Undeploying context [/host-manager]
26-Aug-2025 16:30:28.783 WARNING [Catalina-utility-2] org.apache.catalina.loader.WebappClassLoaderBase.clearReferencesJdbc JDBC driver de-registration failed for web application [host-manager]
	java.io.FileNotFoundException: org/apache/catalina/loader/JdbcLeakPrevention.class
		at org.apache.catalina.loader.WebappClassLoaderBase.clearReferencesJdbc(WebappClassLoaderBase.java:1629)
		at org.apache.catalina.loader.WebappClassLoaderBase.clearReferences(WebappClassLoaderBase.java:1572)
		at org.apache.catalina.loader.WebappClassLoaderBase.stop(WebappClassLoaderBase.java:1509)
		at org.apache.catalina.loader.WebappLoader.stopInternal(WebappLoader.java:410)
		at org.apache.catalina.util.LifecycleBase.stop(LifecycleBase.java:235)
		at org.apache.catalina.core.StandardContext.stopInternal(StandardContext.java:4764)
		at org.apache.catalina.util.LifecycleBase.stop(LifecycleBase.java:235)
		at org.apache.catalina.core.ContainerBase.removeChild(ContainerBase.java:659)
		at org.apache.catalina.startup.HostConfig.undeploy(HostConfig.java:1437)
		at org.apache.catalina.startup.HostConfig.checkResources(HostConfig.java:1366)
		at org.apache.catalina.startup.HostConfig.check(HostConfig.java:1615)
		at org.apache.catalina.startup.HostConfig.lifecycleEvent(HostConfig.java:308)
		at org.apache.catalina.util.LifecycleBase.fireLifecycleEvent(LifecycleBase.java:109)
		at org.apache.catalina.core.ContainerBase.backgroundProcess(ContainerBase.java:973)
		at org.apache.catalina.core.ContainerBase$ContainerBackgroundProcessor.processChildren(ContainerBase.java:1172)
		at org.apache.catalina.core.ContainerBase$ContainerBackgroundProcessor.processChildren(ContainerBase.java:1176)
		at org.apache.catalina.core.ContainerBase$ContainerBackgroundProcessor.run(ContainerBase.java:1154)
		at java.base/java.util.concurrent.Executors$RunnableAdapter.call(Executors.java:539)
		at java.base/java.util.concurrent.FutureTask.runAndReset(FutureTask.java:305)
		at java.base/java.util.concurrent.ScheduledThreadPoolExecutor$ScheduledFutureTask.run(ScheduledThreadPoolExecutor.java:305)
		at java.base/java.util.concurrent.ThreadPoolExecutor.runWorker(ThreadPoolExecutor.java:1136)
		at java.base/java.util.concurrent.ThreadPoolExecutor$Worker.run(ThreadPoolExecutor.java:635)
		at org.apache.tomcat.util.threads.TaskThread$WrappingRunnable.run(TaskThread.java:63)
		at java.base/java.lang.Thread.run(Thread.java:840)
26-Aug-2025 16:30:28.787 INFO [Catalina-utility-2] org.apache.catalina.startup.HostConfig.undeploy Undeploying context [/Lesson]
26-Aug-2025 16:30:28.789 WARNING [Catalina-utility-2] org.apache.catalina.loader.WebappClassLoaderBase.clearReferencesJdbc JDBC driver de-registration failed for web application [Lesson]
	java.io.FileNotFoundException: org/apache/catalina/loader/JdbcLeakPrevention.class
		at org.apache.catalina.loader.WebappClassLoaderBase.clearReferencesJdbc(WebappClassLoaderBase.java:1629)
		at org.apache.catalina.loader.WebappClassLoaderBase.clearReferences(WebappClassLoaderBase.java:1572)
		at org.apache.catalina.loader.WebappClassLoaderBase.stop(WebappClassLoaderBase.java:1509)
		at org.apache.catalina.loader.WebappLoader.stopInternal(WebappLoader.java:410)
		at org.apache.catalina.util.LifecycleBase.stop(LifecycleBase.java:235)
		at org.apache.catalina.core.StandardContext.stopInternal(StandardContext.java:4764)
		at org.apache.catalina.util.LifecycleBase.stop(LifecycleBase.java:235)
		at org.apache.catalina.core.ContainerBase.removeChild(ContainerBase.java:659)
		at org.apache.catalina.startup.HostConfig.undeploy(HostConfig.java:1437)
		at org.apache.catalina.startup.HostConfig.checkResources(HostConfig.java:1366)
		at org.apache.catalina.startup.HostConfig.check(HostConfig.java:1615)
		at org.apache.catalina.startup.HostConfig.lifecycleEvent(HostConfig.java:308)
		at org.apache.catalina.util.LifecycleBase.fireLifecycleEvent(LifecycleBase.java:109)
		at org.apache.catalina.core.ContainerBase.backgroundProcess(ContainerBase.java:973)
		at org.apache.catalina.core.ContainerBase$ContainerBackgroundProcessor.processChildren(ContainerBase.java:1172)
		at org.apache.catalina.core.ContainerBase$ContainerBackgroundProcessor.processChildren(ContainerBase.java:1176)
		at org.apache.catalina.core.ContainerBase$ContainerBackgroundProcessor.run(ContainerBase.java:1154)
		at java.base/java.util.concurrent.Executors$RunnableAdapter.call(Executors.java:539)
		at java.base/java.util.concurrent.FutureTask.runAndReset(FutureTask.java:305)
		at java.base/java.util.concurrent.ScheduledThreadPoolExecutor$ScheduledFutureTask.run(ScheduledThreadPoolExecutor.java:305)
		at java.base/java.util.concurrent.ThreadPoolExecutor.runWorker(ThreadPoolExecutor.java:1136)
		at java.base/java.util.concurrent.ThreadPoolExecutor$Worker.run(ThreadPoolExecutor.java:635)
		at org.apache.tomcat.util.threads.TaskThread$WrappingRunnable.run(TaskThread.java:63)
		at java.base/java.lang.Thread.run(Thread.java:840)
26-Aug-2025 16:30:29.294 INFO [Catalina-utility-2] org.apache.catalina.startup.HostConfig.undeploy Undeploying context [/manager]
26-Aug-2025 16:30:29.297 WARNING [Catalina-utility-2] org.apache.catalina.loader.WebappClassLoaderBase.clearReferencesJdbc JDBC driver de-registration failed for web application [manager]
	java.io.FileNotFoundException: org/apache/catalina/loader/JdbcLeakPrevention.class
		at org.apache.catalina.loader.WebappClassLoaderBase.clearReferencesJdbc(WebappClassLoaderBase.java:1629)
		at org.apache.catalina.loader.WebappClassLoaderBase.clearReferences(WebappClassLoaderBase.java:1572)
		at org.apache.catalina.loader.WebappClassLoaderBase.stop(WebappClassLoaderBase.java:1509)
		at org.apache.catalina.loader.WebappLoader.stopInternal(WebappLoader.java:410)
		at org.apache.catalina.util.LifecycleBase.stop(LifecycleBase.java:235)
		at org.apache.catalina.core.StandardContext.stopInternal(StandardContext.java:4764)
		at org.apache.catalina.util.LifecycleBase.stop(LifecycleBase.java:235)
		at org.apache.catalina.core.ContainerBase.removeChild(ContainerBase.java:659)
		at org.apache.catalina.startup.HostConfig.undeploy(HostConfig.java:1437)
		at org.apache.catalina.startup.HostConfig.checkResources(HostConfig.java:1366)
		at org.apache.catalina.startup.HostConfig.check(HostConfig.java:1615)
		at org.apache.catalina.startup.HostConfig.lifecycleEvent(HostConfig.java:308)
		at org.apache.catalina.util.LifecycleBase.fireLifecycleEvent(LifecycleBase.java:109)
		at org.apache.catalina.core.ContainerBase.backgroundProcess(ContainerBase.java:973)
		at org.apache.catalina.core.ContainerBase$ContainerBackgroundProcessor.processChildren(ContainerBase.java:1172)
		at org.apache.catalina.core.ContainerBase$ContainerBackgroundProcessor.processChildren(ContainerBase.java:1176)
		at org.apache.catalina.core.ContainerBase$ContainerBackgroundProcessor.run(ContainerBase.java:1154)
		at java.base/java.util.concurrent.Executors$RunnableAdapter.call(Executors.java:539)
		at java.base/java.util.concurrent.FutureTask.runAndReset(FutureTask.java:305)
		at java.base/java.util.concurrent.ScheduledThreadPoolExecutor$ScheduledFutureTask.run(ScheduledThreadPoolExecutor.java:305)
		at java.base/java.util.concurrent.ThreadPoolExecutor.runWorker(ThreadPoolExecutor.java:1136)
		at java.base/java.util.concurrent.ThreadPoolExecutor$Worker.run(ThreadPoolExecutor.java:635)
		at org.apache.tomcat.util.threads.TaskThread$WrappingRunnable.run(TaskThread.java:63)
		at java.base/java.lang.Thread.run(Thread.java:840)
26-Aug-2025 16:30:29.805 INFO [Catalina-utility-2] org.apache.catalina.startup.HostConfig.undeploy Undeploying context [/docs]
26-Aug-2025 16:30:29.810 WARNING [Catalina-utility-2] org.apache.catalina.loader.WebappClassLoaderBase.clearReferencesJdbc JDBC driver de-registration failed for web application [docs]
	java.io.FileNotFoundException: org/apache/catalina/loader/JdbcLeakPrevention.class
		at org.apache.catalina.loader.WebappClassLoaderBase.clearReferencesJdbc(WebappClassLoaderBase.java:1629)
		at org.apache.catalina.loader.WebappClassLoaderBase.clearReferences(WebappClassLoaderBase.java:1572)
		at org.apache.catalina.loader.WebappClassLoaderBase.stop(WebappClassLoaderBase.java:1509)
		at org.apache.catalina.loader.WebappLoader.stopInternal(WebappLoader.java:410)
		at org.apache.catalina.util.LifecycleBase.stop(LifecycleBase.java:235)
		at org.apache.catalina.core.StandardContext.stopInternal(StandardContext.java:4764)
		at org.apache.catalina.util.LifecycleBase.stop(LifecycleBase.java:235)
		at org.apache.catalina.core.ContainerBase.removeChild(ContainerBase.java:659)
		at org.apache.catalina.startup.HostConfig.undeploy(HostConfig.java:1437)
		at org.apache.catalina.startup.HostConfig.checkResources(HostConfig.java:1366)
		at org.apache.catalina.startup.HostConfig.check(HostConfig.java:1615)
		at org.apache.catalina.startup.HostConfig.lifecycleEvent(HostConfig.java:308)
		at org.apache.catalina.util.LifecycleBase.fireLifecycleEvent(LifecycleBase.java:109)
		at org.apache.catalina.core.ContainerBase.backgroundProcess(ContainerBase.java:973)
		at org.apache.catalina.core.ContainerBase$ContainerBackgroundProcessor.processChildren(ContainerBase.java:1172)
		at org.apache.catalina.core.ContainerBase$ContainerBackgroundProcessor.processChildren(ContainerBase.java:1176)
		at org.apache.catalina.core.ContainerBase$ContainerBackgroundProcessor.run(ContainerBase.java:1154)
		at java.base/java.util.concurrent.Executors$RunnableAdapter.call(Executors.java:539)
		at java.base/java.util.concurrent.FutureTask.runAndReset(FutureTask.java:305)
		at java.base/java.util.concurrent.ScheduledThreadPoolExecutor$ScheduledFutureTask.run(ScheduledThreadPoolExecutor.java:305)
		at java.base/java.util.concurrent.ThreadPoolExecutor.runWorker(ThreadPoolExecutor.java:1136)
		at java.base/java.util.concurrent.ThreadPoolExecutor$Worker.run(ThreadPoolExecutor.java:635)
		at org.apache.tomcat.util.threads.TaskThread$WrappingRunnable.run(TaskThread.java:63)
		at java.base/java.lang.Thread.run(Thread.java:840)
NOTE: Picked up JDK_JAVA_OPTIONS:  --add-opens=java.base/java.lang=ALL-UNNAMED --add-opens=java.base/java.lang.invoke=ALL-UNNAMED --add-opens=java.base/java.lang.reflect=ALL-UNNAMED --add-opens=java.base/java.io=ALL-UNNAMED --add-opens=java.base/java.util=ALL-UNNAMED --add-opens=java.base/java.util.concurrent=ALL-UNNAMED --add-opens=java.rmi/sun.rmi.transport=ALL-UNNAMED
26-Aug-2025 16:31:33.333 INFO [main] org.apache.catalina.startup.VersionLoggerListener.log Server version name:   Apache Tomcat/9.0.108
26-Aug-2025 16:31:33.335 INFO [main] org.apache.catalina.startup.VersionLoggerListener.log Server built:          Jul 31 2025 18:19:48 UTC
26-Aug-2025 16:31:33.335 INFO [main] org.apache.catalina.startup.VersionLoggerListener.log Server version number: 9.0.108.0
26-Aug-2025 16:31:33.335 INFO [main] org.apache.catalina.startup.VersionLoggerListener.log OS Name:               Mac OS X
26-Aug-2025 16:31:33.335 INFO [main] org.apache.catalina.startup.VersionLoggerListener.log OS Version:            15.6.1
26-Aug-2025 16:31:33.335 INFO [main] org.apache.catalina.startup.VersionLoggerListener.log Architecture:          aarch64
26-Aug-2025 16:31:33.335 INFO [main] org.apache.catalina.startup.VersionLoggerListener.log Java Home:             /opt/homebrew/Cellar/openjdk@17/17.0.15/libexec/openjdk.jdk/Contents/Home
26-Aug-2025 16:31:33.335 INFO [main] org.apache.catalina.startup.VersionLoggerListener.log JVM Version:           17.0.15+0
26-Aug-2025 16:31:33.335 INFO [main] org.apache.catalina.startup.VersionLoggerListener.log JVM Vendor:            Homebrew
26-Aug-2025 16:31:33.335 INFO [main] org.apache.catalina.startup.VersionLoggerListener.log CATALINA_BASE:         /Users/nguyendinhtanloc/Documents/Semester_1_2025/Web/Week2/TomCat
26-Aug-2025 16:31:33.335 INFO [main] org.apache.catalina.startup.VersionLoggerListener.log CATALINA_HOME:         /Users/nguyendinhtanloc/Documents/Semester_1_2025/Web/Week2/TomCat
26-Aug-2025 16:31:33.344 INFO [main] org.apache.catalina.startup.VersionLoggerListener.log Command line argument: --add-opens=java.base/java.lang=ALL-UNNAMED
26-Aug-2025 16:31:33.344 INFO [main] org.apache.catalina.startup.VersionLoggerListener.log Command line argument: --add-opens=java.base/java.lang.invoke=ALL-UNNAMED
26-Aug-2025 16:31:33.344 INFO [main] org.apache.catalina.startup.VersionLoggerListener.log Command line argument: --add-opens=java.base/java.lang.reflect=ALL-UNNAMED
26-Aug-2025 16:31:33.344 INFO [main] org.apache.catalina.startup.VersionLoggerListener.log Command line argument: --add-opens=java.base/java.io=ALL-UNNAMED
26-Aug-2025 16:31:33.344 INFO [main] org.apache.catalina.startup.VersionLoggerListener.log Command line argument: --add-opens=java.base/java.util=ALL-UNNAMED
26-Aug-2025 16:31:33.344 INFO [main] org.apache.catalina.startup.VersionLoggerListener.log Command line argument: --add-opens=java.base/java.util.concurrent=ALL-UNNAMED
26-Aug-2025 16:31:33.344 INFO [main] org.apache.catalina.startup.VersionLoggerListener.log Command line argument: --add-opens=java.rmi/sun.rmi.transport=ALL-UNNAMED
26-Aug-2025 16:31:33.344 INFO [main] org.apache.catalina.startup.VersionLoggerListener.log Command line argument: -Djava.util.logging.config.file=/Users/nguyendinhtanloc/Documents/Semester_1_2025/Web/Week2/TomCat/conf/logging.properties
26-Aug-2025 16:31:33.344 INFO [main] org.apache.catalina.startup.VersionLoggerListener.log Command line argument: -Djava.util.logging.manager=org.apache.juli.ClassLoaderLogManager
26-Aug-2025 16:31:33.344 INFO [main] org.apache.catalina.startup.VersionLoggerListener.log Command line argument: -Djdk.tls.ephemeralDHKeySize=2048
26-Aug-2025 16:31:33.344 INFO [main] org.apache.catalina.startup.VersionLoggerListener.log Command line argument: -Djava.protocol.handler.pkgs=org.apache.catalina.webresources
26-Aug-2025 16:31:33.344 INFO [main] org.apache.catalina.startup.VersionLoggerListener.log Command line argument: -Dsun.io.useCanonCaches=false
26-Aug-2025 16:31:33.344 INFO [main] org.apache.catalina.startup.VersionLoggerListener.log Command line argument: -Dorg.apache.catalina.security.SecurityListener.UMASK=0027
26-Aug-2025 16:31:33.345 INFO [main] org.apache.catalina.startup.VersionLoggerListener.log Command line argument: -Dignore.endorsed.dirs=
26-Aug-2025 16:31:33.345 INFO [main] org.apache.catalina.startup.VersionLoggerListener.log Command line argument: -Dcatalina.base=/Users/nguyendinhtanloc/Documents/Semester_1_2025/Web/Week2/TomCat
26-Aug-2025 16:31:33.345 INFO [main] org.apache.catalina.startup.VersionLoggerListener.log Command line argument: -Dcatalina.home=/Users/nguyendinhtanloc/Documents/Semester_1_2025/Web/Week2/TomCat
26-Aug-2025 16:31:33.345 INFO [main] org.apache.catalina.startup.VersionLoggerListener.log Command line argument: -Djava.io.tmpdir=/Users/nguyendinhtanloc/Documents/Semester_1_2025/Web/Week2/TomCat/temp
26-Aug-2025 16:31:33.350 INFO [main] org.apache.catalina.core.AprLifecycleListener.lifecycleEvent The Apache Tomcat Native library which allows using OpenSSL was not found on the java.library.path: [/Users/nguyendinhtanloc/Library/Java/Extensions:/Library/Java/Extensions:/Network/Library/Java/Extensions:/System/Library/Java/Extensions:/usr/lib/java:.]
26-Aug-2025 16:31:33.498 INFO [main] org.apache.coyote.AbstractProtocol.init Initializing ProtocolHandler ["http-nio-8080"]
26-Aug-2025 16:31:33.506 SEVERE [main] org.apache.catalina.util.LifecycleBase.handleSubClassException Failed to initialize component [Connector["http-nio-8080"]]
	org.apache.catalina.LifecycleException: Protocol handler initialization failed
		at org.apache.catalina.connector.Connector.initInternal(Connector.java:1072)
		at org.apache.catalina.util.LifecycleBase.init(LifecycleBase.java:122)
		at org.apache.catalina.core.StandardService.initInternal(StandardService.java:522)
		at org.apache.catalina.util.LifecycleBase.init(LifecycleBase.java:122)
		at org.apache.catalina.core.StandardServer.initInternal(StandardServer.java:986)
		at org.apache.catalina.util.LifecycleBase.init(LifecycleBase.java:122)
		at org.apache.catalina.startup.Catalina.load(Catalina.java:690)
		at org.apache.catalina.startup.Catalina.load(Catalina.java:713)
		at java.base/jdk.internal.reflect.NativeMethodAccessorImpl.invoke0(Native Method)
		at java.base/jdk.internal.reflect.NativeMethodAccessorImpl.invoke(NativeMethodAccessorImpl.java:77)
		at java.base/jdk.internal.reflect.DelegatingMethodAccessorImpl.invoke(DelegatingMethodAccessorImpl.java:43)
		at java.base/java.lang.reflect.Method.invoke(Method.java:569)
		at org.apache.catalina.startup.Bootstrap.load(Bootstrap.java:302)
		at org.apache.catalina.startup.Bootstrap.main(Bootstrap.java:475)
	Caused by: java.net.BindException: Address already in use
		at java.base/sun.nio.ch.Net.bind0(Native Method)
		at java.base/sun.nio.ch.Net.bind(Net.java:555)
		at java.base/sun.nio.ch.ServerSocketChannelImpl.netBind(ServerSocketChannelImpl.java:337)
		at java.base/sun.nio.ch.ServerSocketChannelImpl.bind(ServerSocketChannelImpl.java:294)
		at org.apache.tomcat.util.net.NioEndpoint.initServerSocket(NioEndpoint.java:298)
		at org.apache.tomcat.util.net.NioEndpoint.bind(NioEndpoint.java:253)
		at org.apache.tomcat.util.net.AbstractEndpoint.bindWithCleanup(AbstractEndpoint.java:1465)
		at org.apache.tomcat.util.net.AbstractEndpoint.init(AbstractEndpoint.java:1478)
		at org.apache.coyote.AbstractProtocol.init(AbstractProtocol.java:663)
		at org.apache.coyote.http11.AbstractHttp11Protocol.init(AbstractHttp11Protocol.java:80)
		at org.apache.catalina.connector.Connector.initInternal(Connector.java:1070)
		... 13 more
26-Aug-2025 16:31:33.507 INFO [main] org.apache.catalina.startup.Catalina.load Server initialization in [272] milliseconds
26-Aug-2025 16:31:33.523 INFO [main] org.apache.catalina.core.StandardService.startInternal Starting service [Catalina]
26-Aug-2025 16:31:33.523 INFO [main] org.apache.catalina.core.StandardEngine.startInternal Starting Servlet engine: [Apache Tomcat/9.0.108]
26-Aug-2025 16:31:33.528 INFO [main] org.apache.catalina.startup.HostConfig.deployWAR Deploying web application archive [/Users/nguyendinhtanloc/Documents/Semester_1_2025/Web/Week2/TomCat/webapps/Lesson.war]
26-Aug-2025 16:31:33.651 INFO [main] org.apache.catalina.startup.HostConfig.deployWAR Deployment of web application archive [/Users/nguyendinhtanloc/Documents/Semester_1_2025/Web/Week2/TomCat/webapps/Lesson.war] has finished in [123] ms
26-Aug-2025 16:31:33.651 INFO [main] org.apache.catalina.startup.HostConfig.deployDirectory Deploying web application directory [/Users/nguyendinhtanloc/Documents/Semester_1_2025/Web/Week2/TomCat/webapps/docs]
26-Aug-2025 16:31:33.661 INFO [main] org.apache.catalina.startup.HostConfig.deployDirectory Deployment of web application directory [/Users/nguyendinhtanloc/Documents/Semester_1_2025/Web/Week2/TomCat/webapps/docs] has finished in [10] ms
26-Aug-2025 16:31:33.661 INFO [main] org.apache.catalina.startup.HostConfig.deployDirectory Deploying web application directory [/Users/nguyendinhtanloc/Documents/Semester_1_2025/Web/Week2/TomCat/webapps/manager]
26-Aug-2025 16:31:33.675 INFO [main] org.apache.catalina.startup.HostConfig.deployDirectory Deployment of web application directory [/Users/nguyendinhtanloc/Documents/Semester_1_2025/Web/Week2/TomCat/webapps/manager] has finished in [14] ms
26-Aug-2025 16:31:33.675 INFO [main] org.apache.catalina.startup.HostConfig.deployDirectory Deploying web application directory [/Users/nguyendinhtanloc/Documents/Semester_1_2025/Web/Week2/TomCat/webapps/examples]
26-Aug-2025 16:31:33.787 INFO [main] org.apache.catalina.startup.HostConfig.deployDirectory Deployment of web application directory [/Users/nguyendinhtanloc/Documents/Semester_1_2025/Web/Week2/TomCat/webapps/examples] has finished in [112] ms
26-Aug-2025 16:31:33.787 INFO [main] org.apache.catalina.startup.HostConfig.deployDirectory Deploying web application directory [/Users/nguyendinhtanloc/Documents/Semester_1_2025/Web/Week2/TomCat/webapps/ROOT]
26-Aug-2025 16:31:33.794 INFO [main] org.apache.catalina.startup.HostConfig.deployDirectory Deployment of web application directory [/Users/nguyendinhtanloc/Documents/Semester_1_2025/Web/Week2/TomCat/webapps/ROOT] has finished in [7] ms
26-Aug-2025 16:31:33.794 INFO [main] org.apache.catalina.startup.HostConfig.deployDirectory Deploying web application directory [/Users/nguyendinhtanloc/Documents/Semester_1_2025/Web/Week2/TomCat/webapps/host-manager]
26-Aug-2025 16:31:33.801 INFO [main] org.apache.catalina.startup.HostConfig.deployDirectory Deployment of web application directory [/Users/nguyendinhtanloc/Documents/Semester_1_2025/Web/Week2/TomCat/webapps/host-manager] has finished in [7] ms
26-Aug-2025 16:31:33.803 INFO [main] org.apache.catalina.startup.Catalina.start Server startup in [296] milliseconds
26-Aug-2025 16:31:33.807 SEVERE [main] org.apache.catalina.core.StandardServer.await Failed to create server shutdown socket on address [localhost] and port [8005] (base port [8005] and offset [0])
	java.net.BindException: Address already in use
		at java.base/sun.nio.ch.Net.bind0(Native Method)
		at java.base/sun.nio.ch.Net.bind(Net.java:555)
		at java.base/sun.nio.ch.Net.bind(Net.java:544)
		at java.base/sun.nio.ch.NioSocketImpl.bind(NioSocketImpl.java:648)
		at java.base/java.net.ServerSocket.bind(ServerSocket.java:388)
		at java.base/java.net.ServerSocket.<init>(ServerSocket.java:274)
		at org.apache.catalina.core.StandardServer.await(StandardServer.java:537)
		at org.apache.catalina.startup.Catalina.await(Catalina.java:829)
		at org.apache.catalina.startup.Catalina.start(Catalina.java:777)
		at java.base/jdk.internal.reflect.NativeMethodAccessorImpl.invoke0(Native Method)
		at java.base/jdk.internal.reflect.NativeMethodAccessorImpl.invoke(NativeMethodAccessorImpl.java:77)
		at java.base/jdk.internal.reflect.DelegatingMethodAccessorImpl.invoke(DelegatingMethodAccessorImpl.java:43)
		at java.base/java.lang.reflect.Method.invoke(Method.java:569)
		at org.apache.catalina.startup.Bootstrap.start(Bootstrap.java:345)
		at org.apache.catalina.startup.Bootstrap.main(Bootstrap.java:476)
26-Aug-2025 16:31:33.807 INFO [main] org.apache.coyote.AbstractProtocol.pause Pausing ProtocolHandler ["http-nio-8080"]
26-Aug-2025 16:31:33.807 INFO [main] org.apache.catalina.core.StandardService.stopInternal Stopping service [Catalina]
26-Aug-2025 16:31:33.816 INFO [main] org.apache.coyote.AbstractProtocol.stop Stopping ProtocolHandler ["http-nio-8080"]
26-Aug-2025 16:31:33.816 INFO [main] org.apache.coyote.AbstractProtocol.destroy Destroying ProtocolHandler ["http-nio-8080"]
26-Aug-2025 16:31:55.785 INFO [main] org.apache.catalina.core.StandardServer.await A valid shutdown command was received via the shutdown port. Stopping the Server instance.
26-Aug-2025 16:31:55.786 INFO [main] org.apache.coyote.AbstractProtocol.pause Pausing ProtocolHandler ["http-nio-8080"]
26-Aug-2025 16:31:55.788 INFO [main] org.apache.catalina.core.StandardService.stopInternal Stopping service [Catalina]
26-Aug-2025 16:31:55.789 INFO [main] org.apache.coyote.AbstractProtocol.stop Stopping ProtocolHandler ["http-nio-8080"]
26-Aug-2025 16:31:55.790 INFO [main] org.apache.coyote.AbstractProtocol.destroy Destroying ProtocolHandler ["http-nio-8080"]
NOTE: Picked up JDK_JAVA_OPTIONS:  --add-opens=java.base/java.lang=ALL-UNNAMED --add-opens=java.base/java.lang.invoke=ALL-UNNAMED --add-opens=java.base/java.lang.reflect=ALL-UNNAMED --add-opens=java.base/java.io=ALL-UNNAMED --add-opens=java.base/java.util=ALL-UNNAMED --add-opens=java.base/java.util.concurrent=ALL-UNNAMED --add-opens=java.rmi/sun.rmi.transport=ALL-UNNAMED
26-Aug-2025 16:31:58.066 INFO [main] org.apache.catalina.startup.VersionLoggerListener.log Server version name:   Apache Tomcat/9.0.108
26-Aug-2025 16:31:58.067 INFO [main] org.apache.catalina.startup.VersionLoggerListener.log Server built:          Jul 31 2025 18:19:48 UTC
26-Aug-2025 16:31:58.068 INFO [main] org.apache.catalina.startup.VersionLoggerListener.log Server version number: 9.0.108.0
26-Aug-2025 16:31:58.068 INFO [main] org.apache.catalina.startup.VersionLoggerListener.log OS Name:               Mac OS X
26-Aug-2025 16:31:58.068 INFO [main] org.apache.catalina.startup.VersionLoggerListener.log OS Version:            15.6.1
26-Aug-2025 16:31:58.068 INFO [main] org.apache.catalina.startup.VersionLoggerListener.log Architecture:          aarch64
26-Aug-2025 16:31:58.068 INFO [main] org.apache.catalina.startup.VersionLoggerListener.log Java Home:             /opt/homebrew/Cellar/openjdk@17/17.0.15/libexec/openjdk.jdk/Contents/Home
26-Aug-2025 16:31:58.068 INFO [main] org.apache.catalina.startup.VersionLoggerListener.log JVM Version:           17.0.15+0
26-Aug-2025 16:31:58.068 INFO [main] org.apache.catalina.startup.VersionLoggerListener.log JVM Vendor:            Homebrew
26-Aug-2025 16:31:58.068 INFO [main] org.apache.catalina.startup.VersionLoggerListener.log CATALINA_BASE:         /Users/nguyendinhtanloc/Documents/Semester_1_2025/Web/Week2/TomCat
26-Aug-2025 16:31:58.068 INFO [main] org.apache.catalina.startup.VersionLoggerListener.log CATALINA_HOME:         /Users/nguyendinhtanloc/Documents/Semester_1_2025/Web/Week2/TomCat
26-Aug-2025 16:31:58.073 INFO [main] org.apache.catalina.startup.VersionLoggerListener.log Command line argument: --add-opens=java.base/java.lang=ALL-UNNAMED
26-Aug-2025 16:31:58.073 INFO [main] org.apache.catalina.startup.VersionLoggerListener.log Command line argument: --add-opens=java.base/java.lang.invoke=ALL-UNNAMED
26-Aug-2025 16:31:58.073 INFO [main] org.apache.catalina.startup.VersionLoggerListener.log Command line argument: --add-opens=java.base/java.lang.reflect=ALL-UNNAMED
26-Aug-2025 16:31:58.074 INFO [main] org.apache.catalina.startup.VersionLoggerListener.log Command line argument: --add-opens=java.base/java.io=ALL-UNNAMED
26-Aug-2025 16:31:58.074 INFO [main] org.apache.catalina.startup.VersionLoggerListener.log Command line argument: --add-opens=java.base/java.util=ALL-UNNAMED
26-Aug-2025 16:31:58.074 INFO [main] org.apache.catalina.startup.VersionLoggerListener.log Command line argument: --add-opens=java.base/java.util.concurrent=ALL-UNNAMED
26-Aug-2025 16:31:58.074 INFO [main] org.apache.catalina.startup.VersionLoggerListener.log Command line argument: --add-opens=java.rmi/sun.rmi.transport=ALL-UNNAMED
26-Aug-2025 16:31:58.074 INFO [main] org.apache.catalina.startup.VersionLoggerListener.log Command line argument: -Djava.util.logging.config.file=/Users/nguyendinhtanloc/Documents/Semester_1_2025/Web/Week2/TomCat/conf/logging.properties
26-Aug-2025 16:31:58.074 INFO [main] org.apache.catalina.startup.VersionLoggerListener.log Command line argument: -Djava.util.logging.manager=org.apache.juli.ClassLoaderLogManager
26-Aug-2025 16:31:58.074 INFO [main] org.apache.catalina.startup.VersionLoggerListener.log Command line argument: -Djdk.tls.ephemeralDHKeySize=2048
26-Aug-2025 16:31:58.074 INFO [main] org.apache.catalina.startup.VersionLoggerListener.log Command line argument: -Djava.protocol.handler.pkgs=org.apache.catalina.webresources
26-Aug-2025 16:31:58.074 INFO [main] org.apache.catalina.startup.VersionLoggerListener.log Command line argument: -Dsun.io.useCanonCaches=false
26-Aug-2025 16:31:58.074 INFO [main] org.apache.catalina.startup.VersionLoggerListener.log Command line argument: -Dorg.apache.catalina.security.SecurityListener.UMASK=0027
26-Aug-2025 16:31:58.074 INFO [main] org.apache.catalina.startup.VersionLoggerListener.log Command line argument: -Dignore.endorsed.dirs=
26-Aug-2025 16:31:58.074 INFO [main] org.apache.catalina.startup.VersionLoggerListener.log Command line argument: -Dcatalina.base=/Users/nguyendinhtanloc/Documents/Semester_1_2025/Web/Week2/TomCat
26-Aug-2025 16:31:58.074 INFO [main] org.apache.catalina.startup.VersionLoggerListener.log Command line argument: -Dcatalina.home=/Users/nguyendinhtanloc/Documents/Semester_1_2025/Web/Week2/TomCat
26-Aug-2025 16:31:58.074 INFO [main] org.apache.catalina.startup.VersionLoggerListener.log Command line argument: -Djava.io.tmpdir=/Users/nguyendinhtanloc/Documents/Semester_1_2025/Web/Week2/TomCat/temp
26-Aug-2025 16:31:58.079 INFO [main] org.apache.catalina.core.AprLifecycleListener.lifecycleEvent The Apache Tomcat Native library which allows using OpenSSL was not found on the java.library.path: [/Users/nguyendinhtanloc/Library/Java/Extensions:/Library/Java/Extensions:/Network/Library/Java/Extensions:/System/Library/Java/Extensions:/usr/lib/java:.]
26-Aug-2025 16:31:58.207 INFO [main] org.apache.coyote.AbstractProtocol.init Initializing ProtocolHandler ["http-nio-8080"]
26-Aug-2025 16:31:58.218 INFO [main] org.apache.catalina.startup.Catalina.load Server initialization in [235] milliseconds
26-Aug-2025 16:31:58.230 INFO [main] org.apache.catalina.core.StandardService.startInternal Starting service [Catalina]
26-Aug-2025 16:31:58.230 INFO [main] org.apache.catalina.core.StandardEngine.startInternal Starting Servlet engine: [Apache Tomcat/9.0.108]
26-Aug-2025 16:31:58.235 INFO [main] org.apache.catalina.startup.HostConfig.deployWAR Deploying web application archive [/Users/nguyendinhtanloc/Documents/Semester_1_2025/Web/Week2/TomCat/webapps/Lesson.war]
26-Aug-2025 16:31:58.340 INFO [main] org.apache.catalina.startup.HostConfig.deployWAR Deployment of web application archive [/Users/nguyendinhtanloc/Documents/Semester_1_2025/Web/Week2/TomCat/webapps/Lesson.war] has finished in [105] ms
26-Aug-2025 16:31:58.341 INFO [main] org.apache.catalina.startup.HostConfig.deployDirectory Deploying web application directory [/Users/nguyendinhtanloc/Documents/Semester_1_2025/Web/Week2/TomCat/webapps/docs]
26-Aug-2025 16:31:58.350 INFO [main] org.apache.catalina.startup.HostConfig.deployDirectory Deployment of web application directory [/Users/nguyendinhtanloc/Documents/Semester_1_2025/Web/Week2/TomCat/webapps/docs] has finished in [9] ms
26-Aug-2025 16:31:58.350 INFO [main] org.apache.catalina.startup.HostConfig.deployDirectory Deploying web application directory [/Users/nguyendinhtanloc/Documents/Semester_1_2025/Web/Week2/TomCat/webapps/manager]
26-Aug-2025 16:31:58.370 INFO [main] org.apache.catalina.startup.HostConfig.deployDirectory Deployment of web application directory [/Users/nguyendinhtanloc/Documents/Semester_1_2025/Web/Week2/TomCat/webapps/manager] has finished in [20] ms
26-Aug-2025 16:31:58.370 INFO [main] org.apache.catalina.startup.HostConfig.deployDirectory Deploying web application directory [/Users/nguyendinhtanloc/Documents/Semester_1_2025/Web/Week2/TomCat/webapps/examples]
26-Aug-2025 16:31:58.475 INFO [main] org.apache.catalina.startup.HostConfig.deployDirectory Deployment of web application directory [/Users/nguyendinhtanloc/Documents/Semester_1_2025/Web/Week2/TomCat/webapps/examples] has finished in [105] ms
26-Aug-2025 16:31:58.476 INFO [main] org.apache.catalina.startup.HostConfig.deployDirectory Deploying web application directory [/Users/nguyendinhtanloc/Documents/Semester_1_2025/Web/Week2/TomCat/webapps/ROOT]
26-Aug-2025 16:31:58.482 INFO [main] org.apache.catalina.startup.HostConfig.deployDirectory Deployment of web application directory [/Users/nguyendinhtanloc/Documents/Semester_1_2025/Web/Week2/TomCat/webapps/ROOT] has finished in [6] ms
26-Aug-2025 16:31:58.482 INFO [main] org.apache.catalina.startup.HostConfig.deployDirectory Deploying web application directory [/Users/nguyendinhtanloc/Documents/Semester_1_2025/Web/Week2/TomCat/webapps/host-manager]
26-Aug-2025 16:31:58.490 INFO [main] org.apache.catalina.startup.HostConfig.deployDirectory Deployment of web application directory [/Users/nguyendinhtanloc/Documents/Semester_1_2025/Web/Week2/TomCat/webapps/host-manager] has finished in [8] ms
26-Aug-2025 16:31:58.491 INFO [main] org.apache.coyote.AbstractProtocol.start Starting ProtocolHandler ["http-nio-8080"]
26-Aug-2025 16:31:58.496 INFO [main] org.apache.catalina.startup.Catalina.start Server startup in [278] milliseconds
User added: 123@gmail.com
26-Aug-2025 16:36:58.655 INFO [Catalina-utility-2] org.apache.catalina.startup.HostConfig.undeploy Undeploying context [/Lesson]
26-Aug-2025 16:36:58.675 INFO [Catalina-utility-2] org.apache.catalina.startup.HostConfig.deployWAR Deploying web application archive [/Users/nguyendinhtanloc/Documents/Semester_1_2025/Web/Week2/TomCat/webapps/Lesson.war]
26-Aug-2025 16:36:58.690 INFO [Catalina-utility-2] org.apache.catalina.startup.HostConfig.deployWAR Deployment of web application archive [/Users/nguyendinhtanloc/Documents/Semester_1_2025/Web/Week2/TomCat/webapps/Lesson.war] has finished in [15] ms
26-Aug-2025 16:37:08.116 INFO [main] org.apache.catalina.core.StandardServer.await A valid shutdown command was received via the shutdown port. Stopping the Server instance.
26-Aug-2025 16:37:08.116 INFO [main] org.apache.coyote.AbstractProtocol.pause Pausing ProtocolHandler ["http-nio-8080"]
26-Aug-2025 16:37:08.118 INFO [main] org.apache.catalina.core.StandardService.stopInternal Stopping service [Catalina]
26-Aug-2025 16:37:08.125 INFO [main] org.apache.coyote.AbstractProtocol.stop Stopping ProtocolHandler ["http-nio-8080"]
26-Aug-2025 16:37:08.128 INFO [main] org.apache.coyote.AbstractProtocol.destroy Destroying ProtocolHandler ["http-nio-8080"]
NOTE: Picked up JDK_JAVA_OPTIONS:  --add-opens=java.base/java.lang=ALL-UNNAMED --add-opens=java.base/java.lang.invoke=ALL-UNNAMED --add-opens=java.base/java.lang.reflect=ALL-UNNAMED --add-opens=java.base/java.io=ALL-UNNAMED --add-opens=java.base/java.util=ALL-UNNAMED --add-opens=java.base/java.util.concurrent=ALL-UNNAMED --add-opens=java.rmi/sun.rmi.transport=ALL-UNNAMED
26-Aug-2025 16:37:12.142 INFO [main] org.apache.catalina.startup.VersionLoggerListener.log Server version name:   Apache Tomcat/9.0.108
26-Aug-2025 16:37:12.144 INFO [main] org.apache.catalina.startup.VersionLoggerListener.log Server built:          Jul 31 2025 18:19:48 UTC
26-Aug-2025 16:37:12.144 INFO [main] org.apache.catalina.startup.VersionLoggerListener.log Server version number: 9.0.108.0
26-Aug-2025 16:37:12.144 INFO [main] org.apache.catalina.startup.VersionLoggerListener.log OS Name:               Mac OS X
26-Aug-2025 16:37:12.144 INFO [main] org.apache.catalina.startup.VersionLoggerListener.log OS Version:            15.6.1
26-Aug-2025 16:37:12.144 INFO [main] org.apache.catalina.startup.VersionLoggerListener.log Architecture:          aarch64
26-Aug-2025 16:37:12.144 INFO [main] org.apache.catalina.startup.VersionLoggerListener.log Java Home:             /opt/homebrew/Cellar/openjdk@17/17.0.15/libexec/openjdk.jdk/Contents/Home
26-Aug-2025 16:37:12.144 INFO [main] org.apache.catalina.startup.VersionLoggerListener.log JVM Version:           17.0.15+0
26-Aug-2025 16:37:12.144 INFO [main] org.apache.catalina.startup.VersionLoggerListener.log JVM Vendor:            Homebrew
26-Aug-2025 16:37:12.144 INFO [main] org.apache.catalina.startup.VersionLoggerListener.log CATALINA_BASE:         /Users/nguyendinhtanloc/Documents/Semester_1_2025/Web/Week2/TomCat
26-Aug-2025 16:37:12.144 INFO [main] org.apache.catalina.startup.VersionLoggerListener.log CATALINA_HOME:         /Users/nguyendinhtanloc/Documents/Semester_1_2025/Web/Week2/TomCat
26-Aug-2025 16:37:12.151 INFO [main] org.apache.catalina.startup.VersionLoggerListener.log Command line argument: --add-opens=java.base/java.lang=ALL-UNNAMED
26-Aug-2025 16:37:12.151 INFO [main] org.apache.catalina.startup.VersionLoggerListener.log Command line argument: --add-opens=java.base/java.lang.invoke=ALL-UNNAMED
26-Aug-2025 16:37:12.151 INFO [main] org.apache.catalina.startup.VersionLoggerListener.log Command line argument: --add-opens=java.base/java.lang.reflect=ALL-UNNAMED
26-Aug-2025 16:37:12.151 INFO [main] org.apache.catalina.startup.VersionLoggerListener.log Command line argument: --add-opens=java.base/java.io=ALL-UNNAMED
26-Aug-2025 16:37:12.152 INFO [main] org.apache.catalina.startup.VersionLoggerListener.log Command line argument: --add-opens=java.base/java.util=ALL-UNNAMED
26-Aug-2025 16:37:12.152 INFO [main] org.apache.catalina.startup.VersionLoggerListener.log Command line argument: --add-opens=java.base/java.util.concurrent=ALL-UNNAMED
26-Aug-2025 16:37:12.152 INFO [main] org.apache.catalina.startup.VersionLoggerListener.log Command line argument: --add-opens=java.rmi/sun.rmi.transport=ALL-UNNAMED
26-Aug-2025 16:37:12.152 INFO [main] org.apache.catalina.startup.VersionLoggerListener.log Command line argument: -Djava.util.logging.config.file=/Users/nguyendinhtanloc/Documents/Semester_1_2025/Web/Week2/TomCat/conf/logging.properties
26-Aug-2025 16:37:12.152 INFO [main] org.apache.catalina.startup.VersionLoggerListener.log Command line argument: -Djava.util.logging.manager=org.apache.juli.ClassLoaderLogManager
26-Aug-2025 16:37:12.152 INFO [main] org.apache.catalina.startup.VersionLoggerListener.log Command line argument: -Djdk.tls.ephemeralDHKeySize=2048
26-Aug-2025 16:37:12.152 INFO [main] org.apache.catalina.startup.VersionLoggerListener.log Command line argument: -Djava.protocol.handler.pkgs=org.apache.catalina.webresources
26-Aug-2025 16:37:12.152 INFO [main] org.apache.catalina.startup.VersionLoggerListener.log Command line argument: -Dsun.io.useCanonCaches=false
26-Aug-2025 16:37:12.152 INFO [main] org.apache.catalina.startup.VersionLoggerListener.log Command line argument: -Dorg.apache.catalina.security.SecurityListener.UMASK=0027
26-Aug-2025 16:37:12.152 INFO [main] org.apache.catalina.startup.VersionLoggerListener.log Command line argument: -Dignore.endorsed.dirs=
26-Aug-2025 16:37:12.152 INFO [main] org.apache.catalina.startup.VersionLoggerListener.log Command line argument: -Dcatalina.base=/Users/nguyendinhtanloc/Documents/Semester_1_2025/Web/Week2/TomCat
26-Aug-2025 16:37:12.152 INFO [main] org.apache.catalina.startup.VersionLoggerListener.log Command line argument: -Dcatalina.home=/Users/nguyendinhtanloc/Documents/Semester_1_2025/Web/Week2/TomCat
26-Aug-2025 16:37:12.152 INFO [main] org.apache.catalina.startup.VersionLoggerListener.log Command line argument: -Djava.io.tmpdir=/Users/nguyendinhtanloc/Documents/Semester_1_2025/Web/Week2/TomCat/temp
26-Aug-2025 16:37:12.157 INFO [main] org.apache.catalina.core.AprLifecycleListener.lifecycleEvent The Apache Tomcat Native library which allows using OpenSSL was not found on the java.library.path: [/Users/nguyendinhtanloc/Library/Java/Extensions:/Library/Java/Extensions:/Network/Library/Java/Extensions:/System/Library/Java/Extensions:/usr/lib/java:.]
26-Aug-2025 16:37:12.291 INFO [main] org.apache.coyote.AbstractProtocol.init Initializing ProtocolHandler ["http-nio-8080"]
26-Aug-2025 16:37:12.303 INFO [main] org.apache.catalina.startup.Catalina.load Server initialization in [246] milliseconds
26-Aug-2025 16:37:12.320 INFO [main] org.apache.catalina.core.StandardService.startInternal Starting service [Catalina]
26-Aug-2025 16:37:12.320 INFO [main] org.apache.catalina.core.StandardEngine.startInternal Starting Servlet engine: [Apache Tomcat/9.0.108]
26-Aug-2025 16:37:12.325 INFO [main] org.apache.catalina.startup.HostConfig.deployWAR Deploying web application archive [/Users/nguyendinhtanloc/Documents/Semester_1_2025/Web/Week2/TomCat/webapps/Lesson.war]
26-Aug-2025 16:37:12.450 INFO [main] org.apache.catalina.startup.HostConfig.deployWAR Deployment of web application archive [/Users/nguyendinhtanloc/Documents/Semester_1_2025/Web/Week2/TomCat/webapps/Lesson.war] has finished in [125] ms
26-Aug-2025 16:37:12.450 INFO [main] org.apache.catalina.startup.HostConfig.deployDirectory Deploying web application directory [/Users/nguyendinhtanloc/Documents/Semester_1_2025/Web/Week2/TomCat/webapps/docs]
26-Aug-2025 16:37:12.459 INFO [main] org.apache.catalina.startup.HostConfig.deployDirectory Deployment of web application directory [/Users/nguyendinhtanloc/Documents/Semester_1_2025/Web/Week2/TomCat/webapps/docs] has finished in [9] ms
26-Aug-2025 16:37:12.460 INFO [main] org.apache.catalina.startup.HostConfig.deployDirectory Deploying web application directory [/Users/nguyendinhtanloc/Documents/Semester_1_2025/Web/Week2/TomCat/webapps/manager]
26-Aug-2025 16:37:12.473 INFO [main] org.apache.catalina.startup.HostConfig.deployDirectory Deployment of web application directory [/Users/nguyendinhtanloc/Documents/Semester_1_2025/Web/Week2/TomCat/webapps/manager] has finished in [13] ms
26-Aug-2025 16:37:12.473 INFO [main] org.apache.catalina.startup.HostConfig.deployDirectory Deploying web application directory [/Users/nguyendinhtanloc/Documents/Semester_1_2025/Web/Week2/TomCat/webapps/examples]
26-Aug-2025 16:37:12.582 INFO [main] org.apache.catalina.startup.HostConfig.deployDirectory Deployment of web application directory [/Users/nguyendinhtanloc/Documents/Semester_1_2025/Web/Week2/TomCat/webapps/examples] has finished in [109] ms
26-Aug-2025 16:37:12.583 INFO [main] org.apache.catalina.startup.HostConfig.deployDirectory Deploying web application directory [/Users/nguyendinhtanloc/Documents/Semester_1_2025/Web/Week2/TomCat/webapps/ROOT]
26-Aug-2025 16:37:12.589 INFO [main] org.apache.catalina.startup.HostConfig.deployDirectory Deployment of web application directory [/Users/nguyendinhtanloc/Documents/Semester_1_2025/Web/Week2/TomCat/webapps/ROOT] has finished in [6] ms
26-Aug-2025 16:37:12.589 INFO [main] org.apache.catalina.startup.HostConfig.deployDirectory Deploying web application directory [/Users/nguyendinhtanloc/Documents/Semester_1_2025/Web/Week2/TomCat/webapps/host-manager]
26-Aug-2025 16:37:12.597 INFO [main] org.apache.catalina.startup.HostConfig.deployDirectory Deployment of web application directory [/Users/nguyendinhtanloc/Documents/Semester_1_2025/Web/Week2/TomCat/webapps/host-manager] has finished in [7] ms
26-Aug-2025 16:37:12.598 INFO [main] org.apache.coyote.AbstractProtocol.start Starting ProtocolHandler ["http-nio-8080"]
26-Aug-2025 16:37:12.602 INFO [main] org.apache.catalina.startup.Catalina.start Server startup in [299] milliseconds
User added: 123@gmail.com
26-Aug-2025 16:43:12.866 INFO [Catalina-utility-1] org.apache.catalina.startup.HostConfig.undeploy Undeploying context [/Lesson]
26-Aug-2025 16:43:12.889 INFO [Catalina-utility-1] org.apache.catalina.startup.HostConfig.deployWAR Deploying web application archive [/Users/nguyendinhtanloc/Documents/Semester_1_2025/Web/Week2/TomCat/webapps/Lesson.war]
26-Aug-2025 16:43:12.910 INFO [Catalina-utility-1] org.apache.catalina.startup.HostConfig.deployWAR Deployment of web application archive [/Users/nguyendinhtanloc/Documents/Semester_1_2025/Web/Week2/TomCat/webapps/Lesson.war] has finished in [21] ms
NOTE: Picked up JDK_JAVA_OPTIONS:  --add-opens=java.base/java.lang=ALL-UNNAMED --add-opens=java.base/java.lang.invoke=ALL-UNNAMED --add-opens=java.base/java.lang.reflect=ALL-UNNAMED --add-opens=java.base/java.io=ALL-UNNAMED --add-opens=java.base/java.util=ALL-UNNAMED --add-opens=java.base/java.util.concurrent=ALL-UNNAMED --add-opens=java.rmi/sun.rmi.transport=ALL-UNNAMED
26-Aug-2025 16:43:19.689 INFO [main] org.apache.catalina.startup.VersionLoggerListener.log Server version name:   Apache Tomcat/9.0.108
26-Aug-2025 16:43:19.691 INFO [main] org.apache.catalina.startup.VersionLoggerListener.log Server built:          Jul 31 2025 18:19:48 UTC
26-Aug-2025 16:43:19.691 INFO [main] org.apache.catalina.startup.VersionLoggerListener.log Server version number: 9.0.108.0
26-Aug-2025 16:43:19.691 INFO [main] org.apache.catalina.startup.VersionLoggerListener.log OS Name:               Mac OS X
26-Aug-2025 16:43:19.691 INFO [main] org.apache.catalina.startup.VersionLoggerListener.log OS Version:            15.6.1
26-Aug-2025 16:43:19.691 INFO [main] org.apache.catalina.startup.VersionLoggerListener.log Architecture:          aarch64
26-Aug-2025 16:43:19.691 INFO [main] org.apache.catalina.startup.VersionLoggerListener.log Java Home:             /opt/homebrew/Cellar/openjdk@17/17.0.15/libexec/openjdk.jdk/Contents/Home
26-Aug-2025 16:43:19.691 INFO [main] org.apache.catalina.startup.VersionLoggerListener.log JVM Version:           17.0.15+0
26-Aug-2025 16:43:19.691 INFO [main] org.apache.catalina.startup.VersionLoggerListener.log JVM Vendor:            Homebrew
26-Aug-2025 16:43:19.691 INFO [main] org.apache.catalina.startup.VersionLoggerListener.log CATALINA_BASE:         /Users/nguyendinhtanloc/Documents/Semester_1_2025/Web/Week2/TomCat
26-Aug-2025 16:43:19.691 INFO [main] org.apache.catalina.startup.VersionLoggerListener.log CATALINA_HOME:         /Users/nguyendinhtanloc/Documents/Semester_1_2025/Web/Week2/TomCat
26-Aug-2025 16:43:19.696 INFO [main] org.apache.catalina.startup.VersionLoggerListener.log Command line argument: --add-opens=java.base/java.lang=ALL-UNNAMED
26-Aug-2025 16:43:19.696 INFO [main] org.apache.catalina.startup.VersionLoggerListener.log Command line argument: --add-opens=java.base/java.lang.invoke=ALL-UNNAMED
26-Aug-2025 16:43:19.696 INFO [main] org.apache.catalina.startup.VersionLoggerListener.log Command line argument: --add-opens=java.base/java.lang.reflect=ALL-UNNAMED
26-Aug-2025 16:43:19.696 INFO [main] org.apache.catalina.startup.VersionLoggerListener.log Command line argument: --add-opens=java.base/java.io=ALL-UNNAMED
26-Aug-2025 16:43:19.696 INFO [main] org.apache.catalina.startup.VersionLoggerListener.log Command line argument: --add-opens=java.base/java.util=ALL-UNNAMED
26-Aug-2025 16:43:19.696 INFO [main] org.apache.catalina.startup.VersionLoggerListener.log Command line argument: --add-opens=java.base/java.util.concurrent=ALL-UNNAMED
26-Aug-2025 16:43:19.697 INFO [main] org.apache.catalina.startup.VersionLoggerListener.log Command line argument: --add-opens=java.rmi/sun.rmi.transport=ALL-UNNAMED
26-Aug-2025 16:43:19.697 INFO [main] org.apache.catalina.startup.VersionLoggerListener.log Command line argument: -Djava.util.logging.config.file=/Users/nguyendinhtanloc/Documents/Semester_1_2025/Web/Week2/TomCat/conf/logging.properties
26-Aug-2025 16:43:19.697 INFO [main] org.apache.catalina.startup.VersionLoggerListener.log Command line argument: -Djava.util.logging.manager=org.apache.juli.ClassLoaderLogManager
26-Aug-2025 16:43:19.697 INFO [main] org.apache.catalina.startup.VersionLoggerListener.log Command line argument: -Djdk.tls.ephemeralDHKeySize=2048
26-Aug-2025 16:43:19.697 INFO [main] org.apache.catalina.startup.VersionLoggerListener.log Command line argument: -Djava.protocol.handler.pkgs=org.apache.catalina.webresources
26-Aug-2025 16:43:19.697 INFO [main] org.apache.catalina.startup.VersionLoggerListener.log Command line argument: -Dsun.io.useCanonCaches=false
26-Aug-2025 16:43:19.697 INFO [main] org.apache.catalina.startup.VersionLoggerListener.log Command line argument: -Dorg.apache.catalina.security.SecurityListener.UMASK=0027
26-Aug-2025 16:43:19.697 INFO [main] org.apache.catalina.startup.VersionLoggerListener.log Command line argument: -Dignore.endorsed.dirs=
26-Aug-2025 16:43:19.697 INFO [main] org.apache.catalina.startup.VersionLoggerListener.log Command line argument: -Dcatalina.base=/Users/nguyendinhtanloc/Documents/Semester_1_2025/Web/Week2/TomCat
26-Aug-2025 16:43:19.698 INFO [main] org.apache.catalina.startup.VersionLoggerListener.log Command line argument: -Dcatalina.home=/Users/nguyendinhtanloc/Documents/Semester_1_2025/Web/Week2/TomCat
26-Aug-2025 16:43:19.698 INFO [main] org.apache.catalina.startup.VersionLoggerListener.log Command line argument: -Djava.io.tmpdir=/Users/nguyendinhtanloc/Documents/Semester_1_2025/Web/Week2/TomCat/temp
26-Aug-2025 16:43:19.705 INFO [main] org.apache.catalina.core.AprLifecycleListener.lifecycleEvent The Apache Tomcat Native library which allows using OpenSSL was not found on the java.library.path: [/Users/nguyendinhtanloc/Library/Java/Extensions:/Library/Java/Extensions:/Network/Library/Java/Extensions:/System/Library/Java/Extensions:/usr/lib/java:.]
26-Aug-2025 16:43:19.835 INFO [main] org.apache.coyote.AbstractProtocol.init Initializing ProtocolHandler ["http-nio-8080"]
26-Aug-2025 16:43:19.843 SEVERE [main] org.apache.catalina.util.LifecycleBase.handleSubClassException Failed to initialize component [Connector["http-nio-8080"]]
	org.apache.catalina.LifecycleException: Protocol handler initialization failed
		at org.apache.catalina.connector.Connector.initInternal(Connector.java:1072)
		at org.apache.catalina.util.LifecycleBase.init(LifecycleBase.java:122)
		at org.apache.catalina.core.StandardService.initInternal(StandardService.java:522)
		at org.apache.catalina.util.LifecycleBase.init(LifecycleBase.java:122)
		at org.apache.catalina.core.StandardServer.initInternal(StandardServer.java:986)
		at org.apache.catalina.util.LifecycleBase.init(LifecycleBase.java:122)
		at org.apache.catalina.startup.Catalina.load(Catalina.java:690)
		at org.apache.catalina.startup.Catalina.load(Catalina.java:713)
		at java.base/jdk.internal.reflect.NativeMethodAccessorImpl.invoke0(Native Method)
		at java.base/jdk.internal.reflect.NativeMethodAccessorImpl.invoke(NativeMethodAccessorImpl.java:77)
		at java.base/jdk.internal.reflect.DelegatingMethodAccessorImpl.invoke(DelegatingMethodAccessorImpl.java:43)
		at java.base/java.lang.reflect.Method.invoke(Method.java:569)
		at org.apache.catalina.startup.Bootstrap.load(Bootstrap.java:302)
		at org.apache.catalina.startup.Bootstrap.main(Bootstrap.java:475)
	Caused by: java.net.BindException: Address already in use
		at java.base/sun.nio.ch.Net.bind0(Native Method)
		at java.base/sun.nio.ch.Net.bind(Net.java:555)
		at java.base/sun.nio.ch.ServerSocketChannelImpl.netBind(ServerSocketChannelImpl.java:337)
		at java.base/sun.nio.ch.ServerSocketChannelImpl.bind(ServerSocketChannelImpl.java:294)
		at org.apache.tomcat.util.net.NioEndpoint.initServerSocket(NioEndpoint.java:298)
		at org.apache.tomcat.util.net.NioEndpoint.bind(NioEndpoint.java:253)
		at org.apache.tomcat.util.net.AbstractEndpoint.bindWithCleanup(AbstractEndpoint.java:1465)
		at org.apache.tomcat.util.net.AbstractEndpoint.init(AbstractEndpoint.java:1478)
		at org.apache.coyote.AbstractProtocol.init(AbstractProtocol.java:663)
		at org.apache.coyote.http11.AbstractHttp11Protocol.init(AbstractHttp11Protocol.java:80)
		at org.apache.catalina.connector.Connector.initInternal(Connector.java:1070)
		... 13 more
26-Aug-2025 16:43:19.843 INFO [main] org.apache.catalina.startup.Catalina.load Server initialization in [235] milliseconds
26-Aug-2025 16:43:19.856 INFO [main] org.apache.catalina.core.StandardService.startInternal Starting service [Catalina]
26-Aug-2025 16:43:19.856 INFO [main] org.apache.catalina.core.StandardEngine.startInternal Starting Servlet engine: [Apache Tomcat/9.0.108]
26-Aug-2025 16:43:19.861 INFO [main] org.apache.catalina.startup.HostConfig.deployWAR Deploying web application archive [/Users/nguyendinhtanloc/Documents/Semester_1_2025/Web/Week2/TomCat/webapps/Lesson.war]
26-Aug-2025 16:43:19.967 INFO [main] org.apache.catalina.startup.HostConfig.deployWAR Deployment of web application archive [/Users/nguyendinhtanloc/Documents/Semester_1_2025/Web/Week2/TomCat/webapps/Lesson.war] has finished in [106] ms
26-Aug-2025 16:43:19.968 INFO [main] org.apache.catalina.startup.HostConfig.deployDirectory Deploying web application directory [/Users/nguyendinhtanloc/Documents/Semester_1_2025/Web/Week2/TomCat/webapps/docs]
26-Aug-2025 16:43:19.978 INFO [main] org.apache.catalina.startup.HostConfig.deployDirectory Deployment of web application directory [/Users/nguyendinhtanloc/Documents/Semester_1_2025/Web/Week2/TomCat/webapps/docs] has finished in [10] ms
26-Aug-2025 16:43:19.978 INFO [main] org.apache.catalina.startup.HostConfig.deployDirectory Deploying web application directory [/Users/nguyendinhtanloc/Documents/Semester_1_2025/Web/Week2/TomCat/webapps/manager]
26-Aug-2025 16:43:19.993 INFO [main] org.apache.catalina.startup.HostConfig.deployDirectory Deployment of web application directory [/Users/nguyendinhtanloc/Documents/Semester_1_2025/Web/Week2/TomCat/webapps/manager] has finished in [15] ms
26-Aug-2025 16:43:19.993 INFO [main] org.apache.catalina.startup.HostConfig.deployDirectory Deploying web application directory [/Users/nguyendinhtanloc/Documents/Semester_1_2025/Web/Week2/TomCat/webapps/examples]
26-Aug-2025 16:43:20.107 INFO [main] org.apache.catalina.startup.HostConfig.deployDirectory Deployment of web application directory [/Users/nguyendinhtanloc/Documents/Semester_1_2025/Web/Week2/TomCat/webapps/examples] has finished in [114] ms
26-Aug-2025 16:43:20.107 INFO [main] org.apache.catalina.startup.HostConfig.deployDirectory Deploying web application directory [/Users/nguyendinhtanloc/Documents/Semester_1_2025/Web/Week2/TomCat/webapps/ROOT]
26-Aug-2025 16:43:20.114 INFO [main] org.apache.catalina.startup.HostConfig.deployDirectory Deployment of web application directory [/Users/nguyendinhtanloc/Documents/Semester_1_2025/Web/Week2/TomCat/webapps/ROOT] has finished in [7] ms
26-Aug-2025 16:43:20.115 INFO [main] org.apache.catalina.startup.HostConfig.deployDirectory Deploying web application directory [/Users/nguyendinhtanloc/Documents/Semester_1_2025/Web/Week2/TomCat/webapps/host-manager]
26-Aug-2025 16:43:20.128 INFO [main] org.apache.catalina.startup.HostConfig.deployDirectory Deployment of web application directory [/Users/nguyendinhtanloc/Documents/Semester_1_2025/Web/Week2/TomCat/webapps/host-manager] has finished in [13] ms
26-Aug-2025 16:43:20.129 INFO [main] org.apache.catalina.startup.Catalina.start Server startup in [285] milliseconds
26-Aug-2025 16:43:20.131 SEVERE [main] org.apache.catalina.core.StandardServer.await Failed to create server shutdown socket on address [localhost] and port [8005] (base port [8005] and offset [0])
	java.net.BindException: Address already in use
		at java.base/sun.nio.ch.Net.bind0(Native Method)
		at java.base/sun.nio.ch.Net.bind(Net.java:555)
		at java.base/sun.nio.ch.Net.bind(Net.java:544)
		at java.base/sun.nio.ch.NioSocketImpl.bind(NioSocketImpl.java:648)
		at java.base/java.net.ServerSocket.bind(ServerSocket.java:388)
		at java.base/java.net.ServerSocket.<init>(ServerSocket.java:274)
		at org.apache.catalina.core.StandardServer.await(StandardServer.java:537)
		at org.apache.catalina.startup.Catalina.await(Catalina.java:829)
		at org.apache.catalina.startup.Catalina.start(Catalina.java:777)
		at java.base/jdk.internal.reflect.NativeMethodAccessorImpl.invoke0(Native Method)
		at java.base/jdk.internal.reflect.NativeMethodAccessorImpl.invoke(NativeMethodAccessorImpl.java:77)
		at java.base/jdk.internal.reflect.DelegatingMethodAccessorImpl.invoke(DelegatingMethodAccessorImpl.java:43)
		at java.base/java.lang.reflect.Method.invoke(Method.java:569)
		at org.apache.catalina.startup.Bootstrap.start(Bootstrap.java:345)
		at org.apache.catalina.startup.Bootstrap.main(Bootstrap.java:476)
26-Aug-2025 16:43:20.131 INFO [main] org.apache.coyote.AbstractProtocol.pause Pausing ProtocolHandler ["http-nio-8080"]
26-Aug-2025 16:43:20.131 INFO [main] org.apache.catalina.core.StandardService.stopInternal Stopping service [Catalina]
26-Aug-2025 16:43:20.139 INFO [main] org.apache.coyote.AbstractProtocol.stop Stopping ProtocolHandler ["http-nio-8080"]
26-Aug-2025 16:43:20.139 INFO [main] org.apache.coyote.AbstractProtocol.destroy Destroying ProtocolHandler ["http-nio-8080"]
User added: 123@gmail.com
NOTE: Picked up JDK_JAVA_OPTIONS:  --add-opens=java.base/java.lang=ALL-UNNAMED --add-opens=java.base/java.lang.invoke=ALL-UNNAMED --add-opens=java.base/java.lang.reflect=ALL-UNNAMED --add-opens=java.base/java.io=ALL-UNNAMED --add-opens=java.base/java.util=ALL-UNNAMED --add-opens=java.base/java.util.concurrent=ALL-UNNAMED --add-opens=java.rmi/sun.rmi.transport=ALL-UNNAMED
28-Aug-2025 13:12:40.148 INFO [main] org.apache.catalina.startup.VersionLoggerListener.log Server version name:   Apache Tomcat/9.0.108
28-Aug-2025 13:12:40.150 INFO [main] org.apache.catalina.startup.VersionLoggerListener.log Server built:          Jul 31 2025 18:19:48 UTC
28-Aug-2025 13:12:40.150 INFO [main] org.apache.catalina.startup.VersionLoggerListener.log Server version number: 9.0.108.0
28-Aug-2025 13:12:40.150 INFO [main] org.apache.catalina.startup.VersionLoggerListener.log OS Name:               Mac OS X
28-Aug-2025 13:12:40.150 INFO [main] org.apache.catalina.startup.VersionLoggerListener.log OS Version:            15.6.1
28-Aug-2025 13:12:40.150 INFO [main] org.apache.catalina.startup.VersionLoggerListener.log Architecture:          aarch64
28-Aug-2025 13:12:40.150 INFO [main] org.apache.catalina.startup.VersionLoggerListener.log Java Home:             /opt/homebrew/Cellar/openjdk@17/17.0.15/libexec/openjdk.jdk/Contents/Home
28-Aug-2025 13:12:40.150 INFO [main] org.apache.catalina.startup.VersionLoggerListener.log JVM Version:           17.0.15+0
28-Aug-2025 13:12:40.150 INFO [main] org.apache.catalina.startup.VersionLoggerListener.log JVM Vendor:            Homebrew
28-Aug-2025 13:12:40.151 INFO [main] org.apache.catalina.startup.VersionLoggerListener.log CATALINA_BASE:         /Users/nguyendinhtanloc/Documents/Semester_1_2025/Web/Week2/TomCat
28-Aug-2025 13:12:40.151 INFO [main] org.apache.catalina.startup.VersionLoggerListener.log CATALINA_HOME:         /Users/nguyendinhtanloc/Documents/Semester_1_2025/Web/Week2/TomCat
28-Aug-2025 13:12:40.174 INFO [main] org.apache.catalina.startup.VersionLoggerListener.log Command line argument: --add-opens=java.base/java.lang=ALL-UNNAMED
28-Aug-2025 13:12:40.174 INFO [main] org.apache.catalina.startup.VersionLoggerListener.log Command line argument: --add-opens=java.base/java.lang.invoke=ALL-UNNAMED
28-Aug-2025 13:12:40.175 INFO [main] org.apache.catalina.startup.VersionLoggerListener.log Command line argument: --add-opens=java.base/java.lang.reflect=ALL-UNNAMED
28-Aug-2025 13:12:40.175 INFO [main] org.apache.catalina.startup.VersionLoggerListener.log Command line argument: --add-opens=java.base/java.io=ALL-UNNAMED
28-Aug-2025 13:12:40.175 INFO [main] org.apache.catalina.startup.VersionLoggerListener.log Command line argument: --add-opens=java.base/java.util=ALL-UNNAMED
28-Aug-2025 13:12:40.175 INFO [main] org.apache.catalina.startup.VersionLoggerListener.log Command line argument: --add-opens=java.base/java.util.concurrent=ALL-UNNAMED
28-Aug-2025 13:12:40.175 INFO [main] org.apache.catalina.startup.VersionLoggerListener.log Command line argument: --add-opens=java.rmi/sun.rmi.transport=ALL-UNNAMED
28-Aug-2025 13:12:40.175 INFO [main] org.apache.catalina.startup.VersionLoggerListener.log Command line argument: -Djava.util.logging.config.file=/Users/nguyendinhtanloc/Documents/Semester_1_2025/Web/Week2/TomCat/conf/logging.properties
28-Aug-2025 13:12:40.175 INFO [main] org.apache.catalina.startup.VersionLoggerListener.log Command line argument: -Djava.util.logging.manager=org.apache.juli.ClassLoaderLogManager
28-Aug-2025 13:12:40.175 INFO [main] org.apache.catalina.startup.VersionLoggerListener.log Command line argument: -Djdk.tls.ephemeralDHKeySize=2048
28-Aug-2025 13:12:40.175 INFO [main] org.apache.catalina.startup.VersionLoggerListener.log Command line argument: -Djava.protocol.handler.pkgs=org.apache.catalina.webresources
28-Aug-2025 13:12:40.175 INFO [main] org.apache.catalina.startup.VersionLoggerListener.log Command line argument: -Dsun.io.useCanonCaches=false
28-Aug-2025 13:12:40.175 INFO [main] org.apache.catalina.startup.VersionLoggerListener.log Command line argument: -Dorg.apache.catalina.security.SecurityListener.UMASK=0027
28-Aug-2025 13:12:40.175 INFO [main] org.apache.catalina.startup.VersionLoggerListener.log Command line argument: -Dignore.endorsed.dirs=
28-Aug-2025 13:12:40.175 INFO [main] org.apache.catalina.startup.VersionLoggerListener.log Command line argument: -Dcatalina.base=/Users/nguyendinhtanloc/Documents/Semester_1_2025/Web/Week2/TomCat
28-Aug-2025 13:12:40.175 INFO [main] org.apache.catalina.startup.VersionLoggerListener.log Command line argument: -Dcatalina.home=/Users/nguyendinhtanloc/Documents/Semester_1_2025/Web/Week2/TomCat
28-Aug-2025 13:12:40.175 INFO [main] org.apache.catalina.startup.VersionLoggerListener.log Command line argument: -Djava.io.tmpdir=/Users/nguyendinhtanloc/Documents/Semester_1_2025/Web/Week2/TomCat/temp
28-Aug-2025 13:12:40.180 INFO [main] org.apache.catalina.core.AprLifecycleListener.lifecycleEvent The Apache Tomcat Native library which allows using OpenSSL was not found on the java.library.path: [/Users/nguyendinhtanloc/Library/Java/Extensions:/Library/Java/Extensions:/Network/Library/Java/Extensions:/System/Library/Java/Extensions:/usr/lib/java:.]
28-Aug-2025 13:12:40.316 INFO [main] org.apache.coyote.AbstractProtocol.init Initializing ProtocolHandler ["http-nio-8080"]
28-Aug-2025 13:12:40.339 SEVERE [main] org.apache.catalina.util.LifecycleBase.handleSubClassException Failed to initialize component [Connector["http-nio-8080"]]
	org.apache.catalina.LifecycleException: Protocol handler initialization failed
		at org.apache.catalina.connector.Connector.initInternal(Connector.java:1072)
		at org.apache.catalina.util.LifecycleBase.init(LifecycleBase.java:122)
		at org.apache.catalina.core.StandardService.initInternal(StandardService.java:522)
		at org.apache.catalina.util.LifecycleBase.init(LifecycleBase.java:122)
		at org.apache.catalina.core.StandardServer.initInternal(StandardServer.java:986)
		at org.apache.catalina.util.LifecycleBase.init(LifecycleBase.java:122)
		at org.apache.catalina.startup.Catalina.load(Catalina.java:690)
		at org.apache.catalina.startup.Catalina.load(Catalina.java:713)
		at java.base/jdk.internal.reflect.NativeMethodAccessorImpl.invoke0(Native Method)
		at java.base/jdk.internal.reflect.NativeMethodAccessorImpl.invoke(NativeMethodAccessorImpl.java:77)
		at java.base/jdk.internal.reflect.DelegatingMethodAccessorImpl.invoke(DelegatingMethodAccessorImpl.java:43)
		at java.base/java.lang.reflect.Method.invoke(Method.java:569)
		at org.apache.catalina.startup.Bootstrap.load(Bootstrap.java:302)
		at org.apache.catalina.startup.Bootstrap.main(Bootstrap.java:475)
	Caused by: java.net.BindException: Address already in use
		at java.base/sun.nio.ch.Net.bind0(Native Method)
		at java.base/sun.nio.ch.Net.bind(Net.java:555)
		at java.base/sun.nio.ch.ServerSocketChannelImpl.netBind(ServerSocketChannelImpl.java:337)
		at java.base/sun.nio.ch.ServerSocketChannelImpl.bind(ServerSocketChannelImpl.java:294)
		at org.apache.tomcat.util.net.NioEndpoint.initServerSocket(NioEndpoint.java:298)
		at org.apache.tomcat.util.net.NioEndpoint.bind(NioEndpoint.java:253)
		at org.apache.tomcat.util.net.AbstractEndpoint.bindWithCleanup(AbstractEndpoint.java:1465)
		at org.apache.tomcat.util.net.AbstractEndpoint.init(AbstractEndpoint.java:1478)
		at org.apache.coyote.AbstractProtocol.init(AbstractProtocol.java:663)
		at org.apache.coyote.http11.AbstractHttp11Protocol.init(AbstractHttp11Protocol.java:80)
		at org.apache.catalina.connector.Connector.initInternal(Connector.java:1070)
		... 13 more
28-Aug-2025 13:12:40.339 INFO [main] org.apache.catalina.startup.Catalina.load Server initialization in [296] milliseconds
28-Aug-2025 13:12:40.358 INFO [main] org.apache.catalina.core.StandardService.startInternal Starting service [Catalina]
28-Aug-2025 13:12:40.358 INFO [main] org.apache.catalina.core.StandardEngine.startInternal Starting Servlet engine: [Apache Tomcat/9.0.108]
28-Aug-2025 13:12:40.363 INFO [main] org.apache.catalina.startup.HostConfig.deployWAR Deploying web application archive [/Users/nguyendinhtanloc/Documents/Semester_1_2025/Web/Week2/TomCat/webapps/Lesson.war]
28-Aug-2025 13:12:40.488 INFO [main] org.apache.catalina.startup.HostConfig.deployWAR Deployment of web application archive [/Users/nguyendinhtanloc/Documents/Semester_1_2025/Web/Week2/TomCat/webapps/Lesson.war] has finished in [125] ms
28-Aug-2025 13:12:40.488 INFO [main] org.apache.catalina.startup.HostConfig.deployDirectory Deploying web application directory [/Users/nguyendinhtanloc/Documents/Semester_1_2025/Web/Week2/TomCat/webapps/docs]
28-Aug-2025 13:12:40.498 INFO [main] org.apache.catalina.startup.HostConfig.deployDirectory Deployment of web application directory [/Users/nguyendinhtanloc/Documents/Semester_1_2025/Web/Week2/TomCat/webapps/docs] has finished in [10] ms
28-Aug-2025 13:12:40.498 INFO [main] org.apache.catalina.startup.HostConfig.deployDirectory Deploying web application directory [/Users/nguyendinhtanloc/Documents/Semester_1_2025/Web/Week2/TomCat/webapps/manager]
28-Aug-2025 13:12:40.513 INFO [main] org.apache.catalina.startup.HostConfig.deployDirectory Deployment of web application directory [/Users/nguyendinhtanloc/Documents/Semester_1_2025/Web/Week2/TomCat/webapps/manager] has finished in [15] ms
28-Aug-2025 13:12:40.513 INFO [main] org.apache.catalina.startup.HostConfig.deployDirectory Deploying web application directory [/Users/nguyendinhtanloc/Documents/Semester_1_2025/Web/Week2/TomCat/webapps/examples]
28-Aug-2025 13:12:40.621 INFO [main] org.apache.catalina.startup.HostConfig.deployDirectory Deployment of web application directory [/Users/nguyendinhtanloc/Documents/Semester_1_2025/Web/Week2/TomCat/webapps/examples] has finished in [108] ms
28-Aug-2025 13:12:40.621 INFO [main] org.apache.catalina.startup.HostConfig.deployDirectory Deploying web application directory [/Users/nguyendinhtanloc/Documents/Semester_1_2025/Web/Week2/TomCat/webapps/ROOT]
28-Aug-2025 13:12:40.628 INFO [main] org.apache.catalina.startup.HostConfig.deployDirectory Deployment of web application directory [/Users/nguyendinhtanloc/Documents/Semester_1_2025/Web/Week2/TomCat/webapps/ROOT] has finished in [7] ms
28-Aug-2025 13:12:40.628 INFO [main] org.apache.catalina.startup.HostConfig.deployDirectory Deploying web application directory [/Users/nguyendinhtanloc/Documents/Semester_1_2025/Web/Week2/TomCat/webapps/host-manager]
28-Aug-2025 13:12:40.636 INFO [main] org.apache.catalina.startup.HostConfig.deployDirectory Deployment of web application directory [/Users/nguyendinhtanloc/Documents/Semester_1_2025/Web/Week2/TomCat/webapps/host-manager] has finished in [8] ms
28-Aug-2025 13:12:40.638 INFO [main] org.apache.catalina.startup.Catalina.start Server startup in [298] milliseconds
28-Aug-2025 13:12:40.640 SEVERE [main] org.apache.catalina.core.StandardServer.await Failed to create server shutdown socket on address [localhost] and port [8005] (base port [8005] and offset [0])
	java.net.BindException: Address already in use
		at java.base/sun.nio.ch.Net.bind0(Native Method)
		at java.base/sun.nio.ch.Net.bind(Net.java:555)
		at java.base/sun.nio.ch.Net.bind(Net.java:544)
		at java.base/sun.nio.ch.NioSocketImpl.bind(NioSocketImpl.java:648)
		at java.base/java.net.ServerSocket.bind(ServerSocket.java:388)
		at java.base/java.net.ServerSocket.<init>(ServerSocket.java:274)
		at org.apache.catalina.core.StandardServer.await(StandardServer.java:537)
		at org.apache.catalina.startup.Catalina.await(Catalina.java:829)
		at org.apache.catalina.startup.Catalina.start(Catalina.java:777)
		at java.base/jdk.internal.reflect.NativeMethodAccessorImpl.invoke0(Native Method)
		at java.base/jdk.internal.reflect.NativeMethodAccessorImpl.invoke(NativeMethodAccessorImpl.java:77)
		at java.base/jdk.internal.reflect.DelegatingMethodAccessorImpl.invoke(DelegatingMethodAccessorImpl.java:43)
		at java.base/java.lang.reflect.Method.invoke(Method.java:569)
		at org.apache.catalina.startup.Bootstrap.start(Bootstrap.java:345)
		at org.apache.catalina.startup.Bootstrap.main(Bootstrap.java:476)
28-Aug-2025 13:12:40.641 INFO [main] org.apache.coyote.AbstractProtocol.pause Pausing ProtocolHandler ["http-nio-8080"]
28-Aug-2025 13:12:40.641 INFO [main] org.apache.catalina.core.StandardService.stopInternal Stopping service [Catalina]
28-Aug-2025 13:12:40.653 INFO [main] org.apache.coyote.AbstractProtocol.stop Stopping ProtocolHandler ["http-nio-8080"]
28-Aug-2025 13:12:40.653 INFO [main] org.apache.coyote.AbstractProtocol.destroy Destroying ProtocolHandler ["http-nio-8080"]
User added: 123@gmail.com
28-Aug-2025 13:14:30.661 INFO [main] org.apache.catalina.core.StandardServer.await A valid shutdown command was received via the shutdown port. Stopping the Server instance.
28-Aug-2025 13:14:30.668 INFO [main] org.apache.coyote.AbstractProtocol.pause Pausing ProtocolHandler ["http-nio-8080"]
28-Aug-2025 13:14:30.677 INFO [main] org.apache.catalina.core.StandardService.stopInternal Stopping service [Catalina]
28-Aug-2025 13:14:30.712 INFO [main] org.apache.coyote.AbstractProtocol.stop Stopping ProtocolHandler ["http-nio-8080"]
28-Aug-2025 13:14:30.717 INFO [main] org.apache.coyote.AbstractProtocol.destroy Destroying ProtocolHandler ["http-nio-8080"]
NOTE: Picked up JDK_JAVA_OPTIONS:  --add-opens=java.base/java.lang=ALL-UNNAMED --add-opens=java.base/java.lang.invoke=ALL-UNNAMED --add-opens=java.base/java.lang.reflect=ALL-UNNAMED --add-opens=java.base/java.io=ALL-UNNAMED --add-opens=java.base/java.util=ALL-UNNAMED --add-opens=java.base/java.util.concurrent=ALL-UNNAMED --add-opens=java.rmi/sun.rmi.transport=ALL-UNNAMED
28-Aug-2025 13:58:24.238 INFO [main] org.apache.catalina.startup.VersionLoggerListener.log Server version name:   Apache Tomcat/9.0.108
28-Aug-2025 13:58:24.241 INFO [main] org.apache.catalina.startup.VersionLoggerListener.log Server built:          Jul 31 2025 18:19:48 UTC
28-Aug-2025 13:58:24.241 INFO [main] org.apache.catalina.startup.VersionLoggerListener.log Server version number: 9.0.108.0
28-Aug-2025 13:58:24.241 INFO [main] org.apache.catalina.startup.VersionLoggerListener.log OS Name:               Mac OS X
28-Aug-2025 13:58:24.241 INFO [main] org.apache.catalina.startup.VersionLoggerListener.log OS Version:            15.6.1
28-Aug-2025 13:58:24.241 INFO [main] org.apache.catalina.startup.VersionLoggerListener.log Architecture:          aarch64
28-Aug-2025 13:58:24.241 INFO [main] org.apache.catalina.startup.VersionLoggerListener.log Java Home:             /opt/homebrew/Cellar/openjdk@17/17.0.15/libexec/openjdk.jdk/Contents/Home
28-Aug-2025 13:58:24.241 INFO [main] org.apache.catalina.startup.VersionLoggerListener.log JVM Version:           17.0.15+0
28-Aug-2025 13:58:24.241 INFO [main] org.apache.catalina.startup.VersionLoggerListener.log JVM Vendor:            Homebrew
28-Aug-2025 13:58:24.241 INFO [main] org.apache.catalina.startup.VersionLoggerListener.log CATALINA_BASE:         /Users/nguyendinhtanloc/Documents/Semester_1_2025/Web/Week2/TomCat
28-Aug-2025 13:58:24.241 INFO [main] org.apache.catalina.startup.VersionLoggerListener.log CATALINA_HOME:         /Users/nguyendinhtanloc/Documents/Semester_1_2025/Web/Week2/TomCat
28-Aug-2025 13:58:24.248 INFO [main] org.apache.catalina.startup.VersionLoggerListener.log Command line argument: --add-opens=java.base/java.lang=ALL-UNNAMED
28-Aug-2025 13:58:24.248 INFO [main] org.apache.catalina.startup.VersionLoggerListener.log Command line argument: --add-opens=java.base/java.lang.invoke=ALL-UNNAMED
28-Aug-2025 13:58:24.248 INFO [main] org.apache.catalina.startup.VersionLoggerListener.log Command line argument: --add-opens=java.base/java.lang.reflect=ALL-UNNAMED
28-Aug-2025 13:58:24.248 INFO [main] org.apache.catalina.startup.VersionLoggerListener.log Command line argument: --add-opens=java.base/java.io=ALL-UNNAMED
28-Aug-2025 13:58:24.248 INFO [main] org.apache.catalina.startup.VersionLoggerListener.log Command line argument: --add-opens=java.base/java.util=ALL-UNNAMED
28-Aug-2025 13:58:24.248 INFO [main] org.apache.catalina.startup.VersionLoggerListener.log Command line argument: --add-opens=java.base/java.util.concurrent=ALL-UNNAMED
28-Aug-2025 13:58:24.248 INFO [main] org.apache.catalina.startup.VersionLoggerListener.log Command line argument: --add-opens=java.rmi/sun.rmi.transport=ALL-UNNAMED
28-Aug-2025 13:58:24.248 INFO [main] org.apache.catalina.startup.VersionLoggerListener.log Command line argument: -Djava.util.logging.config.file=/Users/nguyendinhtanloc/Documents/Semester_1_2025/Web/Week2/TomCat/conf/logging.properties
28-Aug-2025 13:58:24.249 INFO [main] org.apache.catalina.startup.VersionLoggerListener.log Command line argument: -Djava.util.logging.manager=org.apache.juli.ClassLoaderLogManager
28-Aug-2025 13:58:24.249 INFO [main] org.apache.catalina.startup.VersionLoggerListener.log Command line argument: -Djdk.tls.ephemeralDHKeySize=2048
28-Aug-2025 13:58:24.249 INFO [main] org.apache.catalina.startup.VersionLoggerListener.log Command line argument: -Djava.protocol.handler.pkgs=org.apache.catalina.webresources
28-Aug-2025 13:58:24.249 INFO [main] org.apache.catalina.startup.VersionLoggerListener.log Command line argument: -Dsun.io.useCanonCaches=false
28-Aug-2025 13:58:24.249 INFO [main] org.apache.catalina.startup.VersionLoggerListener.log Command line argument: -Dorg.apache.catalina.security.SecurityListener.UMASK=0027
28-Aug-2025 13:58:24.249 INFO [main] org.apache.catalina.startup.VersionLoggerListener.log Command line argument: -Dignore.endorsed.dirs=
28-Aug-2025 13:58:24.249 INFO [main] org.apache.catalina.startup.VersionLoggerListener.log Command line argument: -Dcatalina.base=/Users/nguyendinhtanloc/Documents/Semester_1_2025/Web/Week2/TomCat
28-Aug-2025 13:58:24.249 INFO [main] org.apache.catalina.startup.VersionLoggerListener.log Command line argument: -Dcatalina.home=/Users/nguyendinhtanloc/Documents/Semester_1_2025/Web/Week2/TomCat
28-Aug-2025 13:58:24.249 INFO [main] org.apache.catalina.startup.VersionLoggerListener.log Command line argument: -Djava.io.tmpdir=/Users/nguyendinhtanloc/Documents/Semester_1_2025/Web/Week2/TomCat/temp
28-Aug-2025 13:58:24.254 INFO [main] org.apache.catalina.core.AprLifecycleListener.lifecycleEvent The Apache Tomcat Native library which allows using OpenSSL was not found on the java.library.path: [/Users/nguyendinhtanloc/Library/Java/Extensions:/Library/Java/Extensions:/Network/Library/Java/Extensions:/System/Library/Java/Extensions:/usr/lib/java:.]
28-Aug-2025 13:58:24.396 INFO [main] org.apache.coyote.AbstractProtocol.init Initializing ProtocolHandler ["http-nio-8080"]
28-Aug-2025 13:58:24.423 INFO [main] org.apache.catalina.startup.Catalina.load Server initialization in [287] milliseconds
28-Aug-2025 13:58:24.440 INFO [main] org.apache.catalina.core.StandardService.startInternal Starting service [Catalina]
28-Aug-2025 13:58:24.440 INFO [main] org.apache.catalina.core.StandardEngine.startInternal Starting Servlet engine: [Apache Tomcat/9.0.108]
28-Aug-2025 13:58:24.445 INFO [main] org.apache.catalina.startup.HostConfig.deployWAR Deploying web application archive [/Users/nguyendinhtanloc/Documents/Semester_1_2025/Web/Week2/TomCat/webapps/Lesson.war]
28-Aug-2025 13:58:24.577 INFO [main] org.apache.catalina.startup.HostConfig.deployWAR Deployment of web application archive [/Users/nguyendinhtanloc/Documents/Semester_1_2025/Web/Week2/TomCat/webapps/Lesson.war] has finished in [132] ms
28-Aug-2025 13:58:24.577 INFO [main] org.apache.catalina.startup.HostConfig.deployDirectory Deploying web application directory [/Users/nguyendinhtanloc/Documents/Semester_1_2025/Web/Week2/TomCat/webapps/docs]
28-Aug-2025 13:58:24.587 INFO [main] org.apache.catalina.startup.HostConfig.deployDirectory Deployment of web application directory [/Users/nguyendinhtanloc/Documents/Semester_1_2025/Web/Week2/TomCat/webapps/docs] has finished in [10] ms
28-Aug-2025 13:58:24.587 INFO [main] org.apache.catalina.startup.HostConfig.deployDirectory Deploying web application directory [/Users/nguyendinhtanloc/Documents/Semester_1_2025/Web/Week2/TomCat/webapps/manager]
28-Aug-2025 13:58:24.603 INFO [main] org.apache.catalina.startup.HostConfig.deployDirectory Deployment of web application directory [/Users/nguyendinhtanloc/Documents/Semester_1_2025/Web/Week2/TomCat/webapps/manager] has finished in [16] ms
28-Aug-2025 13:58:24.603 INFO [main] org.apache.catalina.startup.HostConfig.deployDirectory Deploying web application directory [/Users/nguyendinhtanloc/Documents/Semester_1_2025/Web/Week2/TomCat/webapps/examples]
28-Aug-2025 13:58:24.712 INFO [main] org.apache.catalina.startup.HostConfig.deployDirectory Deployment of web application directory [/Users/nguyendinhtanloc/Documents/Semester_1_2025/Web/Week2/TomCat/webapps/examples] has finished in [109] ms
28-Aug-2025 13:58:24.712 INFO [main] org.apache.catalina.startup.HostConfig.deployDirectory Deploying web application directory [/Users/nguyendinhtanloc/Documents/Semester_1_2025/Web/Week2/TomCat/webapps/ROOT]
28-Aug-2025 13:58:24.718 INFO [main] org.apache.catalina.startup.HostConfig.deployDirectory Deployment of web application directory [/Users/nguyendinhtanloc/Documents/Semester_1_2025/Web/Week2/TomCat/webapps/ROOT] has finished in [6] ms
28-Aug-2025 13:58:24.718 INFO [main] org.apache.catalina.startup.HostConfig.deployDirectory Deploying web application directory [/Users/nguyendinhtanloc/Documents/Semester_1_2025/Web/Week2/TomCat/webapps/host-manager]
28-Aug-2025 13:58:24.726 INFO [main] org.apache.catalina.startup.HostConfig.deployDirectory Deployment of web application directory [/Users/nguyendinhtanloc/Documents/Semester_1_2025/Web/Week2/TomCat/webapps/host-manager] has finished in [7] ms
28-Aug-2025 13:58:24.727 INFO [main] org.apache.coyote.AbstractProtocol.start Starting ProtocolHandler ["http-nio-8080"]
28-Aug-2025 13:58:24.731 INFO [main] org.apache.catalina.startup.Catalina.start Server startup in [307] milliseconds
User added: 123@gmail.com
User added: 123@gmail.com
28-Aug-2025 14:01:07.159 INFO [main] org.apache.catalina.core.StandardServer.await A valid shutdown command was received via the shutdown port. Stopping the Server instance.
28-Aug-2025 14:01:07.160 INFO [main] org.apache.coyote.AbstractProtocol.pause Pausing ProtocolHandler ["http-nio-8080"]
28-Aug-2025 14:01:08.163 INFO [main] org.apache.catalina.core.StandardService.stopInternal Stopping service [Catalina]
28-Aug-2025 14:01:08.190 INFO [main] org.apache.coyote.AbstractProtocol.stop Stopping ProtocolHandler ["http-nio-8080"]
28-Aug-2025 14:01:08.795 WARNING [main] org.apache.tomcat.util.net.Acceptor.stopMillis The acceptor thread [http-nio-8080-Acceptor] did not stop cleanly
28-Aug-2025 14:01:08.799 INFO [main] org.apache.coyote.AbstractProtocol.destroy Destroying ProtocolHandler ["http-nio-8080"]
NOTE: Picked up JDK_JAVA_OPTIONS:  --add-opens=java.base/java.lang=ALL-UNNAMED --add-opens=java.base/java.lang.invoke=ALL-UNNAMED --add-opens=java.base/java.lang.reflect=ALL-UNNAMED --add-opens=java.base/java.io=ALL-UNNAMED --add-opens=java.base/java.util=ALL-UNNAMED --add-opens=java.base/java.util.concurrent=ALL-UNNAMED --add-opens=java.rmi/sun.rmi.transport=ALL-UNNAMED
28-Aug-2025 14:31:44.892 INFO [main] org.apache.catalina.startup.VersionLoggerListener.log Server version name:   Apache Tomcat/9.0.108
28-Aug-2025 14:31:44.895 INFO [main] org.apache.catalina.startup.VersionLoggerListener.log Server built:          Jul 31 2025 18:19:48 UTC
28-Aug-2025 14:31:44.895 INFO [main] org.apache.catalina.startup.VersionLoggerListener.log Server version number: 9.0.108.0
28-Aug-2025 14:31:44.895 INFO [main] org.apache.catalina.startup.VersionLoggerListener.log OS Name:               Mac OS X
28-Aug-2025 14:31:44.895 INFO [main] org.apache.catalina.startup.VersionLoggerListener.log OS Version:            15.6.1
28-Aug-2025 14:31:44.895 INFO [main] org.apache.catalina.startup.VersionLoggerListener.log Architecture:          aarch64
28-Aug-2025 14:31:44.895 INFO [main] org.apache.catalina.startup.VersionLoggerListener.log Java Home:             /opt/homebrew/Cellar/openjdk@17/17.0.15/libexec/openjdk.jdk/Contents/Home
28-Aug-2025 14:31:44.895 INFO [main] org.apache.catalina.startup.VersionLoggerListener.log JVM Version:           17.0.15+0
28-Aug-2025 14:31:44.895 INFO [main] org.apache.catalina.startup.VersionLoggerListener.log JVM Vendor:            Homebrew
28-Aug-2025 14:31:44.895 INFO [main] org.apache.catalina.startup.VersionLoggerListener.log CATALINA_BASE:         /Users/nguyendinhtanloc/Documents/Semester_1_2025/Web/Week2/TomCat
28-Aug-2025 14:31:44.895 INFO [main] org.apache.catalina.startup.VersionLoggerListener.log CATALINA_HOME:         /Users/nguyendinhtanloc/Documents/Semester_1_2025/Web/Week2/TomCat
28-Aug-2025 14:31:44.903 INFO [main] org.apache.catalina.startup.VersionLoggerListener.log Command line argument: --add-opens=java.base/java.lang=ALL-UNNAMED
28-Aug-2025 14:31:44.903 INFO [main] org.apache.catalina.startup.VersionLoggerListener.log Command line argument: --add-opens=java.base/java.lang.invoke=ALL-UNNAMED
28-Aug-2025 14:31:44.903 INFO [main] org.apache.catalina.startup.VersionLoggerListener.log Command line argument: --add-opens=java.base/java.lang.reflect=ALL-UNNAMED
28-Aug-2025 14:31:44.903 INFO [main] org.apache.catalina.startup.VersionLoggerListener.log Command line argument: --add-opens=java.base/java.io=ALL-UNNAMED
28-Aug-2025 14:31:44.903 INFO [main] org.apache.catalina.startup.VersionLoggerListener.log Command line argument: --add-opens=java.base/java.util=ALL-UNNAMED
28-Aug-2025 14:31:44.903 INFO [main] org.apache.catalina.startup.VersionLoggerListener.log Command line argument: --add-opens=java.base/java.util.concurrent=ALL-UNNAMED
28-Aug-2025 14:31:44.903 INFO [main] org.apache.catalina.startup.VersionLoggerListener.log Command line argument: --add-opens=java.rmi/sun.rmi.transport=ALL-UNNAMED
28-Aug-2025 14:31:44.903 INFO [main] org.apache.catalina.startup.VersionLoggerListener.log Command line argument: -Djava.util.logging.config.file=/Users/nguyendinhtanloc/Documents/Semester_1_2025/Web/Week2/TomCat/conf/logging.properties
28-Aug-2025 14:31:44.903 INFO [main] org.apache.catalina.startup.VersionLoggerListener.log Command line argument: -Djava.util.logging.manager=org.apache.juli.ClassLoaderLogManager
28-Aug-2025 14:31:44.903 INFO [main] org.apache.catalina.startup.VersionLoggerListener.log Command line argument: -Djdk.tls.ephemeralDHKeySize=2048
28-Aug-2025 14:31:44.903 INFO [main] org.apache.catalina.startup.VersionLoggerListener.log Command line argument: -Djava.protocol.handler.pkgs=org.apache.catalina.webresources
28-Aug-2025 14:31:44.903 INFO [main] org.apache.catalina.startup.VersionLoggerListener.log Command line argument: -Dsun.io.useCanonCaches=false
28-Aug-2025 14:31:44.903 INFO [main] org.apache.catalina.startup.VersionLoggerListener.log Command line argument: -Dorg.apache.catalina.security.SecurityListener.UMASK=0027
28-Aug-2025 14:31:44.903 INFO [main] org.apache.catalina.startup.VersionLoggerListener.log Command line argument: -Dignore.endorsed.dirs=
28-Aug-2025 14:31:44.903 INFO [main] org.apache.catalina.startup.VersionLoggerListener.log Command line argument: -Dcatalina.base=/Users/nguyendinhtanloc/Documents/Semester_1_2025/Web/Week2/TomCat
28-Aug-2025 14:31:44.903 INFO [main] org.apache.catalina.startup.VersionLoggerListener.log Command line argument: -Dcatalina.home=/Users/nguyendinhtanloc/Documents/Semester_1_2025/Web/Week2/TomCat
28-Aug-2025 14:31:44.903 INFO [main] org.apache.catalina.startup.VersionLoggerListener.log Command line argument: -Djava.io.tmpdir=/Users/nguyendinhtanloc/Documents/Semester_1_2025/Web/Week2/TomCat/temp
28-Aug-2025 14:31:44.908 INFO [main] org.apache.catalina.core.AprLifecycleListener.lifecycleEvent The Apache Tomcat Native library which allows using OpenSSL was not found on the java.library.path: [/Users/nguyendinhtanloc/Library/Java/Extensions:/Library/Java/Extensions:/Network/Library/Java/Extensions:/System/Library/Java/Extensions:/usr/lib/java:.]
28-Aug-2025 14:31:45.052 INFO [main] org.apache.coyote.AbstractProtocol.init Initializing ProtocolHandler ["http-nio-8080"]
28-Aug-2025 14:31:45.065 INFO [main] org.apache.catalina.startup.Catalina.load Server initialization in [287] milliseconds
28-Aug-2025 14:31:45.082 INFO [main] org.apache.catalina.core.StandardService.startInternal Starting service [Catalina]
28-Aug-2025 14:31:45.082 INFO [main] org.apache.catalina.core.StandardEngine.startInternal Starting Servlet engine: [Apache Tomcat/9.0.108]
28-Aug-2025 14:31:45.088 INFO [main] org.apache.catalina.startup.HostConfig.deployWAR Deploying web application archive [/Users/nguyendinhtanloc/Documents/Semester_1_2025/Web/Week2/TomCat/webapps/Lesson.war]
28-Aug-2025 14:31:45.212 INFO [main] org.apache.catalina.startup.HostConfig.deployWAR Deployment of web application archive [/Users/nguyendinhtanloc/Documents/Semester_1_2025/Web/Week2/TomCat/webapps/Lesson.war] has finished in [124] ms
28-Aug-2025 14:31:45.213 INFO [main] org.apache.catalina.startup.HostConfig.deployDirectory Deploying web application directory [/Users/nguyendinhtanloc/Documents/Semester_1_2025/Web/Week2/TomCat/webapps/docs]
28-Aug-2025 14:31:45.222 INFO [main] org.apache.catalina.startup.HostConfig.deployDirectory Deployment of web application directory [/Users/nguyendinhtanloc/Documents/Semester_1_2025/Web/Week2/TomCat/webapps/docs] has finished in [10] ms
28-Aug-2025 14:31:45.222 INFO [main] org.apache.catalina.startup.HostConfig.deployDirectory Deploying web application directory [/Users/nguyendinhtanloc/Documents/Semester_1_2025/Web/Week2/TomCat/webapps/manager]
28-Aug-2025 14:31:45.237 INFO [main] org.apache.catalina.startup.HostConfig.deployDirectory Deployment of web application directory [/Users/nguyendinhtanloc/Documents/Semester_1_2025/Web/Week2/TomCat/webapps/manager] has finished in [15] ms
28-Aug-2025 14:31:45.237 INFO [main] org.apache.catalina.startup.HostConfig.deployDirectory Deploying web application directory [/Users/nguyendinhtanloc/Documents/Semester_1_2025/Web/Week2/TomCat/webapps/examples]
28-Aug-2025 14:31:45.345 INFO [main] org.apache.catalina.startup.HostConfig.deployDirectory Deployment of web application directory [/Users/nguyendinhtanloc/Documents/Semester_1_2025/Web/Week2/TomCat/webapps/examples] has finished in [108] ms
28-Aug-2025 14:31:45.345 INFO [main] org.apache.catalina.startup.HostConfig.deployDirectory Deploying web application directory [/Users/nguyendinhtanloc/Documents/Semester_1_2025/Web/Week2/TomCat/webapps/ROOT]
28-Aug-2025 14:31:45.352 INFO [main] org.apache.catalina.startup.HostConfig.deployDirectory Deployment of web application directory [/Users/nguyendinhtanloc/Documents/Semester_1_2025/Web/Week2/TomCat/webapps/ROOT] has finished in [7] ms
28-Aug-2025 14:31:45.352 INFO [main] org.apache.catalina.startup.HostConfig.deployDirectory Deploying web application directory [/Users/nguyendinhtanloc/Documents/Semester_1_2025/Web/Week2/TomCat/webapps/host-manager]
28-Aug-2025 14:31:45.360 INFO [main] org.apache.catalina.startup.HostConfig.deployDirectory Deployment of web application directory [/Users/nguyendinhtanloc/Documents/Semester_1_2025/Web/Week2/TomCat/webapps/host-manager] has finished in [8] ms
28-Aug-2025 14:31:45.361 INFO [main] org.apache.coyote.AbstractProtocol.start Starting ProtocolHandler ["http-nio-8080"]
28-Aug-2025 14:31:45.366 INFO [main] org.apache.catalina.startup.Catalina.start Server startup in [300] milliseconds
28-Aug-2025 14:32:22.550 INFO [main] org.apache.catalina.core.StandardServer.await A valid shutdown command was received via the shutdown port. Stopping the Server instance.
28-Aug-2025 14:32:22.553 INFO [main] org.apache.coyote.AbstractProtocol.pause Pausing ProtocolHandler ["http-nio-8080"]
28-Aug-2025 14:32:23.557 INFO [main] org.apache.catalina.core.StandardService.stopInternal Stopping service [Catalina]
28-Aug-2025 14:32:23.588 INFO [main] org.apache.coyote.AbstractProtocol.stop Stopping ProtocolHandler ["http-nio-8080"]
28-Aug-2025 14:32:24.194 WARNING [main] org.apache.tomcat.util.net.Acceptor.stopMillis The acceptor thread [http-nio-8080-Acceptor] did not stop cleanly
28-Aug-2025 14:32:24.200 INFO [main] org.apache.coyote.AbstractProtocol.destroy Destroying ProtocolHandler ["http-nio-8080"]
NOTE: Picked up JDK_JAVA_OPTIONS:  --add-opens=java.base/java.lang=ALL-UNNAMED --add-opens=java.base/java.lang.invoke=ALL-UNNAMED --add-opens=java.base/java.lang.reflect=ALL-UNNAMED --add-opens=java.base/java.io=ALL-UNNAMED --add-opens=java.base/java.util=ALL-UNNAMED --add-opens=java.base/java.util.concurrent=ALL-UNNAMED --add-opens=java.rmi/sun.rmi.transport=ALL-UNNAMED
28-Aug-2025 14:45:53.930 INFO [main] org.apache.catalina.startup.VersionLoggerListener.log Server version name:   Apache Tomcat/9.0.108
28-Aug-2025 14:45:53.932 INFO [main] org.apache.catalina.startup.VersionLoggerListener.log Server built:          Jul 31 2025 18:19:48 UTC
28-Aug-2025 14:45:53.933 INFO [main] org.apache.catalina.startup.VersionLoggerListener.log Server version number: 9.0.108.0
28-Aug-2025 14:45:53.933 INFO [main] org.apache.catalina.startup.VersionLoggerListener.log OS Name:               Mac OS X
28-Aug-2025 14:45:53.933 INFO [main] org.apache.catalina.startup.VersionLoggerListener.log OS Version:            15.6.1
28-Aug-2025 14:45:53.933 INFO [main] org.apache.catalina.startup.VersionLoggerListener.log Architecture:          aarch64
28-Aug-2025 14:45:53.933 INFO [main] org.apache.catalina.startup.VersionLoggerListener.log Java Home:             /opt/homebrew/Cellar/openjdk@17/17.0.15/libexec/openjdk.jdk/Contents/Home
28-Aug-2025 14:45:53.933 INFO [main] org.apache.catalina.startup.VersionLoggerListener.log JVM Version:           17.0.15+0
28-Aug-2025 14:45:53.933 INFO [main] org.apache.catalina.startup.VersionLoggerListener.log JVM Vendor:            Homebrew
28-Aug-2025 14:45:53.933 INFO [main] org.apache.catalina.startup.VersionLoggerListener.log CATALINA_BASE:         /Users/nguyendinhtanloc/Documents/Semester_1_2025/Web/Week2/TomCat
28-Aug-2025 14:45:53.933 INFO [main] org.apache.catalina.startup.VersionLoggerListener.log CATALINA_HOME:         /Users/nguyendinhtanloc/Documents/Semester_1_2025/Web/Week2/TomCat
28-Aug-2025 14:45:53.940 INFO [main] org.apache.catalina.startup.VersionLoggerListener.log Command line argument: --add-opens=java.base/java.lang=ALL-UNNAMED
28-Aug-2025 14:45:53.940 INFO [main] org.apache.catalina.startup.VersionLoggerListener.log Command line argument: --add-opens=java.base/java.lang.invoke=ALL-UNNAMED
28-Aug-2025 14:45:53.940 INFO [main] org.apache.catalina.startup.VersionLoggerListener.log Command line argument: --add-opens=java.base/java.lang.reflect=ALL-UNNAMED
28-Aug-2025 14:45:53.940 INFO [main] org.apache.catalina.startup.VersionLoggerListener.log Command line argument: --add-opens=java.base/java.io=ALL-UNNAMED
28-Aug-2025 14:45:53.940 INFO [main] org.apache.catalina.startup.VersionLoggerListener.log Command line argument: --add-opens=java.base/java.util=ALL-UNNAMED
28-Aug-2025 14:45:53.940 INFO [main] org.apache.catalina.startup.VersionLoggerListener.log Command line argument: --add-opens=java.base/java.util.concurrent=ALL-UNNAMED
28-Aug-2025 14:45:53.941 INFO [main] org.apache.catalina.startup.VersionLoggerListener.log Command line argument: --add-opens=java.rmi/sun.rmi.transport=ALL-UNNAMED
28-Aug-2025 14:45:53.941 INFO [main] org.apache.catalina.startup.VersionLoggerListener.log Command line argument: -Djava.util.logging.config.file=/Users/nguyendinhtanloc/Documents/Semester_1_2025/Web/Week2/TomCat/conf/logging.properties
28-Aug-2025 14:45:53.941 INFO [main] org.apache.catalina.startup.VersionLoggerListener.log Command line argument: -Djava.util.logging.manager=org.apache.juli.ClassLoaderLogManager
28-Aug-2025 14:45:53.941 INFO [main] org.apache.catalina.startup.VersionLoggerListener.log Command line argument: -Djdk.tls.ephemeralDHKeySize=2048
28-Aug-2025 14:45:53.941 INFO [main] org.apache.catalina.startup.VersionLoggerListener.log Command line argument: -Djava.protocol.handler.pkgs=org.apache.catalina.webresources
28-Aug-2025 14:45:53.941 INFO [main] org.apache.catalina.startup.VersionLoggerListener.log Command line argument: -Dsun.io.useCanonCaches=false
28-Aug-2025 14:45:53.941 INFO [main] org.apache.catalina.startup.VersionLoggerListener.log Command line argument: -Dorg.apache.catalina.security.SecurityListener.UMASK=0027
28-Aug-2025 14:45:53.941 INFO [main] org.apache.catalina.startup.VersionLoggerListener.log Command line argument: -Dignore.endorsed.dirs=
28-Aug-2025 14:45:53.941 INFO [main] org.apache.catalina.startup.VersionLoggerListener.log Command line argument: -Dcatalina.base=/Users/nguyendinhtanloc/Documents/Semester_1_2025/Web/Week2/TomCat
28-Aug-2025 14:45:53.941 INFO [main] org.apache.catalina.startup.VersionLoggerListener.log Command line argument: -Dcatalina.home=/Users/nguyendinhtanloc/Documents/Semester_1_2025/Web/Week2/TomCat
28-Aug-2025 14:45:53.941 INFO [main] org.apache.catalina.startup.VersionLoggerListener.log Command line argument: -Djava.io.tmpdir=/Users/nguyendinhtanloc/Documents/Semester_1_2025/Web/Week2/TomCat/temp
28-Aug-2025 14:45:53.947 INFO [main] org.apache.catalina.core.AprLifecycleListener.lifecycleEvent The Apache Tomcat Native library which allows using OpenSSL was not found on the java.library.path: [/Users/nguyendinhtanloc/Library/Java/Extensions:/Library/Java/Extensions:/Network/Library/Java/Extensions:/System/Library/Java/Extensions:/usr/lib/java:.]
28-Aug-2025 14:45:54.085 INFO [main] org.apache.coyote.AbstractProtocol.init Initializing ProtocolHandler ["http-nio-8080"]
28-Aug-2025 14:45:54.098 INFO [main] org.apache.catalina.startup.Catalina.load Server initialization in [264] milliseconds
28-Aug-2025 14:45:54.116 INFO [main] org.apache.catalina.core.StandardService.startInternal Starting service [Catalina]
28-Aug-2025 14:45:54.116 INFO [main] org.apache.catalina.core.StandardEngine.startInternal Starting Servlet engine: [Apache Tomcat/9.0.108]
28-Aug-2025 14:45:54.121 INFO [main] org.apache.catalina.startup.HostConfig.deployWAR Deploying web application archive [/Users/nguyendinhtanloc/Documents/Semester_1_2025/Web/Week2/TomCat/webapps/Lesson.war]
28-Aug-2025 14:45:54.243 INFO [main] org.apache.catalina.startup.HostConfig.deployWAR Deployment of web application archive [/Users/nguyendinhtanloc/Documents/Semester_1_2025/Web/Week2/TomCat/webapps/Lesson.war] has finished in [122] ms
28-Aug-2025 14:45:54.243 INFO [main] org.apache.catalina.startup.HostConfig.deployDirectory Deploying web application directory [/Users/nguyendinhtanloc/Documents/Semester_1_2025/Web/Week2/TomCat/webapps/docs]
28-Aug-2025 14:45:54.253 INFO [main] org.apache.catalina.startup.HostConfig.deployDirectory Deployment of web application directory [/Users/nguyendinhtanloc/Documents/Semester_1_2025/Web/Week2/TomCat/webapps/docs] has finished in [10] ms
28-Aug-2025 14:45:54.253 INFO [main] org.apache.catalina.startup.HostConfig.deployDirectory Deploying web application directory [/Users/nguyendinhtanloc/Documents/Semester_1_2025/Web/Week2/TomCat/webapps/manager]
28-Aug-2025 14:45:54.268 INFO [main] org.apache.catalina.startup.HostConfig.deployDirectory Deployment of web application directory [/Users/nguyendinhtanloc/Documents/Semester_1_2025/Web/Week2/TomCat/webapps/manager] has finished in [15] ms
28-Aug-2025 14:45:54.268 INFO [main] org.apache.catalina.startup.HostConfig.deployDirectory Deploying web application directory [/Users/nguyendinhtanloc/Documents/Semester_1_2025/Web/Week2/TomCat/webapps/examples]
28-Aug-2025 14:45:54.376 INFO [main] org.apache.catalina.startup.HostConfig.deployDirectory Deployment of web application directory [/Users/nguyendinhtanloc/Documents/Semester_1_2025/Web/Week2/TomCat/webapps/examples] has finished in [108] ms
28-Aug-2025 14:45:54.376 INFO [main] org.apache.catalina.startup.HostConfig.deployDirectory Deploying web application directory [/Users/nguyendinhtanloc/Documents/Semester_1_2025/Web/Week2/TomCat/webapps/ROOT]
28-Aug-2025 14:45:54.382 INFO [main] org.apache.catalina.startup.HostConfig.deployDirectory Deployment of web application directory [/Users/nguyendinhtanloc/Documents/Semester_1_2025/Web/Week2/TomCat/webapps/ROOT] has finished in [6] ms
28-Aug-2025 14:45:54.383 INFO [main] org.apache.catalina.startup.HostConfig.deployDirectory Deploying web application directory [/Users/nguyendinhtanloc/Documents/Semester_1_2025/Web/Week2/TomCat/webapps/host-manager]
28-Aug-2025 14:45:54.390 INFO [main] org.apache.catalina.startup.HostConfig.deployDirectory Deployment of web application directory [/Users/nguyendinhtanloc/Documents/Semester_1_2025/Web/Week2/TomCat/webapps/host-manager] has finished in [7] ms
28-Aug-2025 14:45:54.392 INFO [main] org.apache.coyote.AbstractProtocol.start Starting ProtocolHandler ["http-nio-8080"]
28-Aug-2025 14:45:54.396 INFO [main] org.apache.catalina.startup.Catalina.start Server startup in [297] milliseconds
User added: 123@gmail.com
28-Aug-2025 14:59:13.052 INFO [main] org.apache.catalina.core.StandardServer.await A valid shutdown command was received via the shutdown port. Stopping the Server instance.
28-Aug-2025 14:59:13.053 INFO [main] org.apache.coyote.AbstractProtocol.pause Pausing ProtocolHandler ["http-nio-8080"]
28-Aug-2025 14:59:14.056 INFO [main] org.apache.catalina.core.StandardService.stopInternal Stopping service [Catalina]
28-Aug-2025 14:59:14.088 INFO [main] org.apache.coyote.AbstractProtocol.stop Stopping ProtocolHandler ["http-nio-8080"]
28-Aug-2025 14:59:14.690 WARNING [main] org.apache.tomcat.util.net.Acceptor.stopMillis The acceptor thread [http-nio-8080-Acceptor] did not stop cleanly
28-Aug-2025 14:59:14.693 INFO [main] org.apache.coyote.AbstractProtocol.destroy Destroying ProtocolHandler ["http-nio-8080"]
NOTE: Picked up JDK_JAVA_OPTIONS:  --add-opens=java.base/java.lang=ALL-UNNAMED --add-opens=java.base/java.lang.invoke=ALL-UNNAMED --add-opens=java.base/java.lang.reflect=ALL-UNNAMED --add-opens=java.base/java.io=ALL-UNNAMED --add-opens=java.base/java.util=ALL-UNNAMED --add-opens=java.base/java.util.concurrent=ALL-UNNAMED --add-opens=java.rmi/sun.rmi.transport=ALL-UNNAMED
28-Aug-2025 15:01:24.676 INFO [main] org.apache.catalina.startup.VersionLoggerListener.log Server version name:   Apache Tomcat/9.0.108
28-Aug-2025 15:01:24.678 INFO [main] org.apache.catalina.startup.VersionLoggerListener.log Server built:          Jul 31 2025 18:19:48 UTC
28-Aug-2025 15:01:24.678 INFO [main] org.apache.catalina.startup.VersionLoggerListener.log Server version number: 9.0.108.0
28-Aug-2025 15:01:24.678 INFO [main] org.apache.catalina.startup.VersionLoggerListener.log OS Name:               Mac OS X
28-Aug-2025 15:01:24.678 INFO [main] org.apache.catalina.startup.VersionLoggerListener.log OS Version:            15.6.1
28-Aug-2025 15:01:24.678 INFO [main] org.apache.catalina.startup.VersionLoggerListener.log Architecture:          aarch64
28-Aug-2025 15:01:24.678 INFO [main] org.apache.catalina.startup.VersionLoggerListener.log Java Home:             /opt/homebrew/Cellar/openjdk@17/17.0.15/libexec/openjdk.jdk/Contents/Home
28-Aug-2025 15:01:24.678 INFO [main] org.apache.catalina.startup.VersionLoggerListener.log JVM Version:           17.0.15+0
28-Aug-2025 15:01:24.678 INFO [main] org.apache.catalina.startup.VersionLoggerListener.log JVM Vendor:            Homebrew
28-Aug-2025 15:01:24.678 INFO [main] org.apache.catalina.startup.VersionLoggerListener.log CATALINA_BASE:         /Users/nguyendinhtanloc/Documents/Semester_1_2025/Web/Week2/TomCat
28-Aug-2025 15:01:24.678 INFO [main] org.apache.catalina.startup.VersionLoggerListener.log CATALINA_HOME:         /Users/nguyendinhtanloc/Documents/Semester_1_2025/Web/Week2/TomCat
28-Aug-2025 15:01:24.685 INFO [main] org.apache.catalina.startup.VersionLoggerListener.log Command line argument: --add-opens=java.base/java.lang=ALL-UNNAMED
28-Aug-2025 15:01:24.685 INFO [main] org.apache.catalina.startup.VersionLoggerListener.log Command line argument: --add-opens=java.base/java.lang.invoke=ALL-UNNAMED
28-Aug-2025 15:01:24.685 INFO [main] org.apache.catalina.startup.VersionLoggerListener.log Command line argument: --add-opens=java.base/java.lang.reflect=ALL-UNNAMED
28-Aug-2025 15:01:24.685 INFO [main] org.apache.catalina.startup.VersionLoggerListener.log Command line argument: --add-opens=java.base/java.io=ALL-UNNAMED
28-Aug-2025 15:01:24.686 INFO [main] org.apache.catalina.startup.VersionLoggerListener.log Command line argument: --add-opens=java.base/java.util=ALL-UNNAMED
28-Aug-2025 15:01:24.686 INFO [main] org.apache.catalina.startup.VersionLoggerListener.log Command line argument: --add-opens=java.base/java.util.concurrent=ALL-UNNAMED
28-Aug-2025 15:01:24.686 INFO [main] org.apache.catalina.startup.VersionLoggerListener.log Command line argument: --add-opens=java.rmi/sun.rmi.transport=ALL-UNNAMED
28-Aug-2025 15:01:24.686 INFO [main] org.apache.catalina.startup.VersionLoggerListener.log Command line argument: -Djava.util.logging.config.file=/Users/nguyendinhtanloc/Documents/Semester_1_2025/Web/Week2/TomCat/conf/logging.properties
28-Aug-2025 15:01:24.686 INFO [main] org.apache.catalina.startup.VersionLoggerListener.log Command line argument: -Djava.util.logging.manager=org.apache.juli.ClassLoaderLogManager
28-Aug-2025 15:01:24.686 INFO [main] org.apache.catalina.startup.VersionLoggerListener.log Command line argument: -Djdk.tls.ephemeralDHKeySize=2048
28-Aug-2025 15:01:24.686 INFO [main] org.apache.catalina.startup.VersionLoggerListener.log Command line argument: -Djava.protocol.handler.pkgs=org.apache.catalina.webresources
28-Aug-2025 15:01:24.686 INFO [main] org.apache.catalina.startup.VersionLoggerListener.log Command line argument: -Dsun.io.useCanonCaches=false
28-Aug-2025 15:01:24.686 INFO [main] org.apache.catalina.startup.VersionLoggerListener.log Command line argument: -Dorg.apache.catalina.security.SecurityListener.UMASK=0027
28-Aug-2025 15:01:24.686 INFO [main] org.apache.catalina.startup.VersionLoggerListener.log Command line argument: -Dignore.endorsed.dirs=
28-Aug-2025 15:01:24.686 INFO [main] org.apache.catalina.startup.VersionLoggerListener.log Command line argument: -Dcatalina.base=/Users/nguyendinhtanloc/Documents/Semester_1_2025/Web/Week2/TomCat
28-Aug-2025 15:01:24.686 INFO [main] org.apache.catalina.startup.VersionLoggerListener.log Command line argument: -Dcatalina.home=/Users/nguyendinhtanloc/Documents/Semester_1_2025/Web/Week2/TomCat
28-Aug-2025 15:01:24.686 INFO [main] org.apache.catalina.startup.VersionLoggerListener.log Command line argument: -Djava.io.tmpdir=/Users/nguyendinhtanloc/Documents/Semester_1_2025/Web/Week2/TomCat/temp
28-Aug-2025 15:01:24.695 INFO [main] org.apache.catalina.core.AprLifecycleListener.lifecycleEvent The Apache Tomcat Native library which allows using OpenSSL was not found on the java.library.path: [/Users/nguyendinhtanloc/Library/Java/Extensions:/Library/Java/Extensions:/Network/Library/Java/Extensions:/System/Library/Java/Extensions:/usr/lib/java:.]
28-Aug-2025 15:01:24.836 INFO [main] org.apache.coyote.AbstractProtocol.init Initializing ProtocolHandler ["http-nio-8080"]
28-Aug-2025 15:01:24.849 INFO [main] org.apache.catalina.startup.Catalina.load Server initialization in [267] milliseconds
28-Aug-2025 15:01:24.868 INFO [main] org.apache.catalina.core.StandardService.startInternal Starting service [Catalina]
28-Aug-2025 15:01:24.868 INFO [main] org.apache.catalina.core.StandardEngine.startInternal Starting Servlet engine: [Apache Tomcat/9.0.108]
28-Aug-2025 15:01:24.875 INFO [main] org.apache.catalina.startup.HostConfig.deployWAR Deploying web application archive [/Users/nguyendinhtanloc/Documents/Semester_1_2025/Web/Week2/TomCat/webapps/Lesson.war]
28-Aug-2025 15:01:25.006 INFO [main] org.apache.catalina.startup.HostConfig.deployWAR Deployment of web application archive [/Users/nguyendinhtanloc/Documents/Semester_1_2025/Web/Week2/TomCat/webapps/Lesson.war] has finished in [132] ms
28-Aug-2025 15:01:25.006 INFO [main] org.apache.catalina.startup.HostConfig.deployDirectory Deploying web application directory [/Users/nguyendinhtanloc/Documents/Semester_1_2025/Web/Week2/TomCat/webapps/docs]
28-Aug-2025 15:01:25.016 INFO [main] org.apache.catalina.startup.HostConfig.deployDirectory Deployment of web application directory [/Users/nguyendinhtanloc/Documents/Semester_1_2025/Web/Week2/TomCat/webapps/docs] has finished in [9] ms
28-Aug-2025 15:01:25.016 INFO [main] org.apache.catalina.startup.HostConfig.deployDirectory Deploying web application directory [/Users/nguyendinhtanloc/Documents/Semester_1_2025/Web/Week2/TomCat/webapps/manager]
28-Aug-2025 15:01:25.029 INFO [main] org.apache.catalina.startup.HostConfig.deployDirectory Deployment of web application directory [/Users/nguyendinhtanloc/Documents/Semester_1_2025/Web/Week2/TomCat/webapps/manager] has finished in [12] ms
28-Aug-2025 15:01:25.029 INFO [main] org.apache.catalina.startup.HostConfig.deployDirectory Deploying web application directory [/Users/nguyendinhtanloc/Documents/Semester_1_2025/Web/Week2/TomCat/webapps/examples]
28-Aug-2025 15:01:25.141 INFO [main] org.apache.catalina.startup.HostConfig.deployDirectory Deployment of web application directory [/Users/nguyendinhtanloc/Documents/Semester_1_2025/Web/Week2/TomCat/webapps/examples] has finished in [111] ms
28-Aug-2025 15:01:25.141 INFO [main] org.apache.catalina.startup.HostConfig.deployDirectory Deploying web application directory [/Users/nguyendinhtanloc/Documents/Semester_1_2025/Web/Week2/TomCat/webapps/ROOT]
28-Aug-2025 15:01:25.147 INFO [main] org.apache.catalina.startup.HostConfig.deployDirectory Deployment of web application directory [/Users/nguyendinhtanloc/Documents/Semester_1_2025/Web/Week2/TomCat/webapps/ROOT] has finished in [6] ms
28-Aug-2025 15:01:25.148 INFO [main] org.apache.catalina.startup.HostConfig.deployDirectory Deploying web application directory [/Users/nguyendinhtanloc/Documents/Semester_1_2025/Web/Week2/TomCat/webapps/host-manager]
28-Aug-2025 15:01:25.157 INFO [main] org.apache.catalina.startup.HostConfig.deployDirectory Deployment of web application directory [/Users/nguyendinhtanloc/Documents/Semester_1_2025/Web/Week2/TomCat/webapps/host-manager] has finished in [9] ms
28-Aug-2025 15:01:25.159 INFO [main] org.apache.coyote.AbstractProtocol.start Starting ProtocolHandler ["http-nio-8080"]
28-Aug-2025 15:01:25.163 INFO [main] org.apache.catalina.startup.Catalina.start Server startup in [313] milliseconds
User added: 113213213@gmail.com
28-Aug-2025 15:06:50.809 INFO [main] org.apache.catalina.core.StandardServer.await A valid shutdown command was received via the shutdown port. Stopping the Server instance.
28-Aug-2025 15:06:50.810 INFO [main] org.apache.coyote.AbstractProtocol.pause Pausing ProtocolHandler ["http-nio-8080"]
28-Aug-2025 15:06:51.814 INFO [main] org.apache.catalina.core.StandardService.stopInternal Stopping service [Catalina]
28-Aug-2025 15:06:51.840 INFO [main] org.apache.coyote.AbstractProtocol.stop Stopping ProtocolHandler ["http-nio-8080"]
28-Aug-2025 15:06:52.445 WARNING [main] org.apache.tomcat.util.net.Acceptor.stopMillis The acceptor thread [http-nio-8080-Acceptor] did not stop cleanly
28-Aug-2025 15:06:52.447 INFO [main] org.apache.coyote.AbstractProtocol.destroy Destroying ProtocolHandler ["http-nio-8080"]
NOTE: Picked up JDK_JAVA_OPTIONS:  --add-opens=java.base/java.lang=ALL-UNNAMED --add-opens=java.base/java.lang.invoke=ALL-UNNAMED --add-opens=java.base/java.lang.reflect=ALL-UNNAMED --add-opens=java.base/java.io=ALL-UNNAMED --add-opens=java.base/java.util=ALL-UNNAMED --add-opens=java.base/java.util.concurrent=ALL-UNNAMED --add-opens=java.rmi/sun.rmi.transport=ALL-UNNAMED
28-Aug-2025 15:08:33.520 INFO [main] org.apache.catalina.startup.VersionLoggerListener.log Server version name:   Apache Tomcat/9.0.108
28-Aug-2025 15:08:33.522 INFO [main] org.apache.catalina.startup.VersionLoggerListener.log Server built:          Jul 31 2025 18:19:48 UTC
28-Aug-2025 15:08:33.522 INFO [main] org.apache.catalina.startup.VersionLoggerListener.log Server version number: 9.0.108.0
28-Aug-2025 15:08:33.522 INFO [main] org.apache.catalina.startup.VersionLoggerListener.log OS Name:               Mac OS X
28-Aug-2025 15:08:33.522 INFO [main] org.apache.catalina.startup.VersionLoggerListener.log OS Version:            15.6.1
28-Aug-2025 15:08:33.522 INFO [main] org.apache.catalina.startup.VersionLoggerListener.log Architecture:          aarch64
28-Aug-2025 15:08:33.522 INFO [main] org.apache.catalina.startup.VersionLoggerListener.log Java Home:             /opt/homebrew/Cellar/openjdk@17/17.0.15/libexec/openjdk.jdk/Contents/Home
28-Aug-2025 15:08:33.522 INFO [main] org.apache.catalina.startup.VersionLoggerListener.log JVM Version:           17.0.15+0
28-Aug-2025 15:08:33.522 INFO [main] org.apache.catalina.startup.VersionLoggerListener.log JVM Vendor:            Homebrew
28-Aug-2025 15:08:33.522 INFO [main] org.apache.catalina.startup.VersionLoggerListener.log CATALINA_BASE:         /Users/nguyendinhtanloc/Documents/Semester_1_2025/Web/Week2/TomCat
28-Aug-2025 15:08:33.522 INFO [main] org.apache.catalina.startup.VersionLoggerListener.log CATALINA_HOME:         /Users/nguyendinhtanloc/Documents/Semester_1_2025/Web/Week2/TomCat
28-Aug-2025 15:08:33.529 INFO [main] org.apache.catalina.startup.VersionLoggerListener.log Command line argument: --add-opens=java.base/java.lang=ALL-UNNAMED
28-Aug-2025 15:08:33.529 INFO [main] org.apache.catalina.startup.VersionLoggerListener.log Command line argument: --add-opens=java.base/java.lang.invoke=ALL-UNNAMED
28-Aug-2025 15:08:33.529 INFO [main] org.apache.catalina.startup.VersionLoggerListener.log Command line argument: --add-opens=java.base/java.lang.reflect=ALL-UNNAMED
28-Aug-2025 15:08:33.529 INFO [main] org.apache.catalina.startup.VersionLoggerListener.log Command line argument: --add-opens=java.base/java.io=ALL-UNNAMED
28-Aug-2025 15:08:33.529 INFO [main] org.apache.catalina.startup.VersionLoggerListener.log Command line argument: --add-opens=java.base/java.util=ALL-UNNAMED
28-Aug-2025 15:08:33.529 INFO [main] org.apache.catalina.startup.VersionLoggerListener.log Command line argument: --add-opens=java.base/java.util.concurrent=ALL-UNNAMED
28-Aug-2025 15:08:33.529 INFO [main] org.apache.catalina.startup.VersionLoggerListener.log Command line argument: --add-opens=java.rmi/sun.rmi.transport=ALL-UNNAMED
28-Aug-2025 15:08:33.529 INFO [main] org.apache.catalina.startup.VersionLoggerListener.log Command line argument: -Djava.util.logging.config.file=/Users/nguyendinhtanloc/Documents/Semester_1_2025/Web/Week2/TomCat/conf/logging.properties
28-Aug-2025 15:08:33.530 INFO [main] org.apache.catalina.startup.VersionLoggerListener.log Command line argument: -Djava.util.logging.manager=org.apache.juli.ClassLoaderLogManager
28-Aug-2025 15:08:33.530 INFO [main] org.apache.catalina.startup.VersionLoggerListener.log Command line argument: -Djdk.tls.ephemeralDHKeySize=2048
28-Aug-2025 15:08:33.530 INFO [main] org.apache.catalina.startup.VersionLoggerListener.log Command line argument: -Djava.protocol.handler.pkgs=org.apache.catalina.webresources
28-Aug-2025 15:08:33.530 INFO [main] org.apache.catalina.startup.VersionLoggerListener.log Command line argument: -Dsun.io.useCanonCaches=false
28-Aug-2025 15:08:33.530 INFO [main] org.apache.catalina.startup.VersionLoggerListener.log Command line argument: -Dorg.apache.catalina.security.SecurityListener.UMASK=0027
28-Aug-2025 15:08:33.530 INFO [main] org.apache.catalina.startup.VersionLoggerListener.log Command line argument: -Dignore.endorsed.dirs=
28-Aug-2025 15:08:33.530 INFO [main] org.apache.catalina.startup.VersionLoggerListener.log Command line argument: -Dcatalina.base=/Users/nguyendinhtanloc/Documents/Semester_1_2025/Web/Week2/TomCat
28-Aug-2025 15:08:33.530 INFO [main] org.apache.catalina.startup.VersionLoggerListener.log Command line argument: -Dcatalina.home=/Users/nguyendinhtanloc/Documents/Semester_1_2025/Web/Week2/TomCat
28-Aug-2025 15:08:33.530 INFO [main] org.apache.catalina.startup.VersionLoggerListener.log Command line argument: -Djava.io.tmpdir=/Users/nguyendinhtanloc/Documents/Semester_1_2025/Web/Week2/TomCat/temp
28-Aug-2025 15:08:33.535 INFO [main] org.apache.catalina.core.AprLifecycleListener.lifecycleEvent The Apache Tomcat Native library which allows using OpenSSL was not found on the java.library.path: [/Users/nguyendinhtanloc/Library/Java/Extensions:/Library/Java/Extensions:/Network/Library/Java/Extensions:/System/Library/Java/Extensions:/usr/lib/java:.]
28-Aug-2025 15:08:33.665 INFO [main] org.apache.coyote.AbstractProtocol.init Initializing ProtocolHandler ["http-nio-8080"]
28-Aug-2025 15:08:33.677 INFO [main] org.apache.catalina.startup.Catalina.load Server initialization in [243] milliseconds
28-Aug-2025 15:08:33.690 INFO [main] org.apache.catalina.core.StandardService.startInternal Starting service [Catalina]
28-Aug-2025 15:08:33.691 INFO [main] org.apache.catalina.core.StandardEngine.startInternal Starting Servlet engine: [Apache Tomcat/9.0.108]
28-Aug-2025 15:08:33.696 INFO [main] org.apache.catalina.startup.HostConfig.deployWAR Deploying web application archive [/Users/nguyendinhtanloc/Documents/Semester_1_2025/Web/Week2/TomCat/webapps/Lesson.war]
28-Aug-2025 15:08:33.814 INFO [main] org.apache.catalina.startup.HostConfig.deployWAR Deployment of web application archive [/Users/nguyendinhtanloc/Documents/Semester_1_2025/Web/Week2/TomCat/webapps/Lesson.war] has finished in [118] ms
28-Aug-2025 15:08:33.814 INFO [main] org.apache.catalina.startup.HostConfig.deployDirectory Deploying web application directory [/Users/nguyendinhtanloc/Documents/Semester_1_2025/Web/Week2/TomCat/webapps/docs]
28-Aug-2025 15:08:33.823 INFO [main] org.apache.catalina.startup.HostConfig.deployDirectory Deployment of web application directory [/Users/nguyendinhtanloc/Documents/Semester_1_2025/Web/Week2/TomCat/webapps/docs] has finished in [9] ms
28-Aug-2025 15:08:33.824 INFO [main] org.apache.catalina.startup.HostConfig.deployDirectory Deploying web application directory [/Users/nguyendinhtanloc/Documents/Semester_1_2025/Web/Week2/TomCat/webapps/manager]
28-Aug-2025 15:08:33.837 INFO [main] org.apache.catalina.startup.HostConfig.deployDirectory Deployment of web application directory [/Users/nguyendinhtanloc/Documents/Semester_1_2025/Web/Week2/TomCat/webapps/manager] has finished in [13] ms
28-Aug-2025 15:08:33.837 INFO [main] org.apache.catalina.startup.HostConfig.deployDirectory Deploying web application directory [/Users/nguyendinhtanloc/Documents/Semester_1_2025/Web/Week2/TomCat/webapps/examples]
28-Aug-2025 15:08:33.956 INFO [main] org.apache.catalina.startup.HostConfig.deployDirectory Deployment of web application directory [/Users/nguyendinhtanloc/Documents/Semester_1_2025/Web/Week2/TomCat/webapps/examples] has finished in [118] ms
28-Aug-2025 15:08:33.956 INFO [main] org.apache.catalina.startup.HostConfig.deployDirectory Deploying web application directory [/Users/nguyendinhtanloc/Documents/Semester_1_2025/Web/Week2/TomCat/webapps/ROOT]
28-Aug-2025 15:08:33.962 INFO [main] org.apache.catalina.startup.HostConfig.deployDirectory Deployment of web application directory [/Users/nguyendinhtanloc/Documents/Semester_1_2025/Web/Week2/TomCat/webapps/ROOT] has finished in [6] ms
28-Aug-2025 15:08:33.962 INFO [main] org.apache.catalina.startup.HostConfig.deployDirectory Deploying web application directory [/Users/nguyendinhtanloc/Documents/Semester_1_2025/Web/Week2/TomCat/webapps/host-manager]
28-Aug-2025 15:08:33.970 INFO [main] org.apache.catalina.startup.HostConfig.deployDirectory Deployment of web application directory [/Users/nguyendinhtanloc/Documents/Semester_1_2025/Web/Week2/TomCat/webapps/host-manager] has finished in [8] ms
28-Aug-2025 15:08:33.971 INFO [main] org.apache.coyote.AbstractProtocol.start Starting ProtocolHandler ["http-nio-8080"]
28-Aug-2025 15:08:33.975 INFO [main] org.apache.catalina.startup.Catalina.start Server startup in [298] milliseconds
User added: 113213213@gmail.com
User added: 123@gmail.com
User added: 123@gmail.com
28-Aug-2025 15:18:35.778 INFO [main] org.apache.catalina.core.StandardServer.await A valid shutdown command was received via the shutdown port. Stopping the Server instance.
28-Aug-2025 15:18:35.780 INFO [main] org.apache.coyote.AbstractProtocol.pause Pausing ProtocolHandler ["http-nio-8080"]
28-Aug-2025 15:18:36.784 INFO [main] org.apache.catalina.core.StandardService.stopInternal Stopping service [Catalina]
28-Aug-2025 15:18:36.823 INFO [main] org.apache.coyote.AbstractProtocol.stop Stopping ProtocolHandler ["http-nio-8080"]
28-Aug-2025 15:18:37.429 WARNING [main] org.apache.tomcat.util.net.Acceptor.stopMillis The acceptor thread [http-nio-8080-Acceptor] did not stop cleanly
28-Aug-2025 15:18:37.442 INFO [main] org.apache.coyote.AbstractProtocol.destroy Destroying ProtocolHandler ["http-nio-8080"]
NOTE: Picked up JDK_JAVA_OPTIONS:  --add-opens=java.base/java.lang=ALL-UNNAMED --add-opens=java.base/java.lang.invoke=ALL-UNNAMED --add-opens=java.base/java.lang.reflect=ALL-UNNAMED --add-opens=java.base/java.io=ALL-UNNAMED --add-opens=java.base/java.util=ALL-UNNAMED --add-opens=java.base/java.util.concurrent=ALL-UNNAMED --add-opens=java.rmi/sun.rmi.transport=ALL-UNNAMED
07-Sep-2025 20:23:39.424 INFO [main] org.apache.catalina.startup.VersionLoggerListener.log Server version name:   Apache Tomcat/9.0.108
07-Sep-2025 20:23:39.426 INFO [main] org.apache.catalina.startup.VersionLoggerListener.log Server built:          Jul 31 2025 18:19:48 UTC
07-Sep-2025 20:23:39.426 INFO [main] org.apache.catalina.startup.VersionLoggerListener.log Server version number: 9.0.108.0
07-Sep-2025 20:23:39.426 INFO [main] org.apache.catalina.startup.VersionLoggerListener.log OS Name:               Mac OS X
07-Sep-2025 20:23:39.426 INFO [main] org.apache.catalina.startup.VersionLoggerListener.log OS Version:            15.6.1
07-Sep-2025 20:23:39.426 INFO [main] org.apache.catalina.startup.VersionLoggerListener.log Architecture:          aarch64
07-Sep-2025 20:23:39.426 INFO [main] org.apache.catalina.startup.VersionLoggerListener.log Java Home:             /opt/homebrew/Cellar/openjdk@17/17.0.15/libexec/openjdk.jdk/Contents/Home
07-Sep-2025 20:23:39.426 INFO [main] org.apache.catalina.startup.VersionLoggerListener.log JVM Version:           17.0.15+0
07-Sep-2025 20:23:39.426 INFO [main] org.apache.catalina.startup.VersionLoggerListener.log JVM Vendor:            Homebrew
07-Sep-2025 20:23:39.426 INFO [main] org.apache.catalina.startup.VersionLoggerListener.log CATALINA_BASE:         /Users/nguyendinhtanloc/Documents/Semester_1_2025/Web/Week3/TomCat
07-Sep-2025 20:23:39.426 INFO [main] org.apache.catalina.startup.VersionLoggerListener.log CATALINA_HOME:         /Users/nguyendinhtanloc/Documents/Semester_1_2025/Web/Week3/TomCat
07-Sep-2025 20:23:39.457 INFO [main] org.apache.catalina.startup.VersionLoggerListener.log Command line argument: --add-opens=java.base/java.lang=ALL-UNNAMED
07-Sep-2025 20:23:39.457 INFO [main] org.apache.catalina.startup.VersionLoggerListener.log Command line argument: --add-opens=java.base/java.lang.invoke=ALL-UNNAMED
07-Sep-2025 20:23:39.457 INFO [main] org.apache.catalina.startup.VersionLoggerListener.log Command line argument: --add-opens=java.base/java.lang.reflect=ALL-UNNAMED
07-Sep-2025 20:23:39.457 INFO [main] org.apache.catalina.startup.VersionLoggerListener.log Command line argument: --add-opens=java.base/java.io=ALL-UNNAMED
07-Sep-2025 20:23:39.457 INFO [main] org.apache.catalina.startup.VersionLoggerListener.log Command line argument: --add-opens=java.base/java.util=ALL-UNNAMED
07-Sep-2025 20:23:39.457 INFO [main] org.apache.catalina.startup.VersionLoggerListener.log Command line argument: --add-opens=java.base/java.util.concurrent=ALL-UNNAMED
07-Sep-2025 20:23:39.457 INFO [main] org.apache.catalina.startup.VersionLoggerListener.log Command line argument: --add-opens=java.rmi/sun.rmi.transport=ALL-UNNAMED
07-Sep-2025 20:23:39.457 INFO [main] org.apache.catalina.startup.VersionLoggerListener.log Command line argument: -Djava.util.logging.config.file=/Users/nguyendinhtanloc/Documents/Semester_1_2025/Web/Week3/TomCat/conf/logging.properties
07-Sep-2025 20:23:39.457 INFO [main] org.apache.catalina.startup.VersionLoggerListener.log Command line argument: -Djava.util.logging.manager=org.apache.juli.ClassLoaderLogManager
07-Sep-2025 20:23:39.457 INFO [main] org.apache.catalina.startup.VersionLoggerListener.log Command line argument: -Djdk.tls.ephemeralDHKeySize=2048
07-Sep-2025 20:23:39.457 INFO [main] org.apache.catalina.startup.VersionLoggerListener.log Command line argument: -Djava.protocol.handler.pkgs=org.apache.catalina.webresources
07-Sep-2025 20:23:39.457 INFO [main] org.apache.catalina.startup.VersionLoggerListener.log Command line argument: -Dsun.io.useCanonCaches=false
07-Sep-2025 20:23:39.457 INFO [main] org.apache.catalina.startup.VersionLoggerListener.log Command line argument: -Dorg.apache.catalina.security.SecurityListener.UMASK=0027
07-Sep-2025 20:23:39.457 INFO [main] org.apache.catalina.startup.VersionLoggerListener.log Command line argument: -Dignore.endorsed.dirs=
07-Sep-2025 20:23:39.457 INFO [main] org.apache.catalina.startup.VersionLoggerListener.log Command line argument: -Dcatalina.base=/Users/nguyendinhtanloc/Documents/Semester_1_2025/Web/Week3/TomCat
07-Sep-2025 20:23:39.457 INFO [main] org.apache.catalina.startup.VersionLoggerListener.log Command line argument: -Dcatalina.home=/Users/nguyendinhtanloc/Documents/Semester_1_2025/Web/Week3/TomCat
07-Sep-2025 20:23:39.457 INFO [main] org.apache.catalina.startup.VersionLoggerListener.log Command line argument: -Djava.io.tmpdir=/Users/nguyendinhtanloc/Documents/Semester_1_2025/Web/Week3/TomCat/temp
07-Sep-2025 20:23:39.462 INFO [main] org.apache.catalina.core.AprLifecycleListener.lifecycleEvent The Apache Tomcat Native library which allows using OpenSSL was not found on the java.library.path: [/Users/nguyendinhtanloc/Library/Java/Extensions:/Library/Java/Extensions:/Network/Library/Java/Extensions:/System/Library/Java/Extensions:/usr/lib/java:.]
07-Sep-2025 20:23:39.602 INFO [main] org.apache.coyote.AbstractProtocol.init Initializing ProtocolHandler ["http-nio-8080"]
07-Sep-2025 20:23:39.630 SEVERE [main] org.apache.catalina.util.LifecycleBase.handleSubClassException Failed to initialize component [Connector["http-nio-8080"]]
	org.apache.catalina.LifecycleException: Protocol handler initialization failed
		at org.apache.catalina.connector.Connector.initInternal(Connector.java:1072)
		at org.apache.catalina.util.LifecycleBase.init(LifecycleBase.java:122)
		at org.apache.catalina.core.StandardService.initInternal(StandardService.java:522)
		at org.apache.catalina.util.LifecycleBase.init(LifecycleBase.java:122)
		at org.apache.catalina.core.StandardServer.initInternal(StandardServer.java:986)
		at org.apache.catalina.util.LifecycleBase.init(LifecycleBase.java:122)
		at org.apache.catalina.startup.Catalina.load(Catalina.java:690)
		at org.apache.catalina.startup.Catalina.load(Catalina.java:713)
		at java.base/jdk.internal.reflect.NativeMethodAccessorImpl.invoke0(Native Method)
		at java.base/jdk.internal.reflect.NativeMethodAccessorImpl.invoke(NativeMethodAccessorImpl.java:77)
		at java.base/jdk.internal.reflect.DelegatingMethodAccessorImpl.invoke(DelegatingMethodAccessorImpl.java:43)
		at java.base/java.lang.reflect.Method.invoke(Method.java:569)
		at org.apache.catalina.startup.Bootstrap.load(Bootstrap.java:302)
		at org.apache.catalina.startup.Bootstrap.main(Bootstrap.java:475)
	Caused by: java.net.BindException: Address already in use
		at java.base/sun.nio.ch.Net.bind0(Native Method)
		at java.base/sun.nio.ch.Net.bind(Net.java:555)
		at java.base/sun.nio.ch.ServerSocketChannelImpl.netBind(ServerSocketChannelImpl.java:337)
		at java.base/sun.nio.ch.ServerSocketChannelImpl.bind(ServerSocketChannelImpl.java:294)
		at org.apache.tomcat.util.net.NioEndpoint.initServerSocket(NioEndpoint.java:298)
		at org.apache.tomcat.util.net.NioEndpoint.bind(NioEndpoint.java:253)
		at org.apache.tomcat.util.net.AbstractEndpoint.bindWithCleanup(AbstractEndpoint.java:1465)
		at org.apache.tomcat.util.net.AbstractEndpoint.init(AbstractEndpoint.java:1478)
		at org.apache.coyote.AbstractProtocol.init(AbstractProtocol.java:663)
		at org.apache.coyote.http11.AbstractHttp11Protocol.init(AbstractHttp11Protocol.java:80)
		at org.apache.catalina.connector.Connector.initInternal(Connector.java:1070)
		... 13 more
07-Sep-2025 20:23:39.630 INFO [main] org.apache.catalina.startup.Catalina.load Server initialization in [300] milliseconds
07-Sep-2025 20:23:39.646 INFO [main] org.apache.catalina.core.StandardService.startInternal Starting service [Catalina]
07-Sep-2025 20:23:39.646 INFO [main] org.apache.catalina.core.StandardEngine.startInternal Starting Servlet engine: [Apache Tomcat/9.0.108]
07-Sep-2025 20:23:39.652 INFO [main] org.apache.catalina.startup.HostConfig.deployWAR Deploying web application archive [/Users/nguyendinhtanloc/Documents/Semester_1_2025/Web/Week3/TomCat/webapps/Lesson.war]
07-Sep-2025 20:23:39.658 INFO [main] org.apache.catalina.startup.ExpandWar.expand An expanded directory [/Users/nguyendinhtanloc/Documents/Semester_1_2025/Web/Week3/TomCat/webapps/Lesson] was found with a last modified time that did not match the associated WAR. It will be deleted.
07-Sep-2025 20:23:39.782 INFO [main] org.apache.catalina.startup.HostConfig.deployWAR Deployment of web application archive [/Users/nguyendinhtanloc/Documents/Semester_1_2025/Web/Week3/TomCat/webapps/Lesson.war] has finished in [131] ms
07-Sep-2025 20:23:39.782 INFO [main] org.apache.catalina.startup.HostConfig.deployDirectory Deploying web application directory [/Users/nguyendinhtanloc/Documents/Semester_1_2025/Web/Week3/TomCat/webapps/docs]
07-Sep-2025 20:23:39.792 INFO [main] org.apache.catalina.startup.HostConfig.deployDirectory Deployment of web application directory [/Users/nguyendinhtanloc/Documents/Semester_1_2025/Web/Week3/TomCat/webapps/docs] has finished in [10] ms
07-Sep-2025 20:23:39.792 INFO [main] org.apache.catalina.startup.HostConfig.deployDirectory Deploying web application directory [/Users/nguyendinhtanloc/Documents/Semester_1_2025/Web/Week3/TomCat/webapps/manager]
07-Sep-2025 20:23:39.812 INFO [main] org.apache.catalina.startup.HostConfig.deployDirectory Deployment of web application directory [/Users/nguyendinhtanloc/Documents/Semester_1_2025/Web/Week3/TomCat/webapps/manager] has finished in [20] ms
07-Sep-2025 20:23:39.812 INFO [main] org.apache.catalina.startup.HostConfig.deployDirectory Deploying web application directory [/Users/nguyendinhtanloc/Documents/Semester_1_2025/Web/Week3/TomCat/webapps/examples]
07-Sep-2025 20:23:39.918 INFO [main] org.apache.catalina.startup.HostConfig.deployDirectory Deployment of web application directory [/Users/nguyendinhtanloc/Documents/Semester_1_2025/Web/Week3/TomCat/webapps/examples] has finished in [106] ms
07-Sep-2025 20:23:39.918 INFO [main] org.apache.catalina.startup.HostConfig.deployDirectory Deploying web application directory [/Users/nguyendinhtanloc/Documents/Semester_1_2025/Web/Week3/TomCat/webapps/ROOT]
07-Sep-2025 20:23:39.924 INFO [main] org.apache.catalina.startup.HostConfig.deployDirectory Deployment of web application directory [/Users/nguyendinhtanloc/Documents/Semester_1_2025/Web/Week3/TomCat/webapps/ROOT] has finished in [6] ms
07-Sep-2025 20:23:39.924 INFO [main] org.apache.catalina.startup.HostConfig.deployDirectory Deploying web application directory [/Users/nguyendinhtanloc/Documents/Semester_1_2025/Web/Week3/TomCat/webapps/host-manager]
07-Sep-2025 20:23:39.932 INFO [main] org.apache.catalina.startup.HostConfig.deployDirectory Deployment of web application directory [/Users/nguyendinhtanloc/Documents/Semester_1_2025/Web/Week3/TomCat/webapps/host-manager] has finished in [8] ms
07-Sep-2025 20:23:39.934 INFO [main] org.apache.catalina.startup.Catalina.start Server startup in [303] milliseconds
07-Sep-2025 20:23:39.936 SEVERE [main] org.apache.catalina.core.StandardServer.await Failed to create server shutdown socket on address [localhost] and port [8005] (base port [8005] and offset [0])
	java.net.BindException: Address already in use
		at java.base/sun.nio.ch.Net.bind0(Native Method)
		at java.base/sun.nio.ch.Net.bind(Net.java:555)
		at java.base/sun.nio.ch.Net.bind(Net.java:544)
		at java.base/sun.nio.ch.NioSocketImpl.bind(NioSocketImpl.java:648)
		at java.base/java.net.ServerSocket.bind(ServerSocket.java:388)
		at java.base/java.net.ServerSocket.<init>(ServerSocket.java:274)
		at org.apache.catalina.core.StandardServer.await(StandardServer.java:537)
		at org.apache.catalina.startup.Catalina.await(Catalina.java:829)
		at org.apache.catalina.startup.Catalina.start(Catalina.java:777)
		at java.base/jdk.internal.reflect.NativeMethodAccessorImpl.invoke0(Native Method)
		at java.base/jdk.internal.reflect.NativeMethodAccessorImpl.invoke(NativeMethodAccessorImpl.java:77)
		at java.base/jdk.internal.reflect.DelegatingMethodAccessorImpl.invoke(DelegatingMethodAccessorImpl.java:43)
		at java.base/java.lang.reflect.Method.invoke(Method.java:569)
		at org.apache.catalina.startup.Bootstrap.start(Bootstrap.java:345)
		at org.apache.catalina.startup.Bootstrap.main(Bootstrap.java:476)
07-Sep-2025 20:23:39.936 INFO [main] org.apache.coyote.AbstractProtocol.pause Pausing ProtocolHandler ["http-nio-8080"]
07-Sep-2025 20:23:39.936 INFO [main] org.apache.catalina.core.StandardService.stopInternal Stopping service [Catalina]
07-Sep-2025 20:23:39.947 INFO [main] org.apache.coyote.AbstractProtocol.stop Stopping ProtocolHandler ["http-nio-8080"]
07-Sep-2025 20:23:39.948 INFO [main] org.apache.coyote.AbstractProtocol.destroy Destroying ProtocolHandler ["http-nio-8080"]
NOTE: Picked up JDK_JAVA_OPTIONS:  --add-opens=java.base/java.lang=ALL-UNNAMED --add-opens=java.base/java.lang.invoke=ALL-UNNAMED --add-opens=java.base/java.lang.reflect=ALL-UNNAMED --add-opens=java.base/java.io=ALL-UNNAMED --add-opens=java.base/java.util=ALL-UNNAMED --add-opens=java.base/java.util.concurrent=ALL-UNNAMED --add-opens=java.rmi/sun.rmi.transport=ALL-UNNAMED
07-Sep-2025 20:24:10.278 INFO [main] org.apache.catalina.startup.VersionLoggerListener.log Server version name:   Apache Tomcat/9.0.108
07-Sep-2025 20:24:10.280 INFO [main] org.apache.catalina.startup.VersionLoggerListener.log Server built:          Jul 31 2025 18:19:48 UTC
07-Sep-2025 20:24:10.280 INFO [main] org.apache.catalina.startup.VersionLoggerListener.log Server version number: 9.0.108.0
07-Sep-2025 20:24:10.280 INFO [main] org.apache.catalina.startup.VersionLoggerListener.log OS Name:               Mac OS X
07-Sep-2025 20:24:10.280 INFO [main] org.apache.catalina.startup.VersionLoggerListener.log OS Version:            15.6.1
07-Sep-2025 20:24:10.280 INFO [main] org.apache.catalina.startup.VersionLoggerListener.log Architecture:          aarch64
07-Sep-2025 20:24:10.280 INFO [main] org.apache.catalina.startup.VersionLoggerListener.log Java Home:             /opt/homebrew/Cellar/openjdk@17/17.0.15/libexec/openjdk.jdk/Contents/Home
07-Sep-2025 20:24:10.280 INFO [main] org.apache.catalina.startup.VersionLoggerListener.log JVM Version:           17.0.15+0
07-Sep-2025 20:24:10.280 INFO [main] org.apache.catalina.startup.VersionLoggerListener.log JVM Vendor:            Homebrew
07-Sep-2025 20:24:10.280 INFO [main] org.apache.catalina.startup.VersionLoggerListener.log CATALINA_BASE:         /Users/nguyendinhtanloc/Documents/Semester_1_2025/Web/Week3/TomCat
07-Sep-2025 20:24:10.280 INFO [main] org.apache.catalina.startup.VersionLoggerListener.log CATALINA_HOME:         /Users/nguyendinhtanloc/Documents/Semester_1_2025/Web/Week3/TomCat
07-Sep-2025 20:24:10.285 INFO [main] org.apache.catalina.startup.VersionLoggerListener.log Command line argument: --add-opens=java.base/java.lang=ALL-UNNAMED
07-Sep-2025 20:24:10.285 INFO [main] org.apache.catalina.startup.VersionLoggerListener.log Command line argument: --add-opens=java.base/java.lang.invoke=ALL-UNNAMED
07-Sep-2025 20:24:10.285 INFO [main] org.apache.catalina.startup.VersionLoggerListener.log Command line argument: --add-opens=java.base/java.lang.reflect=ALL-UNNAMED
07-Sep-2025 20:24:10.285 INFO [main] org.apache.catalina.startup.VersionLoggerListener.log Command line argument: --add-opens=java.base/java.io=ALL-UNNAMED
07-Sep-2025 20:24:10.285 INFO [main] org.apache.catalina.startup.VersionLoggerListener.log Command line argument: --add-opens=java.base/java.util=ALL-UNNAMED
07-Sep-2025 20:24:10.285 INFO [main] org.apache.catalina.startup.VersionLoggerListener.log Command line argument: --add-opens=java.base/java.util.concurrent=ALL-UNNAMED
07-Sep-2025 20:24:10.285 INFO [main] org.apache.catalina.startup.VersionLoggerListener.log Command line argument: --add-opens=java.rmi/sun.rmi.transport=ALL-UNNAMED
07-Sep-2025 20:24:10.285 INFO [main] org.apache.catalina.startup.VersionLoggerListener.log Command line argument: -Djava.util.logging.config.file=/Users/nguyendinhtanloc/Documents/Semester_1_2025/Web/Week3/TomCat/conf/logging.properties
07-Sep-2025 20:24:10.285 INFO [main] org.apache.catalina.startup.VersionLoggerListener.log Command line argument: -Djava.util.logging.manager=org.apache.juli.ClassLoaderLogManager
07-Sep-2025 20:24:10.285 INFO [main] org.apache.catalina.startup.VersionLoggerListener.log Command line argument: -Djdk.tls.ephemeralDHKeySize=2048
07-Sep-2025 20:24:10.285 INFO [main] org.apache.catalina.startup.VersionLoggerListener.log Command line argument: -Djava.protocol.handler.pkgs=org.apache.catalina.webresources
07-Sep-2025 20:24:10.285 INFO [main] org.apache.catalina.startup.VersionLoggerListener.log Command line argument: -Dsun.io.useCanonCaches=false
07-Sep-2025 20:24:10.285 INFO [main] org.apache.catalina.startup.VersionLoggerListener.log Command line argument: -Dorg.apache.catalina.security.SecurityListener.UMASK=0027
07-Sep-2025 20:24:10.285 INFO [main] org.apache.catalina.startup.VersionLoggerListener.log Command line argument: -Dignore.endorsed.dirs=
07-Sep-2025 20:24:10.285 INFO [main] org.apache.catalina.startup.VersionLoggerListener.log Command line argument: -Dcatalina.base=/Users/nguyendinhtanloc/Documents/Semester_1_2025/Web/Week3/TomCat
07-Sep-2025 20:24:10.285 INFO [main] org.apache.catalina.startup.VersionLoggerListener.log Command line argument: -Dcatalina.home=/Users/nguyendinhtanloc/Documents/Semester_1_2025/Web/Week3/TomCat
07-Sep-2025 20:24:10.285 INFO [main] org.apache.catalina.startup.VersionLoggerListener.log Command line argument: -Djava.io.tmpdir=/Users/nguyendinhtanloc/Documents/Semester_1_2025/Web/Week3/TomCat/temp
07-Sep-2025 20:24:10.290 INFO [main] org.apache.catalina.core.AprLifecycleListener.lifecycleEvent The Apache Tomcat Native library which allows using OpenSSL was not found on the java.library.path: [/Users/nguyendinhtanloc/Library/Java/Extensions:/Library/Java/Extensions:/Network/Library/Java/Extensions:/System/Library/Java/Extensions:/usr/lib/java:.]
07-Sep-2025 20:24:10.424 INFO [main] org.apache.coyote.AbstractProtocol.init Initializing ProtocolHandler ["http-nio-8080"]
07-Sep-2025 20:24:10.436 INFO [main] org.apache.catalina.startup.Catalina.load Server initialization in [241] milliseconds
07-Sep-2025 20:24:10.452 INFO [main] org.apache.catalina.core.StandardService.startInternal Starting service [Catalina]
07-Sep-2025 20:24:10.452 INFO [main] org.apache.catalina.core.StandardEngine.startInternal Starting Servlet engine: [Apache Tomcat/9.0.108]
07-Sep-2025 20:24:10.458 INFO [main] org.apache.catalina.startup.HostConfig.deployWAR Deploying web application archive [/Users/nguyendinhtanloc/Documents/Semester_1_2025/Web/Week3/TomCat/webapps/Lesson.war]
07-Sep-2025 20:24:10.564 INFO [main] org.apache.catalina.startup.HostConfig.deployWAR Deployment of web application archive [/Users/nguyendinhtanloc/Documents/Semester_1_2025/Web/Week3/TomCat/webapps/Lesson.war] has finished in [106] ms
07-Sep-2025 20:24:10.564 INFO [main] org.apache.catalina.startup.HostConfig.deployDirectory Deploying web application directory [/Users/nguyendinhtanloc/Documents/Semester_1_2025/Web/Week3/TomCat/webapps/docs]
07-Sep-2025 20:24:10.573 INFO [main] org.apache.catalina.startup.HostConfig.deployDirectory Deployment of web application directory [/Users/nguyendinhtanloc/Documents/Semester_1_2025/Web/Week3/TomCat/webapps/docs] has finished in [9] ms
07-Sep-2025 20:24:10.573 INFO [main] org.apache.catalina.startup.HostConfig.deployDirectory Deploying web application directory [/Users/nguyendinhtanloc/Documents/Semester_1_2025/Web/Week3/TomCat/webapps/manager]
07-Sep-2025 20:24:10.587 INFO [main] org.apache.catalina.startup.HostConfig.deployDirectory Deployment of web application directory [/Users/nguyendinhtanloc/Documents/Semester_1_2025/Web/Week3/TomCat/webapps/manager] has finished in [14] ms
07-Sep-2025 20:24:10.587 INFO [main] org.apache.catalina.startup.HostConfig.deployDirectory Deploying web application directory [/Users/nguyendinhtanloc/Documents/Semester_1_2025/Web/Week3/TomCat/webapps/examples]
07-Sep-2025 20:24:10.692 INFO [main] org.apache.catalina.startup.HostConfig.deployDirectory Deployment of web application directory [/Users/nguyendinhtanloc/Documents/Semester_1_2025/Web/Week3/TomCat/webapps/examples] has finished in [105] ms
07-Sep-2025 20:24:10.692 INFO [main] org.apache.catalina.startup.HostConfig.deployDirectory Deploying web application directory [/Users/nguyendinhtanloc/Documents/Semester_1_2025/Web/Week3/TomCat/webapps/ROOT]
07-Sep-2025 20:24:10.698 INFO [main] org.apache.catalina.startup.HostConfig.deployDirectory Deployment of web application directory [/Users/nguyendinhtanloc/Documents/Semester_1_2025/Web/Week3/TomCat/webapps/ROOT] has finished in [6] ms
07-Sep-2025 20:24:10.698 INFO [main] org.apache.catalina.startup.HostConfig.deployDirectory Deploying web application directory [/Users/nguyendinhtanloc/Documents/Semester_1_2025/Web/Week3/TomCat/webapps/host-manager]
07-Sep-2025 20:24:10.706 INFO [main] org.apache.catalina.startup.HostConfig.deployDirectory Deployment of web application directory [/Users/nguyendinhtanloc/Documents/Semester_1_2025/Web/Week3/TomCat/webapps/host-manager] has finished in [8] ms
07-Sep-2025 20:24:10.707 INFO [main] org.apache.coyote.AbstractProtocol.start Starting ProtocolHandler ["http-nio-8080"]
07-Sep-2025 20:24:10.711 INFO [main] org.apache.catalina.startup.Catalina.start Server startup in [274] milliseconds
07-Sep-2025 20:33:27.911 INFO [main] org.apache.catalina.core.StandardServer.await A valid shutdown command was received via the shutdown port. Stopping the Server instance.
07-Sep-2025 20:33:27.912 INFO [main] org.apache.coyote.AbstractProtocol.pause Pausing ProtocolHandler ["http-nio-8080"]
07-Sep-2025 20:33:27.915 INFO [main] org.apache.catalina.core.StandardService.stopInternal Stopping service [Catalina]
07-Sep-2025 20:33:27.932 INFO [main] org.apache.coyote.AbstractProtocol.stop Stopping ProtocolHandler ["http-nio-8080"]
07-Sep-2025 20:33:27.959 INFO [main] org.apache.coyote.AbstractProtocol.destroy Destroying ProtocolHandler ["http-nio-8080"]
NOTE: Picked up JDK_JAVA_OPTIONS:  --add-opens=java.base/java.lang=ALL-UNNAMED --add-opens=java.base/java.lang.invoke=ALL-UNNAMED --add-opens=java.base/java.lang.reflect=ALL-UNNAMED --add-opens=java.base/java.io=ALL-UNNAMED --add-opens=java.base/java.util=ALL-UNNAMED --add-opens=java.base/java.util.concurrent=ALL-UNNAMED --add-opens=java.rmi/sun.rmi.transport=ALL-UNNAMED
07-Sep-2025 20:34:03.973 INFO [main] org.apache.catalina.startup.VersionLoggerListener.log Server version name:   Apache Tomcat/9.0.108
07-Sep-2025 20:34:03.975 INFO [main] org.apache.catalina.startup.VersionLoggerListener.log Server built:          Jul 31 2025 18:19:48 UTC
07-Sep-2025 20:34:03.975 INFO [main] org.apache.catalina.startup.VersionLoggerListener.log Server version number: 9.0.108.0
07-Sep-2025 20:34:03.975 INFO [main] org.apache.catalina.startup.VersionLoggerListener.log OS Name:               Mac OS X
07-Sep-2025 20:34:03.975 INFO [main] org.apache.catalina.startup.VersionLoggerListener.log OS Version:            15.6.1
07-Sep-2025 20:34:03.975 INFO [main] org.apache.catalina.startup.VersionLoggerListener.log Architecture:          aarch64
07-Sep-2025 20:34:03.975 INFO [main] org.apache.catalina.startup.VersionLoggerListener.log Java Home:             /opt/homebrew/Cellar/openjdk@17/17.0.15/libexec/openjdk.jdk/Contents/Home
07-Sep-2025 20:34:03.975 INFO [main] org.apache.catalina.startup.VersionLoggerListener.log JVM Version:           17.0.15+0
07-Sep-2025 20:34:03.975 INFO [main] org.apache.catalina.startup.VersionLoggerListener.log JVM Vendor:            Homebrew
07-Sep-2025 20:34:03.975 INFO [main] org.apache.catalina.startup.VersionLoggerListener.log CATALINA_BASE:         /Users/nguyendinhtanloc/Documents/Semester_1_2025/Web/Week3/TomCat
07-Sep-2025 20:34:03.975 INFO [main] org.apache.catalina.startup.VersionLoggerListener.log CATALINA_HOME:         /Users/nguyendinhtanloc/Documents/Semester_1_2025/Web/Week3/TomCat
07-Sep-2025 20:34:03.983 INFO [main] org.apache.catalina.startup.VersionLoggerListener.log Command line argument: --add-opens=java.base/java.lang=ALL-UNNAMED
07-Sep-2025 20:34:03.983 INFO [main] org.apache.catalina.startup.VersionLoggerListener.log Command line argument: --add-opens=java.base/java.lang.invoke=ALL-UNNAMED
07-Sep-2025 20:34:03.983 INFO [main] org.apache.catalina.startup.VersionLoggerListener.log Command line argument: --add-opens=java.base/java.lang.reflect=ALL-UNNAMED
07-Sep-2025 20:34:03.983 INFO [main] org.apache.catalina.startup.VersionLoggerListener.log Command line argument: --add-opens=java.base/java.io=ALL-UNNAMED
07-Sep-2025 20:34:03.983 INFO [main] org.apache.catalina.startup.VersionLoggerListener.log Command line argument: --add-opens=java.base/java.util=ALL-UNNAMED
07-Sep-2025 20:34:03.984 INFO [main] org.apache.catalina.startup.VersionLoggerListener.log Command line argument: --add-opens=java.base/java.util.concurrent=ALL-UNNAMED
07-Sep-2025 20:34:03.984 INFO [main] org.apache.catalina.startup.VersionLoggerListener.log Command line argument: --add-opens=java.rmi/sun.rmi.transport=ALL-UNNAMED
07-Sep-2025 20:34:03.984 INFO [main] org.apache.catalina.startup.VersionLoggerListener.log Command line argument: -Djava.util.logging.config.file=/Users/nguyendinhtanloc/Documents/Semester_1_2025/Web/Week3/TomCat/conf/logging.properties
07-Sep-2025 20:34:03.984 INFO [main] org.apache.catalina.startup.VersionLoggerListener.log Command line argument: -Djava.util.logging.manager=org.apache.juli.ClassLoaderLogManager
07-Sep-2025 20:34:03.984 INFO [main] org.apache.catalina.startup.VersionLoggerListener.log Command line argument: -Djdk.tls.ephemeralDHKeySize=2048
07-Sep-2025 20:34:03.984 INFO [main] org.apache.catalina.startup.VersionLoggerListener.log Command line argument: -Djava.protocol.handler.pkgs=org.apache.catalina.webresources
07-Sep-2025 20:34:03.984 INFO [main] org.apache.catalina.startup.VersionLoggerListener.log Command line argument: -Dsun.io.useCanonCaches=false
07-Sep-2025 20:34:03.984 INFO [main] org.apache.catalina.startup.VersionLoggerListener.log Command line argument: -Dorg.apache.catalina.security.SecurityListener.UMASK=0027
07-Sep-2025 20:34:03.984 INFO [main] org.apache.catalina.startup.VersionLoggerListener.log Command line argument: -Dignore.endorsed.dirs=
07-Sep-2025 20:34:03.984 INFO [main] org.apache.catalina.startup.VersionLoggerListener.log Command line argument: -Dcatalina.base=/Users/nguyendinhtanloc/Documents/Semester_1_2025/Web/Week3/TomCat
07-Sep-2025 20:34:03.984 INFO [main] org.apache.catalina.startup.VersionLoggerListener.log Command line argument: -Dcatalina.home=/Users/nguyendinhtanloc/Documents/Semester_1_2025/Web/Week3/TomCat
07-Sep-2025 20:34:03.984 INFO [main] org.apache.catalina.startup.VersionLoggerListener.log Command line argument: -Djava.io.tmpdir=/Users/nguyendinhtanloc/Documents/Semester_1_2025/Web/Week3/TomCat/temp
07-Sep-2025 20:34:03.989 INFO [main] org.apache.catalina.core.AprLifecycleListener.lifecycleEvent The Apache Tomcat Native library which allows using OpenSSL was not found on the java.library.path: [/Users/nguyendinhtanloc/Library/Java/Extensions:/Library/Java/Extensions:/Network/Library/Java/Extensions:/System/Library/Java/Extensions:/usr/lib/java:.]
07-Sep-2025 20:34:04.121 INFO [main] org.apache.coyote.AbstractProtocol.init Initializing ProtocolHandler ["http-nio-8080"]
07-Sep-2025 20:34:04.134 INFO [main] org.apache.catalina.startup.Catalina.load Server initialization in [244] milliseconds
07-Sep-2025 20:34:04.149 INFO [main] org.apache.catalina.core.StandardService.startInternal Starting service [Catalina]
07-Sep-2025 20:34:04.150 INFO [main] org.apache.catalina.core.StandardEngine.startInternal Starting Servlet engine: [Apache Tomcat/9.0.108]
07-Sep-2025 20:34:04.155 INFO [main] org.apache.catalina.startup.HostConfig.deployWAR Deploying web application archive [/Users/nguyendinhtanloc/Documents/Semester_1_2025/Web/Week3/TomCat/webapps/Lesson.war]
07-Sep-2025 20:34:04.161 INFO [main] org.apache.catalina.startup.ExpandWar.expand An expanded directory [/Users/nguyendinhtanloc/Documents/Semester_1_2025/Web/Week3/TomCat/webapps/Lesson] was found with a last modified time that did not match the associated WAR. It will be deleted.
07-Sep-2025 20:34:04.269 INFO [main] org.apache.catalina.startup.HostConfig.deployWAR Deployment of web application archive [/Users/nguyendinhtanloc/Documents/Semester_1_2025/Web/Week3/TomCat/webapps/Lesson.war] has finished in [114] ms
07-Sep-2025 20:34:04.270 INFO [main] org.apache.catalina.startup.HostConfig.deployDirectory Deploying web application directory [/Users/nguyendinhtanloc/Documents/Semester_1_2025/Web/Week3/TomCat/webapps/docs]
07-Sep-2025 20:34:04.279 INFO [main] org.apache.catalina.startup.HostConfig.deployDirectory Deployment of web application directory [/Users/nguyendinhtanloc/Documents/Semester_1_2025/Web/Week3/TomCat/webapps/docs] has finished in [9] ms
07-Sep-2025 20:34:04.279 INFO [main] org.apache.catalina.startup.HostConfig.deployDirectory Deploying web application directory [/Users/nguyendinhtanloc/Documents/Semester_1_2025/Web/Week3/TomCat/webapps/manager]
07-Sep-2025 20:34:04.292 INFO [main] org.apache.catalina.startup.HostConfig.deployDirectory Deployment of web application directory [/Users/nguyendinhtanloc/Documents/Semester_1_2025/Web/Week3/TomCat/webapps/manager] has finished in [13] ms
07-Sep-2025 20:34:04.292 INFO [main] org.apache.catalina.startup.HostConfig.deployDirectory Deploying web application directory [/Users/nguyendinhtanloc/Documents/Semester_1_2025/Web/Week3/TomCat/webapps/examples]
07-Sep-2025 20:34:04.390 INFO [main] org.apache.catalina.startup.HostConfig.deployDirectory Deployment of web application directory [/Users/nguyendinhtanloc/Documents/Semester_1_2025/Web/Week3/TomCat/webapps/examples] has finished in [98] ms
07-Sep-2025 20:34:04.390 INFO [main] org.apache.catalina.startup.HostConfig.deployDirectory Deploying web application directory [/Users/nguyendinhtanloc/Documents/Semester_1_2025/Web/Week3/TomCat/webapps/ROOT]
07-Sep-2025 20:34:04.396 INFO [main] org.apache.catalina.startup.HostConfig.deployDirectory Deployment of web application directory [/Users/nguyendinhtanloc/Documents/Semester_1_2025/Web/Week3/TomCat/webapps/ROOT] has finished in [6] ms
07-Sep-2025 20:34:04.396 INFO [main] org.apache.catalina.startup.HostConfig.deployDirectory Deploying web application directory [/Users/nguyendinhtanloc/Documents/Semester_1_2025/Web/Week3/TomCat/webapps/host-manager]
07-Sep-2025 20:34:04.404 INFO [main] org.apache.catalina.startup.HostConfig.deployDirectory Deployment of web application directory [/Users/nguyendinhtanloc/Documents/Semester_1_2025/Web/Week3/TomCat/webapps/host-manager] has finished in [8] ms
07-Sep-2025 20:34:04.405 INFO [main] org.apache.coyote.AbstractProtocol.start Starting ProtocolHandler ["http-nio-8080"]
07-Sep-2025 20:34:04.409 INFO [main] org.apache.catalina.startup.Catalina.start Server startup in [275] milliseconds
07-Sep-2025 20:34:07.841 INFO [main] org.apache.catalina.core.StandardServer.await A valid shutdown command was received via the shutdown port. Stopping the Server instance.
07-Sep-2025 20:34:07.841 INFO [main] org.apache.coyote.AbstractProtocol.pause Pausing ProtocolHandler ["http-nio-8080"]
07-Sep-2025 20:34:07.843 INFO [main] org.apache.catalina.core.StandardService.stopInternal Stopping service [Catalina]
07-Sep-2025 20:34:07.853 INFO [main] org.apache.coyote.AbstractProtocol.stop Stopping ProtocolHandler ["http-nio-8080"]
07-Sep-2025 20:34:07.858 INFO [main] org.apache.coyote.AbstractProtocol.destroy Destroying ProtocolHandler ["http-nio-8080"]
NOTE: Picked up JDK_JAVA_OPTIONS:  --add-opens=java.base/java.lang=ALL-UNNAMED --add-opens=java.base/java.lang.invoke=ALL-UNNAMED --add-opens=java.base/java.lang.reflect=ALL-UNNAMED --add-opens=java.base/java.io=ALL-UNNAMED --add-opens=java.base/java.util=ALL-UNNAMED --add-opens=java.base/java.util.concurrent=ALL-UNNAMED --add-opens=java.rmi/sun.rmi.transport=ALL-UNNAMED
07-Sep-2025 20:34:09.637 INFO [main] org.apache.catalina.startup.VersionLoggerListener.log Server version name:   Apache Tomcat/9.0.108
07-Sep-2025 20:34:09.639 INFO [main] org.apache.catalina.startup.VersionLoggerListener.log Server built:          Jul 31 2025 18:19:48 UTC
07-Sep-2025 20:34:09.639 INFO [main] org.apache.catalina.startup.VersionLoggerListener.log Server version number: 9.0.108.0
07-Sep-2025 20:34:09.639 INFO [main] org.apache.catalina.startup.VersionLoggerListener.log OS Name:               Mac OS X
07-Sep-2025 20:34:09.639 INFO [main] org.apache.catalina.startup.VersionLoggerListener.log OS Version:            15.6.1
07-Sep-2025 20:34:09.639 INFO [main] org.apache.catalina.startup.VersionLoggerListener.log Architecture:          aarch64
07-Sep-2025 20:34:09.639 INFO [main] org.apache.catalina.startup.VersionLoggerListener.log Java Home:             /opt/homebrew/Cellar/openjdk@17/17.0.15/libexec/openjdk.jdk/Contents/Home
07-Sep-2025 20:34:09.639 INFO [main] org.apache.catalina.startup.VersionLoggerListener.log JVM Version:           17.0.15+0
07-Sep-2025 20:34:09.639 INFO [main] org.apache.catalina.startup.VersionLoggerListener.log JVM Vendor:            Homebrew
07-Sep-2025 20:34:09.639 INFO [main] org.apache.catalina.startup.VersionLoggerListener.log CATALINA_BASE:         /Users/nguyendinhtanloc/Documents/Semester_1_2025/Web/Week3/TomCat
07-Sep-2025 20:34:09.640 INFO [main] org.apache.catalina.startup.VersionLoggerListener.log CATALINA_HOME:         /Users/nguyendinhtanloc/Documents/Semester_1_2025/Web/Week3/TomCat
07-Sep-2025 20:34:09.644 INFO [main] org.apache.catalina.startup.VersionLoggerListener.log Command line argument: --add-opens=java.base/java.lang=ALL-UNNAMED
07-Sep-2025 20:34:09.644 INFO [main] org.apache.catalina.startup.VersionLoggerListener.log Command line argument: --add-opens=java.base/java.lang.invoke=ALL-UNNAMED
07-Sep-2025 20:34:09.644 INFO [main] org.apache.catalina.startup.VersionLoggerListener.log Command line argument: --add-opens=java.base/java.lang.reflect=ALL-UNNAMED
07-Sep-2025 20:34:09.644 INFO [main] org.apache.catalina.startup.VersionLoggerListener.log Command line argument: --add-opens=java.base/java.io=ALL-UNNAMED
07-Sep-2025 20:34:09.644 INFO [main] org.apache.catalina.startup.VersionLoggerListener.log Command line argument: --add-opens=java.base/java.util=ALL-UNNAMED
07-Sep-2025 20:34:09.644 INFO [main] org.apache.catalina.startup.VersionLoggerListener.log Command line argument: --add-opens=java.base/java.util.concurrent=ALL-UNNAMED
07-Sep-2025 20:34:09.644 INFO [main] org.apache.catalina.startup.VersionLoggerListener.log Command line argument: --add-opens=java.rmi/sun.rmi.transport=ALL-UNNAMED
07-Sep-2025 20:34:09.644 INFO [main] org.apache.catalina.startup.VersionLoggerListener.log Command line argument: -Djava.util.logging.config.file=/Users/nguyendinhtanloc/Documents/Semester_1_2025/Web/Week3/TomCat/conf/logging.properties
07-Sep-2025 20:34:09.644 INFO [main] org.apache.catalina.startup.VersionLoggerListener.log Command line argument: -Djava.util.logging.manager=org.apache.juli.ClassLoaderLogManager
07-Sep-2025 20:34:09.644 INFO [main] org.apache.catalina.startup.VersionLoggerListener.log Command line argument: -Djdk.tls.ephemeralDHKeySize=2048
07-Sep-2025 20:34:09.644 INFO [main] org.apache.catalina.startup.VersionLoggerListener.log Command line argument: -Djava.protocol.handler.pkgs=org.apache.catalina.webresources
07-Sep-2025 20:34:09.644 INFO [main] org.apache.catalina.startup.VersionLoggerListener.log Command line argument: -Dsun.io.useCanonCaches=false
07-Sep-2025 20:34:09.644 INFO [main] org.apache.catalina.startup.VersionLoggerListener.log Command line argument: -Dorg.apache.catalina.security.SecurityListener.UMASK=0027
07-Sep-2025 20:34:09.645 INFO [main] org.apache.catalina.startup.VersionLoggerListener.log Command line argument: -Dignore.endorsed.dirs=
07-Sep-2025 20:34:09.645 INFO [main] org.apache.catalina.startup.VersionLoggerListener.log Command line argument: -Dcatalina.base=/Users/nguyendinhtanloc/Documents/Semester_1_2025/Web/Week3/TomCat
07-Sep-2025 20:34:09.645 INFO [main] org.apache.catalina.startup.VersionLoggerListener.log Command line argument: -Dcatalina.home=/Users/nguyendinhtanloc/Documents/Semester_1_2025/Web/Week3/TomCat
07-Sep-2025 20:34:09.645 INFO [main] org.apache.catalina.startup.VersionLoggerListener.log Command line argument: -Djava.io.tmpdir=/Users/nguyendinhtanloc/Documents/Semester_1_2025/Web/Week3/TomCat/temp
07-Sep-2025 20:34:09.649 INFO [main] org.apache.catalina.core.AprLifecycleListener.lifecycleEvent The Apache Tomcat Native library which allows using OpenSSL was not found on the java.library.path: [/Users/nguyendinhtanloc/Library/Java/Extensions:/Library/Java/Extensions:/Network/Library/Java/Extensions:/System/Library/Java/Extensions:/usr/lib/java:.]
07-Sep-2025 20:34:09.774 INFO [main] org.apache.coyote.AbstractProtocol.init Initializing ProtocolHandler ["http-nio-8080"]
07-Sep-2025 20:34:09.785 INFO [main] org.apache.catalina.startup.Catalina.load Server initialization in [222] milliseconds
07-Sep-2025 20:34:09.798 INFO [main] org.apache.catalina.core.StandardService.startInternal Starting service [Catalina]
07-Sep-2025 20:34:09.798 INFO [main] org.apache.catalina.core.StandardEngine.startInternal Starting Servlet engine: [Apache Tomcat/9.0.108]
07-Sep-2025 20:34:09.802 INFO [main] org.apache.catalina.startup.HostConfig.deployWAR Deploying web application archive [/Users/nguyendinhtanloc/Documents/Semester_1_2025/Web/Week3/TomCat/webapps/Lesson.war]
07-Sep-2025 20:34:09.897 INFO [main] org.apache.catalina.startup.HostConfig.deployWAR Deployment of web application archive [/Users/nguyendinhtanloc/Documents/Semester_1_2025/Web/Week3/TomCat/webapps/Lesson.war] has finished in [94] ms
07-Sep-2025 20:34:09.897 INFO [main] org.apache.catalina.startup.HostConfig.deployDirectory Deploying web application directory [/Users/nguyendinhtanloc/Documents/Semester_1_2025/Web/Week3/TomCat/webapps/docs]
07-Sep-2025 20:34:09.906 INFO [main] org.apache.catalina.startup.HostConfig.deployDirectory Deployment of web application directory [/Users/nguyendinhtanloc/Documents/Semester_1_2025/Web/Week3/TomCat/webapps/docs] has finished in [9] ms
07-Sep-2025 20:34:09.906 INFO [main] org.apache.catalina.startup.HostConfig.deployDirectory Deploying web application directory [/Users/nguyendinhtanloc/Documents/Semester_1_2025/Web/Week3/TomCat/webapps/manager]
07-Sep-2025 20:34:09.917 INFO [main] org.apache.catalina.startup.HostConfig.deployDirectory Deployment of web application directory [/Users/nguyendinhtanloc/Documents/Semester_1_2025/Web/Week3/TomCat/webapps/manager] has finished in [11] ms
07-Sep-2025 20:34:09.917 INFO [main] org.apache.catalina.startup.HostConfig.deployDirectory Deploying web application directory [/Users/nguyendinhtanloc/Documents/Semester_1_2025/Web/Week3/TomCat/webapps/examples]
07-Sep-2025 20:34:09.998 INFO [main] org.apache.catalina.startup.HostConfig.deployDirectory Deployment of web application directory [/Users/nguyendinhtanloc/Documents/Semester_1_2025/Web/Week3/TomCat/webapps/examples] has finished in [80] ms
07-Sep-2025 20:34:09.998 INFO [main] org.apache.catalina.startup.HostConfig.deployDirectory Deploying web application directory [/Users/nguyendinhtanloc/Documents/Semester_1_2025/Web/Week3/TomCat/webapps/ROOT]
07-Sep-2025 20:34:10.005 INFO [main] org.apache.catalina.startup.HostConfig.deployDirectory Deployment of web application directory [/Users/nguyendinhtanloc/Documents/Semester_1_2025/Web/Week3/TomCat/webapps/ROOT] has finished in [7] ms
07-Sep-2025 20:34:10.005 INFO [main] org.apache.catalina.startup.HostConfig.deployDirectory Deploying web application directory [/Users/nguyendinhtanloc/Documents/Semester_1_2025/Web/Week3/TomCat/webapps/host-manager]
07-Sep-2025 20:34:10.020 INFO [main] org.apache.catalina.startup.HostConfig.deployDirectory Deployment of web application directory [/Users/nguyendinhtanloc/Documents/Semester_1_2025/Web/Week3/TomCat/webapps/host-manager] has finished in [15] ms
07-Sep-2025 20:34:10.022 INFO [main] org.apache.coyote.AbstractProtocol.start Starting ProtocolHandler ["http-nio-8080"]
07-Sep-2025 20:34:10.034 INFO [main] org.apache.catalina.startup.Catalina.start Server startup in [248] milliseconds
07-Sep-2025 20:34:58.874 INFO [main] org.apache.catalina.core.StandardServer.await A valid shutdown command was received via the shutdown port. Stopping the Server instance.
07-Sep-2025 20:34:58.876 INFO [main] org.apache.coyote.AbstractProtocol.pause Pausing ProtocolHandler ["http-nio-8080"]
07-Sep-2025 20:34:58.878 INFO [main] org.apache.catalina.core.StandardService.stopInternal Stopping service [Catalina]
07-Sep-2025 20:34:58.894 INFO [main] org.apache.coyote.AbstractProtocol.stop Stopping ProtocolHandler ["http-nio-8080"]
07-Sep-2025 20:34:58.902 INFO [main] org.apache.coyote.AbstractProtocol.destroy Destroying ProtocolHandler ["http-nio-8080"]
NOTE: Picked up JDK_JAVA_OPTIONS:  --add-opens=java.base/java.lang=ALL-UNNAMED --add-opens=java.base/java.lang.invoke=ALL-UNNAMED --add-opens=java.base/java.lang.reflect=ALL-UNNAMED --add-opens=java.base/java.io=ALL-UNNAMED --add-opens=java.base/java.util=ALL-UNNAMED --add-opens=java.base/java.util.concurrent=ALL-UNNAMED --add-opens=java.rmi/sun.rmi.transport=ALL-UNNAMED
07-Sep-2025 20:35:00.720 INFO [main] org.apache.catalina.startup.VersionLoggerListener.log Server version name:   Apache Tomcat/9.0.108
07-Sep-2025 20:35:00.721 INFO [main] org.apache.catalina.startup.VersionLoggerListener.log Server built:          Jul 31 2025 18:19:48 UTC
07-Sep-2025 20:35:00.722 INFO [main] org.apache.catalina.startup.VersionLoggerListener.log Server version number: 9.0.108.0
07-Sep-2025 20:35:00.722 INFO [main] org.apache.catalina.startup.VersionLoggerListener.log OS Name:               Mac OS X
07-Sep-2025 20:35:00.722 INFO [main] org.apache.catalina.startup.VersionLoggerListener.log OS Version:            15.6.1
07-Sep-2025 20:35:00.722 INFO [main] org.apache.catalina.startup.VersionLoggerListener.log Architecture:          aarch64
07-Sep-2025 20:35:00.722 INFO [main] org.apache.catalina.startup.VersionLoggerListener.log Java Home:             /opt/homebrew/Cellar/openjdk@17/17.0.15/libexec/openjdk.jdk/Contents/Home
07-Sep-2025 20:35:00.722 INFO [main] org.apache.catalina.startup.VersionLoggerListener.log JVM Version:           17.0.15+0
07-Sep-2025 20:35:00.722 INFO [main] org.apache.catalina.startup.VersionLoggerListener.log JVM Vendor:            Homebrew
07-Sep-2025 20:35:00.722 INFO [main] org.apache.catalina.startup.VersionLoggerListener.log CATALINA_BASE:         /Users/nguyendinhtanloc/Documents/Semester_1_2025/Web/Week3/TomCat
07-Sep-2025 20:35:00.722 INFO [main] org.apache.catalina.startup.VersionLoggerListener.log CATALINA_HOME:         /Users/nguyendinhtanloc/Documents/Semester_1_2025/Web/Week3/TomCat
07-Sep-2025 20:35:00.726 INFO [main] org.apache.catalina.startup.VersionLoggerListener.log Command line argument: --add-opens=java.base/java.lang=ALL-UNNAMED
07-Sep-2025 20:35:00.726 INFO [main] org.apache.catalina.startup.VersionLoggerListener.log Command line argument: --add-opens=java.base/java.lang.invoke=ALL-UNNAMED
07-Sep-2025 20:35:00.726 INFO [main] org.apache.catalina.startup.VersionLoggerListener.log Command line argument: --add-opens=java.base/java.lang.reflect=ALL-UNNAMED
07-Sep-2025 20:35:00.726 INFO [main] org.apache.catalina.startup.VersionLoggerListener.log Command line argument: --add-opens=java.base/java.io=ALL-UNNAMED
07-Sep-2025 20:35:00.726 INFO [main] org.apache.catalina.startup.VersionLoggerListener.log Command line argument: --add-opens=java.base/java.util=ALL-UNNAMED
07-Sep-2025 20:35:00.727 INFO [main] org.apache.catalina.startup.VersionLoggerListener.log Command line argument: --add-opens=java.base/java.util.concurrent=ALL-UNNAMED
07-Sep-2025 20:35:00.727 INFO [main] org.apache.catalina.startup.VersionLoggerListener.log Command line argument: --add-opens=java.rmi/sun.rmi.transport=ALL-UNNAMED
07-Sep-2025 20:35:00.727 INFO [main] org.apache.catalina.startup.VersionLoggerListener.log Command line argument: -Djava.util.logging.config.file=/Users/nguyendinhtanloc/Documents/Semester_1_2025/Web/Week3/TomCat/conf/logging.properties
07-Sep-2025 20:35:00.727 INFO [main] org.apache.catalina.startup.VersionLoggerListener.log Command line argument: -Djava.util.logging.manager=org.apache.juli.ClassLoaderLogManager
07-Sep-2025 20:35:00.727 INFO [main] org.apache.catalina.startup.VersionLoggerListener.log Command line argument: -Djdk.tls.ephemeralDHKeySize=2048
07-Sep-2025 20:35:00.727 INFO [main] org.apache.catalina.startup.VersionLoggerListener.log Command line argument: -Djava.protocol.handler.pkgs=org.apache.catalina.webresources
07-Sep-2025 20:35:00.727 INFO [main] org.apache.catalina.startup.VersionLoggerListener.log Command line argument: -Dsun.io.useCanonCaches=false
07-Sep-2025 20:35:00.727 INFO [main] org.apache.catalina.startup.VersionLoggerListener.log Command line argument: -Dorg.apache.catalina.security.SecurityListener.UMASK=0027
07-Sep-2025 20:35:00.727 INFO [main] org.apache.catalina.startup.VersionLoggerListener.log Command line argument: -Dignore.endorsed.dirs=
07-Sep-2025 20:35:00.727 INFO [main] org.apache.catalina.startup.VersionLoggerListener.log Command line argument: -Dcatalina.base=/Users/nguyendinhtanloc/Documents/Semester_1_2025/Web/Week3/TomCat
07-Sep-2025 20:35:00.727 INFO [main] org.apache.catalina.startup.VersionLoggerListener.log Command line argument: -Dcatalina.home=/Users/nguyendinhtanloc/Documents/Semester_1_2025/Web/Week3/TomCat
07-Sep-2025 20:35:00.727 INFO [main] org.apache.catalina.startup.VersionLoggerListener.log Command line argument: -Djava.io.tmpdir=/Users/nguyendinhtanloc/Documents/Semester_1_2025/Web/Week3/TomCat/temp
07-Sep-2025 20:35:00.732 INFO [main] org.apache.catalina.core.AprLifecycleListener.lifecycleEvent The Apache Tomcat Native library which allows using OpenSSL was not found on the java.library.path: [/Users/nguyendinhtanloc/Library/Java/Extensions:/Library/Java/Extensions:/Network/Library/Java/Extensions:/System/Library/Java/Extensions:/usr/lib/java:.]
07-Sep-2025 20:35:00.857 INFO [main] org.apache.coyote.AbstractProtocol.init Initializing ProtocolHandler ["http-nio-8080"]
07-Sep-2025 20:35:00.868 INFO [main] org.apache.catalina.startup.Catalina.load Server initialization in [226] milliseconds
07-Sep-2025 20:35:00.882 INFO [main] org.apache.catalina.core.StandardService.startInternal Starting service [Catalina]
07-Sep-2025 20:35:00.882 INFO [main] org.apache.catalina.core.StandardEngine.startInternal Starting Servlet engine: [Apache Tomcat/9.0.108]
07-Sep-2025 20:35:00.887 INFO [main] org.apache.catalina.startup.HostConfig.deployWAR Deploying web application archive [/Users/nguyendinhtanloc/Documents/Semester_1_2025/Web/Week3/TomCat/webapps/Lesson.war]
07-Sep-2025 20:35:00.988 INFO [main] org.apache.catalina.startup.HostConfig.deployWAR Deployment of web application archive [/Users/nguyendinhtanloc/Documents/Semester_1_2025/Web/Week3/TomCat/webapps/Lesson.war] has finished in [101] ms
07-Sep-2025 20:35:00.989 INFO [main] org.apache.catalina.startup.HostConfig.deployDirectory Deploying web application directory [/Users/nguyendinhtanloc/Documents/Semester_1_2025/Web/Week3/TomCat/webapps/docs]
07-Sep-2025 20:35:01.000 INFO [main] org.apache.catalina.startup.HostConfig.deployDirectory Deployment of web application directory [/Users/nguyendinhtanloc/Documents/Semester_1_2025/Web/Week3/TomCat/webapps/docs] has finished in [11] ms
07-Sep-2025 20:35:01.000 INFO [main] org.apache.catalina.startup.HostConfig.deployDirectory Deploying web application directory [/Users/nguyendinhtanloc/Documents/Semester_1_2025/Web/Week3/TomCat/webapps/manager]
07-Sep-2025 20:35:01.014 INFO [main] org.apache.catalina.startup.HostConfig.deployDirectory Deployment of web application directory [/Users/nguyendinhtanloc/Documents/Semester_1_2025/Web/Week3/TomCat/webapps/manager] has finished in [14] ms
07-Sep-2025 20:35:01.014 INFO [main] org.apache.catalina.startup.HostConfig.deployDirectory Deploying web application directory [/Users/nguyendinhtanloc/Documents/Semester_1_2025/Web/Week3/TomCat/webapps/examples]
07-Sep-2025 20:35:01.114 INFO [main] org.apache.catalina.startup.HostConfig.deployDirectory Deployment of web application directory [/Users/nguyendinhtanloc/Documents/Semester_1_2025/Web/Week3/TomCat/webapps/examples] has finished in [100] ms
07-Sep-2025 20:35:01.114 INFO [main] org.apache.catalina.startup.HostConfig.deployDirectory Deploying web application directory [/Users/nguyendinhtanloc/Documents/Semester_1_2025/Web/Week3/TomCat/webapps/ROOT]
07-Sep-2025 20:35:01.121 INFO [main] org.apache.catalina.startup.HostConfig.deployDirectory Deployment of web application directory [/Users/nguyendinhtanloc/Documents/Semester_1_2025/Web/Week3/TomCat/webapps/ROOT] has finished in [7] ms
07-Sep-2025 20:35:01.121 INFO [main] org.apache.catalina.startup.HostConfig.deployDirectory Deploying web application directory [/Users/nguyendinhtanloc/Documents/Semester_1_2025/Web/Week3/TomCat/webapps/host-manager]
07-Sep-2025 20:35:01.129 INFO [main] org.apache.catalina.startup.HostConfig.deployDirectory Deployment of web application directory [/Users/nguyendinhtanloc/Documents/Semester_1_2025/Web/Week3/TomCat/webapps/host-manager] has finished in [8] ms
07-Sep-2025 20:35:01.130 INFO [main] org.apache.coyote.AbstractProtocol.start Starting ProtocolHandler ["http-nio-8080"]
07-Sep-2025 20:35:01.134 INFO [main] org.apache.catalina.startup.Catalina.start Server startup in [265] milliseconds
07-Sep-2025 20:41:02.226 INFO [main] org.apache.catalina.core.StandardServer.await A valid shutdown command was received via the shutdown port. Stopping the Server instance.
07-Sep-2025 20:41:02.228 INFO [main] org.apache.coyote.AbstractProtocol.pause Pausing ProtocolHandler ["http-nio-8080"]
07-Sep-2025 20:41:02.230 INFO [main] org.apache.catalina.core.StandardService.stopInternal Stopping service [Catalina]
07-Sep-2025 20:41:02.242 INFO [main] org.apache.coyote.AbstractProtocol.stop Stopping ProtocolHandler ["http-nio-8080"]
07-Sep-2025 20:41:02.254 INFO [main] org.apache.coyote.AbstractProtocol.destroy Destroying ProtocolHandler ["http-nio-8080"]
NOTE: Picked up JDK_JAVA_OPTIONS:  --add-opens=java.base/java.lang=ALL-UNNAMED --add-opens=java.base/java.lang.invoke=ALL-UNNAMED --add-opens=java.base/java.lang.reflect=ALL-UNNAMED --add-opens=java.base/java.io=ALL-UNNAMED --add-opens=java.base/java.util=ALL-UNNAMED --add-opens=java.base/java.util.concurrent=ALL-UNNAMED --add-opens=java.rmi/sun.rmi.transport=ALL-UNNAMED
07-Sep-2025 20:41:33.669 INFO [main] org.apache.catalina.startup.VersionLoggerListener.log Server version name:   Apache Tomcat/9.0.108
07-Sep-2025 20:41:33.671 INFO [main] org.apache.catalina.startup.VersionLoggerListener.log Server built:          Jul 31 2025 18:19:48 UTC
07-Sep-2025 20:41:33.671 INFO [main] org.apache.catalina.startup.VersionLoggerListener.log Server version number: 9.0.108.0
07-Sep-2025 20:41:33.671 INFO [main] org.apache.catalina.startup.VersionLoggerListener.log OS Name:               Mac OS X
07-Sep-2025 20:41:33.671 INFO [main] org.apache.catalina.startup.VersionLoggerListener.log OS Version:            15.6.1
07-Sep-2025 20:41:33.671 INFO [main] org.apache.catalina.startup.VersionLoggerListener.log Architecture:          aarch64
07-Sep-2025 20:41:33.671 INFO [main] org.apache.catalina.startup.VersionLoggerListener.log Java Home:             /opt/homebrew/Cellar/openjdk@17/17.0.15/libexec/openjdk.jdk/Contents/Home
07-Sep-2025 20:41:33.671 INFO [main] org.apache.catalina.startup.VersionLoggerListener.log JVM Version:           17.0.15+0
07-Sep-2025 20:41:33.671 INFO [main] org.apache.catalina.startup.VersionLoggerListener.log JVM Vendor:            Homebrew
07-Sep-2025 20:41:33.671 INFO [main] org.apache.catalina.startup.VersionLoggerListener.log CATALINA_BASE:         /Users/nguyendinhtanloc/Documents/Semester_1_2025/Web/Week3/TomCat
07-Sep-2025 20:41:33.671 INFO [main] org.apache.catalina.startup.VersionLoggerListener.log CATALINA_HOME:         /Users/nguyendinhtanloc/Documents/Semester_1_2025/Web/Week3/TomCat
07-Sep-2025 20:41:33.677 INFO [main] org.apache.catalina.startup.VersionLoggerListener.log Command line argument: --add-opens=java.base/java.lang=ALL-UNNAMED
07-Sep-2025 20:41:33.677 INFO [main] org.apache.catalina.startup.VersionLoggerListener.log Command line argument: --add-opens=java.base/java.lang.invoke=ALL-UNNAMED
07-Sep-2025 20:41:33.677 INFO [main] org.apache.catalina.startup.VersionLoggerListener.log Command line argument: --add-opens=java.base/java.lang.reflect=ALL-UNNAMED
07-Sep-2025 20:41:33.677 INFO [main] org.apache.catalina.startup.VersionLoggerListener.log Command line argument: --add-opens=java.base/java.io=ALL-UNNAMED
07-Sep-2025 20:41:33.677 INFO [main] org.apache.catalina.startup.VersionLoggerListener.log Command line argument: --add-opens=java.base/java.util=ALL-UNNAMED
07-Sep-2025 20:41:33.677 INFO [main] org.apache.catalina.startup.VersionLoggerListener.log Command line argument: --add-opens=java.base/java.util.concurrent=ALL-UNNAMED
07-Sep-2025 20:41:33.677 INFO [main] org.apache.catalina.startup.VersionLoggerListener.log Command line argument: --add-opens=java.rmi/sun.rmi.transport=ALL-UNNAMED
07-Sep-2025 20:41:33.677 INFO [main] org.apache.catalina.startup.VersionLoggerListener.log Command line argument: -Djava.util.logging.config.file=/Users/nguyendinhtanloc/Documents/Semester_1_2025/Web/Week3/TomCat/conf/logging.properties
07-Sep-2025 20:41:33.677 INFO [main] org.apache.catalina.startup.VersionLoggerListener.log Command line argument: -Djava.util.logging.manager=org.apache.juli.ClassLoaderLogManager
07-Sep-2025 20:41:33.677 INFO [main] org.apache.catalina.startup.VersionLoggerListener.log Command line argument: -Djdk.tls.ephemeralDHKeySize=2048
07-Sep-2025 20:41:33.677 INFO [main] org.apache.catalina.startup.VersionLoggerListener.log Command line argument: -Djava.protocol.handler.pkgs=org.apache.catalina.webresources
07-Sep-2025 20:41:33.677 INFO [main] org.apache.catalina.startup.VersionLoggerListener.log Command line argument: -Dsun.io.useCanonCaches=false
07-Sep-2025 20:41:33.677 INFO [main] org.apache.catalina.startup.VersionLoggerListener.log Command line argument: -Dorg.apache.catalina.security.SecurityListener.UMASK=0027
07-Sep-2025 20:41:33.677 INFO [main] org.apache.catalina.startup.VersionLoggerListener.log Command line argument: -Dignore.endorsed.dirs=
07-Sep-2025 20:41:33.677 INFO [main] org.apache.catalina.startup.VersionLoggerListener.log Command line argument: -Dcatalina.base=/Users/nguyendinhtanloc/Documents/Semester_1_2025/Web/Week3/TomCat
07-Sep-2025 20:41:33.677 INFO [main] org.apache.catalina.startup.VersionLoggerListener.log Command line argument: -Dcatalina.home=/Users/nguyendinhtanloc/Documents/Semester_1_2025/Web/Week3/TomCat
07-Sep-2025 20:41:33.677 INFO [main] org.apache.catalina.startup.VersionLoggerListener.log Command line argument: -Djava.io.tmpdir=/Users/nguyendinhtanloc/Documents/Semester_1_2025/Web/Week3/TomCat/temp
07-Sep-2025 20:41:33.682 INFO [main] org.apache.catalina.core.AprLifecycleListener.lifecycleEvent The Apache Tomcat Native library which allows using OpenSSL was not found on the java.library.path: [/Users/nguyendinhtanloc/Library/Java/Extensions:/Library/Java/Extensions:/Network/Library/Java/Extensions:/System/Library/Java/Extensions:/usr/lib/java:.]
07-Sep-2025 20:41:33.807 INFO [main] org.apache.coyote.AbstractProtocol.init Initializing ProtocolHandler ["http-nio-8080"]
07-Sep-2025 20:41:33.819 INFO [main] org.apache.catalina.startup.Catalina.load Server initialization in [232] milliseconds
07-Sep-2025 20:41:33.832 INFO [main] org.apache.catalina.core.StandardService.startInternal Starting service [Catalina]
07-Sep-2025 20:41:33.832 INFO [main] org.apache.catalina.core.StandardEngine.startInternal Starting Servlet engine: [Apache Tomcat/9.0.108]
07-Sep-2025 20:41:33.837 INFO [main] org.apache.catalina.startup.HostConfig.deployWAR Deploying web application archive [/Users/nguyendinhtanloc/Documents/Semester_1_2025/Web/Week3/TomCat/webapps/Lesson.war]
07-Sep-2025 20:41:33.843 INFO [main] org.apache.catalina.startup.ExpandWar.expand An expanded directory [/Users/nguyendinhtanloc/Documents/Semester_1_2025/Web/Week3/TomCat/webapps/Lesson] was found with a last modified time that did not match the associated WAR. It will be deleted.
07-Sep-2025 20:41:33.954 INFO [main] org.apache.catalina.startup.HostConfig.deployWAR Deployment of web application archive [/Users/nguyendinhtanloc/Documents/Semester_1_2025/Web/Week3/TomCat/webapps/Lesson.war] has finished in [117] ms
07-Sep-2025 20:41:33.954 INFO [main] org.apache.catalina.startup.HostConfig.deployDirectory Deploying web application directory [/Users/nguyendinhtanloc/Documents/Semester_1_2025/Web/Week3/TomCat/webapps/docs]
07-Sep-2025 20:41:33.964 INFO [main] org.apache.catalina.startup.HostConfig.deployDirectory Deployment of web application directory [/Users/nguyendinhtanloc/Documents/Semester_1_2025/Web/Week3/TomCat/webapps/docs] has finished in [10] ms
07-Sep-2025 20:41:33.964 INFO [main] org.apache.catalina.startup.HostConfig.deployDirectory Deploying web application directory [/Users/nguyendinhtanloc/Documents/Semester_1_2025/Web/Week3/TomCat/webapps/manager]
07-Sep-2025 20:41:33.977 INFO [main] org.apache.catalina.startup.HostConfig.deployDirectory Deployment of web application directory [/Users/nguyendinhtanloc/Documents/Semester_1_2025/Web/Week3/TomCat/webapps/manager] has finished in [13] ms
07-Sep-2025 20:41:33.977 INFO [main] org.apache.catalina.startup.HostConfig.deployDirectory Deploying web application directory [/Users/nguyendinhtanloc/Documents/Semester_1_2025/Web/Week3/TomCat/webapps/examples]
07-Sep-2025 20:41:34.074 INFO [main] org.apache.catalina.startup.HostConfig.deployDirectory Deployment of web application directory [/Users/nguyendinhtanloc/Documents/Semester_1_2025/Web/Week3/TomCat/webapps/examples] has finished in [97] ms
07-Sep-2025 20:41:34.075 INFO [main] org.apache.catalina.startup.HostConfig.deployDirectory Deploying web application directory [/Users/nguyendinhtanloc/Documents/Semester_1_2025/Web/Week3/TomCat/webapps/ROOT]
07-Sep-2025 20:41:34.083 INFO [main] org.apache.catalina.startup.HostConfig.deployDirectory Deployment of web application directory [/Users/nguyendinhtanloc/Documents/Semester_1_2025/Web/Week3/TomCat/webapps/ROOT] has finished in [8] ms
07-Sep-2025 20:41:34.084 INFO [main] org.apache.catalina.startup.HostConfig.deployDirectory Deploying web application directory [/Users/nguyendinhtanloc/Documents/Semester_1_2025/Web/Week3/TomCat/webapps/host-manager]
07-Sep-2025 20:41:34.091 INFO [main] org.apache.catalina.startup.HostConfig.deployDirectory Deployment of web application directory [/Users/nguyendinhtanloc/Documents/Semester_1_2025/Web/Week3/TomCat/webapps/host-manager] has finished in [7] ms
07-Sep-2025 20:41:34.092 INFO [main] org.apache.coyote.AbstractProtocol.start Starting ProtocolHandler ["http-nio-8080"]
07-Sep-2025 20:41:34.098 INFO [main] org.apache.catalina.startup.Catalina.start Server startup in [279] milliseconds
07-Sep-2025 20:42:36.342 INFO [main] org.apache.catalina.core.StandardServer.await A valid shutdown command was received via the shutdown port. Stopping the Server instance.
07-Sep-2025 20:42:36.343 INFO [main] org.apache.coyote.AbstractProtocol.pause Pausing ProtocolHandler ["http-nio-8080"]
07-Sep-2025 20:42:36.345 INFO [main] org.apache.catalina.core.StandardService.stopInternal Stopping service [Catalina]
07-Sep-2025 20:42:36.362 INFO [main] org.apache.coyote.AbstractProtocol.stop Stopping ProtocolHandler ["http-nio-8080"]
07-Sep-2025 20:42:36.370 INFO [main] org.apache.coyote.AbstractProtocol.destroy Destroying ProtocolHandler ["http-nio-8080"]
NOTE: Picked up JDK_JAVA_OPTIONS:  --add-opens=java.base/java.lang=ALL-UNNAMED --add-opens=java.base/java.lang.invoke=ALL-UNNAMED --add-opens=java.base/java.lang.reflect=ALL-UNNAMED --add-opens=java.base/java.io=ALL-UNNAMED --add-opens=java.base/java.util=ALL-UNNAMED --add-opens=java.base/java.util.concurrent=ALL-UNNAMED --add-opens=java.rmi/sun.rmi.transport=ALL-UNNAMED
07-Sep-2025 21:04:44.351 INFO [main] org.apache.catalina.startup.VersionLoggerListener.log Server version name:   Apache Tomcat/9.0.108
07-Sep-2025 21:04:44.353 INFO [main] org.apache.catalina.startup.VersionLoggerListener.log Server built:          Jul 31 2025 18:19:48 UTC
07-Sep-2025 21:04:44.353 INFO [main] org.apache.catalina.startup.VersionLoggerListener.log Server version number: 9.0.108.0
07-Sep-2025 21:04:44.353 INFO [main] org.apache.catalina.startup.VersionLoggerListener.log OS Name:               Mac OS X
07-Sep-2025 21:04:44.354 INFO [main] org.apache.catalina.startup.VersionLoggerListener.log OS Version:            15.6.1
07-Sep-2025 21:04:44.354 INFO [main] org.apache.catalina.startup.VersionLoggerListener.log Architecture:          aarch64
07-Sep-2025 21:04:44.354 INFO [main] org.apache.catalina.startup.VersionLoggerListener.log Java Home:             /opt/homebrew/Cellar/openjdk@17/17.0.15/libexec/openjdk.jdk/Contents/Home
07-Sep-2025 21:04:44.354 INFO [main] org.apache.catalina.startup.VersionLoggerListener.log JVM Version:           17.0.15+0
07-Sep-2025 21:04:44.354 INFO [main] org.apache.catalina.startup.VersionLoggerListener.log JVM Vendor:            Homebrew
07-Sep-2025 21:04:44.354 INFO [main] org.apache.catalina.startup.VersionLoggerListener.log CATALINA_BASE:         /Users/nguyendinhtanloc/Documents/Semester_1_2025/Web/Week3/TomCat
07-Sep-2025 21:04:44.354 INFO [main] org.apache.catalina.startup.VersionLoggerListener.log CATALINA_HOME:         /Users/nguyendinhtanloc/Documents/Semester_1_2025/Web/Week3/TomCat
07-Sep-2025 21:04:44.361 INFO [main] org.apache.catalina.startup.VersionLoggerListener.log Command line argument: --add-opens=java.base/java.lang=ALL-UNNAMED
07-Sep-2025 21:04:44.361 INFO [main] org.apache.catalina.startup.VersionLoggerListener.log Command line argument: --add-opens=java.base/java.lang.invoke=ALL-UNNAMED
07-Sep-2025 21:04:44.361 INFO [main] org.apache.catalina.startup.VersionLoggerListener.log Command line argument: --add-opens=java.base/java.lang.reflect=ALL-UNNAMED
07-Sep-2025 21:04:44.361 INFO [main] org.apache.catalina.startup.VersionLoggerListener.log Command line argument: --add-opens=java.base/java.io=ALL-UNNAMED
07-Sep-2025 21:04:44.361 INFO [main] org.apache.catalina.startup.VersionLoggerListener.log Command line argument: --add-opens=java.base/java.util=ALL-UNNAMED
07-Sep-2025 21:04:44.361 INFO [main] org.apache.catalina.startup.VersionLoggerListener.log Command line argument: --add-opens=java.base/java.util.concurrent=ALL-UNNAMED
07-Sep-2025 21:04:44.361 INFO [main] org.apache.catalina.startup.VersionLoggerListener.log Command line argument: --add-opens=java.rmi/sun.rmi.transport=ALL-UNNAMED
07-Sep-2025 21:04:44.361 INFO [main] org.apache.catalina.startup.VersionLoggerListener.log Command line argument: -Djava.util.logging.config.file=/Users/nguyendinhtanloc/Documents/Semester_1_2025/Web/Week3/TomCat/conf/logging.properties
07-Sep-2025 21:04:44.362 INFO [main] org.apache.catalina.startup.VersionLoggerListener.log Command line argument: -Djava.util.logging.manager=org.apache.juli.ClassLoaderLogManager
07-Sep-2025 21:04:44.362 INFO [main] org.apache.catalina.startup.VersionLoggerListener.log Command line argument: -Djdk.tls.ephemeralDHKeySize=2048
07-Sep-2025 21:04:44.362 INFO [main] org.apache.catalina.startup.VersionLoggerListener.log Command line argument: -Djava.protocol.handler.pkgs=org.apache.catalina.webresources
07-Sep-2025 21:04:44.362 INFO [main] org.apache.catalina.startup.VersionLoggerListener.log Command line argument: -Dsun.io.useCanonCaches=false
07-Sep-2025 21:04:44.362 INFO [main] org.apache.catalina.startup.VersionLoggerListener.log Command line argument: -Dorg.apache.catalina.security.SecurityListener.UMASK=0027
07-Sep-2025 21:04:44.362 INFO [main] org.apache.catalina.startup.VersionLoggerListener.log Command line argument: -Dignore.endorsed.dirs=
07-Sep-2025 21:04:44.362 INFO [main] org.apache.catalina.startup.VersionLoggerListener.log Command line argument: -Dcatalina.base=/Users/nguyendinhtanloc/Documents/Semester_1_2025/Web/Week3/TomCat
07-Sep-2025 21:04:44.362 INFO [main] org.apache.catalina.startup.VersionLoggerListener.log Command line argument: -Dcatalina.home=/Users/nguyendinhtanloc/Documents/Semester_1_2025/Web/Week3/TomCat
07-Sep-2025 21:04:44.362 INFO [main] org.apache.catalina.startup.VersionLoggerListener.log Command line argument: -Djava.io.tmpdir=/Users/nguyendinhtanloc/Documents/Semester_1_2025/Web/Week3/TomCat/temp
07-Sep-2025 21:04:44.368 INFO [main] org.apache.catalina.core.AprLifecycleListener.lifecycleEvent The Apache Tomcat Native library which allows using OpenSSL was not found on the java.library.path: [/Users/nguyendinhtanloc/Library/Java/Extensions:/Library/Java/Extensions:/Network/Library/Java/Extensions:/System/Library/Java/Extensions:/usr/lib/java:.]
07-Sep-2025 21:04:44.500 INFO [main] org.apache.coyote.AbstractProtocol.init Initializing ProtocolHandler ["http-nio-8080"]
07-Sep-2025 21:04:44.512 INFO [main] org.apache.catalina.startup.Catalina.load Server initialization in [253] milliseconds
07-Sep-2025 21:04:44.528 INFO [main] org.apache.catalina.core.StandardService.startInternal Starting service [Catalina]
07-Sep-2025 21:04:44.528 INFO [main] org.apache.catalina.core.StandardEngine.startInternal Starting Servlet engine: [Apache Tomcat/9.0.108]
07-Sep-2025 21:04:44.534 INFO [main] org.apache.catalina.startup.HostConfig.deployWAR Deploying web application archive [/Users/nguyendinhtanloc/Documents/Semester_1_2025/Web/Week3/TomCat/webapps/Lesson.war]
07-Sep-2025 21:04:44.539 INFO [main] org.apache.catalina.startup.ExpandWar.expand An expanded directory [/Users/nguyendinhtanloc/Documents/Semester_1_2025/Web/Week3/TomCat/webapps/Lesson] was found with a last modified time that did not match the associated WAR. It will be deleted.
07-Sep-2025 21:04:44.654 INFO [main] org.apache.catalina.startup.HostConfig.deployWAR Deployment of web application archive [/Users/nguyendinhtanloc/Documents/Semester_1_2025/Web/Week3/TomCat/webapps/Lesson.war] has finished in [120] ms
07-Sep-2025 21:04:44.654 INFO [main] org.apache.catalina.startup.HostConfig.deployDirectory Deploying web application directory [/Users/nguyendinhtanloc/Documents/Semester_1_2025/Web/Week3/TomCat/webapps/docs]
07-Sep-2025 21:04:44.663 INFO [main] org.apache.catalina.startup.HostConfig.deployDirectory Deployment of web application directory [/Users/nguyendinhtanloc/Documents/Semester_1_2025/Web/Week3/TomCat/webapps/docs] has finished in [9] ms
07-Sep-2025 21:04:44.664 INFO [main] org.apache.catalina.startup.HostConfig.deployDirectory Deploying web application directory [/Users/nguyendinhtanloc/Documents/Semester_1_2025/Web/Week3/TomCat/webapps/manager]
07-Sep-2025 21:04:44.677 INFO [main] org.apache.catalina.startup.HostConfig.deployDirectory Deployment of web application directory [/Users/nguyendinhtanloc/Documents/Semester_1_2025/Web/Week3/TomCat/webapps/manager] has finished in [13] ms
07-Sep-2025 21:04:44.677 INFO [main] org.apache.catalina.startup.HostConfig.deployDirectory Deploying web application directory [/Users/nguyendinhtanloc/Documents/Semester_1_2025/Web/Week3/TomCat/webapps/examples]
07-Sep-2025 21:04:44.777 INFO [main] org.apache.catalina.startup.HostConfig.deployDirectory Deployment of web application directory [/Users/nguyendinhtanloc/Documents/Semester_1_2025/Web/Week3/TomCat/webapps/examples] has finished in [100] ms
07-Sep-2025 21:04:44.777 INFO [main] org.apache.catalina.startup.HostConfig.deployDirectory Deploying web application directory [/Users/nguyendinhtanloc/Documents/Semester_1_2025/Web/Week3/TomCat/webapps/ROOT]
07-Sep-2025 21:04:44.784 INFO [main] org.apache.catalina.startup.HostConfig.deployDirectory Deployment of web application directory [/Users/nguyendinhtanloc/Documents/Semester_1_2025/Web/Week3/TomCat/webapps/ROOT] has finished in [7] ms
07-Sep-2025 21:04:44.784 INFO [main] org.apache.catalina.startup.HostConfig.deployDirectory Deploying web application directory [/Users/nguyendinhtanloc/Documents/Semester_1_2025/Web/Week3/TomCat/webapps/host-manager]
07-Sep-2025 21:04:44.791 INFO [main] org.apache.catalina.startup.HostConfig.deployDirectory Deployment of web application directory [/Users/nguyendinhtanloc/Documents/Semester_1_2025/Web/Week3/TomCat/webapps/host-manager] has finished in [7] ms
07-Sep-2025 21:04:44.793 INFO [main] org.apache.coyote.AbstractProtocol.start Starting ProtocolHandler ["http-nio-8080"]
07-Sep-2025 21:04:44.797 INFO [main] org.apache.catalina.startup.Catalina.start Server startup in [284] milliseconds
07-Sep-2025 21:09:33.777 INFO [main] org.apache.catalina.core.StandardServer.await A valid shutdown command was received via the shutdown port. Stopping the Server instance.
07-Sep-2025 21:09:33.778 INFO [main] org.apache.coyote.AbstractProtocol.pause Pausing ProtocolHandler ["http-nio-8080"]
07-Sep-2025 21:09:33.780 INFO [main] org.apache.catalina.core.StandardService.stopInternal Stopping service [Catalina]
07-Sep-2025 21:09:33.797 INFO [main] org.apache.coyote.AbstractProtocol.stop Stopping ProtocolHandler ["http-nio-8080"]
07-Sep-2025 21:09:33.806 INFO [main] org.apache.coyote.AbstractProtocol.destroy Destroying ProtocolHandler ["http-nio-8080"]
NOTE: Picked up JDK_JAVA_OPTIONS:  --add-opens=java.base/java.lang=ALL-UNNAMED --add-opens=java.base/java.lang.invoke=ALL-UNNAMED --add-opens=java.base/java.lang.reflect=ALL-UNNAMED --add-opens=java.base/java.io=ALL-UNNAMED --add-opens=java.base/java.util=ALL-UNNAMED --add-opens=java.base/java.util.concurrent=ALL-UNNAMED --add-opens=java.rmi/sun.rmi.transport=ALL-UNNAMED
07-Sep-2025 21:10:07.878 INFO [main] org.apache.catalina.startup.VersionLoggerListener.log Server version name:   Apache Tomcat/9.0.108
07-Sep-2025 21:10:07.879 INFO [main] org.apache.catalina.startup.VersionLoggerListener.log Server built:          Jul 31 2025 18:19:48 UTC
07-Sep-2025 21:10:07.880 INFO [main] org.apache.catalina.startup.VersionLoggerListener.log Server version number: 9.0.108.0
07-Sep-2025 21:10:07.880 INFO [main] org.apache.catalina.startup.VersionLoggerListener.log OS Name:               Mac OS X
07-Sep-2025 21:10:07.880 INFO [main] org.apache.catalina.startup.VersionLoggerListener.log OS Version:            15.6.1
07-Sep-2025 21:10:07.880 INFO [main] org.apache.catalina.startup.VersionLoggerListener.log Architecture:          aarch64
07-Sep-2025 21:10:07.880 INFO [main] org.apache.catalina.startup.VersionLoggerListener.log Java Home:             /opt/homebrew/Cellar/openjdk@17/17.0.15/libexec/openjdk.jdk/Contents/Home
07-Sep-2025 21:10:07.880 INFO [main] org.apache.catalina.startup.VersionLoggerListener.log JVM Version:           17.0.15+0
07-Sep-2025 21:10:07.880 INFO [main] org.apache.catalina.startup.VersionLoggerListener.log JVM Vendor:            Homebrew
07-Sep-2025 21:10:07.880 INFO [main] org.apache.catalina.startup.VersionLoggerListener.log CATALINA_BASE:         /Users/nguyendinhtanloc/Documents/Semester_1_2025/Web/Week3/TomCat
07-Sep-2025 21:10:07.880 INFO [main] org.apache.catalina.startup.VersionLoggerListener.log CATALINA_HOME:         /Users/nguyendinhtanloc/Documents/Semester_1_2025/Web/Week3/TomCat
07-Sep-2025 21:10:07.887 INFO [main] org.apache.catalina.startup.VersionLoggerListener.log Command line argument: --add-opens=java.base/java.lang=ALL-UNNAMED
07-Sep-2025 21:10:07.887 INFO [main] org.apache.catalina.startup.VersionLoggerListener.log Command line argument: --add-opens=java.base/java.lang.invoke=ALL-UNNAMED
07-Sep-2025 21:10:07.887 INFO [main] org.apache.catalina.startup.VersionLoggerListener.log Command line argument: --add-opens=java.base/java.lang.reflect=ALL-UNNAMED
07-Sep-2025 21:10:07.887 INFO [main] org.apache.catalina.startup.VersionLoggerListener.log Command line argument: --add-opens=java.base/java.io=ALL-UNNAMED
07-Sep-2025 21:10:07.887 INFO [main] org.apache.catalina.startup.VersionLoggerListener.log Command line argument: --add-opens=java.base/java.util=ALL-UNNAMED
07-Sep-2025 21:10:07.887 INFO [main] org.apache.catalina.startup.VersionLoggerListener.log Command line argument: --add-opens=java.base/java.util.concurrent=ALL-UNNAMED
07-Sep-2025 21:10:07.887 INFO [main] org.apache.catalina.startup.VersionLoggerListener.log Command line argument: --add-opens=java.rmi/sun.rmi.transport=ALL-UNNAMED
07-Sep-2025 21:10:07.887 INFO [main] org.apache.catalina.startup.VersionLoggerListener.log Command line argument: -Djava.util.logging.config.file=/Users/nguyendinhtanloc/Documents/Semester_1_2025/Web/Week3/TomCat/conf/logging.properties
07-Sep-2025 21:10:07.888 INFO [main] org.apache.catalina.startup.VersionLoggerListener.log Command line argument: -Djava.util.logging.manager=org.apache.juli.ClassLoaderLogManager
07-Sep-2025 21:10:07.888 INFO [main] org.apache.catalina.startup.VersionLoggerListener.log Command line argument: -Djdk.tls.ephemeralDHKeySize=2048
07-Sep-2025 21:10:07.888 INFO [main] org.apache.catalina.startup.VersionLoggerListener.log Command line argument: -Djava.protocol.handler.pkgs=org.apache.catalina.webresources
07-Sep-2025 21:10:07.888 INFO [main] org.apache.catalina.startup.VersionLoggerListener.log Command line argument: -Dsun.io.useCanonCaches=false
07-Sep-2025 21:10:07.888 INFO [main] org.apache.catalina.startup.VersionLoggerListener.log Command line argument: -Dorg.apache.catalina.security.SecurityListener.UMASK=0027
07-Sep-2025 21:10:07.888 INFO [main] org.apache.catalina.startup.VersionLoggerListener.log Command line argument: -Dignore.endorsed.dirs=
07-Sep-2025 21:10:07.888 INFO [main] org.apache.catalina.startup.VersionLoggerListener.log Command line argument: -Dcatalina.base=/Users/nguyendinhtanloc/Documents/Semester_1_2025/Web/Week3/TomCat
07-Sep-2025 21:10:07.888 INFO [main] org.apache.catalina.startup.VersionLoggerListener.log Command line argument: -Dcatalina.home=/Users/nguyendinhtanloc/Documents/Semester_1_2025/Web/Week3/TomCat
07-Sep-2025 21:10:07.888 INFO [main] org.apache.catalina.startup.VersionLoggerListener.log Command line argument: -Djava.io.tmpdir=/Users/nguyendinhtanloc/Documents/Semester_1_2025/Web/Week3/TomCat/temp
07-Sep-2025 21:10:07.893 INFO [main] org.apache.catalina.core.AprLifecycleListener.lifecycleEvent The Apache Tomcat Native library which allows using OpenSSL was not found on the java.library.path: [/Users/nguyendinhtanloc/Library/Java/Extensions:/Library/Java/Extensions:/Network/Library/Java/Extensions:/System/Library/Java/Extensions:/usr/lib/java:.]
07-Sep-2025 21:10:08.024 INFO [main] org.apache.coyote.AbstractProtocol.init Initializing ProtocolHandler ["http-nio-8080"]
07-Sep-2025 21:10:08.036 INFO [main] org.apache.catalina.startup.Catalina.load Server initialization in [243] milliseconds
07-Sep-2025 21:10:08.053 INFO [main] org.apache.catalina.core.StandardService.startInternal Starting service [Catalina]
07-Sep-2025 21:10:08.053 INFO [main] org.apache.catalina.core.StandardEngine.startInternal Starting Servlet engine: [Apache Tomcat/9.0.108]
07-Sep-2025 21:10:08.057 INFO [main] org.apache.catalina.startup.HostConfig.deployWAR Deploying web application archive [/Users/nguyendinhtanloc/Documents/Semester_1_2025/Web/Week3/TomCat/webapps/Lesson.war]
07-Sep-2025 21:10:08.063 INFO [main] org.apache.catalina.startup.ExpandWar.expand An expanded directory [/Users/nguyendinhtanloc/Documents/Semester_1_2025/Web/Week3/TomCat/webapps/Lesson] was found with a last modified time that did not match the associated WAR. It will be deleted.
07-Sep-2025 21:10:08.179 INFO [main] org.apache.catalina.startup.HostConfig.deployWAR Deployment of web application archive [/Users/nguyendinhtanloc/Documents/Semester_1_2025/Web/Week3/TomCat/webapps/Lesson.war] has finished in [122] ms
07-Sep-2025 21:10:08.179 INFO [main] org.apache.catalina.startup.HostConfig.deployDirectory Deploying web application directory [/Users/nguyendinhtanloc/Documents/Semester_1_2025/Web/Week3/TomCat/webapps/docs]
07-Sep-2025 21:10:08.188 INFO [main] org.apache.catalina.startup.HostConfig.deployDirectory Deployment of web application directory [/Users/nguyendinhtanloc/Documents/Semester_1_2025/Web/Week3/TomCat/webapps/docs] has finished in [9] ms
07-Sep-2025 21:10:08.188 INFO [main] org.apache.catalina.startup.HostConfig.deployDirectory Deploying web application directory [/Users/nguyendinhtanloc/Documents/Semester_1_2025/Web/Week3/TomCat/webapps/manager]
07-Sep-2025 21:10:08.203 INFO [main] org.apache.catalina.startup.HostConfig.deployDirectory Deployment of web application directory [/Users/nguyendinhtanloc/Documents/Semester_1_2025/Web/Week3/TomCat/webapps/manager] has finished in [15] ms
07-Sep-2025 21:10:08.203 INFO [main] org.apache.catalina.startup.HostConfig.deployDirectory Deploying web application directory [/Users/nguyendinhtanloc/Documents/Semester_1_2025/Web/Week3/TomCat/webapps/examples]
07-Sep-2025 21:10:08.301 INFO [main] org.apache.catalina.startup.HostConfig.deployDirectory Deployment of web application directory [/Users/nguyendinhtanloc/Documents/Semester_1_2025/Web/Week3/TomCat/webapps/examples] has finished in [98] ms
07-Sep-2025 21:10:08.301 INFO [main] org.apache.catalina.startup.HostConfig.deployDirectory Deploying web application directory [/Users/nguyendinhtanloc/Documents/Semester_1_2025/Web/Week3/TomCat/webapps/ROOT]
07-Sep-2025 21:10:08.307 INFO [main] org.apache.catalina.startup.HostConfig.deployDirectory Deployment of web application directory [/Users/nguyendinhtanloc/Documents/Semester_1_2025/Web/Week3/TomCat/webapps/ROOT] has finished in [6] ms
07-Sep-2025 21:10:08.307 INFO [main] org.apache.catalina.startup.HostConfig.deployDirectory Deploying web application directory [/Users/nguyendinhtanloc/Documents/Semester_1_2025/Web/Week3/TomCat/webapps/host-manager]
07-Sep-2025 21:10:08.314 INFO [main] org.apache.catalina.startup.HostConfig.deployDirectory Deployment of web application directory [/Users/nguyendinhtanloc/Documents/Semester_1_2025/Web/Week3/TomCat/webapps/host-manager] has finished in [7] ms
07-Sep-2025 21:10:08.316 INFO [main] org.apache.coyote.AbstractProtocol.start Starting ProtocolHandler ["http-nio-8080"]
07-Sep-2025 21:10:08.320 INFO [main] org.apache.catalina.startup.Catalina.start Server startup in [283] milliseconds
07-Sep-2025 21:23:44.837 INFO [main] org.apache.catalina.core.StandardServer.await A valid shutdown command was received via the shutdown port. Stopping the Server instance.
07-Sep-2025 21:23:44.838 INFO [main] org.apache.coyote.AbstractProtocol.pause Pausing ProtocolHandler ["http-nio-8080"]
07-Sep-2025 21:23:44.840 INFO [main] org.apache.catalina.core.StandardService.stopInternal Stopping service [Catalina]
07-Sep-2025 21:23:44.860 INFO [main] org.apache.coyote.AbstractProtocol.stop Stopping ProtocolHandler ["http-nio-8080"]
07-Sep-2025 21:23:44.864 INFO [main] org.apache.coyote.AbstractProtocol.destroy Destroying ProtocolHandler ["http-nio-8080"]
NOTE: Picked up JDK_JAVA_OPTIONS:  --add-opens=java.base/java.lang=ALL-UNNAMED --add-opens=java.base/java.lang.invoke=ALL-UNNAMED --add-opens=java.base/java.lang.reflect=ALL-UNNAMED --add-opens=java.base/java.io=ALL-UNNAMED --add-opens=java.base/java.util=ALL-UNNAMED --add-opens=java.base/java.util.concurrent=ALL-UNNAMED --add-opens=java.rmi/sun.rmi.transport=ALL-UNNAMED
07-Sep-2025 21:24:27.295 INFO [main] org.apache.catalina.startup.VersionLoggerListener.log Server version name:   Apache Tomcat/9.0.108
07-Sep-2025 21:24:27.297 INFO [main] org.apache.catalina.startup.VersionLoggerListener.log Server built:          Jul 31 2025 18:19:48 UTC
07-Sep-2025 21:24:27.297 INFO [main] org.apache.catalina.startup.VersionLoggerListener.log Server version number: 9.0.108.0
07-Sep-2025 21:24:27.297 INFO [main] org.apache.catalina.startup.VersionLoggerListener.log OS Name:               Mac OS X
07-Sep-2025 21:24:27.297 INFO [main] org.apache.catalina.startup.VersionLoggerListener.log OS Version:            15.6.1
07-Sep-2025 21:24:27.297 INFO [main] org.apache.catalina.startup.VersionLoggerListener.log Architecture:          aarch64
07-Sep-2025 21:24:27.297 INFO [main] org.apache.catalina.startup.VersionLoggerListener.log Java Home:             /opt/homebrew/Cellar/openjdk@17/17.0.15/libexec/openjdk.jdk/Contents/Home
07-Sep-2025 21:24:27.297 INFO [main] org.apache.catalina.startup.VersionLoggerListener.log JVM Version:           17.0.15+0
07-Sep-2025 21:24:27.297 INFO [main] org.apache.catalina.startup.VersionLoggerListener.log JVM Vendor:            Homebrew
07-Sep-2025 21:24:27.297 INFO [main] org.apache.catalina.startup.VersionLoggerListener.log CATALINA_BASE:         /Users/nguyendinhtanloc/Documents/Semester_1_2025/Web/Week3/TomCat
07-Sep-2025 21:24:27.297 INFO [main] org.apache.catalina.startup.VersionLoggerListener.log CATALINA_HOME:         /Users/nguyendinhtanloc/Documents/Semester_1_2025/Web/Week3/TomCat
07-Sep-2025 21:24:27.304 INFO [main] org.apache.catalina.startup.VersionLoggerListener.log Command line argument: --add-opens=java.base/java.lang=ALL-UNNAMED
07-Sep-2025 21:24:27.304 INFO [main] org.apache.catalina.startup.VersionLoggerListener.log Command line argument: --add-opens=java.base/java.lang.invoke=ALL-UNNAMED
07-Sep-2025 21:24:27.304 INFO [main] org.apache.catalina.startup.VersionLoggerListener.log Command line argument: --add-opens=java.base/java.lang.reflect=ALL-UNNAMED
07-Sep-2025 21:24:27.304 INFO [main] org.apache.catalina.startup.VersionLoggerListener.log Command line argument: --add-opens=java.base/java.io=ALL-UNNAMED
07-Sep-2025 21:24:27.304 INFO [main] org.apache.catalina.startup.VersionLoggerListener.log Command line argument: --add-opens=java.base/java.util=ALL-UNNAMED
07-Sep-2025 21:24:27.304 INFO [main] org.apache.catalina.startup.VersionLoggerListener.log Command line argument: --add-opens=java.base/java.util.concurrent=ALL-UNNAMED
07-Sep-2025 21:24:27.304 INFO [main] org.apache.catalina.startup.VersionLoggerListener.log Command line argument: --add-opens=java.rmi/sun.rmi.transport=ALL-UNNAMED
07-Sep-2025 21:24:27.304 INFO [main] org.apache.catalina.startup.VersionLoggerListener.log Command line argument: -Djava.util.logging.config.file=/Users/nguyendinhtanloc/Documents/Semester_1_2025/Web/Week3/TomCat/conf/logging.properties
07-Sep-2025 21:24:27.304 INFO [main] org.apache.catalina.startup.VersionLoggerListener.log Command line argument: -Djava.util.logging.manager=org.apache.juli.ClassLoaderLogManager
07-Sep-2025 21:24:27.305 INFO [main] org.apache.catalina.startup.VersionLoggerListener.log Command line argument: -Djdk.tls.ephemeralDHKeySize=2048
07-Sep-2025 21:24:27.305 INFO [main] org.apache.catalina.startup.VersionLoggerListener.log Command line argument: -Djava.protocol.handler.pkgs=org.apache.catalina.webresources
07-Sep-2025 21:24:27.305 INFO [main] org.apache.catalina.startup.VersionLoggerListener.log Command line argument: -Dsun.io.useCanonCaches=false
07-Sep-2025 21:24:27.305 INFO [main] org.apache.catalina.startup.VersionLoggerListener.log Command line argument: -Dorg.apache.catalina.security.SecurityListener.UMASK=0027
07-Sep-2025 21:24:27.305 INFO [main] org.apache.catalina.startup.VersionLoggerListener.log Command line argument: -Dignore.endorsed.dirs=
07-Sep-2025 21:24:27.305 INFO [main] org.apache.catalina.startup.VersionLoggerListener.log Command line argument: -Dcatalina.base=/Users/nguyendinhtanloc/Documents/Semester_1_2025/Web/Week3/TomCat
07-Sep-2025 21:24:27.305 INFO [main] org.apache.catalina.startup.VersionLoggerListener.log Command line argument: -Dcatalina.home=/Users/nguyendinhtanloc/Documents/Semester_1_2025/Web/Week3/TomCat
07-Sep-2025 21:24:27.305 INFO [main] org.apache.catalina.startup.VersionLoggerListener.log Command line argument: -Djava.io.tmpdir=/Users/nguyendinhtanloc/Documents/Semester_1_2025/Web/Week3/TomCat/temp
07-Sep-2025 21:24:27.309 INFO [main] org.apache.catalina.core.AprLifecycleListener.lifecycleEvent The Apache Tomcat Native library which allows using OpenSSL was not found on the java.library.path: [/Users/nguyendinhtanloc/Library/Java/Extensions:/Library/Java/Extensions:/Network/Library/Java/Extensions:/System/Library/Java/Extensions:/usr/lib/java:.]
07-Sep-2025 21:24:27.443 INFO [main] org.apache.coyote.AbstractProtocol.init Initializing ProtocolHandler ["http-nio-8080"]
07-Sep-2025 21:24:27.456 INFO [main] org.apache.catalina.startup.Catalina.load Server initialization in [256] milliseconds
07-Sep-2025 21:24:27.473 INFO [main] org.apache.catalina.core.StandardService.startInternal Starting service [Catalina]
07-Sep-2025 21:24:27.473 INFO [main] org.apache.catalina.core.StandardEngine.startInternal Starting Servlet engine: [Apache Tomcat/9.0.108]
07-Sep-2025 21:24:27.478 INFO [main] org.apache.catalina.startup.HostConfig.deployWAR Deploying web application archive [/Users/nguyendinhtanloc/Documents/Semester_1_2025/Web/Week3/TomCat/webapps/Lesson.war]
07-Sep-2025 21:24:27.484 INFO [main] org.apache.catalina.startup.ExpandWar.expand An expanded directory [/Users/nguyendinhtanloc/Documents/Semester_1_2025/Web/Week3/TomCat/webapps/Lesson] was found with a last modified time that did not match the associated WAR. It will be deleted.
07-Sep-2025 21:24:27.600 INFO [main] org.apache.catalina.startup.HostConfig.deployWAR Deployment of web application archive [/Users/nguyendinhtanloc/Documents/Semester_1_2025/Web/Week3/TomCat/webapps/Lesson.war] has finished in [122] ms
07-Sep-2025 21:24:27.600 INFO [main] org.apache.catalina.startup.HostConfig.deployDirectory Deploying web application directory [/Users/nguyendinhtanloc/Documents/Semester_1_2025/Web/Week3/TomCat/webapps/docs]
07-Sep-2025 21:24:27.610 INFO [main] org.apache.catalina.startup.HostConfig.deployDirectory Deployment of web application directory [/Users/nguyendinhtanloc/Documents/Semester_1_2025/Web/Week3/TomCat/webapps/docs] has finished in [10] ms
07-Sep-2025 21:24:27.610 INFO [main] org.apache.catalina.startup.HostConfig.deployDirectory Deploying web application directory [/Users/nguyendinhtanloc/Documents/Semester_1_2025/Web/Week3/TomCat/webapps/manager]
07-Sep-2025 21:24:27.623 INFO [main] org.apache.catalina.startup.HostConfig.deployDirectory Deployment of web application directory [/Users/nguyendinhtanloc/Documents/Semester_1_2025/Web/Week3/TomCat/webapps/manager] has finished in [13] ms
07-Sep-2025 21:24:27.623 INFO [main] org.apache.catalina.startup.HostConfig.deployDirectory Deploying web application directory [/Users/nguyendinhtanloc/Documents/Semester_1_2025/Web/Week3/TomCat/webapps/examples]
07-Sep-2025 21:24:27.728 INFO [main] org.apache.catalina.startup.HostConfig.deployDirectory Deployment of web application directory [/Users/nguyendinhtanloc/Documents/Semester_1_2025/Web/Week3/TomCat/webapps/examples] has finished in [105] ms
07-Sep-2025 21:24:27.728 INFO [main] org.apache.catalina.startup.HostConfig.deployDirectory Deploying web application directory [/Users/nguyendinhtanloc/Documents/Semester_1_2025/Web/Week3/TomCat/webapps/ROOT]
07-Sep-2025 21:24:27.738 INFO [main] org.apache.catalina.startup.HostConfig.deployDirectory Deployment of web application directory [/Users/nguyendinhtanloc/Documents/Semester_1_2025/Web/Week3/TomCat/webapps/ROOT] has finished in [10] ms
07-Sep-2025 21:24:27.738 INFO [main] org.apache.catalina.startup.HostConfig.deployDirectory Deploying web application directory [/Users/nguyendinhtanloc/Documents/Semester_1_2025/Web/Week3/TomCat/webapps/host-manager]
07-Sep-2025 21:24:27.747 INFO [main] org.apache.catalina.startup.HostConfig.deployDirectory Deployment of web application directory [/Users/nguyendinhtanloc/Documents/Semester_1_2025/Web/Week3/TomCat/webapps/host-manager] has finished in [9] ms
07-Sep-2025 21:24:27.748 INFO [main] org.apache.coyote.AbstractProtocol.start Starting ProtocolHandler ["http-nio-8080"]
07-Sep-2025 21:24:27.753 INFO [main] org.apache.catalina.startup.Catalina.start Server startup in [296] milliseconds
07-Sep-2025 21:34:57.000 INFO [main] org.apache.catalina.core.StandardServer.await A valid shutdown command was received via the shutdown port. Stopping the Server instance.
07-Sep-2025 21:34:57.002 INFO [main] org.apache.coyote.AbstractProtocol.pause Pausing ProtocolHandler ["http-nio-8080"]
07-Sep-2025 21:34:57.008 INFO [main] org.apache.catalina.core.StandardService.stopInternal Stopping service [Catalina]
07-Sep-2025 21:34:57.035 INFO [main] org.apache.coyote.AbstractProtocol.stop Stopping ProtocolHandler ["http-nio-8080"]
07-Sep-2025 21:34:57.045 INFO [main] org.apache.coyote.AbstractProtocol.destroy Destroying ProtocolHandler ["http-nio-8080"]
