NOTE: Picked up JDK_JAVA_OPTIONS:  --add-opens=java.base/java.lang=ALL-UNNAMED --add-opens=java.base/java.lang.invoke=ALL-UNNAMED --add-opens=java.base/java.lang.reflect=ALL-UNNAMED --add-opens=java.base/java.io=ALL-UNNAMED --add-opens=java.base/java.util=ALL-UNNAMED --add-opens=java.base/java.util.concurrent=ALL-UNNAMED --add-opens=java.rmi/sun.rmi.transport=ALL-UNNAMED
05-Oct-2025 00:29:12.700 INFO [main] org.apache.catalina.startup.VersionLoggerListener.log Server version name:   Apache Tomcat/9.0.108
05-Oct-2025 00:29:12.701 INFO [main] org.apache.catalina.startup.VersionLoggerListener.log Server built:          Jul 31 2025 18:19:48 UTC
05-Oct-2025 00:29:12.702 INFO [main] org.apache.catalina.startup.VersionLoggerListener.log Server version number: 9.0.108.0
05-Oct-2025 00:29:12.702 INFO [main] org.apache.catalina.startup.VersionLoggerListener.log OS Name:               Mac OS X
05-Oct-2025 00:29:12.702 INFO [main] org.apache.catalina.startup.VersionLoggerListener.log OS Version:            15.6.1
05-Oct-2025 00:29:12.702 INFO [main] org.apache.catalina.startup.VersionLoggerListener.log Architecture:          aarch64
05-Oct-2025 00:29:12.702 INFO [main] org.apache.catalina.startup.VersionLoggerListener.log Java Home:             /opt/homebrew/Cellar/openjdk@17/17.0.15/libexec/openjdk.jdk/Contents/Home
05-Oct-2025 00:29:12.702 INFO [main] org.apache.catalina.startup.VersionLoggerListener.log JVM Version:           17.0.15+0
05-Oct-2025 00:29:12.702 INFO [main] org.apache.catalina.startup.VersionLoggerListener.log JVM Vendor:            Homebrew
05-Oct-2025 00:29:12.702 INFO [main] org.apache.catalina.startup.VersionLoggerListener.log CATALINA_BASE:         /Users/nguyendinhtanloc/Documents/Semester_1_2025/Web/Week81/tomCat
05-Oct-2025 00:29:12.702 INFO [main] org.apache.catalina.startup.VersionLoggerListener.log CATALINA_HOME:         /Users/nguyendinhtanloc/Documents/Semester_1_2025/Web/Week81/tomCat
05-Oct-2025 00:29:12.732 INFO [main] org.apache.catalina.startup.VersionLoggerListener.log Command line argument: --add-opens=java.base/java.lang=ALL-UNNAMED
05-Oct-2025 00:29:12.733 INFO [main] org.apache.catalina.startup.VersionLoggerListener.log Command line argument: --add-opens=java.base/java.lang.invoke=ALL-UNNAMED
05-Oct-2025 00:29:12.733 INFO [main] org.apache.catalina.startup.VersionLoggerListener.log Command line argument: --add-opens=java.base/java.lang.reflect=ALL-UNNAMED
05-Oct-2025 00:29:12.733 INFO [main] org.apache.catalina.startup.VersionLoggerListener.log Command line argument: --add-opens=java.base/java.io=ALL-UNNAMED
05-Oct-2025 00:29:12.733 INFO [main] org.apache.catalina.startup.VersionLoggerListener.log Command line argument: --add-opens=java.base/java.util=ALL-UNNAMED
05-Oct-2025 00:29:12.733 INFO [main] org.apache.catalina.startup.VersionLoggerListener.log Command line argument: --add-opens=java.base/java.util.concurrent=ALL-UNNAMED
05-Oct-2025 00:29:12.733 INFO [main] org.apache.catalina.startup.VersionLoggerListener.log Command line argument: --add-opens=java.rmi/sun.rmi.transport=ALL-UNNAMED
05-Oct-2025 00:29:12.733 INFO [main] org.apache.catalina.startup.VersionLoggerListener.log Command line argument: -Djava.util.logging.config.file=/Users/nguyendinhtanloc/Documents/Semester_1_2025/Web/Week81/tomCat/conf/logging.properties
05-Oct-2025 00:29:12.733 INFO [main] org.apache.catalina.startup.VersionLoggerListener.log Command line argument: -Djava.util.logging.manager=org.apache.juli.ClassLoaderLogManager
05-Oct-2025 00:29:12.733 INFO [main] org.apache.catalina.startup.VersionLoggerListener.log Command line argument: -Djdk.tls.ephemeralDHKeySize=2048
05-Oct-2025 00:29:12.733 INFO [main] org.apache.catalina.startup.VersionLoggerListener.log Command line argument: -Djava.protocol.handler.pkgs=org.apache.catalina.webresources
05-Oct-2025 00:29:12.733 INFO [main] org.apache.catalina.startup.VersionLoggerListener.log Command line argument: -Dsun.io.useCanonCaches=false
05-Oct-2025 00:29:12.733 INFO [main] org.apache.catalina.startup.VersionLoggerListener.log Command line argument: -Dorg.apache.catalina.security.SecurityListener.UMASK=0027
05-Oct-2025 00:29:12.733 INFO [main] org.apache.catalina.startup.VersionLoggerListener.log Command line argument: -Dignore.endorsed.dirs=
05-Oct-2025 00:29:12.733 INFO [main] org.apache.catalina.startup.VersionLoggerListener.log Command line argument: -Dcatalina.base=/Users/nguyendinhtanloc/Documents/Semester_1_2025/Web/Week81/tomCat
05-Oct-2025 00:29:12.733 INFO [main] org.apache.catalina.startup.VersionLoggerListener.log Command line argument: -Dcatalina.home=/Users/nguyendinhtanloc/Documents/Semester_1_2025/Web/Week81/tomCat
05-Oct-2025 00:29:12.733 INFO [main] org.apache.catalina.startup.VersionLoggerListener.log Command line argument: -Djava.io.tmpdir=/Users/nguyendinhtanloc/Documents/Semester_1_2025/Web/Week81/tomCat/temp
05-Oct-2025 00:29:12.739 INFO [main] org.apache.catalina.core.AprLifecycleListener.lifecycleEvent The Apache Tomcat Native library which allows using OpenSSL was not found on the java.library.path: [/Users/nguyendinhtanloc/Library/Java/Extensions:/Library/Java/Extensions:/Network/Library/Java/Extensions:/System/Library/Java/Extensions:/usr/lib/java:.]
05-Oct-2025 00:29:12.879 INFO [main] org.apache.coyote.AbstractProtocol.init Initializing ProtocolHandler ["http-nio-8080"]
05-Oct-2025 00:29:12.905 INFO [main] org.apache.catalina.startup.Catalina.load Server initialization in [301] milliseconds
05-Oct-2025 00:29:12.923 INFO [main] org.apache.catalina.core.StandardService.startInternal Starting service [Catalina]
05-Oct-2025 00:29:12.923 INFO [main] org.apache.catalina.core.StandardEngine.startInternal Starting Servlet engine: [Apache Tomcat/9.0.108]
05-Oct-2025 00:29:12.928 INFO [main] org.apache.catalina.startup.HostConfig.deployWAR Deploying web application archive [/Users/nguyendinhtanloc/Documents/Semester_1_2025/Web/Week81/tomCat/webapps/Lesson.war]
05-Oct-2025 00:29:13.107 INFO [main] org.apache.catalina.startup.HostConfig.deployWAR Deployment of web application archive [/Users/nguyendinhtanloc/Documents/Semester_1_2025/Web/Week81/tomCat/webapps/Lesson.war] has finished in [179] ms
05-Oct-2025 00:29:13.107 INFO [main] org.apache.catalina.startup.HostConfig.deployDirectory Deploying web application directory [/Users/nguyendinhtanloc/Documents/Semester_1_2025/Web/Week81/tomCat/webapps/docs]
05-Oct-2025 00:29:13.119 INFO [main] org.apache.catalina.startup.HostConfig.deployDirectory Deployment of web application directory [/Users/nguyendinhtanloc/Documents/Semester_1_2025/Web/Week81/tomCat/webapps/docs] has finished in [12] ms
05-Oct-2025 00:29:13.119 INFO [main] org.apache.catalina.startup.HostConfig.deployDirectory Deploying web application directory [/Users/nguyendinhtanloc/Documents/Semester_1_2025/Web/Week81/tomCat/webapps/manager]
05-Oct-2025 00:29:13.138 INFO [main] org.apache.catalina.startup.HostConfig.deployDirectory Deployment of web application directory [/Users/nguyendinhtanloc/Documents/Semester_1_2025/Web/Week81/tomCat/webapps/manager] has finished in [19] ms
05-Oct-2025 00:29:13.138 INFO [main] org.apache.catalina.startup.HostConfig.deployDirectory Deploying web application directory [/Users/nguyendinhtanloc/Documents/Semester_1_2025/Web/Week81/tomCat/webapps/examples]
05-Oct-2025 00:29:13.221 INFO [main] org.apache.catalina.startup.HostConfig.deployDirectory Deployment of web application directory [/Users/nguyendinhtanloc/Documents/Semester_1_2025/Web/Week81/tomCat/webapps/examples] has finished in [83] ms
05-Oct-2025 00:29:13.221 INFO [main] org.apache.catalina.startup.HostConfig.deployDirectory Deploying web application directory [/Users/nguyendinhtanloc/Documents/Semester_1_2025/Web/Week81/tomCat/webapps/ROOT]
05-Oct-2025 00:29:13.228 INFO [main] org.apache.catalina.startup.HostConfig.deployDirectory Deployment of web application directory [/Users/nguyendinhtanloc/Documents/Semester_1_2025/Web/Week81/tomCat/webapps/ROOT] has finished in [7] ms
05-Oct-2025 00:29:13.228 INFO [main] org.apache.catalina.startup.HostConfig.deployDirectory Deploying web application directory [/Users/nguyendinhtanloc/Documents/Semester_1_2025/Web/Week81/tomCat/webapps/host-manager]
05-Oct-2025 00:29:13.236 INFO [main] org.apache.catalina.startup.HostConfig.deployDirectory Deployment of web application directory [/Users/nguyendinhtanloc/Documents/Semester_1_2025/Web/Week81/tomCat/webapps/host-manager] has finished in [7] ms
05-Oct-2025 00:29:13.237 INFO [main] org.apache.coyote.AbstractProtocol.start Starting ProtocolHandler ["http-nio-8080"]
05-Oct-2025 00:29:13.241 INFO [main] org.apache.catalina.startup.Catalina.start Server startup in [336] milliseconds
NOTE: Picked up JDK_JAVA_OPTIONS:  --add-opens=java.base/java.lang=ALL-UNNAMED --add-opens=java.base/java.lang.invoke=ALL-UNNAMED --add-opens=java.base/java.lang.reflect=ALL-UNNAMED --add-opens=java.base/java.io=ALL-UNNAMED --add-opens=java.base/java.util=ALL-UNNAMED --add-opens=java.base/java.util.concurrent=ALL-UNNAMED --add-opens=java.rmi/sun.rmi.transport=ALL-UNNAMED
05-Oct-2025 00:43:19.833 INFO [main] org.apache.catalina.startup.VersionLoggerListener.log Server version name:   Apache Tomcat/9.0.108
05-Oct-2025 00:43:19.834 INFO [main] org.apache.catalina.startup.VersionLoggerListener.log Server built:          Jul 31 2025 18:19:48 UTC
05-Oct-2025 00:43:19.835 INFO [main] org.apache.catalina.startup.VersionLoggerListener.log Server version number: 9.0.108.0
05-Oct-2025 00:43:19.835 INFO [main] org.apache.catalina.startup.VersionLoggerListener.log OS Name:               Mac OS X
05-Oct-2025 00:43:19.835 INFO [main] org.apache.catalina.startup.VersionLoggerListener.log OS Version:            15.6.1
05-Oct-2025 00:43:19.835 INFO [main] org.apache.catalina.startup.VersionLoggerListener.log Architecture:          aarch64
05-Oct-2025 00:43:19.835 INFO [main] org.apache.catalina.startup.VersionLoggerListener.log Java Home:             /opt/homebrew/Cellar/openjdk@17/17.0.15/libexec/openjdk.jdk/Contents/Home
05-Oct-2025 00:43:19.835 INFO [main] org.apache.catalina.startup.VersionLoggerListener.log JVM Version:           17.0.15+0
05-Oct-2025 00:43:19.835 INFO [main] org.apache.catalina.startup.VersionLoggerListener.log JVM Vendor:            Homebrew
05-Oct-2025 00:43:19.836 INFO [main] org.apache.catalina.startup.VersionLoggerListener.log CATALINA_BASE:         /Users/nguyendinhtanloc/Documents/Semester_1_2025/Web/Week82/tomCat
05-Oct-2025 00:43:19.836 INFO [main] org.apache.catalina.startup.VersionLoggerListener.log CATALINA_HOME:         /Users/nguyendinhtanloc/Documents/Semester_1_2025/Web/Week82/tomCat
05-Oct-2025 00:43:19.842 INFO [main] org.apache.catalina.startup.VersionLoggerListener.log Command line argument: --add-opens=java.base/java.lang=ALL-UNNAMED
05-Oct-2025 00:43:19.842 INFO [main] org.apache.catalina.startup.VersionLoggerListener.log Command line argument: --add-opens=java.base/java.lang.invoke=ALL-UNNAMED
05-Oct-2025 00:43:19.842 INFO [main] org.apache.catalina.startup.VersionLoggerListener.log Command line argument: --add-opens=java.base/java.lang.reflect=ALL-UNNAMED
05-Oct-2025 00:43:19.843 INFO [main] org.apache.catalina.startup.VersionLoggerListener.log Command line argument: --add-opens=java.base/java.io=ALL-UNNAMED
05-Oct-2025 00:43:19.843 INFO [main] org.apache.catalina.startup.VersionLoggerListener.log Command line argument: --add-opens=java.base/java.util=ALL-UNNAMED
05-Oct-2025 00:43:19.843 INFO [main] org.apache.catalina.startup.VersionLoggerListener.log Command line argument: --add-opens=java.base/java.util.concurrent=ALL-UNNAMED
05-Oct-2025 00:43:19.843 INFO [main] org.apache.catalina.startup.VersionLoggerListener.log Command line argument: --add-opens=java.rmi/sun.rmi.transport=ALL-UNNAMED
05-Oct-2025 00:43:19.843 INFO [main] org.apache.catalina.startup.VersionLoggerListener.log Command line argument: -Djava.util.logging.config.file=/Users/nguyendinhtanloc/Documents/Semester_1_2025/Web/Week82/tomCat/conf/logging.properties
05-Oct-2025 00:43:19.843 INFO [main] org.apache.catalina.startup.VersionLoggerListener.log Command line argument: -Djava.util.logging.manager=org.apache.juli.ClassLoaderLogManager
05-Oct-2025 00:43:19.843 INFO [main] org.apache.catalina.startup.VersionLoggerListener.log Command line argument: -Djdk.tls.ephemeralDHKeySize=2048
05-Oct-2025 00:43:19.843 INFO [main] org.apache.catalina.startup.VersionLoggerListener.log Command line argument: -Djava.protocol.handler.pkgs=org.apache.catalina.webresources
05-Oct-2025 00:43:19.843 INFO [main] org.apache.catalina.startup.VersionLoggerListener.log Command line argument: -Dsun.io.useCanonCaches=false
05-Oct-2025 00:43:19.843 INFO [main] org.apache.catalina.startup.VersionLoggerListener.log Command line argument: -Dorg.apache.catalina.security.SecurityListener.UMASK=0027
05-Oct-2025 00:43:19.843 INFO [main] org.apache.catalina.startup.VersionLoggerListener.log Command line argument: -Dignore.endorsed.dirs=
05-Oct-2025 00:43:19.843 INFO [main] org.apache.catalina.startup.VersionLoggerListener.log Command line argument: -Dcatalina.base=/Users/nguyendinhtanloc/Documents/Semester_1_2025/Web/Week82/tomCat
05-Oct-2025 00:43:19.843 INFO [main] org.apache.catalina.startup.VersionLoggerListener.log Command line argument: -Dcatalina.home=/Users/nguyendinhtanloc/Documents/Semester_1_2025/Web/Week82/tomCat
05-Oct-2025 00:43:19.843 INFO [main] org.apache.catalina.startup.VersionLoggerListener.log Command line argument: -Djava.io.tmpdir=/Users/nguyendinhtanloc/Documents/Semester_1_2025/Web/Week82/tomCat/temp
05-Oct-2025 00:43:19.848 INFO [main] org.apache.catalina.core.AprLifecycleListener.lifecycleEvent The Apache Tomcat Native library which allows using OpenSSL was not found on the java.library.path: [/Users/nguyendinhtanloc/Library/Java/Extensions:/Library/Java/Extensions:/Network/Library/Java/Extensions:/System/Library/Java/Extensions:/usr/lib/java:.]
05-Oct-2025 00:43:19.980 INFO [main] org.apache.coyote.AbstractProtocol.init Initializing ProtocolHandler ["http-nio-8080"]
05-Oct-2025 00:43:19.994 INFO [main] org.apache.catalina.startup.Catalina.load Server initialization in [254] milliseconds
05-Oct-2025 00:43:20.012 INFO [main] org.apache.catalina.core.StandardService.startInternal Starting service [Catalina]
05-Oct-2025 00:43:20.012 INFO [main] org.apache.catalina.core.StandardEngine.startInternal Starting Servlet engine: [Apache Tomcat/9.0.108]
05-Oct-2025 00:43:20.017 INFO [main] org.apache.catalina.startup.HostConfig.deployWAR Deploying web application archive [/Users/nguyendinhtanloc/Documents/Semester_1_2025/Web/Week82/tomCat/webapps/Lesson.war]
05-Oct-2025 00:43:20.023 INFO [main] org.apache.catalina.startup.ExpandWar.expand An expanded directory [/Users/nguyendinhtanloc/Documents/Semester_1_2025/Web/Week82/tomCat/webapps/Lesson] was found with a last modified time that did not match the associated WAR. It will be deleted.
05-Oct-2025 00:43:20.193 INFO [main] org.apache.catalina.startup.HostConfig.deployWAR Deployment of web application archive [/Users/nguyendinhtanloc/Documents/Semester_1_2025/Web/Week82/tomCat/webapps/Lesson.war] has finished in [176] ms
05-Oct-2025 00:43:20.193 INFO [main] org.apache.catalina.startup.HostConfig.deployDirectory Deploying web application directory [/Users/nguyendinhtanloc/Documents/Semester_1_2025/Web/Week82/tomCat/webapps/docs]
05-Oct-2025 00:43:20.204 INFO [main] org.apache.catalina.startup.HostConfig.deployDirectory Deployment of web application directory [/Users/nguyendinhtanloc/Documents/Semester_1_2025/Web/Week82/tomCat/webapps/docs] has finished in [11] ms
05-Oct-2025 00:43:20.204 INFO [main] org.apache.catalina.startup.HostConfig.deployDirectory Deploying web application directory [/Users/nguyendinhtanloc/Documents/Semester_1_2025/Web/Week82/tomCat/webapps/manager]
05-Oct-2025 00:43:20.261 INFO [main] org.apache.catalina.startup.HostConfig.deployDirectory Deployment of web application directory [/Users/nguyendinhtanloc/Documents/Semester_1_2025/Web/Week82/tomCat/webapps/manager] has finished in [57] ms
05-Oct-2025 00:43:20.261 INFO [main] org.apache.catalina.startup.HostConfig.deployDirectory Deploying web application directory [/Users/nguyendinhtanloc/Documents/Semester_1_2025/Web/Week82/tomCat/webapps/examples]
05-Oct-2025 00:43:20.346 INFO [main] org.apache.catalina.startup.HostConfig.deployDirectory Deployment of web application directory [/Users/nguyendinhtanloc/Documents/Semester_1_2025/Web/Week82/tomCat/webapps/examples] has finished in [85] ms
05-Oct-2025 00:43:20.346 INFO [main] org.apache.catalina.startup.HostConfig.deployDirectory Deploying web application directory [/Users/nguyendinhtanloc/Documents/Semester_1_2025/Web/Week82/tomCat/webapps/ROOT]
05-Oct-2025 00:43:20.353 INFO [main] org.apache.catalina.startup.HostConfig.deployDirectory Deployment of web application directory [/Users/nguyendinhtanloc/Documents/Semester_1_2025/Web/Week82/tomCat/webapps/ROOT] has finished in [7] ms
05-Oct-2025 00:43:20.354 INFO [main] org.apache.catalina.startup.HostConfig.deployDirectory Deploying web application directory [/Users/nguyendinhtanloc/Documents/Semester_1_2025/Web/Week82/tomCat/webapps/host-manager]
05-Oct-2025 00:43:20.361 INFO [main] org.apache.catalina.startup.HostConfig.deployDirectory Deployment of web application directory [/Users/nguyendinhtanloc/Documents/Semester_1_2025/Web/Week82/tomCat/webapps/host-manager] has finished in [7] ms
05-Oct-2025 00:43:20.363 INFO [main] org.apache.coyote.AbstractProtocol.start Starting ProtocolHandler ["http-nio-8080"]
05-Oct-2025 00:43:20.367 INFO [main] org.apache.catalina.startup.Catalina.start Server startup in [373] milliseconds
05-Oct-2025 00:46:03.199 INFO [main] org.apache.catalina.core.StandardServer.await A valid shutdown command was received via the shutdown port. Stopping the Server instance.
05-Oct-2025 00:46:03.200 INFO [main] org.apache.coyote.AbstractProtocol.pause Pausing ProtocolHandler ["http-nio-8080"]
05-Oct-2025 00:46:03.203 INFO [main] org.apache.catalina.core.StandardService.stopInternal Stopping service [Catalina]
05-Oct-2025 00:46:03.226 INFO [main] org.apache.coyote.AbstractProtocol.stop Stopping ProtocolHandler ["http-nio-8080"]
05-Oct-2025 00:46:03.229 INFO [main] org.apache.coyote.AbstractProtocol.destroy Destroying ProtocolHandler ["http-nio-8080"]
NOTE: Picked up JDK_JAVA_OPTIONS:  --add-opens=java.base/java.lang=ALL-UNNAMED --add-opens=java.base/java.lang.invoke=ALL-UNNAMED --add-opens=java.base/java.lang.reflect=ALL-UNNAMED --add-opens=java.base/java.io=ALL-UNNAMED --add-opens=java.base/java.util=ALL-UNNAMED --add-opens=java.base/java.util.concurrent=ALL-UNNAMED --add-opens=java.rmi/sun.rmi.transport=ALL-UNNAMED
05-Oct-2025 00:46:33.052 INFO [main] org.apache.catalina.startup.VersionLoggerListener.log Server version name:   Apache Tomcat/9.0.108
05-Oct-2025 00:46:33.054 INFO [main] org.apache.catalina.startup.VersionLoggerListener.log Server built:          Jul 31 2025 18:19:48 UTC
05-Oct-2025 00:46:33.054 INFO [main] org.apache.catalina.startup.VersionLoggerListener.log Server version number: 9.0.108.0
05-Oct-2025 00:46:33.054 INFO [main] org.apache.catalina.startup.VersionLoggerListener.log OS Name:               Mac OS X
05-Oct-2025 00:46:33.054 INFO [main] org.apache.catalina.startup.VersionLoggerListener.log OS Version:            15.6.1
05-Oct-2025 00:46:33.054 INFO [main] org.apache.catalina.startup.VersionLoggerListener.log Architecture:          aarch64
05-Oct-2025 00:46:33.055 INFO [main] org.apache.catalina.startup.VersionLoggerListener.log Java Home:             /opt/homebrew/Cellar/openjdk@17/17.0.15/libexec/openjdk.jdk/Contents/Home
05-Oct-2025 00:46:33.055 INFO [main] org.apache.catalina.startup.VersionLoggerListener.log JVM Version:           17.0.15+0
05-Oct-2025 00:46:33.055 INFO [main] org.apache.catalina.startup.VersionLoggerListener.log JVM Vendor:            Homebrew
05-Oct-2025 00:46:33.055 INFO [main] org.apache.catalina.startup.VersionLoggerListener.log CATALINA_BASE:         /Users/nguyendinhtanloc/Documents/Semester_1_2025/Web/Week82/tomCat
05-Oct-2025 00:46:33.055 INFO [main] org.apache.catalina.startup.VersionLoggerListener.log CATALINA_HOME:         /Users/nguyendinhtanloc/Documents/Semester_1_2025/Web/Week82/tomCat
05-Oct-2025 00:46:33.062 INFO [main] org.apache.catalina.startup.VersionLoggerListener.log Command line argument: --add-opens=java.base/java.lang=ALL-UNNAMED
05-Oct-2025 00:46:33.062 INFO [main] org.apache.catalina.startup.VersionLoggerListener.log Command line argument: --add-opens=java.base/java.lang.invoke=ALL-UNNAMED
05-Oct-2025 00:46:33.062 INFO [main] org.apache.catalina.startup.VersionLoggerListener.log Command line argument: --add-opens=java.base/java.lang.reflect=ALL-UNNAMED
05-Oct-2025 00:46:33.062 INFO [main] org.apache.catalina.startup.VersionLoggerListener.log Command line argument: --add-opens=java.base/java.io=ALL-UNNAMED
05-Oct-2025 00:46:33.062 INFO [main] org.apache.catalina.startup.VersionLoggerListener.log Command line argument: --add-opens=java.base/java.util=ALL-UNNAMED
05-Oct-2025 00:46:33.062 INFO [main] org.apache.catalina.startup.VersionLoggerListener.log Command line argument: --add-opens=java.base/java.util.concurrent=ALL-UNNAMED
05-Oct-2025 00:46:33.062 INFO [main] org.apache.catalina.startup.VersionLoggerListener.log Command line argument: --add-opens=java.rmi/sun.rmi.transport=ALL-UNNAMED
05-Oct-2025 00:46:33.062 INFO [main] org.apache.catalina.startup.VersionLoggerListener.log Command line argument: -Djava.util.logging.config.file=/Users/nguyendinhtanloc/Documents/Semester_1_2025/Web/Week82/tomCat/conf/logging.properties
05-Oct-2025 00:46:33.062 INFO [main] org.apache.catalina.startup.VersionLoggerListener.log Command line argument: -Djava.util.logging.manager=org.apache.juli.ClassLoaderLogManager
05-Oct-2025 00:46:33.062 INFO [main] org.apache.catalina.startup.VersionLoggerListener.log Command line argument: -Djdk.tls.ephemeralDHKeySize=2048
05-Oct-2025 00:46:33.062 INFO [main] org.apache.catalina.startup.VersionLoggerListener.log Command line argument: -Djava.protocol.handler.pkgs=org.apache.catalina.webresources
05-Oct-2025 00:46:33.062 INFO [main] org.apache.catalina.startup.VersionLoggerListener.log Command line argument: -Dsun.io.useCanonCaches=false
05-Oct-2025 00:46:33.062 INFO [main] org.apache.catalina.startup.VersionLoggerListener.log Command line argument: -Dorg.apache.catalina.security.SecurityListener.UMASK=0027
05-Oct-2025 00:46:33.062 INFO [main] org.apache.catalina.startup.VersionLoggerListener.log Command line argument: -Dignore.endorsed.dirs=
05-Oct-2025 00:46:33.062 INFO [main] org.apache.catalina.startup.VersionLoggerListener.log Command line argument: -Dcatalina.base=/Users/nguyendinhtanloc/Documents/Semester_1_2025/Web/Week82/tomCat
05-Oct-2025 00:46:33.062 INFO [main] org.apache.catalina.startup.VersionLoggerListener.log Command line argument: -Dcatalina.home=/Users/nguyendinhtanloc/Documents/Semester_1_2025/Web/Week82/tomCat
05-Oct-2025 00:46:33.063 INFO [main] org.apache.catalina.startup.VersionLoggerListener.log Command line argument: -Djava.io.tmpdir=/Users/nguyendinhtanloc/Documents/Semester_1_2025/Web/Week82/tomCat/temp
05-Oct-2025 00:46:33.067 INFO [main] org.apache.catalina.core.AprLifecycleListener.lifecycleEvent The Apache Tomcat Native library which allows using OpenSSL was not found on the java.library.path: [/Users/nguyendinhtanloc/Library/Java/Extensions:/Library/Java/Extensions:/Network/Library/Java/Extensions:/System/Library/Java/Extensions:/usr/lib/java:.]
05-Oct-2025 00:46:33.202 INFO [main] org.apache.coyote.AbstractProtocol.init Initializing ProtocolHandler ["http-nio-8080"]
05-Oct-2025 00:46:33.216 INFO [main] org.apache.catalina.startup.Catalina.load Server initialization in [248] milliseconds
05-Oct-2025 00:46:33.233 INFO [main] org.apache.catalina.core.StandardService.startInternal Starting service [Catalina]
05-Oct-2025 00:46:33.233 INFO [main] org.apache.catalina.core.StandardEngine.startInternal Starting Servlet engine: [Apache Tomcat/9.0.108]
05-Oct-2025 00:46:33.238 INFO [main] org.apache.catalina.startup.HostConfig.deployWAR Deploying web application archive [/Users/nguyendinhtanloc/Documents/Semester_1_2025/Web/Week82/tomCat/webapps/Lesson.war]
05-Oct-2025 00:46:33.409 INFO [main] org.apache.catalina.startup.HostConfig.deployWAR Deployment of web application archive [/Users/nguyendinhtanloc/Documents/Semester_1_2025/Web/Week82/tomCat/webapps/Lesson.war] has finished in [171] ms
05-Oct-2025 00:46:33.409 INFO [main] org.apache.catalina.startup.HostConfig.deployDirectory Deploying web application directory [/Users/nguyendinhtanloc/Documents/Semester_1_2025/Web/Week82/tomCat/webapps/docs]
05-Oct-2025 00:46:33.419 INFO [main] org.apache.catalina.startup.HostConfig.deployDirectory Deployment of web application directory [/Users/nguyendinhtanloc/Documents/Semester_1_2025/Web/Week82/tomCat/webapps/docs] has finished in [10] ms
05-Oct-2025 00:46:33.419 INFO [main] org.apache.catalina.startup.HostConfig.deployDirectory Deploying web application directory [/Users/nguyendinhtanloc/Documents/Semester_1_2025/Web/Week82/tomCat/webapps/manager]
05-Oct-2025 00:46:33.434 INFO [main] org.apache.catalina.startup.HostConfig.deployDirectory Deployment of web application directory [/Users/nguyendinhtanloc/Documents/Semester_1_2025/Web/Week82/tomCat/webapps/manager] has finished in [15] ms
05-Oct-2025 00:46:33.435 INFO [main] org.apache.catalina.startup.HostConfig.deployDirectory Deploying web application directory [/Users/nguyendinhtanloc/Documents/Semester_1_2025/Web/Week82/tomCat/webapps/examples]
05-Oct-2025 00:46:33.506 INFO [main] org.apache.catalina.startup.HostConfig.deployDirectory Deployment of web application directory [/Users/nguyendinhtanloc/Documents/Semester_1_2025/Web/Week82/tomCat/webapps/examples] has finished in [71] ms
05-Oct-2025 00:46:33.507 INFO [main] org.apache.catalina.startup.HostConfig.deployDirectory Deploying web application directory [/Users/nguyendinhtanloc/Documents/Semester_1_2025/Web/Week82/tomCat/webapps/ROOT]
05-Oct-2025 00:46:33.513 INFO [main] org.apache.catalina.startup.HostConfig.deployDirectory Deployment of web application directory [/Users/nguyendinhtanloc/Documents/Semester_1_2025/Web/Week82/tomCat/webapps/ROOT] has finished in [6] ms
05-Oct-2025 00:46:33.513 INFO [main] org.apache.catalina.startup.HostConfig.deployDirectory Deploying web application directory [/Users/nguyendinhtanloc/Documents/Semester_1_2025/Web/Week82/tomCat/webapps/host-manager]
05-Oct-2025 00:46:33.520 INFO [main] org.apache.catalina.startup.HostConfig.deployDirectory Deployment of web application directory [/Users/nguyendinhtanloc/Documents/Semester_1_2025/Web/Week82/tomCat/webapps/host-manager] has finished in [7] ms
05-Oct-2025 00:46:33.521 INFO [main] org.apache.coyote.AbstractProtocol.start Starting ProtocolHandler ["http-nio-8080"]
05-Oct-2025 00:46:33.527 INFO [main] org.apache.catalina.startup.Catalina.start Server startup in [310] milliseconds
05-Oct-2025 00:51:58.732 INFO [main] org.apache.catalina.core.StandardServer.await A valid shutdown command was received via the shutdown port. Stopping the Server instance.
05-Oct-2025 00:51:58.733 INFO [main] org.apache.coyote.AbstractProtocol.pause Pausing ProtocolHandler ["http-nio-8080"]
05-Oct-2025 00:51:58.738 INFO [main] org.apache.catalina.core.StandardService.stopInternal Stopping service [Catalina]
05-Oct-2025 00:51:58.762 INFO [main] org.apache.coyote.AbstractProtocol.stop Stopping ProtocolHandler ["http-nio-8080"]
05-Oct-2025 00:51:58.776 INFO [main] org.apache.coyote.AbstractProtocol.destroy Destroying ProtocolHandler ["http-nio-8080"]
NOTE: Picked up JDK_JAVA_OPTIONS:  --add-opens=java.base/java.lang=ALL-UNNAMED --add-opens=java.base/java.lang.invoke=ALL-UNNAMED --add-opens=java.base/java.lang.reflect=ALL-UNNAMED --add-opens=java.base/java.io=ALL-UNNAMED --add-opens=java.base/java.util=ALL-UNNAMED --add-opens=java.base/java.util.concurrent=ALL-UNNAMED --add-opens=java.rmi/sun.rmi.transport=ALL-UNNAMED
05-Oct-2025 00:52:24.447 INFO [main] org.apache.catalina.startup.VersionLoggerListener.log Server version name:   Apache Tomcat/9.0.108
05-Oct-2025 00:52:24.449 INFO [main] org.apache.catalina.startup.VersionLoggerListener.log Server built:          Jul 31 2025 18:19:48 UTC
05-Oct-2025 00:52:24.449 INFO [main] org.apache.catalina.startup.VersionLoggerListener.log Server version number: 9.0.108.0
05-Oct-2025 00:52:24.449 INFO [main] org.apache.catalina.startup.VersionLoggerListener.log OS Name:               Mac OS X
05-Oct-2025 00:52:24.449 INFO [main] org.apache.catalina.startup.VersionLoggerListener.log OS Version:            15.6.1
05-Oct-2025 00:52:24.449 INFO [main] org.apache.catalina.startup.VersionLoggerListener.log Architecture:          aarch64
05-Oct-2025 00:52:24.449 INFO [main] org.apache.catalina.startup.VersionLoggerListener.log Java Home:             /opt/homebrew/Cellar/openjdk@17/17.0.15/libexec/openjdk.jdk/Contents/Home
05-Oct-2025 00:52:24.449 INFO [main] org.apache.catalina.startup.VersionLoggerListener.log JVM Version:           17.0.15+0
05-Oct-2025 00:52:24.449 INFO [main] org.apache.catalina.startup.VersionLoggerListener.log JVM Vendor:            Homebrew
05-Oct-2025 00:52:24.449 INFO [main] org.apache.catalina.startup.VersionLoggerListener.log CATALINA_BASE:         /Users/nguyendinhtanloc/Documents/Semester_1_2025/Web/Week82/tomCat
05-Oct-2025 00:52:24.449 INFO [main] org.apache.catalina.startup.VersionLoggerListener.log CATALINA_HOME:         /Users/nguyendinhtanloc/Documents/Semester_1_2025/Web/Week82/tomCat
05-Oct-2025 00:52:24.456 INFO [main] org.apache.catalina.startup.VersionLoggerListener.log Command line argument: --add-opens=java.base/java.lang=ALL-UNNAMED
05-Oct-2025 00:52:24.456 INFO [main] org.apache.catalina.startup.VersionLoggerListener.log Command line argument: --add-opens=java.base/java.lang.invoke=ALL-UNNAMED
05-Oct-2025 00:52:24.457 INFO [main] org.apache.catalina.startup.VersionLoggerListener.log Command line argument: --add-opens=java.base/java.lang.reflect=ALL-UNNAMED
05-Oct-2025 00:52:24.457 INFO [main] org.apache.catalina.startup.VersionLoggerListener.log Command line argument: --add-opens=java.base/java.io=ALL-UNNAMED
05-Oct-2025 00:52:24.457 INFO [main] org.apache.catalina.startup.VersionLoggerListener.log Command line argument: --add-opens=java.base/java.util=ALL-UNNAMED
05-Oct-2025 00:52:24.457 INFO [main] org.apache.catalina.startup.VersionLoggerListener.log Command line argument: --add-opens=java.base/java.util.concurrent=ALL-UNNAMED
05-Oct-2025 00:52:24.457 INFO [main] org.apache.catalina.startup.VersionLoggerListener.log Command line argument: --add-opens=java.rmi/sun.rmi.transport=ALL-UNNAMED
05-Oct-2025 00:52:24.457 INFO [main] org.apache.catalina.startup.VersionLoggerListener.log Command line argument: -Djava.util.logging.config.file=/Users/nguyendinhtanloc/Documents/Semester_1_2025/Web/Week82/tomCat/conf/logging.properties
05-Oct-2025 00:52:24.457 INFO [main] org.apache.catalina.startup.VersionLoggerListener.log Command line argument: -Djava.util.logging.manager=org.apache.juli.ClassLoaderLogManager
05-Oct-2025 00:52:24.457 INFO [main] org.apache.catalina.startup.VersionLoggerListener.log Command line argument: -Djdk.tls.ephemeralDHKeySize=2048
05-Oct-2025 00:52:24.457 INFO [main] org.apache.catalina.startup.VersionLoggerListener.log Command line argument: -Djava.protocol.handler.pkgs=org.apache.catalina.webresources
05-Oct-2025 00:52:24.457 INFO [main] org.apache.catalina.startup.VersionLoggerListener.log Command line argument: -Dsun.io.useCanonCaches=false
05-Oct-2025 00:52:24.457 INFO [main] org.apache.catalina.startup.VersionLoggerListener.log Command line argument: -Dorg.apache.catalina.security.SecurityListener.UMASK=0027
05-Oct-2025 00:52:24.457 INFO [main] org.apache.catalina.startup.VersionLoggerListener.log Command line argument: -Dignore.endorsed.dirs=
05-Oct-2025 00:52:24.457 INFO [main] org.apache.catalina.startup.VersionLoggerListener.log Command line argument: -Dcatalina.base=/Users/nguyendinhtanloc/Documents/Semester_1_2025/Web/Week82/tomCat
05-Oct-2025 00:52:24.457 INFO [main] org.apache.catalina.startup.VersionLoggerListener.log Command line argument: -Dcatalina.home=/Users/nguyendinhtanloc/Documents/Semester_1_2025/Web/Week82/tomCat
05-Oct-2025 00:52:24.457 INFO [main] org.apache.catalina.startup.VersionLoggerListener.log Command line argument: -Djava.io.tmpdir=/Users/nguyendinhtanloc/Documents/Semester_1_2025/Web/Week82/tomCat/temp
05-Oct-2025 00:52:24.462 INFO [main] org.apache.catalina.core.AprLifecycleListener.lifecycleEvent The Apache Tomcat Native library which allows using OpenSSL was not found on the java.library.path: [/Users/nguyendinhtanloc/Library/Java/Extensions:/Library/Java/Extensions:/Network/Library/Java/Extensions:/System/Library/Java/Extensions:/usr/lib/java:.]
05-Oct-2025 00:52:24.596 INFO [main] org.apache.coyote.AbstractProtocol.init Initializing ProtocolHandler ["http-nio-8080"]
05-Oct-2025 00:52:24.608 INFO [main] org.apache.catalina.startup.Catalina.load Server initialization in [246] milliseconds
05-Oct-2025 00:52:24.624 INFO [main] org.apache.catalina.core.StandardService.startInternal Starting service [Catalina]
05-Oct-2025 00:52:24.624 INFO [main] org.apache.catalina.core.StandardEngine.startInternal Starting Servlet engine: [Apache Tomcat/9.0.108]
05-Oct-2025 00:52:24.630 INFO [main] org.apache.catalina.startup.HostConfig.deployWAR Deploying web application archive [/Users/nguyendinhtanloc/Documents/Semester_1_2025/Web/Week82/tomCat/webapps/Lesson.war]
05-Oct-2025 00:52:24.800 INFO [main] org.apache.catalina.startup.HostConfig.deployWAR Deployment of web application archive [/Users/nguyendinhtanloc/Documents/Semester_1_2025/Web/Week82/tomCat/webapps/Lesson.war] has finished in [170] ms
05-Oct-2025 00:52:24.800 INFO [main] org.apache.catalina.startup.HostConfig.deployDirectory Deploying web application directory [/Users/nguyendinhtanloc/Documents/Semester_1_2025/Web/Week82/tomCat/webapps/docs]
05-Oct-2025 00:52:24.814 INFO [main] org.apache.catalina.startup.HostConfig.deployDirectory Deployment of web application directory [/Users/nguyendinhtanloc/Documents/Semester_1_2025/Web/Week82/tomCat/webapps/docs] has finished in [14] ms
05-Oct-2025 00:52:24.814 INFO [main] org.apache.catalina.startup.HostConfig.deployDirectory Deploying web application directory [/Users/nguyendinhtanloc/Documents/Semester_1_2025/Web/Week82/tomCat/webapps/manager]
05-Oct-2025 00:52:24.831 INFO [main] org.apache.catalina.startup.HostConfig.deployDirectory Deployment of web application directory [/Users/nguyendinhtanloc/Documents/Semester_1_2025/Web/Week82/tomCat/webapps/manager] has finished in [17] ms
05-Oct-2025 00:52:24.831 INFO [main] org.apache.catalina.startup.HostConfig.deployDirectory Deploying web application directory [/Users/nguyendinhtanloc/Documents/Semester_1_2025/Web/Week82/tomCat/webapps/examples]
05-Oct-2025 00:52:24.904 INFO [main] org.apache.catalina.startup.HostConfig.deployDirectory Deployment of web application directory [/Users/nguyendinhtanloc/Documents/Semester_1_2025/Web/Week82/tomCat/webapps/examples] has finished in [73] ms
05-Oct-2025 00:52:24.904 INFO [main] org.apache.catalina.startup.HostConfig.deployDirectory Deploying web application directory [/Users/nguyendinhtanloc/Documents/Semester_1_2025/Web/Week82/tomCat/webapps/ROOT]
05-Oct-2025 00:52:24.910 INFO [main] org.apache.catalina.startup.HostConfig.deployDirectory Deployment of web application directory [/Users/nguyendinhtanloc/Documents/Semester_1_2025/Web/Week82/tomCat/webapps/ROOT] has finished in [6] ms
05-Oct-2025 00:52:24.910 INFO [main] org.apache.catalina.startup.HostConfig.deployDirectory Deploying web application directory [/Users/nguyendinhtanloc/Documents/Semester_1_2025/Web/Week82/tomCat/webapps/host-manager]
05-Oct-2025 00:52:24.918 INFO [main] org.apache.catalina.startup.HostConfig.deployDirectory Deployment of web application directory [/Users/nguyendinhtanloc/Documents/Semester_1_2025/Web/Week82/tomCat/webapps/host-manager] has finished in [7] ms
05-Oct-2025 00:52:24.919 INFO [main] org.apache.coyote.AbstractProtocol.start Starting ProtocolHandler ["http-nio-8080"]
05-Oct-2025 00:52:24.924 INFO [main] org.apache.catalina.startup.Catalina.start Server startup in [316] milliseconds
05-Oct-2025 00:57:58.325 INFO [main] org.apache.catalina.core.StandardServer.await A valid shutdown command was received via the shutdown port. Stopping the Server instance.
05-Oct-2025 00:57:58.331 INFO [main] org.apache.coyote.AbstractProtocol.pause Pausing ProtocolHandler ["http-nio-8080"]
05-Oct-2025 00:57:59.336 INFO [main] org.apache.catalina.core.StandardService.stopInternal Stopping service [Catalina]
05-Oct-2025 00:57:59.366 INFO [main] org.apache.coyote.AbstractProtocol.stop Stopping ProtocolHandler ["http-nio-8080"]
05-Oct-2025 00:57:59.972 WARNING [main] org.apache.tomcat.util.net.Acceptor.stopMillis The acceptor thread [http-nio-8080-Acceptor] did not stop cleanly
05-Oct-2025 00:57:59.979 INFO [main] org.apache.coyote.AbstractProtocol.destroy Destroying ProtocolHandler ["http-nio-8080"]
NOTE: Picked up JDK_JAVA_OPTIONS:  --add-opens=java.base/java.lang=ALL-UNNAMED --add-opens=java.base/java.lang.invoke=ALL-UNNAMED --add-opens=java.base/java.lang.reflect=ALL-UNNAMED --add-opens=java.base/java.io=ALL-UNNAMED --add-opens=java.base/java.util=ALL-UNNAMED --add-opens=java.base/java.util.concurrent=ALL-UNNAMED --add-opens=java.rmi/sun.rmi.transport=ALL-UNNAMED
05-Oct-2025 01:20:22.927 INFO [main] org.apache.catalina.startup.VersionLoggerListener.log Server version name:   Apache Tomcat/9.0.108
05-Oct-2025 01:20:22.929 INFO [main] org.apache.catalina.startup.VersionLoggerListener.log Server built:          Jul 31 2025 18:19:48 UTC
05-Oct-2025 01:20:22.929 INFO [main] org.apache.catalina.startup.VersionLoggerListener.log Server version number: 9.0.108.0
05-Oct-2025 01:20:22.929 INFO [main] org.apache.catalina.startup.VersionLoggerListener.log OS Name:               Mac OS X
05-Oct-2025 01:20:22.929 INFO [main] org.apache.catalina.startup.VersionLoggerListener.log OS Version:            15.6.1
05-Oct-2025 01:20:22.929 INFO [main] org.apache.catalina.startup.VersionLoggerListener.log Architecture:          aarch64
05-Oct-2025 01:20:22.930 INFO [main] org.apache.catalina.startup.VersionLoggerListener.log Java Home:             /opt/homebrew/Cellar/openjdk@17/17.0.15/libexec/openjdk.jdk/Contents/Home
05-Oct-2025 01:20:22.930 INFO [main] org.apache.catalina.startup.VersionLoggerListener.log JVM Version:           17.0.15+0
05-Oct-2025 01:20:22.930 INFO [main] org.apache.catalina.startup.VersionLoggerListener.log JVM Vendor:            Homebrew
05-Oct-2025 01:20:22.930 INFO [main] org.apache.catalina.startup.VersionLoggerListener.log CATALINA_BASE:         /Users/nguyendinhtanloc/Documents/Semester_1_2025/Web/Week82/tomCat
05-Oct-2025 01:20:22.930 INFO [main] org.apache.catalina.startup.VersionLoggerListener.log CATALINA_HOME:         /Users/nguyendinhtanloc/Documents/Semester_1_2025/Web/Week82/tomCat
05-Oct-2025 01:20:22.937 INFO [main] org.apache.catalina.startup.VersionLoggerListener.log Command line argument: --add-opens=java.base/java.lang=ALL-UNNAMED
05-Oct-2025 01:20:22.937 INFO [main] org.apache.catalina.startup.VersionLoggerListener.log Command line argument: --add-opens=java.base/java.lang.invoke=ALL-UNNAMED
05-Oct-2025 01:20:22.937 INFO [main] org.apache.catalina.startup.VersionLoggerListener.log Command line argument: --add-opens=java.base/java.lang.reflect=ALL-UNNAMED
05-Oct-2025 01:20:22.937 INFO [main] org.apache.catalina.startup.VersionLoggerListener.log Command line argument: --add-opens=java.base/java.io=ALL-UNNAMED
05-Oct-2025 01:20:22.937 INFO [main] org.apache.catalina.startup.VersionLoggerListener.log Command line argument: --add-opens=java.base/java.util=ALL-UNNAMED
05-Oct-2025 01:20:22.937 INFO [main] org.apache.catalina.startup.VersionLoggerListener.log Command line argument: --add-opens=java.base/java.util.concurrent=ALL-UNNAMED
05-Oct-2025 01:20:22.937 INFO [main] org.apache.catalina.startup.VersionLoggerListener.log Command line argument: --add-opens=java.rmi/sun.rmi.transport=ALL-UNNAMED
05-Oct-2025 01:20:22.938 INFO [main] org.apache.catalina.startup.VersionLoggerListener.log Command line argument: -Djava.util.logging.config.file=/Users/nguyendinhtanloc/Documents/Semester_1_2025/Web/Week82/tomCat/conf/logging.properties
05-Oct-2025 01:20:22.938 INFO [main] org.apache.catalina.startup.VersionLoggerListener.log Command line argument: -Djava.util.logging.manager=org.apache.juli.ClassLoaderLogManager
05-Oct-2025 01:20:22.938 INFO [main] org.apache.catalina.startup.VersionLoggerListener.log Command line argument: -Djdk.tls.ephemeralDHKeySize=2048
05-Oct-2025 01:20:22.938 INFO [main] org.apache.catalina.startup.VersionLoggerListener.log Command line argument: -Djava.protocol.handler.pkgs=org.apache.catalina.webresources
05-Oct-2025 01:20:22.938 INFO [main] org.apache.catalina.startup.VersionLoggerListener.log Command line argument: -Dsun.io.useCanonCaches=false
05-Oct-2025 01:20:22.938 INFO [main] org.apache.catalina.startup.VersionLoggerListener.log Command line argument: -Dorg.apache.catalina.security.SecurityListener.UMASK=0027
05-Oct-2025 01:20:22.938 INFO [main] org.apache.catalina.startup.VersionLoggerListener.log Command line argument: -Dignore.endorsed.dirs=
05-Oct-2025 01:20:22.938 INFO [main] org.apache.catalina.startup.VersionLoggerListener.log Command line argument: -Dcatalina.base=/Users/nguyendinhtanloc/Documents/Semester_1_2025/Web/Week82/tomCat
05-Oct-2025 01:20:22.938 INFO [main] org.apache.catalina.startup.VersionLoggerListener.log Command line argument: -Dcatalina.home=/Users/nguyendinhtanloc/Documents/Semester_1_2025/Web/Week82/tomCat
05-Oct-2025 01:20:22.938 INFO [main] org.apache.catalina.startup.VersionLoggerListener.log Command line argument: -Djava.io.tmpdir=/Users/nguyendinhtanloc/Documents/Semester_1_2025/Web/Week82/tomCat/temp
05-Oct-2025 01:20:22.947 INFO [main] org.apache.catalina.core.AprLifecycleListener.lifecycleEvent The Apache Tomcat Native library which allows using OpenSSL was not found on the java.library.path: [/Users/nguyendinhtanloc/Library/Java/Extensions:/Library/Java/Extensions:/Network/Library/Java/Extensions:/System/Library/Java/Extensions:/usr/lib/java:.]
05-Oct-2025 01:20:23.080 INFO [main] org.apache.coyote.AbstractProtocol.init Initializing ProtocolHandler ["http-nio-8080"]
05-Oct-2025 01:20:23.093 INFO [main] org.apache.catalina.startup.Catalina.load Server initialization in [260] milliseconds
05-Oct-2025 01:20:23.110 INFO [main] org.apache.catalina.core.StandardService.startInternal Starting service [Catalina]
05-Oct-2025 01:20:23.110 INFO [main] org.apache.catalina.core.StandardEngine.startInternal Starting Servlet engine: [Apache Tomcat/9.0.108]
05-Oct-2025 01:20:23.115 INFO [main] org.apache.catalina.startup.HostConfig.deployWAR Deploying web application archive [/Users/nguyendinhtanloc/Documents/Semester_1_2025/Web/Week82/tomCat/webapps/Lesson.war]
05-Oct-2025 01:20:23.294 INFO [main] org.apache.catalina.startup.HostConfig.deployWAR Deployment of web application archive [/Users/nguyendinhtanloc/Documents/Semester_1_2025/Web/Week82/tomCat/webapps/Lesson.war] has finished in [178] ms
05-Oct-2025 01:20:23.294 INFO [main] org.apache.catalina.startup.HostConfig.deployDirectory Deploying web application directory [/Users/nguyendinhtanloc/Documents/Semester_1_2025/Web/Week82/tomCat/webapps/docs]
05-Oct-2025 01:20:23.305 INFO [main] org.apache.catalina.startup.HostConfig.deployDirectory Deployment of web application directory [/Users/nguyendinhtanloc/Documents/Semester_1_2025/Web/Week82/tomCat/webapps/docs] has finished in [11] ms
05-Oct-2025 01:20:23.305 INFO [main] org.apache.catalina.startup.HostConfig.deployDirectory Deploying web application directory [/Users/nguyendinhtanloc/Documents/Semester_1_2025/Web/Week82/tomCat/webapps/manager]
05-Oct-2025 01:20:23.323 INFO [main] org.apache.catalina.startup.HostConfig.deployDirectory Deployment of web application directory [/Users/nguyendinhtanloc/Documents/Semester_1_2025/Web/Week82/tomCat/webapps/manager] has finished in [17] ms
05-Oct-2025 01:20:23.323 INFO [main] org.apache.catalina.startup.HostConfig.deployDirectory Deploying web application directory [/Users/nguyendinhtanloc/Documents/Semester_1_2025/Web/Week82/tomCat/webapps/examples]
05-Oct-2025 01:20:23.397 INFO [main] org.apache.catalina.startup.HostConfig.deployDirectory Deployment of web application directory [/Users/nguyendinhtanloc/Documents/Semester_1_2025/Web/Week82/tomCat/webapps/examples] has finished in [74] ms
05-Oct-2025 01:20:23.397 INFO [main] org.apache.catalina.startup.HostConfig.deployDirectory Deploying web application directory [/Users/nguyendinhtanloc/Documents/Semester_1_2025/Web/Week82/tomCat/webapps/ROOT]
05-Oct-2025 01:20:23.403 INFO [main] org.apache.catalina.startup.HostConfig.deployDirectory Deployment of web application directory [/Users/nguyendinhtanloc/Documents/Semester_1_2025/Web/Week82/tomCat/webapps/ROOT] has finished in [6] ms
05-Oct-2025 01:20:23.403 INFO [main] org.apache.catalina.startup.HostConfig.deployDirectory Deploying web application directory [/Users/nguyendinhtanloc/Documents/Semester_1_2025/Web/Week82/tomCat/webapps/host-manager]
05-Oct-2025 01:20:23.410 INFO [main] org.apache.catalina.startup.HostConfig.deployDirectory Deployment of web application directory [/Users/nguyendinhtanloc/Documents/Semester_1_2025/Web/Week82/tomCat/webapps/host-manager] has finished in [7] ms
05-Oct-2025 01:20:23.411 INFO [main] org.apache.coyote.AbstractProtocol.start Starting ProtocolHandler ["http-nio-8080"]
05-Oct-2025 01:20:23.415 INFO [main] org.apache.catalina.startup.Catalina.start Server startup in [322] milliseconds
05-Oct-2025 01:37:32.698 INFO [main] org.apache.catalina.core.StandardServer.await A valid shutdown command was received via the shutdown port. Stopping the Server instance.
05-Oct-2025 01:37:32.700 INFO [main] org.apache.coyote.AbstractProtocol.pause Pausing ProtocolHandler ["http-nio-8080"]
05-Oct-2025 01:37:33.708 INFO [main] org.apache.catalina.core.StandardService.stopInternal Stopping service [Catalina]
05-Oct-2025 01:37:33.745 INFO [main] org.apache.coyote.AbstractProtocol.stop Stopping ProtocolHandler ["http-nio-8080"]
05-Oct-2025 01:37:34.349 WARNING [main] org.apache.tomcat.util.net.Acceptor.stopMillis The acceptor thread [http-nio-8080-Acceptor] did not stop cleanly
05-Oct-2025 01:37:34.354 INFO [main] org.apache.coyote.AbstractProtocol.destroy Destroying ProtocolHandler ["http-nio-8080"]
NOTE: Picked up JDK_JAVA_OPTIONS:  --add-opens=java.base/java.lang=ALL-UNNAMED --add-opens=java.base/java.lang.invoke=ALL-UNNAMED --add-opens=java.base/java.lang.reflect=ALL-UNNAMED --add-opens=java.base/java.io=ALL-UNNAMED --add-opens=java.base/java.util=ALL-UNNAMED --add-opens=java.base/java.util.concurrent=ALL-UNNAMED --add-opens=java.rmi/sun.rmi.transport=ALL-UNNAMED
05-Oct-2025 01:45:08.673 INFO [main] org.apache.catalina.startup.VersionLoggerListener.log Server version name:   Apache Tomcat/9.0.108
05-Oct-2025 01:45:08.675 INFO [main] org.apache.catalina.startup.VersionLoggerListener.log Server built:          Jul 31 2025 18:19:48 UTC
05-Oct-2025 01:45:08.675 INFO [main] org.apache.catalina.startup.VersionLoggerListener.log Server version number: 9.0.108.0
05-Oct-2025 01:45:08.675 INFO [main] org.apache.catalina.startup.VersionLoggerListener.log OS Name:               Mac OS X
05-Oct-2025 01:45:08.675 INFO [main] org.apache.catalina.startup.VersionLoggerListener.log OS Version:            15.6.1
05-Oct-2025 01:45:08.676 INFO [main] org.apache.catalina.startup.VersionLoggerListener.log Architecture:          aarch64
05-Oct-2025 01:45:08.676 INFO [main] org.apache.catalina.startup.VersionLoggerListener.log Java Home:             /opt/homebrew/Cellar/openjdk@17/17.0.15/libexec/openjdk.jdk/Contents/Home
05-Oct-2025 01:45:08.676 INFO [main] org.apache.catalina.startup.VersionLoggerListener.log JVM Version:           17.0.15+0
05-Oct-2025 01:45:08.676 INFO [main] org.apache.catalina.startup.VersionLoggerListener.log JVM Vendor:            Homebrew
05-Oct-2025 01:45:08.676 INFO [main] org.apache.catalina.startup.VersionLoggerListener.log CATALINA_BASE:         /Users/nguyendinhtanloc/Documents/Semester_1_2025/Web/Week82/tomCat
05-Oct-2025 01:45:08.676 INFO [main] org.apache.catalina.startup.VersionLoggerListener.log CATALINA_HOME:         /Users/nguyendinhtanloc/Documents/Semester_1_2025/Web/Week82/tomCat
05-Oct-2025 01:45:08.683 INFO [main] org.apache.catalina.startup.VersionLoggerListener.log Command line argument: --add-opens=java.base/java.lang=ALL-UNNAMED
05-Oct-2025 01:45:08.683 INFO [main] org.apache.catalina.startup.VersionLoggerListener.log Command line argument: --add-opens=java.base/java.lang.invoke=ALL-UNNAMED
05-Oct-2025 01:45:08.683 INFO [main] org.apache.catalina.startup.VersionLoggerListener.log Command line argument: --add-opens=java.base/java.lang.reflect=ALL-UNNAMED
05-Oct-2025 01:45:08.683 INFO [main] org.apache.catalina.startup.VersionLoggerListener.log Command line argument: --add-opens=java.base/java.io=ALL-UNNAMED
05-Oct-2025 01:45:08.683 INFO [main] org.apache.catalina.startup.VersionLoggerListener.log Command line argument: --add-opens=java.base/java.util=ALL-UNNAMED
05-Oct-2025 01:45:08.683 INFO [main] org.apache.catalina.startup.VersionLoggerListener.log Command line argument: --add-opens=java.base/java.util.concurrent=ALL-UNNAMED
05-Oct-2025 01:45:08.683 INFO [main] org.apache.catalina.startup.VersionLoggerListener.log Command line argument: --add-opens=java.rmi/sun.rmi.transport=ALL-UNNAMED
05-Oct-2025 01:45:08.683 INFO [main] org.apache.catalina.startup.VersionLoggerListener.log Command line argument: -Djava.util.logging.config.file=/Users/nguyendinhtanloc/Documents/Semester_1_2025/Web/Week82/tomCat/conf/logging.properties
05-Oct-2025 01:45:08.683 INFO [main] org.apache.catalina.startup.VersionLoggerListener.log Command line argument: -Djava.util.logging.manager=org.apache.juli.ClassLoaderLogManager
05-Oct-2025 01:45:08.683 INFO [main] org.apache.catalina.startup.VersionLoggerListener.log Command line argument: -Djdk.tls.ephemeralDHKeySize=2048
05-Oct-2025 01:45:08.683 INFO [main] org.apache.catalina.startup.VersionLoggerListener.log Command line argument: -Djava.protocol.handler.pkgs=org.apache.catalina.webresources
05-Oct-2025 01:45:08.683 INFO [main] org.apache.catalina.startup.VersionLoggerListener.log Command line argument: -Dsun.io.useCanonCaches=false
05-Oct-2025 01:45:08.684 INFO [main] org.apache.catalina.startup.VersionLoggerListener.log Command line argument: -Dorg.apache.catalina.security.SecurityListener.UMASK=0027
05-Oct-2025 01:45:08.684 INFO [main] org.apache.catalina.startup.VersionLoggerListener.log Command line argument: -Dignore.endorsed.dirs=
05-Oct-2025 01:45:08.684 INFO [main] org.apache.catalina.startup.VersionLoggerListener.log Command line argument: -Dcatalina.base=/Users/nguyendinhtanloc/Documents/Semester_1_2025/Web/Week82/tomCat
05-Oct-2025 01:45:08.684 INFO [main] org.apache.catalina.startup.VersionLoggerListener.log Command line argument: -Dcatalina.home=/Users/nguyendinhtanloc/Documents/Semester_1_2025/Web/Week82/tomCat
05-Oct-2025 01:45:08.684 INFO [main] org.apache.catalina.startup.VersionLoggerListener.log Command line argument: -Djava.io.tmpdir=/Users/nguyendinhtanloc/Documents/Semester_1_2025/Web/Week82/tomCat/temp
05-Oct-2025 01:45:08.688 INFO [main] org.apache.catalina.core.AprLifecycleListener.lifecycleEvent The Apache Tomcat Native library which allows using OpenSSL was not found on the java.library.path: [/Users/nguyendinhtanloc/Library/Java/Extensions:/Library/Java/Extensions:/Network/Library/Java/Extensions:/System/Library/Java/Extensions:/usr/lib/java:.]
05-Oct-2025 01:45:08.823 INFO [main] org.apache.coyote.AbstractProtocol.init Initializing ProtocolHandler ["http-nio-8080"]
05-Oct-2025 01:45:08.836 INFO [main] org.apache.catalina.startup.Catalina.load Server initialization in [258] milliseconds
05-Oct-2025 01:45:08.854 INFO [main] org.apache.catalina.core.StandardService.startInternal Starting service [Catalina]
05-Oct-2025 01:45:08.854 INFO [main] org.apache.catalina.core.StandardEngine.startInternal Starting Servlet engine: [Apache Tomcat/9.0.108]
05-Oct-2025 01:45:08.859 INFO [main] org.apache.catalina.startup.HostConfig.deployWAR Deploying web application archive [/Users/nguyendinhtanloc/Documents/Semester_1_2025/Web/Week82/tomCat/webapps/Lesson.war]
05-Oct-2025 01:45:09.068 INFO [main] org.apache.catalina.startup.HostConfig.deployWAR Deployment of web application archive [/Users/nguyendinhtanloc/Documents/Semester_1_2025/Web/Week82/tomCat/webapps/Lesson.war] has finished in [209] ms
05-Oct-2025 01:45:09.069 INFO [main] org.apache.catalina.startup.HostConfig.deployDirectory Deploying web application directory [/Users/nguyendinhtanloc/Documents/Semester_1_2025/Web/Week82/tomCat/webapps/docs]
05-Oct-2025 01:45:09.082 INFO [main] org.apache.catalina.startup.HostConfig.deployDirectory Deployment of web application directory [/Users/nguyendinhtanloc/Documents/Semester_1_2025/Web/Week82/tomCat/webapps/docs] has finished in [13] ms
05-Oct-2025 01:45:09.082 INFO [main] org.apache.catalina.startup.HostConfig.deployDirectory Deploying web application directory [/Users/nguyendinhtanloc/Documents/Semester_1_2025/Web/Week82/tomCat/webapps/manager]
05-Oct-2025 01:45:09.096 INFO [main] org.apache.catalina.startup.HostConfig.deployDirectory Deployment of web application directory [/Users/nguyendinhtanloc/Documents/Semester_1_2025/Web/Week82/tomCat/webapps/manager] has finished in [13] ms
05-Oct-2025 01:45:09.096 INFO [main] org.apache.catalina.startup.HostConfig.deployDirectory Deploying web application directory [/Users/nguyendinhtanloc/Documents/Semester_1_2025/Web/Week82/tomCat/webapps/examples]
05-Oct-2025 01:45:09.170 INFO [main] org.apache.catalina.startup.HostConfig.deployDirectory Deployment of web application directory [/Users/nguyendinhtanloc/Documents/Semester_1_2025/Web/Week82/tomCat/webapps/examples] has finished in [74] ms
05-Oct-2025 01:45:09.171 INFO [main] org.apache.catalina.startup.HostConfig.deployDirectory Deploying web application directory [/Users/nguyendinhtanloc/Documents/Semester_1_2025/Web/Week82/tomCat/webapps/ROOT]
05-Oct-2025 01:45:09.177 INFO [main] org.apache.catalina.startup.HostConfig.deployDirectory Deployment of web application directory [/Users/nguyendinhtanloc/Documents/Semester_1_2025/Web/Week82/tomCat/webapps/ROOT] has finished in [7] ms
05-Oct-2025 01:45:09.177 INFO [main] org.apache.catalina.startup.HostConfig.deployDirectory Deploying web application directory [/Users/nguyendinhtanloc/Documents/Semester_1_2025/Web/Week82/tomCat/webapps/host-manager]
05-Oct-2025 01:45:09.184 INFO [main] org.apache.catalina.startup.HostConfig.deployDirectory Deployment of web application directory [/Users/nguyendinhtanloc/Documents/Semester_1_2025/Web/Week82/tomCat/webapps/host-manager] has finished in [7] ms
05-Oct-2025 01:45:09.186 INFO [main] org.apache.coyote.AbstractProtocol.start Starting ProtocolHandler ["http-nio-8080"]
05-Oct-2025 01:45:09.190 INFO [main] org.apache.catalina.startup.Catalina.start Server startup in [353] milliseconds
05-Oct-2025 01:46:08.759 INFO [main] org.apache.catalina.core.StandardServer.await A valid shutdown command was received via the shutdown port. Stopping the Server instance.
05-Oct-2025 01:46:08.761 INFO [main] org.apache.coyote.AbstractProtocol.pause Pausing ProtocolHandler ["http-nio-8080"]
05-Oct-2025 01:46:09.765 INFO [main] org.apache.catalina.core.StandardService.stopInternal Stopping service [Catalina]
05-Oct-2025 01:46:09.784 INFO [main] org.apache.coyote.AbstractProtocol.stop Stopping ProtocolHandler ["http-nio-8080"]
05-Oct-2025 01:46:10.390 WARNING [main] org.apache.tomcat.util.net.Acceptor.stopMillis The acceptor thread [http-nio-8080-Acceptor] did not stop cleanly
05-Oct-2025 01:46:10.393 INFO [main] org.apache.coyote.AbstractProtocol.destroy Destroying ProtocolHandler ["http-nio-8080"]
NOTE: Picked up JDK_JAVA_OPTIONS:  --add-opens=java.base/java.lang=ALL-UNNAMED --add-opens=java.base/java.lang.invoke=ALL-UNNAMED --add-opens=java.base/java.lang.reflect=ALL-UNNAMED --add-opens=java.base/java.io=ALL-UNNAMED --add-opens=java.base/java.util=ALL-UNNAMED --add-opens=java.base/java.util.concurrent=ALL-UNNAMED --add-opens=java.rmi/sun.rmi.transport=ALL-UNNAMED
05-Oct-2025 01:46:41.503 INFO [main] org.apache.catalina.startup.VersionLoggerListener.log Server version name:   Apache Tomcat/9.0.108
05-Oct-2025 01:46:41.505 INFO [main] org.apache.catalina.startup.VersionLoggerListener.log Server built:          Jul 31 2025 18:19:48 UTC
05-Oct-2025 01:46:41.505 INFO [main] org.apache.catalina.startup.VersionLoggerListener.log Server version number: 9.0.108.0
05-Oct-2025 01:46:41.505 INFO [main] org.apache.catalina.startup.VersionLoggerListener.log OS Name:               Mac OS X
05-Oct-2025 01:46:41.505 INFO [main] org.apache.catalina.startup.VersionLoggerListener.log OS Version:            15.6.1
05-Oct-2025 01:46:41.506 INFO [main] org.apache.catalina.startup.VersionLoggerListener.log Architecture:          aarch64
05-Oct-2025 01:46:41.506 INFO [main] org.apache.catalina.startup.VersionLoggerListener.log Java Home:             /opt/homebrew/Cellar/openjdk@17/17.0.15/libexec/openjdk.jdk/Contents/Home
05-Oct-2025 01:46:41.506 INFO [main] org.apache.catalina.startup.VersionLoggerListener.log JVM Version:           17.0.15+0
05-Oct-2025 01:46:41.506 INFO [main] org.apache.catalina.startup.VersionLoggerListener.log JVM Vendor:            Homebrew
05-Oct-2025 01:46:41.506 INFO [main] org.apache.catalina.startup.VersionLoggerListener.log CATALINA_BASE:         /Users/nguyendinhtanloc/Documents/Semester_1_2025/Web/Week82/tomCat
05-Oct-2025 01:46:41.506 INFO [main] org.apache.catalina.startup.VersionLoggerListener.log CATALINA_HOME:         /Users/nguyendinhtanloc/Documents/Semester_1_2025/Web/Week82/tomCat
05-Oct-2025 01:46:41.510 INFO [main] org.apache.catalina.startup.VersionLoggerListener.log Command line argument: --add-opens=java.base/java.lang=ALL-UNNAMED
05-Oct-2025 01:46:41.511 INFO [main] org.apache.catalina.startup.VersionLoggerListener.log Command line argument: --add-opens=java.base/java.lang.invoke=ALL-UNNAMED
05-Oct-2025 01:46:41.511 INFO [main] org.apache.catalina.startup.VersionLoggerListener.log Command line argument: --add-opens=java.base/java.lang.reflect=ALL-UNNAMED
05-Oct-2025 01:46:41.511 INFO [main] org.apache.catalina.startup.VersionLoggerListener.log Command line argument: --add-opens=java.base/java.io=ALL-UNNAMED
05-Oct-2025 01:46:41.511 INFO [main] org.apache.catalina.startup.VersionLoggerListener.log Command line argument: --add-opens=java.base/java.util=ALL-UNNAMED
05-Oct-2025 01:46:41.511 INFO [main] org.apache.catalina.startup.VersionLoggerListener.log Command line argument: --add-opens=java.base/java.util.concurrent=ALL-UNNAMED
05-Oct-2025 01:46:41.511 INFO [main] org.apache.catalina.startup.VersionLoggerListener.log Command line argument: --add-opens=java.rmi/sun.rmi.transport=ALL-UNNAMED
05-Oct-2025 01:46:41.511 INFO [main] org.apache.catalina.startup.VersionLoggerListener.log Command line argument: -Djava.util.logging.config.file=/Users/nguyendinhtanloc/Documents/Semester_1_2025/Web/Week82/tomCat/conf/logging.properties
05-Oct-2025 01:46:41.511 INFO [main] org.apache.catalina.startup.VersionLoggerListener.log Command line argument: -Djava.util.logging.manager=org.apache.juli.ClassLoaderLogManager
05-Oct-2025 01:46:41.511 INFO [main] org.apache.catalina.startup.VersionLoggerListener.log Command line argument: -Djdk.tls.ephemeralDHKeySize=2048
05-Oct-2025 01:46:41.511 INFO [main] org.apache.catalina.startup.VersionLoggerListener.log Command line argument: -Djava.protocol.handler.pkgs=org.apache.catalina.webresources
05-Oct-2025 01:46:41.511 INFO [main] org.apache.catalina.startup.VersionLoggerListener.log Command line argument: -Dsun.io.useCanonCaches=false
05-Oct-2025 01:46:41.511 INFO [main] org.apache.catalina.startup.VersionLoggerListener.log Command line argument: -Dorg.apache.catalina.security.SecurityListener.UMASK=0027
05-Oct-2025 01:46:41.511 INFO [main] org.apache.catalina.startup.VersionLoggerListener.log Command line argument: -Dignore.endorsed.dirs=
05-Oct-2025 01:46:41.511 INFO [main] org.apache.catalina.startup.VersionLoggerListener.log Command line argument: -Dcatalina.base=/Users/nguyendinhtanloc/Documents/Semester_1_2025/Web/Week82/tomCat
05-Oct-2025 01:46:41.511 INFO [main] org.apache.catalina.startup.VersionLoggerListener.log Command line argument: -Dcatalina.home=/Users/nguyendinhtanloc/Documents/Semester_1_2025/Web/Week82/tomCat
05-Oct-2025 01:46:41.511 INFO [main] org.apache.catalina.startup.VersionLoggerListener.log Command line argument: -Djava.io.tmpdir=/Users/nguyendinhtanloc/Documents/Semester_1_2025/Web/Week82/tomCat/temp
05-Oct-2025 01:46:41.517 INFO [main] org.apache.catalina.core.AprLifecycleListener.lifecycleEvent The Apache Tomcat Native library which allows using OpenSSL was not found on the java.library.path: [/Users/nguyendinhtanloc/Library/Java/Extensions:/Library/Java/Extensions:/Network/Library/Java/Extensions:/System/Library/Java/Extensions:/usr/lib/java:.]
05-Oct-2025 01:46:41.672 INFO [main] org.apache.coyote.AbstractProtocol.init Initializing ProtocolHandler ["http-nio-8080"]
05-Oct-2025 01:46:41.683 INFO [main] org.apache.catalina.startup.Catalina.load Server initialization in [271] milliseconds
05-Oct-2025 01:46:41.698 INFO [main] org.apache.catalina.core.StandardService.startInternal Starting service [Catalina]
05-Oct-2025 01:46:41.698 INFO [main] org.apache.catalina.core.StandardEngine.startInternal Starting Servlet engine: [Apache Tomcat/9.0.108]
05-Oct-2025 01:46:41.704 INFO [main] org.apache.catalina.startup.HostConfig.deployWAR Deploying web application archive [/Users/nguyendinhtanloc/Documents/Semester_1_2025/Web/Week82/tomCat/webapps/Lesson.war]
05-Oct-2025 01:46:41.870 INFO [main] org.apache.catalina.startup.HostConfig.deployWAR Deployment of web application archive [/Users/nguyendinhtanloc/Documents/Semester_1_2025/Web/Week82/tomCat/webapps/Lesson.war] has finished in [166] ms
05-Oct-2025 01:46:41.870 INFO [main] org.apache.catalina.startup.HostConfig.deployDirectory Deploying web application directory [/Users/nguyendinhtanloc/Documents/Semester_1_2025/Web/Week82/tomCat/webapps/docs]
05-Oct-2025 01:46:41.885 INFO [main] org.apache.catalina.startup.HostConfig.deployDirectory Deployment of web application directory [/Users/nguyendinhtanloc/Documents/Semester_1_2025/Web/Week82/tomCat/webapps/docs] has finished in [15] ms
05-Oct-2025 01:46:41.885 INFO [main] org.apache.catalina.startup.HostConfig.deployDirectory Deploying web application directory [/Users/nguyendinhtanloc/Documents/Semester_1_2025/Web/Week82/tomCat/webapps/manager]
05-Oct-2025 01:46:41.897 INFO [main] org.apache.catalina.startup.HostConfig.deployDirectory Deployment of web application directory [/Users/nguyendinhtanloc/Documents/Semester_1_2025/Web/Week82/tomCat/webapps/manager] has finished in [12] ms
05-Oct-2025 01:46:41.897 INFO [main] org.apache.catalina.startup.HostConfig.deployDirectory Deploying web application directory [/Users/nguyendinhtanloc/Documents/Semester_1_2025/Web/Week82/tomCat/webapps/examples]
05-Oct-2025 01:46:41.967 INFO [main] org.apache.catalina.startup.HostConfig.deployDirectory Deployment of web application directory [/Users/nguyendinhtanloc/Documents/Semester_1_2025/Web/Week82/tomCat/webapps/examples] has finished in [70] ms
05-Oct-2025 01:46:41.967 INFO [main] org.apache.catalina.startup.HostConfig.deployDirectory Deploying web application directory [/Users/nguyendinhtanloc/Documents/Semester_1_2025/Web/Week82/tomCat/webapps/ROOT]
05-Oct-2025 01:46:41.973 INFO [main] org.apache.catalina.startup.HostConfig.deployDirectory Deployment of web application directory [/Users/nguyendinhtanloc/Documents/Semester_1_2025/Web/Week82/tomCat/webapps/ROOT] has finished in [6] ms
05-Oct-2025 01:46:41.973 INFO [main] org.apache.catalina.startup.HostConfig.deployDirectory Deploying web application directory [/Users/nguyendinhtanloc/Documents/Semester_1_2025/Web/Week82/tomCat/webapps/host-manager]
05-Oct-2025 01:46:41.980 INFO [main] org.apache.catalina.startup.HostConfig.deployDirectory Deployment of web application directory [/Users/nguyendinhtanloc/Documents/Semester_1_2025/Web/Week82/tomCat/webapps/host-manager] has finished in [7] ms
05-Oct-2025 01:46:41.982 INFO [main] org.apache.coyote.AbstractProtocol.start Starting ProtocolHandler ["http-nio-8080"]
05-Oct-2025 01:46:41.986 INFO [main] org.apache.catalina.startup.Catalina.start Server startup in [302] milliseconds
05-Oct-2025 02:09:05.956 INFO [main] org.apache.catalina.core.StandardServer.await A valid shutdown command was received via the shutdown port. Stopping the Server instance.
05-Oct-2025 02:09:05.958 INFO [main] org.apache.coyote.AbstractProtocol.pause Pausing ProtocolHandler ["http-nio-8080"]
05-Oct-2025 02:09:06.962 INFO [main] org.apache.catalina.core.StandardService.stopInternal Stopping service [Catalina]
05-Oct-2025 02:09:07.003 INFO [main] org.apache.coyote.AbstractProtocol.stop Stopping ProtocolHandler ["http-nio-8080"]
05-Oct-2025 02:09:07.609 WARNING [main] org.apache.tomcat.util.net.Acceptor.stopMillis The acceptor thread [http-nio-8080-Acceptor] did not stop cleanly
05-Oct-2025 02:09:07.615 INFO [main] org.apache.coyote.AbstractProtocol.destroy Destroying ProtocolHandler ["http-nio-8080"]
NOTE: Picked up JDK_JAVA_OPTIONS:  --add-opens=java.base/java.lang=ALL-UNNAMED --add-opens=java.base/java.lang.invoke=ALL-UNNAMED --add-opens=java.base/java.lang.reflect=ALL-UNNAMED --add-opens=java.base/java.io=ALL-UNNAMED --add-opens=java.base/java.util=ALL-UNNAMED --add-opens=java.base/java.util.concurrent=ALL-UNNAMED --add-opens=java.rmi/sun.rmi.transport=ALL-UNNAMED
05-Oct-2025 02:09:45.475 INFO [main] org.apache.catalina.startup.VersionLoggerListener.log Server version name:   Apache Tomcat/9.0.108
05-Oct-2025 02:09:45.477 INFO [main] org.apache.catalina.startup.VersionLoggerListener.log Server built:          Jul 31 2025 18:19:48 UTC
05-Oct-2025 02:09:45.477 INFO [main] org.apache.catalina.startup.VersionLoggerListener.log Server version number: 9.0.108.0
05-Oct-2025 02:09:45.477 INFO [main] org.apache.catalina.startup.VersionLoggerListener.log OS Name:               Mac OS X
05-Oct-2025 02:09:45.477 INFO [main] org.apache.catalina.startup.VersionLoggerListener.log OS Version:            15.6.1
05-Oct-2025 02:09:45.477 INFO [main] org.apache.catalina.startup.VersionLoggerListener.log Architecture:          aarch64
05-Oct-2025 02:09:45.477 INFO [main] org.apache.catalina.startup.VersionLoggerListener.log Java Home:             /opt/homebrew/Cellar/openjdk@17/17.0.15/libexec/openjdk.jdk/Contents/Home
05-Oct-2025 02:09:45.477 INFO [main] org.apache.catalina.startup.VersionLoggerListener.log JVM Version:           17.0.15+0
05-Oct-2025 02:09:45.477 INFO [main] org.apache.catalina.startup.VersionLoggerListener.log JVM Vendor:            Homebrew
05-Oct-2025 02:09:45.477 INFO [main] org.apache.catalina.startup.VersionLoggerListener.log CATALINA_BASE:         /Users/nguyendinhtanloc/Documents/Semester_1_2025/Web/Week82/tomCat
05-Oct-2025 02:09:45.478 INFO [main] org.apache.catalina.startup.VersionLoggerListener.log CATALINA_HOME:         /Users/nguyendinhtanloc/Documents/Semester_1_2025/Web/Week82/tomCat
05-Oct-2025 02:09:45.484 INFO [main] org.apache.catalina.startup.VersionLoggerListener.log Command line argument: --add-opens=java.base/java.lang=ALL-UNNAMED
05-Oct-2025 02:09:45.484 INFO [main] org.apache.catalina.startup.VersionLoggerListener.log Command line argument: --add-opens=java.base/java.lang.invoke=ALL-UNNAMED
05-Oct-2025 02:09:45.484 INFO [main] org.apache.catalina.startup.VersionLoggerListener.log Command line argument: --add-opens=java.base/java.lang.reflect=ALL-UNNAMED
05-Oct-2025 02:09:45.484 INFO [main] org.apache.catalina.startup.VersionLoggerListener.log Command line argument: --add-opens=java.base/java.io=ALL-UNNAMED
05-Oct-2025 02:09:45.484 INFO [main] org.apache.catalina.startup.VersionLoggerListener.log Command line argument: --add-opens=java.base/java.util=ALL-UNNAMED
05-Oct-2025 02:09:45.484 INFO [main] org.apache.catalina.startup.VersionLoggerListener.log Command line argument: --add-opens=java.base/java.util.concurrent=ALL-UNNAMED
05-Oct-2025 02:09:45.484 INFO [main] org.apache.catalina.startup.VersionLoggerListener.log Command line argument: --add-opens=java.rmi/sun.rmi.transport=ALL-UNNAMED
05-Oct-2025 02:09:45.484 INFO [main] org.apache.catalina.startup.VersionLoggerListener.log Command line argument: -Djava.util.logging.config.file=/Users/nguyendinhtanloc/Documents/Semester_1_2025/Web/Week82/tomCat/conf/logging.properties
05-Oct-2025 02:09:45.484 INFO [main] org.apache.catalina.startup.VersionLoggerListener.log Command line argument: -Djava.util.logging.manager=org.apache.juli.ClassLoaderLogManager
05-Oct-2025 02:09:45.484 INFO [main] org.apache.catalina.startup.VersionLoggerListener.log Command line argument: -Djdk.tls.ephemeralDHKeySize=2048
05-Oct-2025 02:09:45.484 INFO [main] org.apache.catalina.startup.VersionLoggerListener.log Command line argument: -Djava.protocol.handler.pkgs=org.apache.catalina.webresources
05-Oct-2025 02:09:45.484 INFO [main] org.apache.catalina.startup.VersionLoggerListener.log Command line argument: -Dsun.io.useCanonCaches=false
05-Oct-2025 02:09:45.484 INFO [main] org.apache.catalina.startup.VersionLoggerListener.log Command line argument: -Dorg.apache.catalina.security.SecurityListener.UMASK=0027
05-Oct-2025 02:09:45.484 INFO [main] org.apache.catalina.startup.VersionLoggerListener.log Command line argument: -Dignore.endorsed.dirs=
05-Oct-2025 02:09:45.484 INFO [main] org.apache.catalina.startup.VersionLoggerListener.log Command line argument: -Dcatalina.base=/Users/nguyendinhtanloc/Documents/Semester_1_2025/Web/Week82/tomCat
05-Oct-2025 02:09:45.484 INFO [main] org.apache.catalina.startup.VersionLoggerListener.log Command line argument: -Dcatalina.home=/Users/nguyendinhtanloc/Documents/Semester_1_2025/Web/Week82/tomCat
05-Oct-2025 02:09:45.484 INFO [main] org.apache.catalina.startup.VersionLoggerListener.log Command line argument: -Djava.io.tmpdir=/Users/nguyendinhtanloc/Documents/Semester_1_2025/Web/Week82/tomCat/temp
05-Oct-2025 02:09:45.490 INFO [main] org.apache.catalina.core.AprLifecycleListener.lifecycleEvent The Apache Tomcat Native library which allows using OpenSSL was not found on the java.library.path: [/Users/nguyendinhtanloc/Library/Java/Extensions:/Library/Java/Extensions:/Network/Library/Java/Extensions:/System/Library/Java/Extensions:/usr/lib/java:.]
05-Oct-2025 02:09:45.624 INFO [main] org.apache.coyote.AbstractProtocol.init Initializing ProtocolHandler ["http-nio-8080"]
05-Oct-2025 02:09:45.638 INFO [main] org.apache.catalina.startup.Catalina.load Server initialization in [248] milliseconds
05-Oct-2025 02:09:45.671 INFO [main] org.apache.catalina.core.StandardService.startInternal Starting service [Catalina]
05-Oct-2025 02:09:45.672 INFO [main] org.apache.catalina.core.StandardEngine.startInternal Starting Servlet engine: [Apache Tomcat/9.0.108]
05-Oct-2025 02:09:45.701 INFO [main] org.apache.catalina.startup.HostConfig.deployWAR Deploying web application archive [/Users/nguyendinhtanloc/Documents/Semester_1_2025/Web/Week82/tomCat/webapps/Lesson.war]
05-Oct-2025 02:09:45.921 INFO [main] org.apache.catalina.startup.HostConfig.deployWAR Deployment of web application archive [/Users/nguyendinhtanloc/Documents/Semester_1_2025/Web/Week82/tomCat/webapps/Lesson.war] has finished in [220] ms
05-Oct-2025 02:09:45.921 INFO [main] org.apache.catalina.startup.HostConfig.deployDirectory Deploying web application directory [/Users/nguyendinhtanloc/Documents/Semester_1_2025/Web/Week82/tomCat/webapps/docs]
05-Oct-2025 02:09:45.934 INFO [main] org.apache.catalina.startup.HostConfig.deployDirectory Deployment of web application directory [/Users/nguyendinhtanloc/Documents/Semester_1_2025/Web/Week82/tomCat/webapps/docs] has finished in [13] ms
05-Oct-2025 02:09:45.934 INFO [main] org.apache.catalina.startup.HostConfig.deployDirectory Deploying web application directory [/Users/nguyendinhtanloc/Documents/Semester_1_2025/Web/Week82/tomCat/webapps/manager]
05-Oct-2025 02:09:45.947 INFO [main] org.apache.catalina.startup.HostConfig.deployDirectory Deployment of web application directory [/Users/nguyendinhtanloc/Documents/Semester_1_2025/Web/Week82/tomCat/webapps/manager] has finished in [12] ms
05-Oct-2025 02:09:45.947 INFO [main] org.apache.catalina.startup.HostConfig.deployDirectory Deploying web application directory [/Users/nguyendinhtanloc/Documents/Semester_1_2025/Web/Week82/tomCat/webapps/examples]
05-Oct-2025 02:09:46.023 INFO [main] org.apache.catalina.startup.HostConfig.deployDirectory Deployment of web application directory [/Users/nguyendinhtanloc/Documents/Semester_1_2025/Web/Week82/tomCat/webapps/examples] has finished in [76] ms
05-Oct-2025 02:09:46.024 INFO [main] org.apache.catalina.startup.HostConfig.deployDirectory Deploying web application directory [/Users/nguyendinhtanloc/Documents/Semester_1_2025/Web/Week82/tomCat/webapps/ROOT]
05-Oct-2025 02:09:46.030 INFO [main] org.apache.catalina.startup.HostConfig.deployDirectory Deployment of web application directory [/Users/nguyendinhtanloc/Documents/Semester_1_2025/Web/Week82/tomCat/webapps/ROOT] has finished in [6] ms
05-Oct-2025 02:09:46.030 INFO [main] org.apache.catalina.startup.HostConfig.deployDirectory Deploying web application directory [/Users/nguyendinhtanloc/Documents/Semester_1_2025/Web/Week82/tomCat/webapps/host-manager]
05-Oct-2025 02:09:46.037 INFO [main] org.apache.catalina.startup.HostConfig.deployDirectory Deployment of web application directory [/Users/nguyendinhtanloc/Documents/Semester_1_2025/Web/Week82/tomCat/webapps/host-manager] has finished in [7] ms
05-Oct-2025 02:09:46.038 INFO [main] org.apache.coyote.AbstractProtocol.start Starting ProtocolHandler ["http-nio-8080"]
05-Oct-2025 02:09:46.043 INFO [main] org.apache.catalina.startup.Catalina.start Server startup in [404] milliseconds
05-Oct-2025 02:23:30.918 INFO [main] org.apache.catalina.core.StandardServer.await A valid shutdown command was received via the shutdown port. Stopping the Server instance.
05-Oct-2025 02:23:30.920 INFO [main] org.apache.coyote.AbstractProtocol.pause Pausing ProtocolHandler ["http-nio-8080"]
05-Oct-2025 02:23:31.926 INFO [main] org.apache.catalina.core.StandardService.stopInternal Stopping service [Catalina]
05-Oct-2025 02:23:31.957 INFO [main] org.apache.coyote.AbstractProtocol.stop Stopping ProtocolHandler ["http-nio-8080"]
05-Oct-2025 02:23:32.563 WARNING [main] org.apache.tomcat.util.net.Acceptor.stopMillis The acceptor thread [http-nio-8080-Acceptor] did not stop cleanly
05-Oct-2025 02:23:32.570 INFO [main] org.apache.coyote.AbstractProtocol.destroy Destroying ProtocolHandler ["http-nio-8080"]
NOTE: Picked up JDK_JAVA_OPTIONS:  --add-opens=java.base/java.lang=ALL-UNNAMED --add-opens=java.base/java.lang.invoke=ALL-UNNAMED --add-opens=java.base/java.lang.reflect=ALL-UNNAMED --add-opens=java.base/java.io=ALL-UNNAMED --add-opens=java.base/java.util=ALL-UNNAMED --add-opens=java.base/java.util.concurrent=ALL-UNNAMED --add-opens=java.rmi/sun.rmi.transport=ALL-UNNAMED
05-Oct-2025 02:24:08.336 INFO [main] org.apache.catalina.startup.VersionLoggerListener.log Server version name:   Apache Tomcat/9.0.108
05-Oct-2025 02:24:08.338 INFO [main] org.apache.catalina.startup.VersionLoggerListener.log Server built:          Jul 31 2025 18:19:48 UTC
05-Oct-2025 02:24:08.338 INFO [main] org.apache.catalina.startup.VersionLoggerListener.log Server version number: 9.0.108.0
05-Oct-2025 02:24:08.338 INFO [main] org.apache.catalina.startup.VersionLoggerListener.log OS Name:               Mac OS X
05-Oct-2025 02:24:08.338 INFO [main] org.apache.catalina.startup.VersionLoggerListener.log OS Version:            15.6.1
05-Oct-2025 02:24:08.338 INFO [main] org.apache.catalina.startup.VersionLoggerListener.log Architecture:          aarch64
05-Oct-2025 02:24:08.338 INFO [main] org.apache.catalina.startup.VersionLoggerListener.log Java Home:             /opt/homebrew/Cellar/openjdk@17/17.0.15/libexec/openjdk.jdk/Contents/Home
05-Oct-2025 02:24:08.338 INFO [main] org.apache.catalina.startup.VersionLoggerListener.log JVM Version:           17.0.15+0
05-Oct-2025 02:24:08.338 INFO [main] org.apache.catalina.startup.VersionLoggerListener.log JVM Vendor:            Homebrew
05-Oct-2025 02:24:08.338 INFO [main] org.apache.catalina.startup.VersionLoggerListener.log CATALINA_BASE:         /Users/nguyendinhtanloc/Documents/Semester_1_2025/Web/Week82/tomCat
05-Oct-2025 02:24:08.338 INFO [main] org.apache.catalina.startup.VersionLoggerListener.log CATALINA_HOME:         /Users/nguyendinhtanloc/Documents/Semester_1_2025/Web/Week82/tomCat
05-Oct-2025 02:24:08.347 INFO [main] org.apache.catalina.startup.VersionLoggerListener.log Command line argument: --add-opens=java.base/java.lang=ALL-UNNAMED
05-Oct-2025 02:24:08.347 INFO [main] org.apache.catalina.startup.VersionLoggerListener.log Command line argument: --add-opens=java.base/java.lang.invoke=ALL-UNNAMED
05-Oct-2025 02:24:08.347 INFO [main] org.apache.catalina.startup.VersionLoggerListener.log Command line argument: --add-opens=java.base/java.lang.reflect=ALL-UNNAMED
05-Oct-2025 02:24:08.347 INFO [main] org.apache.catalina.startup.VersionLoggerListener.log Command line argument: --add-opens=java.base/java.io=ALL-UNNAMED
05-Oct-2025 02:24:08.347 INFO [main] org.apache.catalina.startup.VersionLoggerListener.log Command line argument: --add-opens=java.base/java.util=ALL-UNNAMED
05-Oct-2025 02:24:08.347 INFO [main] org.apache.catalina.startup.VersionLoggerListener.log Command line argument: --add-opens=java.base/java.util.concurrent=ALL-UNNAMED
05-Oct-2025 02:24:08.347 INFO [main] org.apache.catalina.startup.VersionLoggerListener.log Command line argument: --add-opens=java.rmi/sun.rmi.transport=ALL-UNNAMED
05-Oct-2025 02:24:08.347 INFO [main] org.apache.catalina.startup.VersionLoggerListener.log Command line argument: -Djava.util.logging.config.file=/Users/nguyendinhtanloc/Documents/Semester_1_2025/Web/Week82/tomCat/conf/logging.properties
05-Oct-2025 02:24:08.347 INFO [main] org.apache.catalina.startup.VersionLoggerListener.log Command line argument: -Djava.util.logging.manager=org.apache.juli.ClassLoaderLogManager
05-Oct-2025 02:24:08.348 INFO [main] org.apache.catalina.startup.VersionLoggerListener.log Command line argument: -Djdk.tls.ephemeralDHKeySize=2048
05-Oct-2025 02:24:08.348 INFO [main] org.apache.catalina.startup.VersionLoggerListener.log Command line argument: -Djava.protocol.handler.pkgs=org.apache.catalina.webresources
05-Oct-2025 02:24:08.348 INFO [main] org.apache.catalina.startup.VersionLoggerListener.log Command line argument: -Dsun.io.useCanonCaches=false
05-Oct-2025 02:24:08.348 INFO [main] org.apache.catalina.startup.VersionLoggerListener.log Command line argument: -Dorg.apache.catalina.security.SecurityListener.UMASK=0027
05-Oct-2025 02:24:08.348 INFO [main] org.apache.catalina.startup.VersionLoggerListener.log Command line argument: -Dignore.endorsed.dirs=
05-Oct-2025 02:24:08.348 INFO [main] org.apache.catalina.startup.VersionLoggerListener.log Command line argument: -Dcatalina.base=/Users/nguyendinhtanloc/Documents/Semester_1_2025/Web/Week82/tomCat
05-Oct-2025 02:24:08.348 INFO [main] org.apache.catalina.startup.VersionLoggerListener.log Command line argument: -Dcatalina.home=/Users/nguyendinhtanloc/Documents/Semester_1_2025/Web/Week82/tomCat
05-Oct-2025 02:24:08.348 INFO [main] org.apache.catalina.startup.VersionLoggerListener.log Command line argument: -Djava.io.tmpdir=/Users/nguyendinhtanloc/Documents/Semester_1_2025/Web/Week82/tomCat/temp
05-Oct-2025 02:24:08.353 INFO [main] org.apache.catalina.core.AprLifecycleListener.lifecycleEvent The Apache Tomcat Native library which allows using OpenSSL was not found on the java.library.path: [/Users/nguyendinhtanloc/Library/Java/Extensions:/Library/Java/Extensions:/Network/Library/Java/Extensions:/System/Library/Java/Extensions:/usr/lib/java:.]
05-Oct-2025 02:24:08.494 INFO [main] org.apache.coyote.AbstractProtocol.init Initializing ProtocolHandler ["http-nio-8080"]
05-Oct-2025 02:24:08.506 INFO [main] org.apache.catalina.startup.Catalina.load Server initialization in [258] milliseconds
05-Oct-2025 02:24:08.524 INFO [main] org.apache.catalina.core.StandardService.startInternal Starting service [Catalina]
05-Oct-2025 02:24:08.524 INFO [main] org.apache.catalina.core.StandardEngine.startInternal Starting Servlet engine: [Apache Tomcat/9.0.108]
05-Oct-2025 02:24:08.529 INFO [main] org.apache.catalina.startup.HostConfig.deployWAR Deploying web application archive [/Users/nguyendinhtanloc/Documents/Semester_1_2025/Web/Week82/tomCat/webapps/Lesson.war]
05-Oct-2025 02:24:08.741 INFO [main] org.apache.catalina.startup.HostConfig.deployWAR Deployment of web application archive [/Users/nguyendinhtanloc/Documents/Semester_1_2025/Web/Week82/tomCat/webapps/Lesson.war] has finished in [212] ms
05-Oct-2025 02:24:08.742 INFO [main] org.apache.catalina.startup.HostConfig.deployDirectory Deploying web application directory [/Users/nguyendinhtanloc/Documents/Semester_1_2025/Web/Week82/tomCat/webapps/docs]
05-Oct-2025 02:24:08.755 INFO [main] org.apache.catalina.startup.HostConfig.deployDirectory Deployment of web application directory [/Users/nguyendinhtanloc/Documents/Semester_1_2025/Web/Week82/tomCat/webapps/docs] has finished in [13] ms
05-Oct-2025 02:24:08.755 INFO [main] org.apache.catalina.startup.HostConfig.deployDirectory Deploying web application directory [/Users/nguyendinhtanloc/Documents/Semester_1_2025/Web/Week82/tomCat/webapps/manager]
05-Oct-2025 02:24:08.769 INFO [main] org.apache.catalina.startup.HostConfig.deployDirectory Deployment of web application directory [/Users/nguyendinhtanloc/Documents/Semester_1_2025/Web/Week82/tomCat/webapps/manager] has finished in [14] ms
05-Oct-2025 02:24:08.769 INFO [main] org.apache.catalina.startup.HostConfig.deployDirectory Deploying web application directory [/Users/nguyendinhtanloc/Documents/Semester_1_2025/Web/Week82/tomCat/webapps/examples]
05-Oct-2025 02:24:08.838 INFO [main] org.apache.catalina.startup.HostConfig.deployDirectory Deployment of web application directory [/Users/nguyendinhtanloc/Documents/Semester_1_2025/Web/Week82/tomCat/webapps/examples] has finished in [69] ms
05-Oct-2025 02:24:08.839 INFO [main] org.apache.catalina.startup.HostConfig.deployDirectory Deploying web application directory [/Users/nguyendinhtanloc/Documents/Semester_1_2025/Web/Week82/tomCat/webapps/ROOT]
05-Oct-2025 02:24:08.845 INFO [main] org.apache.catalina.startup.HostConfig.deployDirectory Deployment of web application directory [/Users/nguyendinhtanloc/Documents/Semester_1_2025/Web/Week82/tomCat/webapps/ROOT] has finished in [5] ms
05-Oct-2025 02:24:08.845 INFO [main] org.apache.catalina.startup.HostConfig.deployDirectory Deploying web application directory [/Users/nguyendinhtanloc/Documents/Semester_1_2025/Web/Week82/tomCat/webapps/host-manager]
05-Oct-2025 02:24:08.852 INFO [main] org.apache.catalina.startup.HostConfig.deployDirectory Deployment of web application directory [/Users/nguyendinhtanloc/Documents/Semester_1_2025/Web/Week82/tomCat/webapps/host-manager] has finished in [7] ms
05-Oct-2025 02:24:08.853 INFO [main] org.apache.coyote.AbstractProtocol.start Starting ProtocolHandler ["http-nio-8080"]
05-Oct-2025 02:24:08.860 INFO [main] org.apache.catalina.startup.Catalina.start Server startup in [353] milliseconds
NOTE: Picked up JDK_JAVA_OPTIONS:  --add-opens=java.base/java.lang=ALL-UNNAMED --add-opens=java.base/java.lang.invoke=ALL-UNNAMED --add-opens=java.base/java.lang.reflect=ALL-UNNAMED --add-opens=java.base/java.io=ALL-UNNAMED --add-opens=java.base/java.util=ALL-UNNAMED --add-opens=java.base/java.util.concurrent=ALL-UNNAMED --add-opens=java.rmi/sun.rmi.transport=ALL-UNNAMED
05-Oct-2025 02:48:33.444 INFO [main] org.apache.catalina.startup.VersionLoggerListener.log Server version name:   Apache Tomcat/9.0.108
05-Oct-2025 02:48:33.446 INFO [main] org.apache.catalina.startup.VersionLoggerListener.log Server built:          Jul 31 2025 18:19:48 UTC
05-Oct-2025 02:48:33.446 INFO [main] org.apache.catalina.startup.VersionLoggerListener.log Server version number: 9.0.108.0
05-Oct-2025 02:48:33.446 INFO [main] org.apache.catalina.startup.VersionLoggerListener.log OS Name:               Mac OS X
05-Oct-2025 02:48:33.446 INFO [main] org.apache.catalina.startup.VersionLoggerListener.log OS Version:            15.6.1
05-Oct-2025 02:48:33.446 INFO [main] org.apache.catalina.startup.VersionLoggerListener.log Architecture:          aarch64
05-Oct-2025 02:48:33.446 INFO [main] org.apache.catalina.startup.VersionLoggerListener.log Java Home:             /opt/homebrew/Cellar/openjdk@17/17.0.15/libexec/openjdk.jdk/Contents/Home
05-Oct-2025 02:48:33.446 INFO [main] org.apache.catalina.startup.VersionLoggerListener.log JVM Version:           17.0.15+0
05-Oct-2025 02:48:33.447 INFO [main] org.apache.catalina.startup.VersionLoggerListener.log JVM Vendor:            Homebrew
05-Oct-2025 02:48:33.447 INFO [main] org.apache.catalina.startup.VersionLoggerListener.log CATALINA_BASE:         /Users/nguyendinhtanloc/Documents/Semester_1_2025/Web/Week83/tomCat
05-Oct-2025 02:48:33.447 INFO [main] org.apache.catalina.startup.VersionLoggerListener.log CATALINA_HOME:         /Users/nguyendinhtanloc/Documents/Semester_1_2025/Web/Week83/tomCat
05-Oct-2025 02:48:33.454 INFO [main] org.apache.catalina.startup.VersionLoggerListener.log Command line argument: --add-opens=java.base/java.lang=ALL-UNNAMED
05-Oct-2025 02:48:33.454 INFO [main] org.apache.catalina.startup.VersionLoggerListener.log Command line argument: --add-opens=java.base/java.lang.invoke=ALL-UNNAMED
05-Oct-2025 02:48:33.454 INFO [main] org.apache.catalina.startup.VersionLoggerListener.log Command line argument: --add-opens=java.base/java.lang.reflect=ALL-UNNAMED
05-Oct-2025 02:48:33.454 INFO [main] org.apache.catalina.startup.VersionLoggerListener.log Command line argument: --add-opens=java.base/java.io=ALL-UNNAMED
05-Oct-2025 02:48:33.454 INFO [main] org.apache.catalina.startup.VersionLoggerListener.log Command line argument: --add-opens=java.base/java.util=ALL-UNNAMED
05-Oct-2025 02:48:33.454 INFO [main] org.apache.catalina.startup.VersionLoggerListener.log Command line argument: --add-opens=java.base/java.util.concurrent=ALL-UNNAMED
05-Oct-2025 02:48:33.454 INFO [main] org.apache.catalina.startup.VersionLoggerListener.log Command line argument: --add-opens=java.rmi/sun.rmi.transport=ALL-UNNAMED
05-Oct-2025 02:48:33.454 INFO [main] org.apache.catalina.startup.VersionLoggerListener.log Command line argument: -Djava.util.logging.config.file=/Users/nguyendinhtanloc/Documents/Semester_1_2025/Web/Week83/tomCat/conf/logging.properties
05-Oct-2025 02:48:33.455 INFO [main] org.apache.catalina.startup.VersionLoggerListener.log Command line argument: -Djava.util.logging.manager=org.apache.juli.ClassLoaderLogManager
05-Oct-2025 02:48:33.455 INFO [main] org.apache.catalina.startup.VersionLoggerListener.log Command line argument: -Djdk.tls.ephemeralDHKeySize=2048
05-Oct-2025 02:48:33.455 INFO [main] org.apache.catalina.startup.VersionLoggerListener.log Command line argument: -Djava.protocol.handler.pkgs=org.apache.catalina.webresources
05-Oct-2025 02:48:33.455 INFO [main] org.apache.catalina.startup.VersionLoggerListener.log Command line argument: -Dsun.io.useCanonCaches=false
05-Oct-2025 02:48:33.455 INFO [main] org.apache.catalina.startup.VersionLoggerListener.log Command line argument: -Dorg.apache.catalina.security.SecurityListener.UMASK=0027
05-Oct-2025 02:48:33.455 INFO [main] org.apache.catalina.startup.VersionLoggerListener.log Command line argument: -Dignore.endorsed.dirs=
05-Oct-2025 02:48:33.455 INFO [main] org.apache.catalina.startup.VersionLoggerListener.log Command line argument: -Dcatalina.base=/Users/nguyendinhtanloc/Documents/Semester_1_2025/Web/Week83/tomCat
05-Oct-2025 02:48:33.455 INFO [main] org.apache.catalina.startup.VersionLoggerListener.log Command line argument: -Dcatalina.home=/Users/nguyendinhtanloc/Documents/Semester_1_2025/Web/Week83/tomCat
05-Oct-2025 02:48:33.455 INFO [main] org.apache.catalina.startup.VersionLoggerListener.log Command line argument: -Djava.io.tmpdir=/Users/nguyendinhtanloc/Documents/Semester_1_2025/Web/Week83/tomCat/temp
05-Oct-2025 02:48:33.460 INFO [main] org.apache.catalina.core.AprLifecycleListener.lifecycleEvent The Apache Tomcat Native library which allows using OpenSSL was not found on the java.library.path: [/Users/nguyendinhtanloc/Library/Java/Extensions:/Library/Java/Extensions:/Network/Library/Java/Extensions:/System/Library/Java/Extensions:/usr/lib/java:.]
05-Oct-2025 02:48:33.594 INFO [main] org.apache.coyote.AbstractProtocol.init Initializing ProtocolHandler ["http-nio-8080"]
05-Oct-2025 02:48:33.603 SEVERE [main] org.apache.catalina.util.LifecycleBase.handleSubClassException Failed to initialize component [Connector["http-nio-8080"]]
	org.apache.catalina.LifecycleException: Protocol handler initialization failed
		at org.apache.catalina.connector.Connector.initInternal(Connector.java:1072)
		at org.apache.catalina.util.LifecycleBase.init(LifecycleBase.java:122)
		at org.apache.catalina.core.StandardService.initInternal(StandardService.java:522)
		at org.apache.catalina.util.LifecycleBase.init(LifecycleBase.java:122)
		at org.apache.catalina.core.StandardServer.initInternal(StandardServer.java:986)
		at org.apache.catalina.util.LifecycleBase.init(LifecycleBase.java:122)
		at org.apache.catalina.startup.Catalina.load(Catalina.java:690)
		at org.apache.catalina.startup.Catalina.load(Catalina.java:713)
		at java.base/jdk.internal.reflect.NativeMethodAccessorImpl.invoke0(Native Method)
		at java.base/jdk.internal.reflect.NativeMethodAccessorImpl.invoke(NativeMethodAccessorImpl.java:77)
		at java.base/jdk.internal.reflect.DelegatingMethodAccessorImpl.invoke(DelegatingMethodAccessorImpl.java:43)
		at java.base/java.lang.reflect.Method.invoke(Method.java:569)
		at org.apache.catalina.startup.Bootstrap.load(Bootstrap.java:302)
		at org.apache.catalina.startup.Bootstrap.main(Bootstrap.java:475)
	Caused by: java.net.BindException: Address already in use
		at java.base/sun.nio.ch.Net.bind0(Native Method)
		at java.base/sun.nio.ch.Net.bind(Net.java:555)
		at java.base/sun.nio.ch.ServerSocketChannelImpl.netBind(ServerSocketChannelImpl.java:337)
		at java.base/sun.nio.ch.ServerSocketChannelImpl.bind(ServerSocketChannelImpl.java:294)
		at org.apache.tomcat.util.net.NioEndpoint.initServerSocket(NioEndpoint.java:298)
		at org.apache.tomcat.util.net.NioEndpoint.bind(NioEndpoint.java:253)
		at org.apache.tomcat.util.net.AbstractEndpoint.bindWithCleanup(AbstractEndpoint.java:1465)
		at org.apache.tomcat.util.net.AbstractEndpoint.init(AbstractEndpoint.java:1478)
		at org.apache.coyote.AbstractProtocol.init(AbstractProtocol.java:663)
		at org.apache.coyote.http11.AbstractHttp11Protocol.init(AbstractHttp11Protocol.java:80)
		at org.apache.catalina.connector.Connector.initInternal(Connector.java:1070)
		... 13 more
05-Oct-2025 02:48:33.603 INFO [main] org.apache.catalina.startup.Catalina.load Server initialization in [256] milliseconds
05-Oct-2025 02:48:33.621 INFO [main] org.apache.catalina.core.StandardService.startInternal Starting service [Catalina]
05-Oct-2025 02:48:33.621 INFO [main] org.apache.catalina.core.StandardEngine.startInternal Starting Servlet engine: [Apache Tomcat/9.0.108]
05-Oct-2025 02:48:33.626 INFO [main] org.apache.catalina.startup.HostConfig.deployWAR Deploying web application archive [/Users/nguyendinhtanloc/Documents/Semester_1_2025/Web/Week83/tomCat/webapps/Lesson.war]
05-Oct-2025 02:48:33.632 INFO [main] org.apache.catalina.startup.ExpandWar.expand An expanded directory [/Users/nguyendinhtanloc/Documents/Semester_1_2025/Web/Week83/tomCat/webapps/Lesson] was found with a last modified time that did not match the associated WAR. It will be deleted.
05-Oct-2025 02:48:33.818 INFO [main] org.apache.catalina.startup.HostConfig.deployWAR Deployment of web application archive [/Users/nguyendinhtanloc/Documents/Semester_1_2025/Web/Week83/tomCat/webapps/Lesson.war] has finished in [192] ms
05-Oct-2025 02:48:33.818 INFO [main] org.apache.catalina.startup.HostConfig.deployDirectory Deploying web application directory [/Users/nguyendinhtanloc/Documents/Semester_1_2025/Web/Week83/tomCat/webapps/docs]
05-Oct-2025 02:48:33.828 INFO [main] org.apache.catalina.startup.HostConfig.deployDirectory Deployment of web application directory [/Users/nguyendinhtanloc/Documents/Semester_1_2025/Web/Week83/tomCat/webapps/docs] has finished in [10] ms
05-Oct-2025 02:48:33.828 INFO [main] org.apache.catalina.startup.HostConfig.deployDirectory Deploying web application directory [/Users/nguyendinhtanloc/Documents/Semester_1_2025/Web/Week83/tomCat/webapps/manager]
05-Oct-2025 02:48:33.845 INFO [main] org.apache.catalina.startup.HostConfig.deployDirectory Deployment of web application directory [/Users/nguyendinhtanloc/Documents/Semester_1_2025/Web/Week83/tomCat/webapps/manager] has finished in [17] ms
05-Oct-2025 02:48:33.845 INFO [main] org.apache.catalina.startup.HostConfig.deployDirectory Deploying web application directory [/Users/nguyendinhtanloc/Documents/Semester_1_2025/Web/Week83/tomCat/webapps/examples]
05-Oct-2025 02:48:33.921 INFO [main] org.apache.catalina.startup.HostConfig.deployDirectory Deployment of web application directory [/Users/nguyendinhtanloc/Documents/Semester_1_2025/Web/Week83/tomCat/webapps/examples] has finished in [76] ms
05-Oct-2025 02:48:33.921 INFO [main] org.apache.catalina.startup.HostConfig.deployDirectory Deploying web application directory [/Users/nguyendinhtanloc/Documents/Semester_1_2025/Web/Week83/tomCat/webapps/ROOT]
05-Oct-2025 02:48:33.928 INFO [main] org.apache.catalina.startup.HostConfig.deployDirectory Deployment of web application directory [/Users/nguyendinhtanloc/Documents/Semester_1_2025/Web/Week83/tomCat/webapps/ROOT] has finished in [7] ms
05-Oct-2025 02:48:33.928 INFO [main] org.apache.catalina.startup.HostConfig.deployDirectory Deploying web application directory [/Users/nguyendinhtanloc/Documents/Semester_1_2025/Web/Week83/tomCat/webapps/host-manager]
05-Oct-2025 02:48:33.935 INFO [main] org.apache.catalina.startup.HostConfig.deployDirectory Deployment of web application directory [/Users/nguyendinhtanloc/Documents/Semester_1_2025/Web/Week83/tomCat/webapps/host-manager] has finished in [7] ms
05-Oct-2025 02:48:33.937 INFO [main] org.apache.catalina.startup.Catalina.start Server startup in [333] milliseconds
05-Oct-2025 02:48:33.939 SEVERE [main] org.apache.catalina.core.StandardServer.await Failed to create server shutdown socket on address [localhost] and port [8005] (base port [8005] and offset [0])
	java.net.BindException: Address already in use
		at java.base/sun.nio.ch.Net.bind0(Native Method)
		at java.base/sun.nio.ch.Net.bind(Net.java:555)
		at java.base/sun.nio.ch.Net.bind(Net.java:544)
		at java.base/sun.nio.ch.NioSocketImpl.bind(NioSocketImpl.java:648)
		at java.base/java.net.ServerSocket.bind(ServerSocket.java:388)
		at java.base/java.net.ServerSocket.<init>(ServerSocket.java:274)
		at org.apache.catalina.core.StandardServer.await(StandardServer.java:537)
		at org.apache.catalina.startup.Catalina.await(Catalina.java:829)
		at org.apache.catalina.startup.Catalina.start(Catalina.java:777)
		at java.base/jdk.internal.reflect.NativeMethodAccessorImpl.invoke0(Native Method)
		at java.base/jdk.internal.reflect.NativeMethodAccessorImpl.invoke(NativeMethodAccessorImpl.java:77)
		at java.base/jdk.internal.reflect.DelegatingMethodAccessorImpl.invoke(DelegatingMethodAccessorImpl.java:43)
		at java.base/java.lang.reflect.Method.invoke(Method.java:569)
		at org.apache.catalina.startup.Bootstrap.start(Bootstrap.java:345)
		at org.apache.catalina.startup.Bootstrap.main(Bootstrap.java:476)
05-Oct-2025 02:48:33.940 INFO [main] org.apache.coyote.AbstractProtocol.pause Pausing ProtocolHandler ["http-nio-8080"]
05-Oct-2025 02:48:33.940 INFO [main] org.apache.catalina.core.StandardService.stopInternal Stopping service [Catalina]
05-Oct-2025 02:48:33.950 INFO [main] org.apache.coyote.AbstractProtocol.stop Stopping ProtocolHandler ["http-nio-8080"]
05-Oct-2025 02:48:33.951 INFO [main] org.apache.coyote.AbstractProtocol.destroy Destroying ProtocolHandler ["http-nio-8080"]
NOTE: Picked up JDK_JAVA_OPTIONS:  --add-opens=java.base/java.lang=ALL-UNNAMED --add-opens=java.base/java.lang.invoke=ALL-UNNAMED --add-opens=java.base/java.lang.reflect=ALL-UNNAMED --add-opens=java.base/java.io=ALL-UNNAMED --add-opens=java.base/java.util=ALL-UNNAMED --add-opens=java.base/java.util.concurrent=ALL-UNNAMED --add-opens=java.rmi/sun.rmi.transport=ALL-UNNAMED
05-Oct-2025 02:49:13.435 INFO [main] org.apache.catalina.startup.VersionLoggerListener.log Server version name:   Apache Tomcat/9.0.108
05-Oct-2025 02:49:13.437 INFO [main] org.apache.catalina.startup.VersionLoggerListener.log Server built:          Jul 31 2025 18:19:48 UTC
05-Oct-2025 02:49:13.437 INFO [main] org.apache.catalina.startup.VersionLoggerListener.log Server version number: 9.0.108.0
05-Oct-2025 02:49:13.437 INFO [main] org.apache.catalina.startup.VersionLoggerListener.log OS Name:               Mac OS X
05-Oct-2025 02:49:13.437 INFO [main] org.apache.catalina.startup.VersionLoggerListener.log OS Version:            15.6.1
05-Oct-2025 02:49:13.437 INFO [main] org.apache.catalina.startup.VersionLoggerListener.log Architecture:          aarch64
05-Oct-2025 02:49:13.437 INFO [main] org.apache.catalina.startup.VersionLoggerListener.log Java Home:             /opt/homebrew/Cellar/openjdk@17/17.0.15/libexec/openjdk.jdk/Contents/Home
05-Oct-2025 02:49:13.437 INFO [main] org.apache.catalina.startup.VersionLoggerListener.log JVM Version:           17.0.15+0
05-Oct-2025 02:49:13.437 INFO [main] org.apache.catalina.startup.VersionLoggerListener.log JVM Vendor:            Homebrew
05-Oct-2025 02:49:13.437 INFO [main] org.apache.catalina.startup.VersionLoggerListener.log CATALINA_BASE:         /Users/nguyendinhtanloc/Documents/Semester_1_2025/Web/Week83/tomCat
05-Oct-2025 02:49:13.437 INFO [main] org.apache.catalina.startup.VersionLoggerListener.log CATALINA_HOME:         /Users/nguyendinhtanloc/Documents/Semester_1_2025/Web/Week83/tomCat
05-Oct-2025 02:49:13.443 INFO [main] org.apache.catalina.startup.VersionLoggerListener.log Command line argument: --add-opens=java.base/java.lang=ALL-UNNAMED
05-Oct-2025 02:49:13.443 INFO [main] org.apache.catalina.startup.VersionLoggerListener.log Command line argument: --add-opens=java.base/java.lang.invoke=ALL-UNNAMED
05-Oct-2025 02:49:13.443 INFO [main] org.apache.catalina.startup.VersionLoggerListener.log Command line argument: --add-opens=java.base/java.lang.reflect=ALL-UNNAMED
05-Oct-2025 02:49:13.443 INFO [main] org.apache.catalina.startup.VersionLoggerListener.log Command line argument: --add-opens=java.base/java.io=ALL-UNNAMED
05-Oct-2025 02:49:13.443 INFO [main] org.apache.catalina.startup.VersionLoggerListener.log Command line argument: --add-opens=java.base/java.util=ALL-UNNAMED
05-Oct-2025 02:49:13.443 INFO [main] org.apache.catalina.startup.VersionLoggerListener.log Command line argument: --add-opens=java.base/java.util.concurrent=ALL-UNNAMED
05-Oct-2025 02:49:13.443 INFO [main] org.apache.catalina.startup.VersionLoggerListener.log Command line argument: --add-opens=java.rmi/sun.rmi.transport=ALL-UNNAMED
05-Oct-2025 02:49:13.443 INFO [main] org.apache.catalina.startup.VersionLoggerListener.log Command line argument: -Djava.util.logging.config.file=/Users/nguyendinhtanloc/Documents/Semester_1_2025/Web/Week83/tomCat/conf/logging.properties
05-Oct-2025 02:49:13.443 INFO [main] org.apache.catalina.startup.VersionLoggerListener.log Command line argument: -Djava.util.logging.manager=org.apache.juli.ClassLoaderLogManager
05-Oct-2025 02:49:13.443 INFO [main] org.apache.catalina.startup.VersionLoggerListener.log Command line argument: -Djdk.tls.ephemeralDHKeySize=2048
05-Oct-2025 02:49:13.443 INFO [main] org.apache.catalina.startup.VersionLoggerListener.log Command line argument: -Djava.protocol.handler.pkgs=org.apache.catalina.webresources
05-Oct-2025 02:49:13.443 INFO [main] org.apache.catalina.startup.VersionLoggerListener.log Command line argument: -Dsun.io.useCanonCaches=false
05-Oct-2025 02:49:13.443 INFO [main] org.apache.catalina.startup.VersionLoggerListener.log Command line argument: -Dorg.apache.catalina.security.SecurityListener.UMASK=0027
05-Oct-2025 02:49:13.443 INFO [main] org.apache.catalina.startup.VersionLoggerListener.log Command line argument: -Dignore.endorsed.dirs=
05-Oct-2025 02:49:13.444 INFO [main] org.apache.catalina.startup.VersionLoggerListener.log Command line argument: -Dcatalina.base=/Users/nguyendinhtanloc/Documents/Semester_1_2025/Web/Week83/tomCat
05-Oct-2025 02:49:13.444 INFO [main] org.apache.catalina.startup.VersionLoggerListener.log Command line argument: -Dcatalina.home=/Users/nguyendinhtanloc/Documents/Semester_1_2025/Web/Week83/tomCat
05-Oct-2025 02:49:13.444 INFO [main] org.apache.catalina.startup.VersionLoggerListener.log Command line argument: -Djava.io.tmpdir=/Users/nguyendinhtanloc/Documents/Semester_1_2025/Web/Week83/tomCat/temp
05-Oct-2025 02:49:13.448 INFO [main] org.apache.catalina.core.AprLifecycleListener.lifecycleEvent The Apache Tomcat Native library which allows using OpenSSL was not found on the java.library.path: [/Users/nguyendinhtanloc/Library/Java/Extensions:/Library/Java/Extensions:/Network/Library/Java/Extensions:/System/Library/Java/Extensions:/usr/lib/java:.]
05-Oct-2025 02:49:13.579 INFO [main] org.apache.coyote.AbstractProtocol.init Initializing ProtocolHandler ["http-nio-8080"]
05-Oct-2025 02:49:13.593 INFO [main] org.apache.catalina.startup.Catalina.load Server initialization in [249] milliseconds
05-Oct-2025 02:49:13.608 INFO [main] org.apache.catalina.core.StandardService.startInternal Starting service [Catalina]
05-Oct-2025 02:49:13.608 INFO [main] org.apache.catalina.core.StandardEngine.startInternal Starting Servlet engine: [Apache Tomcat/9.0.108]
05-Oct-2025 02:49:13.613 INFO [main] org.apache.catalina.startup.HostConfig.deployWAR Deploying web application archive [/Users/nguyendinhtanloc/Documents/Semester_1_2025/Web/Week83/tomCat/webapps/Lesson.war]
05-Oct-2025 02:49:13.823 INFO [main] org.apache.catalina.startup.HostConfig.deployWAR Deployment of web application archive [/Users/nguyendinhtanloc/Documents/Semester_1_2025/Web/Week83/tomCat/webapps/Lesson.war] has finished in [209] ms
05-Oct-2025 02:49:13.823 INFO [main] org.apache.catalina.startup.HostConfig.deployDirectory Deploying web application directory [/Users/nguyendinhtanloc/Documents/Semester_1_2025/Web/Week83/tomCat/webapps/docs]
05-Oct-2025 02:49:13.832 INFO [main] org.apache.catalina.startup.HostConfig.deployDirectory Deployment of web application directory [/Users/nguyendinhtanloc/Documents/Semester_1_2025/Web/Week83/tomCat/webapps/docs] has finished in [9] ms
05-Oct-2025 02:49:13.832 INFO [main] org.apache.catalina.startup.HostConfig.deployDirectory Deploying web application directory [/Users/nguyendinhtanloc/Documents/Semester_1_2025/Web/Week83/tomCat/webapps/manager]
05-Oct-2025 02:49:13.855 INFO [main] org.apache.catalina.startup.HostConfig.deployDirectory Deployment of web application directory [/Users/nguyendinhtanloc/Documents/Semester_1_2025/Web/Week83/tomCat/webapps/manager] has finished in [23] ms
05-Oct-2025 02:49:13.855 INFO [main] org.apache.catalina.startup.HostConfig.deployDirectory Deploying web application directory [/Users/nguyendinhtanloc/Documents/Semester_1_2025/Web/Week83/tomCat/webapps/examples]
05-Oct-2025 02:49:13.928 INFO [main] org.apache.catalina.startup.HostConfig.deployDirectory Deployment of web application directory [/Users/nguyendinhtanloc/Documents/Semester_1_2025/Web/Week83/tomCat/webapps/examples] has finished in [73] ms
05-Oct-2025 02:49:13.928 INFO [main] org.apache.catalina.startup.HostConfig.deployDirectory Deploying web application directory [/Users/nguyendinhtanloc/Documents/Semester_1_2025/Web/Week83/tomCat/webapps/ROOT]
05-Oct-2025 02:49:13.934 INFO [main] org.apache.catalina.startup.HostConfig.deployDirectory Deployment of web application directory [/Users/nguyendinhtanloc/Documents/Semester_1_2025/Web/Week83/tomCat/webapps/ROOT] has finished in [6] ms
05-Oct-2025 02:49:13.934 INFO [main] org.apache.catalina.startup.HostConfig.deployDirectory Deploying web application directory [/Users/nguyendinhtanloc/Documents/Semester_1_2025/Web/Week83/tomCat/webapps/host-manager]
05-Oct-2025 02:49:13.941 INFO [main] org.apache.catalina.startup.HostConfig.deployDirectory Deployment of web application directory [/Users/nguyendinhtanloc/Documents/Semester_1_2025/Web/Week83/tomCat/webapps/host-manager] has finished in [7] ms
05-Oct-2025 02:49:13.942 INFO [main] org.apache.coyote.AbstractProtocol.start Starting ProtocolHandler ["http-nio-8080"]
05-Oct-2025 02:49:13.946 INFO [main] org.apache.catalina.startup.Catalina.start Server startup in [353] milliseconds
java.io.FileNotFoundException: /Users/nguyendinhtanloc/Documents/Semester_1_2025/Web/Week83/tomCat/webapps/Lesson/WEB-INF/products.txt (No such file or directory)
java.io.FileNotFoundException: /Users/nguyendinhtanloc/Documents/Semester_1_2025/Web/Week83/tomCat/webapps/Lesson/WEB-INF/products.txt (No such file or directory)
java.io.FileNotFoundException: /Users/nguyendinhtanloc/Documents/Semester_1_2025/Web/Week83/tomCat/webapps/Lesson/WEB-INF/products.txt (No such file or directory)
05-Oct-2025 02:55:57.016 INFO [main] org.apache.catalina.core.StandardServer.await A valid shutdown command was received via the shutdown port. Stopping the Server instance.
05-Oct-2025 02:55:57.017 INFO [main] org.apache.coyote.AbstractProtocol.pause Pausing ProtocolHandler ["http-nio-8080"]
05-Oct-2025 02:55:58.020 INFO [main] org.apache.catalina.core.StandardService.stopInternal Stopping service [Catalina]
05-Oct-2025 02:55:58.040 INFO [main] org.apache.coyote.AbstractProtocol.stop Stopping ProtocolHandler ["http-nio-8080"]
05-Oct-2025 02:55:58.646 WARNING [main] org.apache.tomcat.util.net.Acceptor.stopMillis The acceptor thread [http-nio-8080-Acceptor] did not stop cleanly
05-Oct-2025 02:55:58.648 INFO [main] org.apache.coyote.AbstractProtocol.destroy Destroying ProtocolHandler ["http-nio-8080"]
NOTE: Picked up JDK_JAVA_OPTIONS:  --add-opens=java.base/java.lang=ALL-UNNAMED --add-opens=java.base/java.lang.invoke=ALL-UNNAMED --add-opens=java.base/java.lang.reflect=ALL-UNNAMED --add-opens=java.base/java.io=ALL-UNNAMED --add-opens=java.base/java.util=ALL-UNNAMED --add-opens=java.base/java.util.concurrent=ALL-UNNAMED --add-opens=java.rmi/sun.rmi.transport=ALL-UNNAMED
05-Oct-2025 02:57:38.564 INFO [main] org.apache.catalina.startup.VersionLoggerListener.log Server version name:   Apache Tomcat/9.0.108
05-Oct-2025 02:57:38.566 INFO [main] org.apache.catalina.startup.VersionLoggerListener.log Server built:          Jul 31 2025 18:19:48 UTC
05-Oct-2025 02:57:38.566 INFO [main] org.apache.catalina.startup.VersionLoggerListener.log Server version number: 9.0.108.0
05-Oct-2025 02:57:38.566 INFO [main] org.apache.catalina.startup.VersionLoggerListener.log OS Name:               Mac OS X
05-Oct-2025 02:57:38.566 INFO [main] org.apache.catalina.startup.VersionLoggerListener.log OS Version:            15.6.1
05-Oct-2025 02:57:38.566 INFO [main] org.apache.catalina.startup.VersionLoggerListener.log Architecture:          aarch64
05-Oct-2025 02:57:38.566 INFO [main] org.apache.catalina.startup.VersionLoggerListener.log Java Home:             /opt/homebrew/Cellar/openjdk@17/17.0.15/libexec/openjdk.jdk/Contents/Home
05-Oct-2025 02:57:38.566 INFO [main] org.apache.catalina.startup.VersionLoggerListener.log JVM Version:           17.0.15+0
05-Oct-2025 02:57:38.566 INFO [main] org.apache.catalina.startup.VersionLoggerListener.log JVM Vendor:            Homebrew
05-Oct-2025 02:57:38.566 INFO [main] org.apache.catalina.startup.VersionLoggerListener.log CATALINA_BASE:         /Users/nguyendinhtanloc/Documents/Semester_1_2025/Web/Week83/tomCat
05-Oct-2025 02:57:38.566 INFO [main] org.apache.catalina.startup.VersionLoggerListener.log CATALINA_HOME:         /Users/nguyendinhtanloc/Documents/Semester_1_2025/Web/Week83/tomCat
05-Oct-2025 02:57:38.572 INFO [main] org.apache.catalina.startup.VersionLoggerListener.log Command line argument: --add-opens=java.base/java.lang=ALL-UNNAMED
05-Oct-2025 02:57:38.572 INFO [main] org.apache.catalina.startup.VersionLoggerListener.log Command line argument: --add-opens=java.base/java.lang.invoke=ALL-UNNAMED
05-Oct-2025 02:57:38.572 INFO [main] org.apache.catalina.startup.VersionLoggerListener.log Command line argument: --add-opens=java.base/java.lang.reflect=ALL-UNNAMED
05-Oct-2025 02:57:38.572 INFO [main] org.apache.catalina.startup.VersionLoggerListener.log Command line argument: --add-opens=java.base/java.io=ALL-UNNAMED
05-Oct-2025 02:57:38.572 INFO [main] org.apache.catalina.startup.VersionLoggerListener.log Command line argument: --add-opens=java.base/java.util=ALL-UNNAMED
05-Oct-2025 02:57:38.572 INFO [main] org.apache.catalina.startup.VersionLoggerListener.log Command line argument: --add-opens=java.base/java.util.concurrent=ALL-UNNAMED
05-Oct-2025 02:57:38.572 INFO [main] org.apache.catalina.startup.VersionLoggerListener.log Command line argument: --add-opens=java.rmi/sun.rmi.transport=ALL-UNNAMED
05-Oct-2025 02:57:38.572 INFO [main] org.apache.catalina.startup.VersionLoggerListener.log Command line argument: -Djava.util.logging.config.file=/Users/nguyendinhtanloc/Documents/Semester_1_2025/Web/Week83/tomCat/conf/logging.properties
05-Oct-2025 02:57:38.572 INFO [main] org.apache.catalina.startup.VersionLoggerListener.log Command line argument: -Djava.util.logging.manager=org.apache.juli.ClassLoaderLogManager
05-Oct-2025 02:57:38.572 INFO [main] org.apache.catalina.startup.VersionLoggerListener.log Command line argument: -Djdk.tls.ephemeralDHKeySize=2048
05-Oct-2025 02:57:38.572 INFO [main] org.apache.catalina.startup.VersionLoggerListener.log Command line argument: -Djava.protocol.handler.pkgs=org.apache.catalina.webresources
05-Oct-2025 02:57:38.572 INFO [main] org.apache.catalina.startup.VersionLoggerListener.log Command line argument: -Dsun.io.useCanonCaches=false
05-Oct-2025 02:57:38.572 INFO [main] org.apache.catalina.startup.VersionLoggerListener.log Command line argument: -Dorg.apache.catalina.security.SecurityListener.UMASK=0027
05-Oct-2025 02:57:38.572 INFO [main] org.apache.catalina.startup.VersionLoggerListener.log Command line argument: -Dignore.endorsed.dirs=
05-Oct-2025 02:57:38.572 INFO [main] org.apache.catalina.startup.VersionLoggerListener.log Command line argument: -Dcatalina.base=/Users/nguyendinhtanloc/Documents/Semester_1_2025/Web/Week83/tomCat
05-Oct-2025 02:57:38.572 INFO [main] org.apache.catalina.startup.VersionLoggerListener.log Command line argument: -Dcatalina.home=/Users/nguyendinhtanloc/Documents/Semester_1_2025/Web/Week83/tomCat
05-Oct-2025 02:57:38.572 INFO [main] org.apache.catalina.startup.VersionLoggerListener.log Command line argument: -Djava.io.tmpdir=/Users/nguyendinhtanloc/Documents/Semester_1_2025/Web/Week83/tomCat/temp
05-Oct-2025 02:57:38.577 INFO [main] org.apache.catalina.core.AprLifecycleListener.lifecycleEvent The Apache Tomcat Native library which allows using OpenSSL was not found on the java.library.path: [/Users/nguyendinhtanloc/Library/Java/Extensions:/Library/Java/Extensions:/Network/Library/Java/Extensions:/System/Library/Java/Extensions:/usr/lib/java:.]
05-Oct-2025 02:57:38.724 INFO [main] org.apache.coyote.AbstractProtocol.init Initializing ProtocolHandler ["http-nio-8080"]
05-Oct-2025 02:57:38.736 INFO [main] org.apache.catalina.startup.Catalina.load Server initialization in [255] milliseconds
05-Oct-2025 02:57:38.749 INFO [main] org.apache.catalina.core.StandardService.startInternal Starting service [Catalina]
05-Oct-2025 02:57:38.749 INFO [main] org.apache.catalina.core.StandardEngine.startInternal Starting Servlet engine: [Apache Tomcat/9.0.108]
05-Oct-2025 02:57:38.754 INFO [main] org.apache.catalina.startup.HostConfig.deployWAR Deploying web application archive [/Users/nguyendinhtanloc/Documents/Semester_1_2025/Web/Week83/tomCat/webapps/Lesson.war]
05-Oct-2025 02:57:38.915 INFO [main] org.apache.catalina.startup.HostConfig.deployWAR Deployment of web application archive [/Users/nguyendinhtanloc/Documents/Semester_1_2025/Web/Week83/tomCat/webapps/Lesson.war] has finished in [161] ms
05-Oct-2025 02:57:38.915 INFO [main] org.apache.catalina.startup.HostConfig.deployDirectory Deploying web application directory [/Users/nguyendinhtanloc/Documents/Semester_1_2025/Web/Week83/tomCat/webapps/docs]
05-Oct-2025 02:57:38.925 INFO [main] org.apache.catalina.startup.HostConfig.deployDirectory Deployment of web application directory [/Users/nguyendinhtanloc/Documents/Semester_1_2025/Web/Week83/tomCat/webapps/docs] has finished in [10] ms
05-Oct-2025 02:57:38.925 INFO [main] org.apache.catalina.startup.HostConfig.deployDirectory Deploying web application directory [/Users/nguyendinhtanloc/Documents/Semester_1_2025/Web/Week83/tomCat/webapps/manager]
05-Oct-2025 02:57:38.946 INFO [main] org.apache.catalina.startup.HostConfig.deployDirectory Deployment of web application directory [/Users/nguyendinhtanloc/Documents/Semester_1_2025/Web/Week83/tomCat/webapps/manager] has finished in [20] ms
05-Oct-2025 02:57:38.946 INFO [main] org.apache.catalina.startup.HostConfig.deployDirectory Deploying web application directory [/Users/nguyendinhtanloc/Documents/Semester_1_2025/Web/Week83/tomCat/webapps/examples]
05-Oct-2025 02:57:39.018 INFO [main] org.apache.catalina.startup.HostConfig.deployDirectory Deployment of web application directory [/Users/nguyendinhtanloc/Documents/Semester_1_2025/Web/Week83/tomCat/webapps/examples] has finished in [72] ms
05-Oct-2025 02:57:39.018 INFO [main] org.apache.catalina.startup.HostConfig.deployDirectory Deploying web application directory [/Users/nguyendinhtanloc/Documents/Semester_1_2025/Web/Week83/tomCat/webapps/ROOT]
05-Oct-2025 02:57:39.025 INFO [main] org.apache.catalina.startup.HostConfig.deployDirectory Deployment of web application directory [/Users/nguyendinhtanloc/Documents/Semester_1_2025/Web/Week83/tomCat/webapps/ROOT] has finished in [7] ms
05-Oct-2025 02:57:39.025 INFO [main] org.apache.catalina.startup.HostConfig.deployDirectory Deploying web application directory [/Users/nguyendinhtanloc/Documents/Semester_1_2025/Web/Week83/tomCat/webapps/host-manager]
05-Oct-2025 02:57:39.032 INFO [main] org.apache.catalina.startup.HostConfig.deployDirectory Deployment of web application directory [/Users/nguyendinhtanloc/Documents/Semester_1_2025/Web/Week83/tomCat/webapps/host-manager] has finished in [7] ms
05-Oct-2025 02:57:39.033 INFO [main] org.apache.coyote.AbstractProtocol.start Starting ProtocolHandler ["http-nio-8080"]
05-Oct-2025 02:57:39.037 INFO [main] org.apache.catalina.startup.Catalina.start Server startup in [301] milliseconds
java.io.FileNotFoundException: /Users/nguyendinhtanloc/Documents/Semester_1_2025/Web/Week83/tomCat/webapps/Lesson/WEB-INF/products.txt (No such file or directory)
05-Oct-2025 02:58:09.058 INFO [Catalina-utility-2] org.apache.catalina.startup.HostConfig.undeploy Undeploying context [/Lesson]
05-Oct-2025 02:58:09.556 INFO [main] org.apache.catalina.core.StandardServer.await A valid shutdown command was received via the shutdown port. Stopping the Server instance.
05-Oct-2025 02:58:09.556 INFO [main] org.apache.coyote.AbstractProtocol.pause Pausing ProtocolHandler ["http-nio-8080"]
05-Oct-2025 02:58:10.559 INFO [main] org.apache.catalina.core.StandardService.stopInternal Stopping service [Catalina]
05-Oct-2025 02:58:10.575 INFO [main] org.apache.coyote.AbstractProtocol.stop Stopping ProtocolHandler ["http-nio-8080"]
05-Oct-2025 02:58:11.180 WARNING [main] org.apache.tomcat.util.net.Acceptor.stopMillis The acceptor thread [http-nio-8080-Acceptor] did not stop cleanly
05-Oct-2025 02:58:11.184 INFO [main] org.apache.coyote.AbstractProtocol.destroy Destroying ProtocolHandler ["http-nio-8080"]
NOTE: Picked up JDK_JAVA_OPTIONS:  --add-opens=java.base/java.lang=ALL-UNNAMED --add-opens=java.base/java.lang.invoke=ALL-UNNAMED --add-opens=java.base/java.lang.reflect=ALL-UNNAMED --add-opens=java.base/java.io=ALL-UNNAMED --add-opens=java.base/java.util=ALL-UNNAMED --add-opens=java.base/java.util.concurrent=ALL-UNNAMED --add-opens=java.rmi/sun.rmi.transport=ALL-UNNAMED
05-Oct-2025 02:58:14.852 INFO [main] org.apache.catalina.startup.VersionLoggerListener.log Server version name:   Apache Tomcat/9.0.108
05-Oct-2025 02:58:14.854 INFO [main] org.apache.catalina.startup.VersionLoggerListener.log Server built:          Jul 31 2025 18:19:48 UTC
05-Oct-2025 02:58:14.854 INFO [main] org.apache.catalina.startup.VersionLoggerListener.log Server version number: 9.0.108.0
05-Oct-2025 02:58:14.854 INFO [main] org.apache.catalina.startup.VersionLoggerListener.log OS Name:               Mac OS X
05-Oct-2025 02:58:14.854 INFO [main] org.apache.catalina.startup.VersionLoggerListener.log OS Version:            15.6.1
05-Oct-2025 02:58:14.854 INFO [main] org.apache.catalina.startup.VersionLoggerListener.log Architecture:          aarch64
05-Oct-2025 02:58:14.854 INFO [main] org.apache.catalina.startup.VersionLoggerListener.log Java Home:             /opt/homebrew/Cellar/openjdk@17/17.0.15/libexec/openjdk.jdk/Contents/Home
05-Oct-2025 02:58:14.854 INFO [main] org.apache.catalina.startup.VersionLoggerListener.log JVM Version:           17.0.15+0
05-Oct-2025 02:58:14.854 INFO [main] org.apache.catalina.startup.VersionLoggerListener.log JVM Vendor:            Homebrew
05-Oct-2025 02:58:14.854 INFO [main] org.apache.catalina.startup.VersionLoggerListener.log CATALINA_BASE:         /Users/nguyendinhtanloc/Documents/Semester_1_2025/Web/Week83/tomCat
05-Oct-2025 02:58:14.854 INFO [main] org.apache.catalina.startup.VersionLoggerListener.log CATALINA_HOME:         /Users/nguyendinhtanloc/Documents/Semester_1_2025/Web/Week83/tomCat
05-Oct-2025 02:58:14.859 INFO [main] org.apache.catalina.startup.VersionLoggerListener.log Command line argument: --add-opens=java.base/java.lang=ALL-UNNAMED
05-Oct-2025 02:58:14.859 INFO [main] org.apache.catalina.startup.VersionLoggerListener.log Command line argument: --add-opens=java.base/java.lang.invoke=ALL-UNNAMED
05-Oct-2025 02:58:14.859 INFO [main] org.apache.catalina.startup.VersionLoggerListener.log Command line argument: --add-opens=java.base/java.lang.reflect=ALL-UNNAMED
05-Oct-2025 02:58:14.859 INFO [main] org.apache.catalina.startup.VersionLoggerListener.log Command line argument: --add-opens=java.base/java.io=ALL-UNNAMED
05-Oct-2025 02:58:14.859 INFO [main] org.apache.catalina.startup.VersionLoggerListener.log Command line argument: --add-opens=java.base/java.util=ALL-UNNAMED
05-Oct-2025 02:58:14.859 INFO [main] org.apache.catalina.startup.VersionLoggerListener.log Command line argument: --add-opens=java.base/java.util.concurrent=ALL-UNNAMED
05-Oct-2025 02:58:14.859 INFO [main] org.apache.catalina.startup.VersionLoggerListener.log Command line argument: --add-opens=java.rmi/sun.rmi.transport=ALL-UNNAMED
05-Oct-2025 02:58:14.859 INFO [main] org.apache.catalina.startup.VersionLoggerListener.log Command line argument: -Djava.util.logging.config.file=/Users/nguyendinhtanloc/Documents/Semester_1_2025/Web/Week83/tomCat/conf/logging.properties
05-Oct-2025 02:58:14.859 INFO [main] org.apache.catalina.startup.VersionLoggerListener.log Command line argument: -Djava.util.logging.manager=org.apache.juli.ClassLoaderLogManager
05-Oct-2025 02:58:14.859 INFO [main] org.apache.catalina.startup.VersionLoggerListener.log Command line argument: -Djdk.tls.ephemeralDHKeySize=2048
05-Oct-2025 02:58:14.859 INFO [main] org.apache.catalina.startup.VersionLoggerListener.log Command line argument: -Djava.protocol.handler.pkgs=org.apache.catalina.webresources
05-Oct-2025 02:58:14.859 INFO [main] org.apache.catalina.startup.VersionLoggerListener.log Command line argument: -Dsun.io.useCanonCaches=false
05-Oct-2025 02:58:14.859 INFO [main] org.apache.catalina.startup.VersionLoggerListener.log Command line argument: -Dorg.apache.catalina.security.SecurityListener.UMASK=0027
05-Oct-2025 02:58:14.859 INFO [main] org.apache.catalina.startup.VersionLoggerListener.log Command line argument: -Dignore.endorsed.dirs=
05-Oct-2025 02:58:14.859 INFO [main] org.apache.catalina.startup.VersionLoggerListener.log Command line argument: -Dcatalina.base=/Users/nguyendinhtanloc/Documents/Semester_1_2025/Web/Week83/tomCat
05-Oct-2025 02:58:14.859 INFO [main] org.apache.catalina.startup.VersionLoggerListener.log Command line argument: -Dcatalina.home=/Users/nguyendinhtanloc/Documents/Semester_1_2025/Web/Week83/tomCat
05-Oct-2025 02:58:14.859 INFO [main] org.apache.catalina.startup.VersionLoggerListener.log Command line argument: -Djava.io.tmpdir=/Users/nguyendinhtanloc/Documents/Semester_1_2025/Web/Week83/tomCat/temp
05-Oct-2025 02:58:14.864 INFO [main] org.apache.catalina.core.AprLifecycleListener.lifecycleEvent The Apache Tomcat Native library which allows using OpenSSL was not found on the java.library.path: [/Users/nguyendinhtanloc/Library/Java/Extensions:/Library/Java/Extensions:/Network/Library/Java/Extensions:/System/Library/Java/Extensions:/usr/lib/java:.]
05-Oct-2025 02:58:15.037 INFO [main] org.apache.coyote.AbstractProtocol.init Initializing ProtocolHandler ["http-nio-8080"]
05-Oct-2025 02:58:15.050 INFO [main] org.apache.catalina.startup.Catalina.load Server initialization in [276] milliseconds
05-Oct-2025 02:58:15.065 INFO [main] org.apache.catalina.core.StandardService.startInternal Starting service [Catalina]
05-Oct-2025 02:58:15.065 INFO [main] org.apache.catalina.core.StandardEngine.startInternal Starting Servlet engine: [Apache Tomcat/9.0.108]
05-Oct-2025 02:58:15.107 INFO [main] org.apache.catalina.startup.HostConfig.deployWAR Deploying web application archive [/Users/nguyendinhtanloc/Documents/Semester_1_2025/Web/Week83/tomCat/webapps/Lesson.war]
05-Oct-2025 02:58:15.287 INFO [main] org.apache.catalina.startup.HostConfig.deployWAR Deployment of web application archive [/Users/nguyendinhtanloc/Documents/Semester_1_2025/Web/Week83/tomCat/webapps/Lesson.war] has finished in [179] ms
05-Oct-2025 02:58:15.287 INFO [main] org.apache.catalina.startup.HostConfig.deployDirectory Deploying web application directory [/Users/nguyendinhtanloc/Documents/Semester_1_2025/Web/Week83/tomCat/webapps/docs]
05-Oct-2025 02:58:15.310 INFO [main] org.apache.catalina.startup.HostConfig.deployDirectory Deployment of web application directory [/Users/nguyendinhtanloc/Documents/Semester_1_2025/Web/Week83/tomCat/webapps/docs] has finished in [23] ms
05-Oct-2025 02:58:15.310 INFO [main] org.apache.catalina.startup.HostConfig.deployDirectory Deploying web application directory [/Users/nguyendinhtanloc/Documents/Semester_1_2025/Web/Week83/tomCat/webapps/manager]
05-Oct-2025 02:58:15.327 INFO [main] org.apache.catalina.startup.HostConfig.deployDirectory Deployment of web application directory [/Users/nguyendinhtanloc/Documents/Semester_1_2025/Web/Week83/tomCat/webapps/manager] has finished in [17] ms
05-Oct-2025 02:58:15.327 INFO [main] org.apache.catalina.startup.HostConfig.deployDirectory Deploying web application directory [/Users/nguyendinhtanloc/Documents/Semester_1_2025/Web/Week83/tomCat/webapps/examples]
05-Oct-2025 02:58:15.454 INFO [main] org.apache.catalina.startup.HostConfig.deployDirectory Deployment of web application directory [/Users/nguyendinhtanloc/Documents/Semester_1_2025/Web/Week83/tomCat/webapps/examples] has finished in [127] ms
05-Oct-2025 02:58:15.454 INFO [main] org.apache.catalina.startup.HostConfig.deployDirectory Deploying web application directory [/Users/nguyendinhtanloc/Documents/Semester_1_2025/Web/Week83/tomCat/webapps/ROOT]
05-Oct-2025 02:58:15.465 INFO [main] org.apache.catalina.startup.HostConfig.deployDirectory Deployment of web application directory [/Users/nguyendinhtanloc/Documents/Semester_1_2025/Web/Week83/tomCat/webapps/ROOT] has finished in [11] ms
05-Oct-2025 02:58:15.465 INFO [main] org.apache.catalina.startup.HostConfig.deployDirectory Deploying web application directory [/Users/nguyendinhtanloc/Documents/Semester_1_2025/Web/Week83/tomCat/webapps/host-manager]
05-Oct-2025 02:58:15.474 INFO [main] org.apache.catalina.startup.HostConfig.deployDirectory Deployment of web application directory [/Users/nguyendinhtanloc/Documents/Semester_1_2025/Web/Week83/tomCat/webapps/host-manager] has finished in [9] ms
05-Oct-2025 02:58:15.475 INFO [main] org.apache.coyote.AbstractProtocol.start Starting ProtocolHandler ["http-nio-8080"]
05-Oct-2025 02:58:15.479 INFO [main] org.apache.catalina.startup.Catalina.start Server startup in [429] milliseconds
05-Oct-2025 03:07:20.310 INFO [main] org.apache.catalina.core.StandardServer.await A valid shutdown command was received via the shutdown port. Stopping the Server instance.
05-Oct-2025 03:07:20.311 INFO [main] org.apache.coyote.AbstractProtocol.pause Pausing ProtocolHandler ["http-nio-8080"]
05-Oct-2025 03:07:21.315 INFO [main] org.apache.catalina.core.StandardService.stopInternal Stopping service [Catalina]
05-Oct-2025 03:07:21.342 INFO [main] org.apache.coyote.AbstractProtocol.stop Stopping ProtocolHandler ["http-nio-8080"]
05-Oct-2025 03:07:21.948 WARNING [main] org.apache.tomcat.util.net.Acceptor.stopMillis The acceptor thread [http-nio-8080-Acceptor] did not stop cleanly
05-Oct-2025 03:07:21.951 INFO [main] org.apache.coyote.AbstractProtocol.destroy Destroying ProtocolHandler ["http-nio-8080"]
NOTE: Picked up JDK_JAVA_OPTIONS:  --add-opens=java.base/java.lang=ALL-UNNAMED --add-opens=java.base/java.lang.invoke=ALL-UNNAMED --add-opens=java.base/java.lang.reflect=ALL-UNNAMED --add-opens=java.base/java.io=ALL-UNNAMED --add-opens=java.base/java.util=ALL-UNNAMED --add-opens=java.base/java.util.concurrent=ALL-UNNAMED --add-opens=java.rmi/sun.rmi.transport=ALL-UNNAMED
05-Oct-2025 03:07:54.690 INFO [main] org.apache.catalina.startup.VersionLoggerListener.log Server version name:   Apache Tomcat/9.0.108
05-Oct-2025 03:07:54.692 INFO [main] org.apache.catalina.startup.VersionLoggerListener.log Server built:          Jul 31 2025 18:19:48 UTC
05-Oct-2025 03:07:54.692 INFO [main] org.apache.catalina.startup.VersionLoggerListener.log Server version number: 9.0.108.0
05-Oct-2025 03:07:54.692 INFO [main] org.apache.catalina.startup.VersionLoggerListener.log OS Name:               Mac OS X
05-Oct-2025 03:07:54.692 INFO [main] org.apache.catalina.startup.VersionLoggerListener.log OS Version:            15.6.1
05-Oct-2025 03:07:54.692 INFO [main] org.apache.catalina.startup.VersionLoggerListener.log Architecture:          aarch64
05-Oct-2025 03:07:54.692 INFO [main] org.apache.catalina.startup.VersionLoggerListener.log Java Home:             /opt/homebrew/Cellar/openjdk@17/17.0.15/libexec/openjdk.jdk/Contents/Home
05-Oct-2025 03:07:54.692 INFO [main] org.apache.catalina.startup.VersionLoggerListener.log JVM Version:           17.0.15+0
05-Oct-2025 03:07:54.692 INFO [main] org.apache.catalina.startup.VersionLoggerListener.log JVM Vendor:            Homebrew
05-Oct-2025 03:07:54.692 INFO [main] org.apache.catalina.startup.VersionLoggerListener.log CATALINA_BASE:         /Users/nguyendinhtanloc/Documents/Semester_1_2025/Web/Week83/tomCat
05-Oct-2025 03:07:54.693 INFO [main] org.apache.catalina.startup.VersionLoggerListener.log CATALINA_HOME:         /Users/nguyendinhtanloc/Documents/Semester_1_2025/Web/Week83/tomCat
05-Oct-2025 03:07:54.698 INFO [main] org.apache.catalina.startup.VersionLoggerListener.log Command line argument: --add-opens=java.base/java.lang=ALL-UNNAMED
05-Oct-2025 03:07:54.698 INFO [main] org.apache.catalina.startup.VersionLoggerListener.log Command line argument: --add-opens=java.base/java.lang.invoke=ALL-UNNAMED
05-Oct-2025 03:07:54.698 INFO [main] org.apache.catalina.startup.VersionLoggerListener.log Command line argument: --add-opens=java.base/java.lang.reflect=ALL-UNNAMED
05-Oct-2025 03:07:54.698 INFO [main] org.apache.catalina.startup.VersionLoggerListener.log Command line argument: --add-opens=java.base/java.io=ALL-UNNAMED
05-Oct-2025 03:07:54.698 INFO [main] org.apache.catalina.startup.VersionLoggerListener.log Command line argument: --add-opens=java.base/java.util=ALL-UNNAMED
05-Oct-2025 03:07:54.698 INFO [main] org.apache.catalina.startup.VersionLoggerListener.log Command line argument: --add-opens=java.base/java.util.concurrent=ALL-UNNAMED
05-Oct-2025 03:07:54.698 INFO [main] org.apache.catalina.startup.VersionLoggerListener.log Command line argument: --add-opens=java.rmi/sun.rmi.transport=ALL-UNNAMED
05-Oct-2025 03:07:54.698 INFO [main] org.apache.catalina.startup.VersionLoggerListener.log Command line argument: -Djava.util.logging.config.file=/Users/nguyendinhtanloc/Documents/Semester_1_2025/Web/Week83/tomCat/conf/logging.properties
05-Oct-2025 03:07:54.698 INFO [main] org.apache.catalina.startup.VersionLoggerListener.log Command line argument: -Djava.util.logging.manager=org.apache.juli.ClassLoaderLogManager
05-Oct-2025 03:07:54.698 INFO [main] org.apache.catalina.startup.VersionLoggerListener.log Command line argument: -Djdk.tls.ephemeralDHKeySize=2048
05-Oct-2025 03:07:54.698 INFO [main] org.apache.catalina.startup.VersionLoggerListener.log Command line argument: -Djava.protocol.handler.pkgs=org.apache.catalina.webresources
05-Oct-2025 03:07:54.698 INFO [main] org.apache.catalina.startup.VersionLoggerListener.log Command line argument: -Dsun.io.useCanonCaches=false
05-Oct-2025 03:07:54.698 INFO [main] org.apache.catalina.startup.VersionLoggerListener.log Command line argument: -Dorg.apache.catalina.security.SecurityListener.UMASK=0027
05-Oct-2025 03:07:54.698 INFO [main] org.apache.catalina.startup.VersionLoggerListener.log Command line argument: -Dignore.endorsed.dirs=
05-Oct-2025 03:07:54.698 INFO [main] org.apache.catalina.startup.VersionLoggerListener.log Command line argument: -Dcatalina.base=/Users/nguyendinhtanloc/Documents/Semester_1_2025/Web/Week83/tomCat
05-Oct-2025 03:07:54.698 INFO [main] org.apache.catalina.startup.VersionLoggerListener.log Command line argument: -Dcatalina.home=/Users/nguyendinhtanloc/Documents/Semester_1_2025/Web/Week83/tomCat
05-Oct-2025 03:07:54.698 INFO [main] org.apache.catalina.startup.VersionLoggerListener.log Command line argument: -Djava.io.tmpdir=/Users/nguyendinhtanloc/Documents/Semester_1_2025/Web/Week83/tomCat/temp
05-Oct-2025 03:07:54.703 INFO [main] org.apache.catalina.core.AprLifecycleListener.lifecycleEvent The Apache Tomcat Native library which allows using OpenSSL was not found on the java.library.path: [/Users/nguyendinhtanloc/Library/Java/Extensions:/Library/Java/Extensions:/Network/Library/Java/Extensions:/System/Library/Java/Extensions:/usr/lib/java:.]
05-Oct-2025 03:07:54.831 INFO [main] org.apache.coyote.AbstractProtocol.init Initializing ProtocolHandler ["http-nio-8080"]
05-Oct-2025 03:07:54.842 INFO [main] org.apache.catalina.startup.Catalina.load Server initialization in [235] milliseconds
05-Oct-2025 03:07:54.856 INFO [main] org.apache.catalina.core.StandardService.startInternal Starting service [Catalina]
05-Oct-2025 03:07:54.856 INFO [main] org.apache.catalina.core.StandardEngine.startInternal Starting Servlet engine: [Apache Tomcat/9.0.108]
05-Oct-2025 03:07:54.861 INFO [main] org.apache.catalina.startup.HostConfig.deployWAR Deploying web application archive [/Users/nguyendinhtanloc/Documents/Semester_1_2025/Web/Week83/tomCat/webapps/Lesson.war]
05-Oct-2025 03:07:55.029 INFO [main] org.apache.catalina.startup.HostConfig.deployWAR Deployment of web application archive [/Users/nguyendinhtanloc/Documents/Semester_1_2025/Web/Week83/tomCat/webapps/Lesson.war] has finished in [168] ms
05-Oct-2025 03:07:55.029 INFO [main] org.apache.catalina.startup.HostConfig.deployDirectory Deploying web application directory [/Users/nguyendinhtanloc/Documents/Semester_1_2025/Web/Week83/tomCat/webapps/docs]
05-Oct-2025 03:07:55.046 INFO [main] org.apache.catalina.startup.HostConfig.deployDirectory Deployment of web application directory [/Users/nguyendinhtanloc/Documents/Semester_1_2025/Web/Week83/tomCat/webapps/docs] has finished in [17] ms
05-Oct-2025 03:07:55.046 INFO [main] org.apache.catalina.startup.HostConfig.deployDirectory Deploying web application directory [/Users/nguyendinhtanloc/Documents/Semester_1_2025/Web/Week83/tomCat/webapps/manager]
05-Oct-2025 03:07:55.061 INFO [main] org.apache.catalina.startup.HostConfig.deployDirectory Deployment of web application directory [/Users/nguyendinhtanloc/Documents/Semester_1_2025/Web/Week83/tomCat/webapps/manager] has finished in [15] ms
05-Oct-2025 03:07:55.061 INFO [main] org.apache.catalina.startup.HostConfig.deployDirectory Deploying web application directory [/Users/nguyendinhtanloc/Documents/Semester_1_2025/Web/Week83/tomCat/webapps/examples]
05-Oct-2025 03:07:55.137 INFO [main] org.apache.catalina.startup.HostConfig.deployDirectory Deployment of web application directory [/Users/nguyendinhtanloc/Documents/Semester_1_2025/Web/Week83/tomCat/webapps/examples] has finished in [76] ms
05-Oct-2025 03:07:55.137 INFO [main] org.apache.catalina.startup.HostConfig.deployDirectory Deploying web application directory [/Users/nguyendinhtanloc/Documents/Semester_1_2025/Web/Week83/tomCat/webapps/ROOT]
05-Oct-2025 03:07:55.143 INFO [main] org.apache.catalina.startup.HostConfig.deployDirectory Deployment of web application directory [/Users/nguyendinhtanloc/Documents/Semester_1_2025/Web/Week83/tomCat/webapps/ROOT] has finished in [6] ms
05-Oct-2025 03:07:55.143 INFO [main] org.apache.catalina.startup.HostConfig.deployDirectory Deploying web application directory [/Users/nguyendinhtanloc/Documents/Semester_1_2025/Web/Week83/tomCat/webapps/host-manager]
05-Oct-2025 03:07:55.151 INFO [main] org.apache.catalina.startup.HostConfig.deployDirectory Deployment of web application directory [/Users/nguyendinhtanloc/Documents/Semester_1_2025/Web/Week83/tomCat/webapps/host-manager] has finished in [7] ms
05-Oct-2025 03:07:55.152 INFO [main] org.apache.coyote.AbstractProtocol.start Starting ProtocolHandler ["http-nio-8080"]
05-Oct-2025 03:07:55.156 INFO [main] org.apache.catalina.startup.Catalina.start Server startup in [313] milliseconds
05-Oct-2025 14:07:50.575 INFO [main] org.apache.catalina.core.StandardServer.await A valid shutdown command was received via the shutdown port. Stopping the Server instance.
05-Oct-2025 14:07:50.580 INFO [main] org.apache.coyote.AbstractProtocol.pause Pausing ProtocolHandler ["http-nio-8080"]
05-Oct-2025 14:07:51.588 INFO [main] org.apache.catalina.core.StandardService.stopInternal Stopping service [Catalina]
05-Oct-2025 14:07:51.644 INFO [main] org.apache.coyote.AbstractProtocol.stop Stopping ProtocolHandler ["http-nio-8080"]
05-Oct-2025 14:07:52.250 WARNING [main] org.apache.tomcat.util.net.Acceptor.stopMillis The acceptor thread [http-nio-8080-Acceptor] did not stop cleanly
05-Oct-2025 14:07:52.258 INFO [main] org.apache.coyote.AbstractProtocol.destroy Destroying ProtocolHandler ["http-nio-8080"]
NOTE: Picked up JDK_JAVA_OPTIONS:  --add-opens=java.base/java.lang=ALL-UNNAMED --add-opens=java.base/java.lang.invoke=ALL-UNNAMED --add-opens=java.base/java.lang.reflect=ALL-UNNAMED --add-opens=java.base/java.io=ALL-UNNAMED --add-opens=java.base/java.util=ALL-UNNAMED --add-opens=java.base/java.util.concurrent=ALL-UNNAMED --add-opens=java.rmi/sun.rmi.transport=ALL-UNNAMED
05-Oct-2025 15:08:00.041 INFO [main] org.apache.catalina.startup.VersionLoggerListener.log Server version name:   Apache Tomcat/9.0.108
05-Oct-2025 15:08:00.043 INFO [main] org.apache.catalina.startup.VersionLoggerListener.log Server built:          Jul 31 2025 18:19:48 UTC
05-Oct-2025 15:08:00.043 INFO [main] org.apache.catalina.startup.VersionLoggerListener.log Server version number: 9.0.108.0
05-Oct-2025 15:08:00.043 INFO [main] org.apache.catalina.startup.VersionLoggerListener.log OS Name:               Mac OS X
05-Oct-2025 15:08:00.043 INFO [main] org.apache.catalina.startup.VersionLoggerListener.log OS Version:            15.6.1
05-Oct-2025 15:08:00.043 INFO [main] org.apache.catalina.startup.VersionLoggerListener.log Architecture:          aarch64
05-Oct-2025 15:08:00.043 INFO [main] org.apache.catalina.startup.VersionLoggerListener.log Java Home:             /opt/homebrew/Cellar/openjdk@17/17.0.15/libexec/openjdk.jdk/Contents/Home
05-Oct-2025 15:08:00.043 INFO [main] org.apache.catalina.startup.VersionLoggerListener.log JVM Version:           17.0.15+0
05-Oct-2025 15:08:00.043 INFO [main] org.apache.catalina.startup.VersionLoggerListener.log JVM Vendor:            Homebrew
05-Oct-2025 15:08:00.043 INFO [main] org.apache.catalina.startup.VersionLoggerListener.log CATALINA_BASE:         /Users/nguyendinhtanloc/Documents/Semester_1_2025/Web/Week9/tomCat
05-Oct-2025 15:08:00.043 INFO [main] org.apache.catalina.startup.VersionLoggerListener.log CATALINA_HOME:         /Users/nguyendinhtanloc/Documents/Semester_1_2025/Web/Week9/tomCat
05-Oct-2025 15:08:00.051 INFO [main] org.apache.catalina.startup.VersionLoggerListener.log Command line argument: --add-opens=java.base/java.lang=ALL-UNNAMED
05-Oct-2025 15:08:00.051 INFO [main] org.apache.catalina.startup.VersionLoggerListener.log Command line argument: --add-opens=java.base/java.lang.invoke=ALL-UNNAMED
05-Oct-2025 15:08:00.051 INFO [main] org.apache.catalina.startup.VersionLoggerListener.log Command line argument: --add-opens=java.base/java.lang.reflect=ALL-UNNAMED
05-Oct-2025 15:08:00.051 INFO [main] org.apache.catalina.startup.VersionLoggerListener.log Command line argument: --add-opens=java.base/java.io=ALL-UNNAMED
05-Oct-2025 15:08:00.051 INFO [main] org.apache.catalina.startup.VersionLoggerListener.log Command line argument: --add-opens=java.base/java.util=ALL-UNNAMED
05-Oct-2025 15:08:00.051 INFO [main] org.apache.catalina.startup.VersionLoggerListener.log Command line argument: --add-opens=java.base/java.util.concurrent=ALL-UNNAMED
05-Oct-2025 15:08:00.051 INFO [main] org.apache.catalina.startup.VersionLoggerListener.log Command line argument: --add-opens=java.rmi/sun.rmi.transport=ALL-UNNAMED
05-Oct-2025 15:08:00.051 INFO [main] org.apache.catalina.startup.VersionLoggerListener.log Command line argument: -Djava.util.logging.config.file=/Users/nguyendinhtanloc/Documents/Semester_1_2025/Web/Week9/tomCat/conf/logging.properties
05-Oct-2025 15:08:00.051 INFO [main] org.apache.catalina.startup.VersionLoggerListener.log Command line argument: -Djava.util.logging.manager=org.apache.juli.ClassLoaderLogManager
05-Oct-2025 15:08:00.051 INFO [main] org.apache.catalina.startup.VersionLoggerListener.log Command line argument: -Djdk.tls.ephemeralDHKeySize=2048
05-Oct-2025 15:08:00.051 INFO [main] org.apache.catalina.startup.VersionLoggerListener.log Command line argument: -Djava.protocol.handler.pkgs=org.apache.catalina.webresources
05-Oct-2025 15:08:00.052 INFO [main] org.apache.catalina.startup.VersionLoggerListener.log Command line argument: -Dsun.io.useCanonCaches=false
05-Oct-2025 15:08:00.052 INFO [main] org.apache.catalina.startup.VersionLoggerListener.log Command line argument: -Dorg.apache.catalina.security.SecurityListener.UMASK=0027
05-Oct-2025 15:08:00.052 INFO [main] org.apache.catalina.startup.VersionLoggerListener.log Command line argument: -Dignore.endorsed.dirs=
05-Oct-2025 15:08:00.052 INFO [main] org.apache.catalina.startup.VersionLoggerListener.log Command line argument: -Dcatalina.base=/Users/nguyendinhtanloc/Documents/Semester_1_2025/Web/Week9/tomCat
05-Oct-2025 15:08:00.052 INFO [main] org.apache.catalina.startup.VersionLoggerListener.log Command line argument: -Dcatalina.home=/Users/nguyendinhtanloc/Documents/Semester_1_2025/Web/Week9/tomCat
05-Oct-2025 15:08:00.052 INFO [main] org.apache.catalina.startup.VersionLoggerListener.log Command line argument: -Djava.io.tmpdir=/Users/nguyendinhtanloc/Documents/Semester_1_2025/Web/Week9/tomCat/temp
05-Oct-2025 15:08:00.058 INFO [main] org.apache.catalina.core.AprLifecycleListener.lifecycleEvent The Apache Tomcat Native library which allows using OpenSSL was not found on the java.library.path: [/Users/nguyendinhtanloc/Library/Java/Extensions:/Library/Java/Extensions:/Network/Library/Java/Extensions:/System/Library/Java/Extensions:/usr/lib/java:.]
05-Oct-2025 15:08:00.219 INFO [main] org.apache.coyote.AbstractProtocol.init Initializing ProtocolHandler ["http-nio-8080"]
05-Oct-2025 15:08:00.245 INFO [main] org.apache.catalina.startup.Catalina.load Server initialization in [306] milliseconds
05-Oct-2025 15:08:00.279 INFO [main] org.apache.catalina.core.StandardService.startInternal Starting service [Catalina]
05-Oct-2025 15:08:00.279 INFO [main] org.apache.catalina.core.StandardEngine.startInternal Starting Servlet engine: [Apache Tomcat/9.0.108]
05-Oct-2025 15:08:00.285 INFO [main] org.apache.catalina.startup.HostConfig.deployWAR Deploying web application archive [/Users/nguyendinhtanloc/Documents/Semester_1_2025/Web/Week9/tomCat/webapps/Lesson.war]
05-Oct-2025 15:08:00.294 INFO [main] org.apache.catalina.startup.ExpandWar.expand An expanded directory [/Users/nguyendinhtanloc/Documents/Semester_1_2025/Web/Week9/tomCat/webapps/Lesson] was found with a last modified time that did not match the associated WAR. It will be deleted.
05-Oct-2025 15:08:00.509 INFO [main] org.apache.catalina.startup.HostConfig.deployWAR Deployment of web application archive [/Users/nguyendinhtanloc/Documents/Semester_1_2025/Web/Week9/tomCat/webapps/Lesson.war] has finished in [224] ms
05-Oct-2025 15:08:00.509 INFO [main] org.apache.catalina.startup.HostConfig.deployDirectory Deploying web application directory [/Users/nguyendinhtanloc/Documents/Semester_1_2025/Web/Week9/tomCat/webapps/docs]
05-Oct-2025 15:08:00.519 INFO [main] org.apache.catalina.startup.HostConfig.deployDirectory Deployment of web application directory [/Users/nguyendinhtanloc/Documents/Semester_1_2025/Web/Week9/tomCat/webapps/docs] has finished in [10] ms
05-Oct-2025 15:08:00.519 INFO [main] org.apache.catalina.startup.HostConfig.deployDirectory Deploying web application directory [/Users/nguyendinhtanloc/Documents/Semester_1_2025/Web/Week9/tomCat/webapps/manager]
05-Oct-2025 15:08:00.537 INFO [main] org.apache.catalina.startup.HostConfig.deployDirectory Deployment of web application directory [/Users/nguyendinhtanloc/Documents/Semester_1_2025/Web/Week9/tomCat/webapps/manager] has finished in [18] ms
05-Oct-2025 15:08:00.537 INFO [main] org.apache.catalina.startup.HostConfig.deployDirectory Deploying web application directory [/Users/nguyendinhtanloc/Documents/Semester_1_2025/Web/Week9/tomCat/webapps/examples]
05-Oct-2025 15:08:00.616 INFO [main] org.apache.catalina.startup.HostConfig.deployDirectory Deployment of web application directory [/Users/nguyendinhtanloc/Documents/Semester_1_2025/Web/Week9/tomCat/webapps/examples] has finished in [79] ms
05-Oct-2025 15:08:00.616 INFO [main] org.apache.catalina.startup.HostConfig.deployDirectory Deploying web application directory [/Users/nguyendinhtanloc/Documents/Semester_1_2025/Web/Week9/tomCat/webapps/ROOT]
05-Oct-2025 15:08:00.623 INFO [main] org.apache.catalina.startup.HostConfig.deployDirectory Deployment of web application directory [/Users/nguyendinhtanloc/Documents/Semester_1_2025/Web/Week9/tomCat/webapps/ROOT] has finished in [7] ms
05-Oct-2025 15:08:00.623 INFO [main] org.apache.catalina.startup.HostConfig.deployDirectory Deploying web application directory [/Users/nguyendinhtanloc/Documents/Semester_1_2025/Web/Week9/tomCat/webapps/host-manager]
05-Oct-2025 15:08:00.630 INFO [main] org.apache.catalina.startup.HostConfig.deployDirectory Deployment of web application directory [/Users/nguyendinhtanloc/Documents/Semester_1_2025/Web/Week9/tomCat/webapps/host-manager] has finished in [7] ms
05-Oct-2025 15:08:00.632 INFO [main] org.apache.coyote.AbstractProtocol.start Starting ProtocolHandler ["http-nio-8080"]
05-Oct-2025 15:08:00.637 INFO [main] org.apache.catalina.startup.Catalina.start Server startup in [390] milliseconds
05-Oct-2025 15:08:30.664 INFO [Catalina-utility-2] org.apache.catalina.startup.HostConfig.undeploy Undeploying context [/Lesson]
05-Oct-2025 15:08:30.692 INFO [Catalina-utility-2] org.apache.catalina.startup.HostConfig.deployWAR Deploying web application archive [/Users/nguyendinhtanloc/Documents/Semester_1_2025/Web/Week9/tomCat/webapps/Lesson.war]
05-Oct-2025 15:08:30.760 INFO [Catalina-utility-2] org.apache.catalina.startup.HostConfig.deployWAR Deployment of web application archive [/Users/nguyendinhtanloc/Documents/Semester_1_2025/Web/Week9/tomCat/webapps/Lesson.war] has finished in [69] ms
05-Oct-2025 15:08:33.288 INFO [main] org.apache.catalina.core.StandardServer.await A valid shutdown command was received via the shutdown port. Stopping the Server instance.
05-Oct-2025 15:08:33.289 INFO [main] org.apache.coyote.AbstractProtocol.pause Pausing ProtocolHandler ["http-nio-8080"]
05-Oct-2025 15:08:33.290 INFO [main] org.apache.catalina.core.StandardService.stopInternal Stopping service [Catalina]
05-Oct-2025 15:08:33.299 INFO [main] org.apache.coyote.AbstractProtocol.stop Stopping ProtocolHandler ["http-nio-8080"]
05-Oct-2025 15:08:33.302 INFO [main] org.apache.coyote.AbstractProtocol.destroy Destroying ProtocolHandler ["http-nio-8080"]
NOTE: Picked up JDK_JAVA_OPTIONS:  --add-opens=java.base/java.lang=ALL-UNNAMED --add-opens=java.base/java.lang.invoke=ALL-UNNAMED --add-opens=java.base/java.lang.reflect=ALL-UNNAMED --add-opens=java.base/java.io=ALL-UNNAMED --add-opens=java.base/java.util=ALL-UNNAMED --add-opens=java.base/java.util.concurrent=ALL-UNNAMED --add-opens=java.rmi/sun.rmi.transport=ALL-UNNAMED
05-Oct-2025 15:08:34.920 INFO [main] org.apache.catalina.startup.VersionLoggerListener.log Server version name:   Apache Tomcat/9.0.108
05-Oct-2025 15:08:34.922 INFO [main] org.apache.catalina.startup.VersionLoggerListener.log Server built:          Jul 31 2025 18:19:48 UTC
05-Oct-2025 15:08:34.922 INFO [main] org.apache.catalina.startup.VersionLoggerListener.log Server version number: 9.0.108.0
05-Oct-2025 15:08:34.922 INFO [main] org.apache.catalina.startup.VersionLoggerListener.log OS Name:               Mac OS X
05-Oct-2025 15:08:34.922 INFO [main] org.apache.catalina.startup.VersionLoggerListener.log OS Version:            15.6.1
05-Oct-2025 15:08:34.922 INFO [main] org.apache.catalina.startup.VersionLoggerListener.log Architecture:          aarch64
05-Oct-2025 15:08:34.922 INFO [main] org.apache.catalina.startup.VersionLoggerListener.log Java Home:             /opt/homebrew/Cellar/openjdk@17/17.0.15/libexec/openjdk.jdk/Contents/Home
05-Oct-2025 15:08:34.922 INFO [main] org.apache.catalina.startup.VersionLoggerListener.log JVM Version:           17.0.15+0
05-Oct-2025 15:08:34.922 INFO [main] org.apache.catalina.startup.VersionLoggerListener.log JVM Vendor:            Homebrew
05-Oct-2025 15:08:34.922 INFO [main] org.apache.catalina.startup.VersionLoggerListener.log CATALINA_BASE:         /Users/nguyendinhtanloc/Documents/Semester_1_2025/Web/Week9/tomCat
05-Oct-2025 15:08:34.922 INFO [main] org.apache.catalina.startup.VersionLoggerListener.log CATALINA_HOME:         /Users/nguyendinhtanloc/Documents/Semester_1_2025/Web/Week9/tomCat
05-Oct-2025 15:08:34.927 INFO [main] org.apache.catalina.startup.VersionLoggerListener.log Command line argument: --add-opens=java.base/java.lang=ALL-UNNAMED
05-Oct-2025 15:08:34.927 INFO [main] org.apache.catalina.startup.VersionLoggerListener.log Command line argument: --add-opens=java.base/java.lang.invoke=ALL-UNNAMED
05-Oct-2025 15:08:34.927 INFO [main] org.apache.catalina.startup.VersionLoggerListener.log Command line argument: --add-opens=java.base/java.lang.reflect=ALL-UNNAMED
05-Oct-2025 15:08:34.927 INFO [main] org.apache.catalina.startup.VersionLoggerListener.log Command line argument: --add-opens=java.base/java.io=ALL-UNNAMED
05-Oct-2025 15:08:34.927 INFO [main] org.apache.catalina.startup.VersionLoggerListener.log Command line argument: --add-opens=java.base/java.util=ALL-UNNAMED
05-Oct-2025 15:08:34.927 INFO [main] org.apache.catalina.startup.VersionLoggerListener.log Command line argument: --add-opens=java.base/java.util.concurrent=ALL-UNNAMED
05-Oct-2025 15:08:34.927 INFO [main] org.apache.catalina.startup.VersionLoggerListener.log Command line argument: --add-opens=java.rmi/sun.rmi.transport=ALL-UNNAMED
05-Oct-2025 15:08:34.928 INFO [main] org.apache.catalina.startup.VersionLoggerListener.log Command line argument: -Djava.util.logging.config.file=/Users/nguyendinhtanloc/Documents/Semester_1_2025/Web/Week9/tomCat/conf/logging.properties
05-Oct-2025 15:08:34.928 INFO [main] org.apache.catalina.startup.VersionLoggerListener.log Command line argument: -Djava.util.logging.manager=org.apache.juli.ClassLoaderLogManager
05-Oct-2025 15:08:34.928 INFO [main] org.apache.catalina.startup.VersionLoggerListener.log Command line argument: -Djdk.tls.ephemeralDHKeySize=2048
05-Oct-2025 15:08:34.928 INFO [main] org.apache.catalina.startup.VersionLoggerListener.log Command line argument: -Djava.protocol.handler.pkgs=org.apache.catalina.webresources
05-Oct-2025 15:08:34.928 INFO [main] org.apache.catalina.startup.VersionLoggerListener.log Command line argument: -Dsun.io.useCanonCaches=false
05-Oct-2025 15:08:34.928 INFO [main] org.apache.catalina.startup.VersionLoggerListener.log Command line argument: -Dorg.apache.catalina.security.SecurityListener.UMASK=0027
05-Oct-2025 15:08:34.928 INFO [main] org.apache.catalina.startup.VersionLoggerListener.log Command line argument: -Dignore.endorsed.dirs=
05-Oct-2025 15:08:34.928 INFO [main] org.apache.catalina.startup.VersionLoggerListener.log Command line argument: -Dcatalina.base=/Users/nguyendinhtanloc/Documents/Semester_1_2025/Web/Week9/tomCat
05-Oct-2025 15:08:34.928 INFO [main] org.apache.catalina.startup.VersionLoggerListener.log Command line argument: -Dcatalina.home=/Users/nguyendinhtanloc/Documents/Semester_1_2025/Web/Week9/tomCat
05-Oct-2025 15:08:34.928 INFO [main] org.apache.catalina.startup.VersionLoggerListener.log Command line argument: -Djava.io.tmpdir=/Users/nguyendinhtanloc/Documents/Semester_1_2025/Web/Week9/tomCat/temp
05-Oct-2025 15:08:34.933 INFO [main] org.apache.catalina.core.AprLifecycleListener.lifecycleEvent The Apache Tomcat Native library which allows using OpenSSL was not found on the java.library.path: [/Users/nguyendinhtanloc/Library/Java/Extensions:/Library/Java/Extensions:/Network/Library/Java/Extensions:/System/Library/Java/Extensions:/usr/lib/java:.]
05-Oct-2025 15:08:35.058 INFO [main] org.apache.coyote.AbstractProtocol.init Initializing ProtocolHandler ["http-nio-8080"]
05-Oct-2025 15:08:35.070 INFO [main] org.apache.catalina.startup.Catalina.load Server initialization in [233] milliseconds
05-Oct-2025 15:08:35.093 INFO [main] org.apache.catalina.core.StandardService.startInternal Starting service [Catalina]
05-Oct-2025 15:08:35.094 INFO [main] org.apache.catalina.core.StandardEngine.startInternal Starting Servlet engine: [Apache Tomcat/9.0.108]
05-Oct-2025 15:08:35.110 INFO [main] org.apache.catalina.startup.HostConfig.deployWAR Deploying web application archive [/Users/nguyendinhtanloc/Documents/Semester_1_2025/Web/Week9/tomCat/webapps/Lesson.war]
05-Oct-2025 15:08:35.277 INFO [main] org.apache.catalina.startup.HostConfig.deployWAR Deployment of web application archive [/Users/nguyendinhtanloc/Documents/Semester_1_2025/Web/Week9/tomCat/webapps/Lesson.war] has finished in [167] ms
05-Oct-2025 15:08:35.277 INFO [main] org.apache.catalina.startup.HostConfig.deployDirectory Deploying web application directory [/Users/nguyendinhtanloc/Documents/Semester_1_2025/Web/Week9/tomCat/webapps/docs]
05-Oct-2025 15:08:35.287 INFO [main] org.apache.catalina.startup.HostConfig.deployDirectory Deployment of web application directory [/Users/nguyendinhtanloc/Documents/Semester_1_2025/Web/Week9/tomCat/webapps/docs] has finished in [10] ms
05-Oct-2025 15:08:35.287 INFO [main] org.apache.catalina.startup.HostConfig.deployDirectory Deploying web application directory [/Users/nguyendinhtanloc/Documents/Semester_1_2025/Web/Week9/tomCat/webapps/manager]
05-Oct-2025 15:08:35.304 INFO [main] org.apache.catalina.startup.HostConfig.deployDirectory Deployment of web application directory [/Users/nguyendinhtanloc/Documents/Semester_1_2025/Web/Week9/tomCat/webapps/manager] has finished in [17] ms
05-Oct-2025 15:08:35.304 INFO [main] org.apache.catalina.startup.HostConfig.deployDirectory Deploying web application directory [/Users/nguyendinhtanloc/Documents/Semester_1_2025/Web/Week9/tomCat/webapps/examples]
05-Oct-2025 15:08:35.377 INFO [main] org.apache.catalina.startup.HostConfig.deployDirectory Deployment of web application directory [/Users/nguyendinhtanloc/Documents/Semester_1_2025/Web/Week9/tomCat/webapps/examples] has finished in [73] ms
05-Oct-2025 15:08:35.377 INFO [main] org.apache.catalina.startup.HostConfig.deployDirectory Deploying web application directory [/Users/nguyendinhtanloc/Documents/Semester_1_2025/Web/Week9/tomCat/webapps/ROOT]
05-Oct-2025 15:08:35.383 INFO [main] org.apache.catalina.startup.HostConfig.deployDirectory Deployment of web application directory [/Users/nguyendinhtanloc/Documents/Semester_1_2025/Web/Week9/tomCat/webapps/ROOT] has finished in [6] ms
05-Oct-2025 15:08:35.383 INFO [main] org.apache.catalina.startup.HostConfig.deployDirectory Deploying web application directory [/Users/nguyendinhtanloc/Documents/Semester_1_2025/Web/Week9/tomCat/webapps/host-manager]
05-Oct-2025 15:08:35.390 INFO [main] org.apache.catalina.startup.HostConfig.deployDirectory Deployment of web application directory [/Users/nguyendinhtanloc/Documents/Semester_1_2025/Web/Week9/tomCat/webapps/host-manager] has finished in [7] ms
05-Oct-2025 15:08:35.391 INFO [main] org.apache.coyote.AbstractProtocol.start Starting ProtocolHandler ["http-nio-8080"]
05-Oct-2025 15:08:35.395 INFO [main] org.apache.catalina.startup.Catalina.start Server startup in [325] milliseconds
java.io.FileNotFoundException: /Users/nguyendinhtanloc/Documents/Semester_1_2025/Web/Week9/tomCat/webapps/Lesson/WEB-INF/EmailList.txt (No such file or directory)
	at java.base/java.io.FileInputStream.open0(Native Method)
	at java.base/java.io.FileInputStream.open(FileInputStream.java:216)
	at java.base/java.io.FileInputStream.<init>(FileInputStream.java:157)
	at java.base/java.io.FileReader.<init>(FileReader.java:75)
	at murach.data.UserIO.getUser(UserIO.java:30)
	at murach.download.DownloadServlet.checkUser(DownloadServlet.java:85)
	at murach.download.DownloadServlet.doGet(DownloadServlet.java:29)
	at javax.servlet.http.HttpServlet.service(HttpServlet.java:529)
	at javax.servlet.http.HttpServlet.service(HttpServlet.java:623)
	at org.apache.catalina.core.ApplicationFilterChain.internalDoFilter(ApplicationFilterChain.java:199)
	at org.apache.catalina.core.ApplicationFilterChain.doFilter(ApplicationFilterChain.java:144)
	at org.apache.tomcat.websocket.server.WsFilter.doFilter(WsFilter.java:51)
	at org.apache.catalina.core.ApplicationFilterChain.internalDoFilter(ApplicationFilterChain.java:168)
	at org.apache.catalina.core.ApplicationFilterChain.doFilter(ApplicationFilterChain.java:144)
	at org.apache.catalina.core.StandardWrapperValve.invoke(StandardWrapperValve.java:168)
	at org.apache.catalina.core.StandardContextValve.invoke(StandardContextValve.java:90)
	at org.apache.catalina.authenticator.AuthenticatorBase.invoke(AuthenticatorBase.java:482)
	at org.apache.catalina.core.StandardHostValve.invoke(StandardHostValve.java:130)
	at org.apache.catalina.valves.ErrorReportValve.invoke(ErrorReportValve.java:93)
	at org.apache.catalina.valves.AbstractAccessLogValve.invoke(AbstractAccessLogValve.java:656)
	at org.apache.catalina.core.StandardEngineValve.invoke(StandardEngineValve.java:74)
	at org.apache.catalina.connector.CoyoteAdapter.service(CoyoteAdapter.java:346)
	at org.apache.coyote.http11.Http11Processor.service(Http11Processor.java:397)
	at org.apache.coyote.AbstractProcessorLight.process(AbstractProcessorLight.java:63)
	at org.apache.coyote.AbstractProtocol$ConnectionHandler.process(AbstractProtocol.java:935)
	at org.apache.tomcat.util.net.NioEndpoint$SocketProcessor.doRun(NioEndpoint.java:1826)
	at org.apache.tomcat.util.net.SocketProcessorBase.run(SocketProcessorBase.java:52)
	at org.apache.tomcat.util.threads.ThreadPoolExecutor.runWorker(ThreadPoolExecutor.java:1189)
	at org.apache.tomcat.util.threads.ThreadPoolExecutor$Worker.run(ThreadPoolExecutor.java:658)
	at org.apache.tomcat.util.threads.TaskThread$WrappingRunnable.run(TaskThread.java:63)
	at java.base/java.lang.Thread.run(Thread.java:840)
java.io.FileNotFoundException: /Users/nguyendinhtanloc/Documents/Semester_1_2025/Web/Week9/tomCat/webapps/Lesson/WEB-INF/EmailList.txt (No such file or directory)
	at java.base/java.io.FileInputStream.open0(Native Method)
	at java.base/java.io.FileInputStream.open(FileInputStream.java:216)
	at java.base/java.io.FileInputStream.<init>(FileInputStream.java:157)
	at java.base/java.io.FileReader.<init>(FileReader.java:75)
	at murach.data.UserIO.getUser(UserIO.java:30)
	at murach.download.DownloadServlet.checkUser(DownloadServlet.java:85)
	at murach.download.DownloadServlet.doGet(DownloadServlet.java:29)
	at javax.servlet.http.HttpServlet.service(HttpServlet.java:529)
	at javax.servlet.http.HttpServlet.service(HttpServlet.java:623)
	at org.apache.catalina.core.ApplicationFilterChain.internalDoFilter(ApplicationFilterChain.java:199)
	at org.apache.catalina.core.ApplicationFilterChain.doFilter(ApplicationFilterChain.java:144)
	at org.apache.tomcat.websocket.server.WsFilter.doFilter(WsFilter.java:51)
	at org.apache.catalina.core.ApplicationFilterChain.internalDoFilter(ApplicationFilterChain.java:168)
	at org.apache.catalina.core.ApplicationFilterChain.doFilter(ApplicationFilterChain.java:144)
	at org.apache.catalina.core.StandardWrapperValve.invoke(StandardWrapperValve.java:168)
	at org.apache.catalina.core.StandardContextValve.invoke(StandardContextValve.java:90)
	at org.apache.catalina.authenticator.AuthenticatorBase.invoke(AuthenticatorBase.java:482)
	at org.apache.catalina.core.StandardHostValve.invoke(StandardHostValve.java:130)
	at org.apache.catalina.valves.ErrorReportValve.invoke(ErrorReportValve.java:93)
	at org.apache.catalina.valves.AbstractAccessLogValve.invoke(AbstractAccessLogValve.java:656)
	at org.apache.catalina.core.StandardEngineValve.invoke(StandardEngineValve.java:74)
	at org.apache.catalina.connector.CoyoteAdapter.service(CoyoteAdapter.java:346)
	at org.apache.coyote.http11.Http11Processor.service(Http11Processor.java:397)
	at org.apache.coyote.AbstractProcessorLight.process(AbstractProcessorLight.java:63)
	at org.apache.coyote.AbstractProtocol$ConnectionHandler.process(AbstractProtocol.java:935)
	at org.apache.tomcat.util.net.NioEndpoint$SocketProcessor.doRun(NioEndpoint.java:1826)
	at org.apache.tomcat.util.net.SocketProcessorBase.run(SocketProcessorBase.java:52)
	at org.apache.tomcat.util.threads.ThreadPoolExecutor.runWorker(ThreadPoolExecutor.java:1189)
	at org.apache.tomcat.util.threads.ThreadPoolExecutor$Worker.run(ThreadPoolExecutor.java:658)
	at org.apache.tomcat.util.threads.TaskThread$WrappingRunnable.run(TaskThread.java:63)
	at java.base/java.lang.Thread.run(Thread.java:840)
java.io.FileNotFoundException: /Users/nguyendinhtanloc/Documents/Semester_1_2025/Web/Week9/tomCat/webapps/Lesson/WEB-INF/EmailList.txt (No such file or directory)
	at java.base/java.io.FileInputStream.open0(Native Method)
	at java.base/java.io.FileInputStream.open(FileInputStream.java:216)
	at java.base/java.io.FileInputStream.<init>(FileInputStream.java:157)
	at java.base/java.io.FileReader.<init>(FileReader.java:75)
	at murach.data.UserIO.getUser(UserIO.java:30)
	at murach.download.DownloadServlet.checkUser(DownloadServlet.java:85)
	at murach.download.DownloadServlet.doGet(DownloadServlet.java:29)
	at javax.servlet.http.HttpServlet.service(HttpServlet.java:529)
	at javax.servlet.http.HttpServlet.service(HttpServlet.java:623)
	at org.apache.catalina.core.ApplicationFilterChain.internalDoFilter(ApplicationFilterChain.java:199)
	at org.apache.catalina.core.ApplicationFilterChain.doFilter(ApplicationFilterChain.java:144)
	at org.apache.tomcat.websocket.server.WsFilter.doFilter(WsFilter.java:51)
	at org.apache.catalina.core.ApplicationFilterChain.internalDoFilter(ApplicationFilterChain.java:168)
	at org.apache.catalina.core.ApplicationFilterChain.doFilter(ApplicationFilterChain.java:144)
	at org.apache.catalina.core.StandardWrapperValve.invoke(StandardWrapperValve.java:168)
	at org.apache.catalina.core.StandardContextValve.invoke(StandardContextValve.java:90)
	at org.apache.catalina.authenticator.AuthenticatorBase.invoke(AuthenticatorBase.java:482)
	at org.apache.catalina.core.StandardHostValve.invoke(StandardHostValve.java:130)
	at org.apache.catalina.valves.ErrorReportValve.invoke(ErrorReportValve.java:93)
	at org.apache.catalina.valves.AbstractAccessLogValve.invoke(AbstractAccessLogValve.java:656)
	at org.apache.catalina.core.StandardEngineValve.invoke(StandardEngineValve.java:74)
	at org.apache.catalina.connector.CoyoteAdapter.service(CoyoteAdapter.java:346)
	at org.apache.coyote.http11.Http11Processor.service(Http11Processor.java:397)
	at org.apache.coyote.AbstractProcessorLight.process(AbstractProcessorLight.java:63)
	at org.apache.coyote.AbstractProtocol$ConnectionHandler.process(AbstractProtocol.java:935)
	at org.apache.tomcat.util.net.NioEndpoint$SocketProcessor.doRun(NioEndpoint.java:1826)
	at org.apache.tomcat.util.net.SocketProcessorBase.run(SocketProcessorBase.java:52)
	at org.apache.tomcat.util.threads.ThreadPoolExecutor.runWorker(ThreadPoolExecutor.java:1189)
	at org.apache.tomcat.util.threads.ThreadPoolExecutor$Worker.run(ThreadPoolExecutor.java:658)
	at org.apache.tomcat.util.threads.TaskThread$WrappingRunnable.run(TaskThread.java:63)
	at java.base/java.lang.Thread.run(Thread.java:840)
05-Oct-2025 15:09:31.403 INFO [main] org.apache.catalina.core.StandardServer.await A valid shutdown command was received via the shutdown port. Stopping the Server instance.
05-Oct-2025 15:09:31.405 INFO [main] org.apache.coyote.AbstractProtocol.pause Pausing ProtocolHandler ["http-nio-8080"]
05-Oct-2025 15:09:31.407 INFO [main] org.apache.catalina.core.StandardService.stopInternal Stopping service [Catalina]
05-Oct-2025 15:09:31.425 INFO [main] org.apache.coyote.AbstractProtocol.stop Stopping ProtocolHandler ["http-nio-8080"]
05-Oct-2025 15:09:31.433 INFO [main] org.apache.coyote.AbstractProtocol.destroy Destroying ProtocolHandler ["http-nio-8080"]
NOTE: Picked up JDK_JAVA_OPTIONS:  --add-opens=java.base/java.lang=ALL-UNNAMED --add-opens=java.base/java.lang.invoke=ALL-UNNAMED --add-opens=java.base/java.lang.reflect=ALL-UNNAMED --add-opens=java.base/java.io=ALL-UNNAMED --add-opens=java.base/java.util=ALL-UNNAMED --add-opens=java.base/java.util.concurrent=ALL-UNNAMED --add-opens=java.rmi/sun.rmi.transport=ALL-UNNAMED
05-Oct-2025 15:17:50.244 INFO [main] org.apache.catalina.startup.VersionLoggerListener.log Server version name:   Apache Tomcat/9.0.108
05-Oct-2025 15:17:50.246 INFO [main] org.apache.catalina.startup.VersionLoggerListener.log Server built:          Jul 31 2025 18:19:48 UTC
05-Oct-2025 15:17:50.246 INFO [main] org.apache.catalina.startup.VersionLoggerListener.log Server version number: 9.0.108.0
05-Oct-2025 15:17:50.246 INFO [main] org.apache.catalina.startup.VersionLoggerListener.log OS Name:               Mac OS X
05-Oct-2025 15:17:50.246 INFO [main] org.apache.catalina.startup.VersionLoggerListener.log OS Version:            15.6.1
05-Oct-2025 15:17:50.246 INFO [main] org.apache.catalina.startup.VersionLoggerListener.log Architecture:          aarch64
05-Oct-2025 15:17:50.246 INFO [main] org.apache.catalina.startup.VersionLoggerListener.log Java Home:             /opt/homebrew/Cellar/openjdk@17/17.0.15/libexec/openjdk.jdk/Contents/Home
05-Oct-2025 15:17:50.246 INFO [main] org.apache.catalina.startup.VersionLoggerListener.log JVM Version:           17.0.15+0
05-Oct-2025 15:17:50.247 INFO [main] org.apache.catalina.startup.VersionLoggerListener.log JVM Vendor:            Homebrew
05-Oct-2025 15:17:50.247 INFO [main] org.apache.catalina.startup.VersionLoggerListener.log CATALINA_BASE:         /Users/nguyendinhtanloc/Documents/Semester_1_2025/Web/Week9/tomCat
05-Oct-2025 15:17:50.247 INFO [main] org.apache.catalina.startup.VersionLoggerListener.log CATALINA_HOME:         /Users/nguyendinhtanloc/Documents/Semester_1_2025/Web/Week9/tomCat
05-Oct-2025 15:17:50.254 INFO [main] org.apache.catalina.startup.VersionLoggerListener.log Command line argument: --add-opens=java.base/java.lang=ALL-UNNAMED
05-Oct-2025 15:17:50.254 INFO [main] org.apache.catalina.startup.VersionLoggerListener.log Command line argument: --add-opens=java.base/java.lang.invoke=ALL-UNNAMED
05-Oct-2025 15:17:50.254 INFO [main] org.apache.catalina.startup.VersionLoggerListener.log Command line argument: --add-opens=java.base/java.lang.reflect=ALL-UNNAMED
05-Oct-2025 15:17:50.254 INFO [main] org.apache.catalina.startup.VersionLoggerListener.log Command line argument: --add-opens=java.base/java.io=ALL-UNNAMED
05-Oct-2025 15:17:50.254 INFO [main] org.apache.catalina.startup.VersionLoggerListener.log Command line argument: --add-opens=java.base/java.util=ALL-UNNAMED
05-Oct-2025 15:17:50.254 INFO [main] org.apache.catalina.startup.VersionLoggerListener.log Command line argument: --add-opens=java.base/java.util.concurrent=ALL-UNNAMED
05-Oct-2025 15:17:50.254 INFO [main] org.apache.catalina.startup.VersionLoggerListener.log Command line argument: --add-opens=java.rmi/sun.rmi.transport=ALL-UNNAMED
05-Oct-2025 15:17:50.254 INFO [main] org.apache.catalina.startup.VersionLoggerListener.log Command line argument: -Djava.util.logging.config.file=/Users/nguyendinhtanloc/Documents/Semester_1_2025/Web/Week9/tomCat/conf/logging.properties
05-Oct-2025 15:17:50.254 INFO [main] org.apache.catalina.startup.VersionLoggerListener.log Command line argument: -Djava.util.logging.manager=org.apache.juli.ClassLoaderLogManager
05-Oct-2025 15:17:50.254 INFO [main] org.apache.catalina.startup.VersionLoggerListener.log Command line argument: -Djdk.tls.ephemeralDHKeySize=2048
05-Oct-2025 15:17:50.254 INFO [main] org.apache.catalina.startup.VersionLoggerListener.log Command line argument: -Djava.protocol.handler.pkgs=org.apache.catalina.webresources
05-Oct-2025 15:17:50.254 INFO [main] org.apache.catalina.startup.VersionLoggerListener.log Command line argument: -Dsun.io.useCanonCaches=false
05-Oct-2025 15:17:50.254 INFO [main] org.apache.catalina.startup.VersionLoggerListener.log Command line argument: -Dorg.apache.catalina.security.SecurityListener.UMASK=0027
05-Oct-2025 15:17:50.254 INFO [main] org.apache.catalina.startup.VersionLoggerListener.log Command line argument: -Dignore.endorsed.dirs=
05-Oct-2025 15:17:50.254 INFO [main] org.apache.catalina.startup.VersionLoggerListener.log Command line argument: -Dcatalina.base=/Users/nguyendinhtanloc/Documents/Semester_1_2025/Web/Week9/tomCat
05-Oct-2025 15:17:50.254 INFO [main] org.apache.catalina.startup.VersionLoggerListener.log Command line argument: -Dcatalina.home=/Users/nguyendinhtanloc/Documents/Semester_1_2025/Web/Week9/tomCat
05-Oct-2025 15:17:50.255 INFO [main] org.apache.catalina.startup.VersionLoggerListener.log Command line argument: -Djava.io.tmpdir=/Users/nguyendinhtanloc/Documents/Semester_1_2025/Web/Week9/tomCat/temp
05-Oct-2025 15:17:50.260 INFO [main] org.apache.catalina.core.AprLifecycleListener.lifecycleEvent The Apache Tomcat Native library which allows using OpenSSL was not found on the java.library.path: [/Users/nguyendinhtanloc/Library/Java/Extensions:/Library/Java/Extensions:/Network/Library/Java/Extensions:/System/Library/Java/Extensions:/usr/lib/java:.]
05-Oct-2025 15:17:50.405 INFO [main] org.apache.coyote.AbstractProtocol.init Initializing ProtocolHandler ["http-nio-8080"]
05-Oct-2025 15:17:50.419 INFO [main] org.apache.catalina.startup.Catalina.load Server initialization in [275] milliseconds
05-Oct-2025 15:17:50.436 INFO [main] org.apache.catalina.core.StandardService.startInternal Starting service [Catalina]
05-Oct-2025 15:17:50.436 INFO [main] org.apache.catalina.core.StandardEngine.startInternal Starting Servlet engine: [Apache Tomcat/9.0.108]
05-Oct-2025 15:17:50.443 INFO [main] org.apache.catalina.startup.HostConfig.deployWAR Deploying web application archive [/Users/nguyendinhtanloc/Documents/Semester_1_2025/Web/Week9/tomCat/webapps/Lesson.war]
05-Oct-2025 15:17:50.723 INFO [main] org.apache.catalina.startup.HostConfig.deployWAR Deployment of web application archive [/Users/nguyendinhtanloc/Documents/Semester_1_2025/Web/Week9/tomCat/webapps/Lesson.war] has finished in [279] ms
05-Oct-2025 15:17:50.723 INFO [main] org.apache.catalina.startup.HostConfig.deployDirectory Deploying web application directory [/Users/nguyendinhtanloc/Documents/Semester_1_2025/Web/Week9/tomCat/webapps/docs]
05-Oct-2025 15:17:50.736 INFO [main] org.apache.catalina.startup.HostConfig.deployDirectory Deployment of web application directory [/Users/nguyendinhtanloc/Documents/Semester_1_2025/Web/Week9/tomCat/webapps/docs] has finished in [13] ms
05-Oct-2025 15:17:50.736 INFO [main] org.apache.catalina.startup.HostConfig.deployDirectory Deploying web application directory [/Users/nguyendinhtanloc/Documents/Semester_1_2025/Web/Week9/tomCat/webapps/manager]
05-Oct-2025 15:17:50.750 INFO [main] org.apache.catalina.startup.HostConfig.deployDirectory Deployment of web application directory [/Users/nguyendinhtanloc/Documents/Semester_1_2025/Web/Week9/tomCat/webapps/manager] has finished in [14] ms
05-Oct-2025 15:17:50.750 INFO [main] org.apache.catalina.startup.HostConfig.deployDirectory Deploying web application directory [/Users/nguyendinhtanloc/Documents/Semester_1_2025/Web/Week9/tomCat/webapps/examples]
05-Oct-2025 15:17:50.830 INFO [main] org.apache.catalina.startup.HostConfig.deployDirectory Deployment of web application directory [/Users/nguyendinhtanloc/Documents/Semester_1_2025/Web/Week9/tomCat/webapps/examples] has finished in [80] ms
05-Oct-2025 15:17:50.830 INFO [main] org.apache.catalina.startup.HostConfig.deployDirectory Deploying web application directory [/Users/nguyendinhtanloc/Documents/Semester_1_2025/Web/Week9/tomCat/webapps/ROOT]
05-Oct-2025 15:17:50.837 INFO [main] org.apache.catalina.startup.HostConfig.deployDirectory Deployment of web application directory [/Users/nguyendinhtanloc/Documents/Semester_1_2025/Web/Week9/tomCat/webapps/ROOT] has finished in [7] ms
05-Oct-2025 15:17:50.837 INFO [main] org.apache.catalina.startup.HostConfig.deployDirectory Deploying web application directory [/Users/nguyendinhtanloc/Documents/Semester_1_2025/Web/Week9/tomCat/webapps/host-manager]
05-Oct-2025 15:17:50.845 INFO [main] org.apache.catalina.startup.HostConfig.deployDirectory Deployment of web application directory [/Users/nguyendinhtanloc/Documents/Semester_1_2025/Web/Week9/tomCat/webapps/host-manager] has finished in [7] ms
05-Oct-2025 15:17:50.846 INFO [main] org.apache.coyote.AbstractProtocol.start Starting ProtocolHandler ["http-nio-8080"]
05-Oct-2025 15:17:50.852 INFO [main] org.apache.catalina.startup.Catalina.start Server startup in [433] milliseconds
java.io.FileNotFoundException: /Users/nguyendinhtanloc/Documents/Semester_1_2025/Web/Week9/tomCat/webapps/Lesson/WEB-INF/EmailList.txt (No such file or directory)
	at java.base/java.io.FileInputStream.open0(Native Method)
	at java.base/java.io.FileInputStream.open(FileInputStream.java:216)
	at java.base/java.io.FileInputStream.<init>(FileInputStream.java:157)
	at java.base/java.io.FileReader.<init>(FileReader.java:75)
	at murach.data.UserIO.getUser(UserIO.java:30)
	at murach.download.DownloadServlet.checkUser(DownloadServlet.java:85)
	at murach.download.DownloadServlet.doGet(DownloadServlet.java:29)
	at javax.servlet.http.HttpServlet.service(HttpServlet.java:529)
	at javax.servlet.http.HttpServlet.service(HttpServlet.java:623)
	at org.apache.catalina.core.ApplicationFilterChain.internalDoFilter(ApplicationFilterChain.java:199)
	at org.apache.catalina.core.ApplicationFilterChain.doFilter(ApplicationFilterChain.java:144)
	at org.apache.tomcat.websocket.server.WsFilter.doFilter(WsFilter.java:51)
	at org.apache.catalina.core.ApplicationFilterChain.internalDoFilter(ApplicationFilterChain.java:168)
	at org.apache.catalina.core.ApplicationFilterChain.doFilter(ApplicationFilterChain.java:144)
	at org.apache.catalina.core.StandardWrapperValve.invoke(StandardWrapperValve.java:168)
	at org.apache.catalina.core.StandardContextValve.invoke(StandardContextValve.java:90)
	at org.apache.catalina.authenticator.AuthenticatorBase.invoke(AuthenticatorBase.java:482)
	at org.apache.catalina.core.StandardHostValve.invoke(StandardHostValve.java:130)
	at org.apache.catalina.valves.ErrorReportValve.invoke(ErrorReportValve.java:93)
	at org.apache.catalina.valves.AbstractAccessLogValve.invoke(AbstractAccessLogValve.java:656)
	at org.apache.catalina.core.StandardEngineValve.invoke(StandardEngineValve.java:74)
	at org.apache.catalina.connector.CoyoteAdapter.service(CoyoteAdapter.java:346)
	at org.apache.coyote.http11.Http11Processor.service(Http11Processor.java:397)
	at org.apache.coyote.AbstractProcessorLight.process(AbstractProcessorLight.java:63)
	at org.apache.coyote.AbstractProtocol$ConnectionHandler.process(AbstractProtocol.java:935)
	at org.apache.tomcat.util.net.NioEndpoint$SocketProcessor.doRun(NioEndpoint.java:1826)
	at org.apache.tomcat.util.net.SocketProcessorBase.run(SocketProcessorBase.java:52)
	at org.apache.tomcat.util.threads.ThreadPoolExecutor.runWorker(ThreadPoolExecutor.java:1189)
	at org.apache.tomcat.util.threads.ThreadPoolExecutor$Worker.run(ThreadPoolExecutor.java:658)
	at org.apache.tomcat.util.threads.TaskThread$WrappingRunnable.run(TaskThread.java:63)
	at java.base/java.lang.Thread.run(Thread.java:840)
05-Oct-2025 15:18:59.477 INFO [main] org.apache.catalina.core.StandardServer.await A valid shutdown command was received via the shutdown port. Stopping the Server instance.
05-Oct-2025 15:18:59.478 INFO [main] org.apache.coyote.AbstractProtocol.pause Pausing ProtocolHandler ["http-nio-8080"]
05-Oct-2025 15:18:59.482 INFO [main] org.apache.catalina.core.StandardService.stopInternal Stopping service [Catalina]
05-Oct-2025 15:18:59.507 INFO [main] org.apache.coyote.AbstractProtocol.stop Stopping ProtocolHandler ["http-nio-8080"]
05-Oct-2025 15:18:59.519 INFO [main] org.apache.coyote.AbstractProtocol.destroy Destroying ProtocolHandler ["http-nio-8080"]
NOTE: Picked up JDK_JAVA_OPTIONS:  --add-opens=java.base/java.lang=ALL-UNNAMED --add-opens=java.base/java.lang.invoke=ALL-UNNAMED --add-opens=java.base/java.lang.reflect=ALL-UNNAMED --add-opens=java.base/java.io=ALL-UNNAMED --add-opens=java.base/java.util=ALL-UNNAMED --add-opens=java.base/java.util.concurrent=ALL-UNNAMED --add-opens=java.rmi/sun.rmi.transport=ALL-UNNAMED
05-Oct-2025 15:19:00.982 INFO [main] org.apache.catalina.startup.VersionLoggerListener.log Server version name:   Apache Tomcat/9.0.108
05-Oct-2025 15:19:00.984 INFO [main] org.apache.catalina.startup.VersionLoggerListener.log Server built:          Jul 31 2025 18:19:48 UTC
05-Oct-2025 15:19:00.984 INFO [main] org.apache.catalina.startup.VersionLoggerListener.log Server version number: 9.0.108.0
05-Oct-2025 15:19:00.984 INFO [main] org.apache.catalina.startup.VersionLoggerListener.log OS Name:               Mac OS X
05-Oct-2025 15:19:00.984 INFO [main] org.apache.catalina.startup.VersionLoggerListener.log OS Version:            15.6.1
05-Oct-2025 15:19:00.984 INFO [main] org.apache.catalina.startup.VersionLoggerListener.log Architecture:          aarch64
05-Oct-2025 15:19:00.984 INFO [main] org.apache.catalina.startup.VersionLoggerListener.log Java Home:             /opt/homebrew/Cellar/openjdk@17/17.0.15/libexec/openjdk.jdk/Contents/Home
05-Oct-2025 15:19:00.984 INFO [main] org.apache.catalina.startup.VersionLoggerListener.log JVM Version:           17.0.15+0
05-Oct-2025 15:19:00.984 INFO [main] org.apache.catalina.startup.VersionLoggerListener.log JVM Vendor:            Homebrew
05-Oct-2025 15:19:00.984 INFO [main] org.apache.catalina.startup.VersionLoggerListener.log CATALINA_BASE:         /Users/nguyendinhtanloc/Documents/Semester_1_2025/Web/Week9/tomCat
05-Oct-2025 15:19:00.984 INFO [main] org.apache.catalina.startup.VersionLoggerListener.log CATALINA_HOME:         /Users/nguyendinhtanloc/Documents/Semester_1_2025/Web/Week9/tomCat
05-Oct-2025 15:19:00.989 INFO [main] org.apache.catalina.startup.VersionLoggerListener.log Command line argument: --add-opens=java.base/java.lang=ALL-UNNAMED
05-Oct-2025 15:19:00.989 INFO [main] org.apache.catalina.startup.VersionLoggerListener.log Command line argument: --add-opens=java.base/java.lang.invoke=ALL-UNNAMED
05-Oct-2025 15:19:00.989 INFO [main] org.apache.catalina.startup.VersionLoggerListener.log Command line argument: --add-opens=java.base/java.lang.reflect=ALL-UNNAMED
05-Oct-2025 15:19:00.989 INFO [main] org.apache.catalina.startup.VersionLoggerListener.log Command line argument: --add-opens=java.base/java.io=ALL-UNNAMED
05-Oct-2025 15:19:00.989 INFO [main] org.apache.catalina.startup.VersionLoggerListener.log Command line argument: --add-opens=java.base/java.util=ALL-UNNAMED
05-Oct-2025 15:19:00.989 INFO [main] org.apache.catalina.startup.VersionLoggerListener.log Command line argument: --add-opens=java.base/java.util.concurrent=ALL-UNNAMED
05-Oct-2025 15:19:00.989 INFO [main] org.apache.catalina.startup.VersionLoggerListener.log Command line argument: --add-opens=java.rmi/sun.rmi.transport=ALL-UNNAMED
05-Oct-2025 15:19:00.989 INFO [main] org.apache.catalina.startup.VersionLoggerListener.log Command line argument: -Djava.util.logging.config.file=/Users/nguyendinhtanloc/Documents/Semester_1_2025/Web/Week9/tomCat/conf/logging.properties
05-Oct-2025 15:19:00.989 INFO [main] org.apache.catalina.startup.VersionLoggerListener.log Command line argument: -Djava.util.logging.manager=org.apache.juli.ClassLoaderLogManager
05-Oct-2025 15:19:00.990 INFO [main] org.apache.catalina.startup.VersionLoggerListener.log Command line argument: -Djdk.tls.ephemeralDHKeySize=2048
05-Oct-2025 15:19:00.990 INFO [main] org.apache.catalina.startup.VersionLoggerListener.log Command line argument: -Djava.protocol.handler.pkgs=org.apache.catalina.webresources
05-Oct-2025 15:19:00.990 INFO [main] org.apache.catalina.startup.VersionLoggerListener.log Command line argument: -Dsun.io.useCanonCaches=false
05-Oct-2025 15:19:00.990 INFO [main] org.apache.catalina.startup.VersionLoggerListener.log Command line argument: -Dorg.apache.catalina.security.SecurityListener.UMASK=0027
05-Oct-2025 15:19:00.990 INFO [main] org.apache.catalina.startup.VersionLoggerListener.log Command line argument: -Dignore.endorsed.dirs=
05-Oct-2025 15:19:00.990 INFO [main] org.apache.catalina.startup.VersionLoggerListener.log Command line argument: -Dcatalina.base=/Users/nguyendinhtanloc/Documents/Semester_1_2025/Web/Week9/tomCat
05-Oct-2025 15:19:00.990 INFO [main] org.apache.catalina.startup.VersionLoggerListener.log Command line argument: -Dcatalina.home=/Users/nguyendinhtanloc/Documents/Semester_1_2025/Web/Week9/tomCat
05-Oct-2025 15:19:00.990 INFO [main] org.apache.catalina.startup.VersionLoggerListener.log Command line argument: -Djava.io.tmpdir=/Users/nguyendinhtanloc/Documents/Semester_1_2025/Web/Week9/tomCat/temp
05-Oct-2025 15:19:00.995 INFO [main] org.apache.catalina.core.AprLifecycleListener.lifecycleEvent The Apache Tomcat Native library which allows using OpenSSL was not found on the java.library.path: [/Users/nguyendinhtanloc/Library/Java/Extensions:/Library/Java/Extensions:/Network/Library/Java/Extensions:/System/Library/Java/Extensions:/usr/lib/java:.]
05-Oct-2025 15:19:01.122 INFO [main] org.apache.coyote.AbstractProtocol.init Initializing ProtocolHandler ["http-nio-8080"]
05-Oct-2025 15:19:01.133 INFO [main] org.apache.catalina.startup.Catalina.load Server initialization in [239] milliseconds
05-Oct-2025 15:19:01.149 INFO [main] org.apache.catalina.core.StandardService.startInternal Starting service [Catalina]
05-Oct-2025 15:19:01.149 INFO [main] org.apache.catalina.core.StandardEngine.startInternal Starting Servlet engine: [Apache Tomcat/9.0.108]
05-Oct-2025 15:19:01.175 INFO [main] org.apache.catalina.startup.HostConfig.deployWAR Deploying web application archive [/Users/nguyendinhtanloc/Documents/Semester_1_2025/Web/Week9/tomCat/webapps/Lesson.war]
05-Oct-2025 15:19:01.376 INFO [main] org.apache.catalina.startup.HostConfig.deployWAR Deployment of web application archive [/Users/nguyendinhtanloc/Documents/Semester_1_2025/Web/Week9/tomCat/webapps/Lesson.war] has finished in [201] ms
05-Oct-2025 15:19:01.376 INFO [main] org.apache.catalina.startup.HostConfig.deployDirectory Deploying web application directory [/Users/nguyendinhtanloc/Documents/Semester_1_2025/Web/Week9/tomCat/webapps/docs]
05-Oct-2025 15:19:01.387 INFO [main] org.apache.catalina.startup.HostConfig.deployDirectory Deployment of web application directory [/Users/nguyendinhtanloc/Documents/Semester_1_2025/Web/Week9/tomCat/webapps/docs] has finished in [11] ms
05-Oct-2025 15:19:01.387 INFO [main] org.apache.catalina.startup.HostConfig.deployDirectory Deploying web application directory [/Users/nguyendinhtanloc/Documents/Semester_1_2025/Web/Week9/tomCat/webapps/manager]
05-Oct-2025 15:19:01.407 INFO [main] org.apache.catalina.startup.HostConfig.deployDirectory Deployment of web application directory [/Users/nguyendinhtanloc/Documents/Semester_1_2025/Web/Week9/tomCat/webapps/manager] has finished in [20] ms
05-Oct-2025 15:19:01.407 INFO [main] org.apache.catalina.startup.HostConfig.deployDirectory Deploying web application directory [/Users/nguyendinhtanloc/Documents/Semester_1_2025/Web/Week9/tomCat/webapps/examples]
05-Oct-2025 15:19:01.480 INFO [main] org.apache.catalina.startup.HostConfig.deployDirectory Deployment of web application directory [/Users/nguyendinhtanloc/Documents/Semester_1_2025/Web/Week9/tomCat/webapps/examples] has finished in [73] ms
05-Oct-2025 15:19:01.480 INFO [main] org.apache.catalina.startup.HostConfig.deployDirectory Deploying web application directory [/Users/nguyendinhtanloc/Documents/Semester_1_2025/Web/Week9/tomCat/webapps/ROOT]
05-Oct-2025 15:19:01.486 INFO [main] org.apache.catalina.startup.HostConfig.deployDirectory Deployment of web application directory [/Users/nguyendinhtanloc/Documents/Semester_1_2025/Web/Week9/tomCat/webapps/ROOT] has finished in [6] ms
05-Oct-2025 15:19:01.486 INFO [main] org.apache.catalina.startup.HostConfig.deployDirectory Deploying web application directory [/Users/nguyendinhtanloc/Documents/Semester_1_2025/Web/Week9/tomCat/webapps/host-manager]
05-Oct-2025 15:19:01.493 INFO [main] org.apache.catalina.startup.HostConfig.deployDirectory Deployment of web application directory [/Users/nguyendinhtanloc/Documents/Semester_1_2025/Web/Week9/tomCat/webapps/host-manager] has finished in [7] ms
05-Oct-2025 15:19:01.494 INFO [main] org.apache.coyote.AbstractProtocol.start Starting ProtocolHandler ["http-nio-8080"]
05-Oct-2025 15:19:01.498 INFO [main] org.apache.catalina.startup.Catalina.start Server startup in [364] milliseconds
java.io.FileNotFoundException: /Users/nguyendinhtanloc/Documents/Semester_1_2025/Web/Week9/tomCat/webapps/Lesson/WEB-INF/EmailList.txt (No such file or directory)
	at java.base/java.io.FileInputStream.open0(Native Method)
	at java.base/java.io.FileInputStream.open(FileInputStream.java:216)
	at java.base/java.io.FileInputStream.<init>(FileInputStream.java:157)
	at java.base/java.io.FileReader.<init>(FileReader.java:75)
	at murach.data.UserIO.getUser(UserIO.java:30)
	at murach.download.DownloadServlet.checkUser(DownloadServlet.java:85)
	at murach.download.DownloadServlet.doGet(DownloadServlet.java:29)
	at javax.servlet.http.HttpServlet.service(HttpServlet.java:529)
	at javax.servlet.http.HttpServlet.service(HttpServlet.java:623)
	at org.apache.catalina.core.ApplicationFilterChain.internalDoFilter(ApplicationFilterChain.java:199)
	at org.apache.catalina.core.ApplicationFilterChain.doFilter(ApplicationFilterChain.java:144)
	at org.apache.tomcat.websocket.server.WsFilter.doFilter(WsFilter.java:51)
	at org.apache.catalina.core.ApplicationFilterChain.internalDoFilter(ApplicationFilterChain.java:168)
	at org.apache.catalina.core.ApplicationFilterChain.doFilter(ApplicationFilterChain.java:144)
	at org.apache.catalina.core.StandardWrapperValve.invoke(StandardWrapperValve.java:168)
	at org.apache.catalina.core.StandardContextValve.invoke(StandardContextValve.java:90)
	at org.apache.catalina.authenticator.AuthenticatorBase.invoke(AuthenticatorBase.java:482)
	at org.apache.catalina.core.StandardHostValve.invoke(StandardHostValve.java:130)
	at org.apache.catalina.valves.ErrorReportValve.invoke(ErrorReportValve.java:93)
	at org.apache.catalina.valves.AbstractAccessLogValve.invoke(AbstractAccessLogValve.java:656)
	at org.apache.catalina.core.StandardEngineValve.invoke(StandardEngineValve.java:74)
	at org.apache.catalina.connector.CoyoteAdapter.service(CoyoteAdapter.java:346)
	at org.apache.coyote.http11.Http11Processor.service(Http11Processor.java:397)
	at org.apache.coyote.AbstractProcessorLight.process(AbstractProcessorLight.java:63)
	at org.apache.coyote.AbstractProtocol$ConnectionHandler.process(AbstractProtocol.java:935)
	at org.apache.tomcat.util.net.NioEndpoint$SocketProcessor.doRun(NioEndpoint.java:1826)
	at org.apache.tomcat.util.net.SocketProcessorBase.run(SocketProcessorBase.java:52)
	at org.apache.tomcat.util.threads.ThreadPoolExecutor.runWorker(ThreadPoolExecutor.java:1189)
	at org.apache.tomcat.util.threads.ThreadPoolExecutor$Worker.run(ThreadPoolExecutor.java:658)
	at org.apache.tomcat.util.threads.TaskThread$WrappingRunnable.run(TaskThread.java:63)
	at java.base/java.lang.Thread.run(Thread.java:840)
05-Oct-2025 15:19:19.980 INFO [main] org.apache.catalina.core.StandardServer.await A valid shutdown command was received via the shutdown port. Stopping the Server instance.
05-Oct-2025 15:19:19.981 INFO [main] org.apache.coyote.AbstractProtocol.pause Pausing ProtocolHandler ["http-nio-8080"]
05-Oct-2025 15:19:19.983 INFO [main] org.apache.catalina.core.StandardService.stopInternal Stopping service [Catalina]
05-Oct-2025 15:19:19.996 INFO [main] org.apache.coyote.AbstractProtocol.stop Stopping ProtocolHandler ["http-nio-8080"]
05-Oct-2025 15:19:20.007 INFO [main] org.apache.coyote.AbstractProtocol.destroy Destroying ProtocolHandler ["http-nio-8080"]
NOTE: Picked up JDK_JAVA_OPTIONS:  --add-opens=java.base/java.lang=ALL-UNNAMED --add-opens=java.base/java.lang.invoke=ALL-UNNAMED --add-opens=java.base/java.lang.reflect=ALL-UNNAMED --add-opens=java.base/java.io=ALL-UNNAMED --add-opens=java.base/java.util=ALL-UNNAMED --add-opens=java.base/java.util.concurrent=ALL-UNNAMED --add-opens=java.rmi/sun.rmi.transport=ALL-UNNAMED
05-Oct-2025 15:19:47.886 INFO [main] org.apache.catalina.startup.VersionLoggerListener.log Server version name:   Apache Tomcat/9.0.108
05-Oct-2025 15:19:47.888 INFO [main] org.apache.catalina.startup.VersionLoggerListener.log Server built:          Jul 31 2025 18:19:48 UTC
05-Oct-2025 15:19:47.888 INFO [main] org.apache.catalina.startup.VersionLoggerListener.log Server version number: 9.0.108.0
05-Oct-2025 15:19:47.888 INFO [main] org.apache.catalina.startup.VersionLoggerListener.log OS Name:               Mac OS X
05-Oct-2025 15:19:47.888 INFO [main] org.apache.catalina.startup.VersionLoggerListener.log OS Version:            15.6.1
05-Oct-2025 15:19:47.888 INFO [main] org.apache.catalina.startup.VersionLoggerListener.log Architecture:          aarch64
05-Oct-2025 15:19:47.888 INFO [main] org.apache.catalina.startup.VersionLoggerListener.log Java Home:             /opt/homebrew/Cellar/openjdk@17/17.0.15/libexec/openjdk.jdk/Contents/Home
05-Oct-2025 15:19:47.888 INFO [main] org.apache.catalina.startup.VersionLoggerListener.log JVM Version:           17.0.15+0
05-Oct-2025 15:19:47.888 INFO [main] org.apache.catalina.startup.VersionLoggerListener.log JVM Vendor:            Homebrew
05-Oct-2025 15:19:47.888 INFO [main] org.apache.catalina.startup.VersionLoggerListener.log CATALINA_BASE:         /Users/nguyendinhtanloc/Documents/Semester_1_2025/Web/Week9/tomCat
05-Oct-2025 15:19:47.888 INFO [main] org.apache.catalina.startup.VersionLoggerListener.log CATALINA_HOME:         /Users/nguyendinhtanloc/Documents/Semester_1_2025/Web/Week9/tomCat
05-Oct-2025 15:19:47.893 INFO [main] org.apache.catalina.startup.VersionLoggerListener.log Command line argument: --add-opens=java.base/java.lang=ALL-UNNAMED
05-Oct-2025 15:19:47.893 INFO [main] org.apache.catalina.startup.VersionLoggerListener.log Command line argument: --add-opens=java.base/java.lang.invoke=ALL-UNNAMED
05-Oct-2025 15:19:47.893 INFO [main] org.apache.catalina.startup.VersionLoggerListener.log Command line argument: --add-opens=java.base/java.lang.reflect=ALL-UNNAMED
05-Oct-2025 15:19:47.893 INFO [main] org.apache.catalina.startup.VersionLoggerListener.log Command line argument: --add-opens=java.base/java.io=ALL-UNNAMED
05-Oct-2025 15:19:47.893 INFO [main] org.apache.catalina.startup.VersionLoggerListener.log Command line argument: --add-opens=java.base/java.util=ALL-UNNAMED
05-Oct-2025 15:19:47.893 INFO [main] org.apache.catalina.startup.VersionLoggerListener.log Command line argument: --add-opens=java.base/java.util.concurrent=ALL-UNNAMED
05-Oct-2025 15:19:47.893 INFO [main] org.apache.catalina.startup.VersionLoggerListener.log Command line argument: --add-opens=java.rmi/sun.rmi.transport=ALL-UNNAMED
05-Oct-2025 15:19:47.893 INFO [main] org.apache.catalina.startup.VersionLoggerListener.log Command line argument: -Djava.util.logging.config.file=/Users/nguyendinhtanloc/Documents/Semester_1_2025/Web/Week9/tomCat/conf/logging.properties
05-Oct-2025 15:19:47.893 INFO [main] org.apache.catalina.startup.VersionLoggerListener.log Command line argument: -Djava.util.logging.manager=org.apache.juli.ClassLoaderLogManager
05-Oct-2025 15:19:47.893 INFO [main] org.apache.catalina.startup.VersionLoggerListener.log Command line argument: -Djdk.tls.ephemeralDHKeySize=2048
05-Oct-2025 15:19:47.893 INFO [main] org.apache.catalina.startup.VersionLoggerListener.log Command line argument: -Djava.protocol.handler.pkgs=org.apache.catalina.webresources
05-Oct-2025 15:19:47.893 INFO [main] org.apache.catalina.startup.VersionLoggerListener.log Command line argument: -Dsun.io.useCanonCaches=false
05-Oct-2025 15:19:47.893 INFO [main] org.apache.catalina.startup.VersionLoggerListener.log Command line argument: -Dorg.apache.catalina.security.SecurityListener.UMASK=0027
05-Oct-2025 15:19:47.893 INFO [main] org.apache.catalina.startup.VersionLoggerListener.log Command line argument: -Dignore.endorsed.dirs=
05-Oct-2025 15:19:47.893 INFO [main] org.apache.catalina.startup.VersionLoggerListener.log Command line argument: -Dcatalina.base=/Users/nguyendinhtanloc/Documents/Semester_1_2025/Web/Week9/tomCat
05-Oct-2025 15:19:47.894 INFO [main] org.apache.catalina.startup.VersionLoggerListener.log Command line argument: -Dcatalina.home=/Users/nguyendinhtanloc/Documents/Semester_1_2025/Web/Week9/tomCat
05-Oct-2025 15:19:47.894 INFO [main] org.apache.catalina.startup.VersionLoggerListener.log Command line argument: -Djava.io.tmpdir=/Users/nguyendinhtanloc/Documents/Semester_1_2025/Web/Week9/tomCat/temp
05-Oct-2025 15:19:47.899 INFO [main] org.apache.catalina.core.AprLifecycleListener.lifecycleEvent The Apache Tomcat Native library which allows using OpenSSL was not found on the java.library.path: [/Users/nguyendinhtanloc/Library/Java/Extensions:/Library/Java/Extensions:/Network/Library/Java/Extensions:/System/Library/Java/Extensions:/usr/lib/java:.]
05-Oct-2025 15:19:48.034 INFO [main] org.apache.coyote.AbstractProtocol.init Initializing ProtocolHandler ["http-nio-8080"]
05-Oct-2025 15:19:48.046 INFO [main] org.apache.catalina.startup.Catalina.load Server initialization in [242] milliseconds
05-Oct-2025 15:19:48.060 INFO [main] org.apache.catalina.core.StandardService.startInternal Starting service [Catalina]
05-Oct-2025 15:19:48.060 INFO [main] org.apache.catalina.core.StandardEngine.startInternal Starting Servlet engine: [Apache Tomcat/9.0.108]
05-Oct-2025 15:19:48.064 INFO [main] org.apache.catalina.startup.HostConfig.deployWAR Deploying web application archive [/Users/nguyendinhtanloc/Documents/Semester_1_2025/Web/Week9/tomCat/webapps/Lesson.war]
05-Oct-2025 15:19:48.237 INFO [main] org.apache.catalina.startup.HostConfig.deployWAR Deployment of web application archive [/Users/nguyendinhtanloc/Documents/Semester_1_2025/Web/Week9/tomCat/webapps/Lesson.war] has finished in [173] ms
05-Oct-2025 15:19:48.237 INFO [main] org.apache.catalina.startup.HostConfig.deployDirectory Deploying web application directory [/Users/nguyendinhtanloc/Documents/Semester_1_2025/Web/Week9/tomCat/webapps/docs]
05-Oct-2025 15:19:48.250 INFO [main] org.apache.catalina.startup.HostConfig.deployDirectory Deployment of web application directory [/Users/nguyendinhtanloc/Documents/Semester_1_2025/Web/Week9/tomCat/webapps/docs] has finished in [13] ms
05-Oct-2025 15:19:48.250 INFO [main] org.apache.catalina.startup.HostConfig.deployDirectory Deploying web application directory [/Users/nguyendinhtanloc/Documents/Semester_1_2025/Web/Week9/tomCat/webapps/manager]
05-Oct-2025 15:19:48.262 INFO [main] org.apache.catalina.startup.HostConfig.deployDirectory Deployment of web application directory [/Users/nguyendinhtanloc/Documents/Semester_1_2025/Web/Week9/tomCat/webapps/manager] has finished in [12] ms
05-Oct-2025 15:19:48.263 INFO [main] org.apache.catalina.startup.HostConfig.deployDirectory Deploying web application directory [/Users/nguyendinhtanloc/Documents/Semester_1_2025/Web/Week9/tomCat/webapps/examples]
05-Oct-2025 15:19:48.333 INFO [main] org.apache.catalina.startup.HostConfig.deployDirectory Deployment of web application directory [/Users/nguyendinhtanloc/Documents/Semester_1_2025/Web/Week9/tomCat/webapps/examples] has finished in [70] ms
05-Oct-2025 15:19:48.333 INFO [main] org.apache.catalina.startup.HostConfig.deployDirectory Deploying web application directory [/Users/nguyendinhtanloc/Documents/Semester_1_2025/Web/Week9/tomCat/webapps/ROOT]
05-Oct-2025 15:19:48.339 INFO [main] org.apache.catalina.startup.HostConfig.deployDirectory Deployment of web application directory [/Users/nguyendinhtanloc/Documents/Semester_1_2025/Web/Week9/tomCat/webapps/ROOT] has finished in [6] ms
05-Oct-2025 15:19:48.339 INFO [main] org.apache.catalina.startup.HostConfig.deployDirectory Deploying web application directory [/Users/nguyendinhtanloc/Documents/Semester_1_2025/Web/Week9/tomCat/webapps/host-manager]
05-Oct-2025 15:19:48.346 INFO [main] org.apache.catalina.startup.HostConfig.deployDirectory Deployment of web application directory [/Users/nguyendinhtanloc/Documents/Semester_1_2025/Web/Week9/tomCat/webapps/host-manager] has finished in [7] ms
05-Oct-2025 15:19:48.348 INFO [main] org.apache.coyote.AbstractProtocol.start Starting ProtocolHandler ["http-nio-8080"]
05-Oct-2025 15:19:48.353 INFO [main] org.apache.catalina.startup.Catalina.start Server startup in [307] milliseconds
java.io.FileNotFoundException: /Users/nguyendinhtanloc/Documents/Semester_1_2025/Web/Week9/tomCat/webapps/Lesson/WEB-INF/EmailList.txt (No such file or directory)
	at java.base/java.io.FileInputStream.open0(Native Method)
	at java.base/java.io.FileInputStream.open(FileInputStream.java:216)
	at java.base/java.io.FileInputStream.<init>(FileInputStream.java:157)
	at java.base/java.io.FileReader.<init>(FileReader.java:75)
	at murach.data.UserIO.getUser(UserIO.java:30)
	at murach.download.DownloadServlet.checkUser(DownloadServlet.java:85)
	at murach.download.DownloadServlet.doGet(DownloadServlet.java:29)
	at javax.servlet.http.HttpServlet.service(HttpServlet.java:529)
	at javax.servlet.http.HttpServlet.service(HttpServlet.java:623)
	at org.apache.catalina.core.ApplicationFilterChain.internalDoFilter(ApplicationFilterChain.java:199)
	at org.apache.catalina.core.ApplicationFilterChain.doFilter(ApplicationFilterChain.java:144)
	at org.apache.tomcat.websocket.server.WsFilter.doFilter(WsFilter.java:51)
	at org.apache.catalina.core.ApplicationFilterChain.internalDoFilter(ApplicationFilterChain.java:168)
	at org.apache.catalina.core.ApplicationFilterChain.doFilter(ApplicationFilterChain.java:144)
	at org.apache.catalina.core.StandardWrapperValve.invoke(StandardWrapperValve.java:168)
	at org.apache.catalina.core.StandardContextValve.invoke(StandardContextValve.java:90)
	at org.apache.catalina.authenticator.AuthenticatorBase.invoke(AuthenticatorBase.java:482)
	at org.apache.catalina.core.StandardHostValve.invoke(StandardHostValve.java:130)
	at org.apache.catalina.valves.ErrorReportValve.invoke(ErrorReportValve.java:93)
	at org.apache.catalina.valves.AbstractAccessLogValve.invoke(AbstractAccessLogValve.java:656)
	at org.apache.catalina.core.StandardEngineValve.invoke(StandardEngineValve.java:74)
	at org.apache.catalina.connector.CoyoteAdapter.service(CoyoteAdapter.java:346)
	at org.apache.coyote.http11.Http11Processor.service(Http11Processor.java:397)
	at org.apache.coyote.AbstractProcessorLight.process(AbstractProcessorLight.java:63)
	at org.apache.coyote.AbstractProtocol$ConnectionHandler.process(AbstractProtocol.java:935)
	at org.apache.tomcat.util.net.NioEndpoint$SocketProcessor.doRun(NioEndpoint.java:1826)
	at org.apache.tomcat.util.net.SocketProcessorBase.run(SocketProcessorBase.java:52)
	at org.apache.tomcat.util.threads.ThreadPoolExecutor.runWorker(ThreadPoolExecutor.java:1189)
	at org.apache.tomcat.util.threads.ThreadPoolExecutor$Worker.run(ThreadPoolExecutor.java:658)
	at org.apache.tomcat.util.threads.TaskThread$WrappingRunnable.run(TaskThread.java:63)
	at java.base/java.lang.Thread.run(Thread.java:840)
05-Oct-2025 15:20:02.758 INFO [main] org.apache.catalina.core.StandardServer.await A valid shutdown command was received via the shutdown port. Stopping the Server instance.
05-Oct-2025 15:20:02.760 INFO [main] org.apache.coyote.AbstractProtocol.pause Pausing ProtocolHandler ["http-nio-8080"]
05-Oct-2025 15:20:02.762 INFO [main] org.apache.catalina.core.StandardService.stopInternal Stopping service [Catalina]
05-Oct-2025 15:20:02.777 INFO [main] org.apache.coyote.AbstractProtocol.stop Stopping ProtocolHandler ["http-nio-8080"]
05-Oct-2025 15:20:02.786 INFO [main] org.apache.coyote.AbstractProtocol.destroy Destroying ProtocolHandler ["http-nio-8080"]
NOTE: Picked up JDK_JAVA_OPTIONS:  --add-opens=java.base/java.lang=ALL-UNNAMED --add-opens=java.base/java.lang.invoke=ALL-UNNAMED --add-opens=java.base/java.lang.reflect=ALL-UNNAMED --add-opens=java.base/java.io=ALL-UNNAMED --add-opens=java.base/java.util=ALL-UNNAMED --add-opens=java.base/java.util.concurrent=ALL-UNNAMED --add-opens=java.rmi/sun.rmi.transport=ALL-UNNAMED
05-Oct-2025 15:21:11.537 INFO [main] org.apache.catalina.startup.VersionLoggerListener.log Server version name:   Apache Tomcat/9.0.108
05-Oct-2025 15:21:11.539 INFO [main] org.apache.catalina.startup.VersionLoggerListener.log Server built:          Jul 31 2025 18:19:48 UTC
05-Oct-2025 15:21:11.540 INFO [main] org.apache.catalina.startup.VersionLoggerListener.log Server version number: 9.0.108.0
05-Oct-2025 15:21:11.540 INFO [main] org.apache.catalina.startup.VersionLoggerListener.log OS Name:               Mac OS X
05-Oct-2025 15:21:11.540 INFO [main] org.apache.catalina.startup.VersionLoggerListener.log OS Version:            15.6.1
05-Oct-2025 15:21:11.540 INFO [main] org.apache.catalina.startup.VersionLoggerListener.log Architecture:          aarch64
05-Oct-2025 15:21:11.540 INFO [main] org.apache.catalina.startup.VersionLoggerListener.log Java Home:             /opt/homebrew/Cellar/openjdk@17/17.0.15/libexec/openjdk.jdk/Contents/Home
05-Oct-2025 15:21:11.540 INFO [main] org.apache.catalina.startup.VersionLoggerListener.log JVM Version:           17.0.15+0
05-Oct-2025 15:21:11.540 INFO [main] org.apache.catalina.startup.VersionLoggerListener.log JVM Vendor:            Homebrew
05-Oct-2025 15:21:11.540 INFO [main] org.apache.catalina.startup.VersionLoggerListener.log CATALINA_BASE:         /Users/nguyendinhtanloc/Documents/Semester_1_2025/Web/Week9/tomCat
05-Oct-2025 15:21:11.540 INFO [main] org.apache.catalina.startup.VersionLoggerListener.log CATALINA_HOME:         /Users/nguyendinhtanloc/Documents/Semester_1_2025/Web/Week9/tomCat
05-Oct-2025 15:21:11.544 INFO [main] org.apache.catalina.startup.VersionLoggerListener.log Command line argument: --add-opens=java.base/java.lang=ALL-UNNAMED
05-Oct-2025 15:21:11.544 INFO [main] org.apache.catalina.startup.VersionLoggerListener.log Command line argument: --add-opens=java.base/java.lang.invoke=ALL-UNNAMED
05-Oct-2025 15:21:11.544 INFO [main] org.apache.catalina.startup.VersionLoggerListener.log Command line argument: --add-opens=java.base/java.lang.reflect=ALL-UNNAMED
05-Oct-2025 15:21:11.545 INFO [main] org.apache.catalina.startup.VersionLoggerListener.log Command line argument: --add-opens=java.base/java.io=ALL-UNNAMED
05-Oct-2025 15:21:11.545 INFO [main] org.apache.catalina.startup.VersionLoggerListener.log Command line argument: --add-opens=java.base/java.util=ALL-UNNAMED
05-Oct-2025 15:21:11.545 INFO [main] org.apache.catalina.startup.VersionLoggerListener.log Command line argument: --add-opens=java.base/java.util.concurrent=ALL-UNNAMED
05-Oct-2025 15:21:11.545 INFO [main] org.apache.catalina.startup.VersionLoggerListener.log Command line argument: --add-opens=java.rmi/sun.rmi.transport=ALL-UNNAMED
05-Oct-2025 15:21:11.545 INFO [main] org.apache.catalina.startup.VersionLoggerListener.log Command line argument: -Djava.util.logging.config.file=/Users/nguyendinhtanloc/Documents/Semester_1_2025/Web/Week9/tomCat/conf/logging.properties
05-Oct-2025 15:21:11.545 INFO [main] org.apache.catalina.startup.VersionLoggerListener.log Command line argument: -Djava.util.logging.manager=org.apache.juli.ClassLoaderLogManager
05-Oct-2025 15:21:11.545 INFO [main] org.apache.catalina.startup.VersionLoggerListener.log Command line argument: -Djdk.tls.ephemeralDHKeySize=2048
05-Oct-2025 15:21:11.545 INFO [main] org.apache.catalina.startup.VersionLoggerListener.log Command line argument: -Djava.protocol.handler.pkgs=org.apache.catalina.webresources
05-Oct-2025 15:21:11.545 INFO [main] org.apache.catalina.startup.VersionLoggerListener.log Command line argument: -Dsun.io.useCanonCaches=false
05-Oct-2025 15:21:11.545 INFO [main] org.apache.catalina.startup.VersionLoggerListener.log Command line argument: -Dorg.apache.catalina.security.SecurityListener.UMASK=0027
05-Oct-2025 15:21:11.545 INFO [main] org.apache.catalina.startup.VersionLoggerListener.log Command line argument: -Dignore.endorsed.dirs=
05-Oct-2025 15:21:11.545 INFO [main] org.apache.catalina.startup.VersionLoggerListener.log Command line argument: -Dcatalina.base=/Users/nguyendinhtanloc/Documents/Semester_1_2025/Web/Week9/tomCat
05-Oct-2025 15:21:11.545 INFO [main] org.apache.catalina.startup.VersionLoggerListener.log Command line argument: -Dcatalina.home=/Users/nguyendinhtanloc/Documents/Semester_1_2025/Web/Week9/tomCat
05-Oct-2025 15:21:11.545 INFO [main] org.apache.catalina.startup.VersionLoggerListener.log Command line argument: -Djava.io.tmpdir=/Users/nguyendinhtanloc/Documents/Semester_1_2025/Web/Week9/tomCat/temp
05-Oct-2025 15:21:11.550 INFO [main] org.apache.catalina.core.AprLifecycleListener.lifecycleEvent The Apache Tomcat Native library which allows using OpenSSL was not found on the java.library.path: [/Users/nguyendinhtanloc/Library/Java/Extensions:/Library/Java/Extensions:/Network/Library/Java/Extensions:/System/Library/Java/Extensions:/usr/lib/java:.]
05-Oct-2025 15:21:11.681 INFO [main] org.apache.coyote.AbstractProtocol.init Initializing ProtocolHandler ["http-nio-8080"]
05-Oct-2025 15:21:11.693 INFO [main] org.apache.catalina.startup.Catalina.load Server initialization in [237] milliseconds
05-Oct-2025 15:21:11.722 INFO [main] org.apache.catalina.core.StandardService.startInternal Starting service [Catalina]
05-Oct-2025 15:21:11.722 INFO [main] org.apache.catalina.core.StandardEngine.startInternal Starting Servlet engine: [Apache Tomcat/9.0.108]
05-Oct-2025 15:21:11.750 INFO [main] org.apache.catalina.startup.HostConfig.deployWAR Deploying web application archive [/Users/nguyendinhtanloc/Documents/Semester_1_2025/Web/Week9/tomCat/webapps/Lesson.war]
05-Oct-2025 15:21:11.971 INFO [main] org.apache.catalina.startup.HostConfig.deployWAR Deployment of web application archive [/Users/nguyendinhtanloc/Documents/Semester_1_2025/Web/Week9/tomCat/webapps/Lesson.war] has finished in [221] ms
05-Oct-2025 15:21:11.971 INFO [main] org.apache.catalina.startup.HostConfig.deployDirectory Deploying web application directory [/Users/nguyendinhtanloc/Documents/Semester_1_2025/Web/Week9/tomCat/webapps/docs]
05-Oct-2025 15:21:11.987 INFO [main] org.apache.catalina.startup.HostConfig.deployDirectory Deployment of web application directory [/Users/nguyendinhtanloc/Documents/Semester_1_2025/Web/Week9/tomCat/webapps/docs] has finished in [16] ms
05-Oct-2025 15:21:11.987 INFO [main] org.apache.catalina.startup.HostConfig.deployDirectory Deploying web application directory [/Users/nguyendinhtanloc/Documents/Semester_1_2025/Web/Week9/tomCat/webapps/manager]
05-Oct-2025 15:21:12.000 INFO [main] org.apache.catalina.startup.HostConfig.deployDirectory Deployment of web application directory [/Users/nguyendinhtanloc/Documents/Semester_1_2025/Web/Week9/tomCat/webapps/manager] has finished in [12] ms
05-Oct-2025 15:21:12.000 INFO [main] org.apache.catalina.startup.HostConfig.deployDirectory Deploying web application directory [/Users/nguyendinhtanloc/Documents/Semester_1_2025/Web/Week9/tomCat/webapps/examples]
05-Oct-2025 15:21:12.076 INFO [main] org.apache.catalina.startup.HostConfig.deployDirectory Deployment of web application directory [/Users/nguyendinhtanloc/Documents/Semester_1_2025/Web/Week9/tomCat/webapps/examples] has finished in [76] ms
05-Oct-2025 15:21:12.076 INFO [main] org.apache.catalina.startup.HostConfig.deployDirectory Deploying web application directory [/Users/nguyendinhtanloc/Documents/Semester_1_2025/Web/Week9/tomCat/webapps/ROOT]
05-Oct-2025 15:21:12.083 INFO [main] org.apache.catalina.startup.HostConfig.deployDirectory Deployment of web application directory [/Users/nguyendinhtanloc/Documents/Semester_1_2025/Web/Week9/tomCat/webapps/ROOT] has finished in [7] ms
05-Oct-2025 15:21:12.083 INFO [main] org.apache.catalina.startup.HostConfig.deployDirectory Deploying web application directory [/Users/nguyendinhtanloc/Documents/Semester_1_2025/Web/Week9/tomCat/webapps/host-manager]
05-Oct-2025 15:21:12.091 INFO [main] org.apache.catalina.startup.HostConfig.deployDirectory Deployment of web application directory [/Users/nguyendinhtanloc/Documents/Semester_1_2025/Web/Week9/tomCat/webapps/host-manager] has finished in [8] ms
05-Oct-2025 15:21:12.092 INFO [main] org.apache.coyote.AbstractProtocol.start Starting ProtocolHandler ["http-nio-8080"]
05-Oct-2025 15:21:12.096 INFO [main] org.apache.catalina.startup.Catalina.start Server startup in [402] milliseconds
java.io.FileNotFoundException: /Users/nguyendinhtanloc/Documents/Semester_1_2025/Web/Week9/tomCat/webapps/Lesson/WEB-INF/EmailList.txt (No such file or directory)
	at java.base/java.io.FileInputStream.open0(Native Method)
	at java.base/java.io.FileInputStream.open(FileInputStream.java:216)
	at java.base/java.io.FileInputStream.<init>(FileInputStream.java:157)
	at java.base/java.io.FileReader.<init>(FileReader.java:75)
	at murach.data.UserIO.getUser(UserIO.java:30)
	at murach.download.DownloadServlet.checkUser(DownloadServlet.java:85)
	at murach.download.DownloadServlet.doGet(DownloadServlet.java:29)
	at javax.servlet.http.HttpServlet.service(HttpServlet.java:529)
	at javax.servlet.http.HttpServlet.service(HttpServlet.java:623)
	at org.apache.catalina.core.ApplicationFilterChain.internalDoFilter(ApplicationFilterChain.java:199)
	at org.apache.catalina.core.ApplicationFilterChain.doFilter(ApplicationFilterChain.java:144)
	at org.apache.tomcat.websocket.server.WsFilter.doFilter(WsFilter.java:51)
	at org.apache.catalina.core.ApplicationFilterChain.internalDoFilter(ApplicationFilterChain.java:168)
	at org.apache.catalina.core.ApplicationFilterChain.doFilter(ApplicationFilterChain.java:144)
	at org.apache.catalina.core.StandardWrapperValve.invoke(StandardWrapperValve.java:168)
	at org.apache.catalina.core.StandardContextValve.invoke(StandardContextValve.java:90)
	at org.apache.catalina.authenticator.AuthenticatorBase.invoke(AuthenticatorBase.java:482)
	at org.apache.catalina.core.StandardHostValve.invoke(StandardHostValve.java:130)
	at org.apache.catalina.valves.ErrorReportValve.invoke(ErrorReportValve.java:93)
	at org.apache.catalina.valves.AbstractAccessLogValve.invoke(AbstractAccessLogValve.java:656)
	at org.apache.catalina.core.StandardEngineValve.invoke(StandardEngineValve.java:74)
	at org.apache.catalina.connector.CoyoteAdapter.service(CoyoteAdapter.java:346)
	at org.apache.coyote.http11.Http11Processor.service(Http11Processor.java:397)
	at org.apache.coyote.AbstractProcessorLight.process(AbstractProcessorLight.java:63)
	at org.apache.coyote.AbstractProtocol$ConnectionHandler.process(AbstractProtocol.java:935)
	at org.apache.tomcat.util.net.NioEndpoint$SocketProcessor.doRun(NioEndpoint.java:1826)
	at org.apache.tomcat.util.net.SocketProcessorBase.run(SocketProcessorBase.java:52)
	at org.apache.tomcat.util.threads.ThreadPoolExecutor.runWorker(ThreadPoolExecutor.java:1189)
	at org.apache.tomcat.util.threads.ThreadPoolExecutor$Worker.run(ThreadPoolExecutor.java:658)
	at org.apache.tomcat.util.threads.TaskThread$WrappingRunnable.run(TaskThread.java:63)
	at java.base/java.lang.Thread.run(Thread.java:840)
java.io.FileNotFoundException: /Users/nguyendinhtanloc/Documents/Semester_1_2025/Web/Week9/tomCat/webapps/Lesson/WEB-INF/EmailList.txt (No such file or directory)
	at java.base/java.io.FileInputStream.open0(Native Method)
	at java.base/java.io.FileInputStream.open(FileInputStream.java:216)
	at java.base/java.io.FileInputStream.<init>(FileInputStream.java:157)
	at java.base/java.io.FileReader.<init>(FileReader.java:75)
	at murach.data.UserIO.getUser(UserIO.java:30)
	at murach.download.DownloadServlet.checkUser(DownloadServlet.java:85)
	at murach.download.DownloadServlet.doGet(DownloadServlet.java:29)
	at javax.servlet.http.HttpServlet.service(HttpServlet.java:529)
	at javax.servlet.http.HttpServlet.service(HttpServlet.java:623)
	at org.apache.catalina.core.ApplicationFilterChain.internalDoFilter(ApplicationFilterChain.java:199)
	at org.apache.catalina.core.ApplicationFilterChain.doFilter(ApplicationFilterChain.java:144)
	at org.apache.tomcat.websocket.server.WsFilter.doFilter(WsFilter.java:51)
	at org.apache.catalina.core.ApplicationFilterChain.internalDoFilter(ApplicationFilterChain.java:168)
	at org.apache.catalina.core.ApplicationFilterChain.doFilter(ApplicationFilterChain.java:144)
	at org.apache.catalina.core.StandardWrapperValve.invoke(StandardWrapperValve.java:168)
	at org.apache.catalina.core.StandardContextValve.invoke(StandardContextValve.java:90)
	at org.apache.catalina.authenticator.AuthenticatorBase.invoke(AuthenticatorBase.java:482)
	at org.apache.catalina.core.StandardHostValve.invoke(StandardHostValve.java:130)
	at org.apache.catalina.valves.ErrorReportValve.invoke(ErrorReportValve.java:93)
	at org.apache.catalina.valves.AbstractAccessLogValve.invoke(AbstractAccessLogValve.java:656)
	at org.apache.catalina.core.StandardEngineValve.invoke(StandardEngineValve.java:74)
	at org.apache.catalina.connector.CoyoteAdapter.service(CoyoteAdapter.java:346)
	at org.apache.coyote.http11.Http11Processor.service(Http11Processor.java:397)
	at org.apache.coyote.AbstractProcessorLight.process(AbstractProcessorLight.java:63)
	at org.apache.coyote.AbstractProtocol$ConnectionHandler.process(AbstractProtocol.java:935)
	at org.apache.tomcat.util.net.NioEndpoint$SocketProcessor.doRun(NioEndpoint.java:1826)
	at org.apache.tomcat.util.net.SocketProcessorBase.run(SocketProcessorBase.java:52)
	at org.apache.tomcat.util.threads.ThreadPoolExecutor.runWorker(ThreadPoolExecutor.java:1189)
	at org.apache.tomcat.util.threads.ThreadPoolExecutor$Worker.run(ThreadPoolExecutor.java:658)
	at org.apache.tomcat.util.threads.TaskThread$WrappingRunnable.run(TaskThread.java:63)
	at java.base/java.lang.Thread.run(Thread.java:840)
java.io.FileNotFoundException: /Users/nguyendinhtanloc/Documents/Semester_1_2025/Web/Week9/tomCat/webapps/Lesson/WEB-INF/EmailList.txt (No such file or directory)
	at java.base/java.io.FileInputStream.open0(Native Method)
	at java.base/java.io.FileInputStream.open(FileInputStream.java:216)
	at java.base/java.io.FileInputStream.<init>(FileInputStream.java:157)
	at java.base/java.io.FileReader.<init>(FileReader.java:75)
	at murach.data.UserIO.getUser(UserIO.java:30)
	at murach.download.DownloadServlet.checkUser(DownloadServlet.java:85)
	at murach.download.DownloadServlet.doGet(DownloadServlet.java:29)
	at javax.servlet.http.HttpServlet.service(HttpServlet.java:529)
	at javax.servlet.http.HttpServlet.service(HttpServlet.java:623)
	at org.apache.catalina.core.ApplicationFilterChain.internalDoFilter(ApplicationFilterChain.java:199)
	at org.apache.catalina.core.ApplicationFilterChain.doFilter(ApplicationFilterChain.java:144)
	at org.apache.tomcat.websocket.server.WsFilter.doFilter(WsFilter.java:51)
	at org.apache.catalina.core.ApplicationFilterChain.internalDoFilter(ApplicationFilterChain.java:168)
	at org.apache.catalina.core.ApplicationFilterChain.doFilter(ApplicationFilterChain.java:144)
	at org.apache.catalina.core.StandardWrapperValve.invoke(StandardWrapperValve.java:168)
	at org.apache.catalina.core.StandardContextValve.invoke(StandardContextValve.java:90)
	at org.apache.catalina.authenticator.AuthenticatorBase.invoke(AuthenticatorBase.java:482)
	at org.apache.catalina.core.StandardHostValve.invoke(StandardHostValve.java:130)
	at org.apache.catalina.valves.ErrorReportValve.invoke(ErrorReportValve.java:93)
	at org.apache.catalina.valves.AbstractAccessLogValve.invoke(AbstractAccessLogValve.java:656)
	at org.apache.catalina.core.StandardEngineValve.invoke(StandardEngineValve.java:74)
	at org.apache.catalina.connector.CoyoteAdapter.service(CoyoteAdapter.java:346)
	at org.apache.coyote.http11.Http11Processor.service(Http11Processor.java:397)
	at org.apache.coyote.AbstractProcessorLight.process(AbstractProcessorLight.java:63)
	at org.apache.coyote.AbstractProtocol$ConnectionHandler.process(AbstractProtocol.java:935)
	at org.apache.tomcat.util.net.NioEndpoint$SocketProcessor.doRun(NioEndpoint.java:1826)
	at org.apache.tomcat.util.net.SocketProcessorBase.run(SocketProcessorBase.java:52)
	at org.apache.tomcat.util.threads.ThreadPoolExecutor.runWorker(ThreadPoolExecutor.java:1189)
	at org.apache.tomcat.util.threads.ThreadPoolExecutor$Worker.run(ThreadPoolExecutor.java:658)
	at org.apache.tomcat.util.threads.TaskThread$WrappingRunnable.run(TaskThread.java:63)
	at java.base/java.lang.Thread.run(Thread.java:840)
java.io.FileNotFoundException: /Users/nguyendinhtanloc/Documents/Semester_1_2025/Web/Week9/tomCat/webapps/Lesson/WEB-INF/EmailList.txt (No such file or directory)
	at java.base/java.io.FileInputStream.open0(Native Method)
	at java.base/java.io.FileInputStream.open(FileInputStream.java:216)
	at java.base/java.io.FileInputStream.<init>(FileInputStream.java:157)
	at java.base/java.io.FileReader.<init>(FileReader.java:75)
	at murach.data.UserIO.getUser(UserIO.java:30)
	at murach.download.DownloadServlet.checkUser(DownloadServlet.java:85)
	at murach.download.DownloadServlet.doGet(DownloadServlet.java:29)
	at javax.servlet.http.HttpServlet.service(HttpServlet.java:529)
	at javax.servlet.http.HttpServlet.service(HttpServlet.java:623)
	at org.apache.catalina.core.ApplicationFilterChain.internalDoFilter(ApplicationFilterChain.java:199)
	at org.apache.catalina.core.ApplicationFilterChain.doFilter(ApplicationFilterChain.java:144)
	at org.apache.tomcat.websocket.server.WsFilter.doFilter(WsFilter.java:51)
	at org.apache.catalina.core.ApplicationFilterChain.internalDoFilter(ApplicationFilterChain.java:168)
	at org.apache.catalina.core.ApplicationFilterChain.doFilter(ApplicationFilterChain.java:144)
	at org.apache.catalina.core.StandardWrapperValve.invoke(StandardWrapperValve.java:168)
	at org.apache.catalina.core.StandardContextValve.invoke(StandardContextValve.java:90)
	at org.apache.catalina.authenticator.AuthenticatorBase.invoke(AuthenticatorBase.java:482)
	at org.apache.catalina.core.StandardHostValve.invoke(StandardHostValve.java:130)
	at org.apache.catalina.valves.ErrorReportValve.invoke(ErrorReportValve.java:93)
	at org.apache.catalina.valves.AbstractAccessLogValve.invoke(AbstractAccessLogValve.java:656)
	at org.apache.catalina.core.StandardEngineValve.invoke(StandardEngineValve.java:74)
	at org.apache.catalina.connector.CoyoteAdapter.service(CoyoteAdapter.java:346)
	at org.apache.coyote.http11.Http11Processor.service(Http11Processor.java:397)
	at org.apache.coyote.AbstractProcessorLight.process(AbstractProcessorLight.java:63)
	at org.apache.coyote.AbstractProtocol$ConnectionHandler.process(AbstractProtocol.java:935)
	at org.apache.tomcat.util.net.NioEndpoint$SocketProcessor.doRun(NioEndpoint.java:1826)
	at org.apache.tomcat.util.net.SocketProcessorBase.run(SocketProcessorBase.java:52)
	at org.apache.tomcat.util.threads.ThreadPoolExecutor.runWorker(ThreadPoolExecutor.java:1189)
	at org.apache.tomcat.util.threads.ThreadPoolExecutor$Worker.run(ThreadPoolExecutor.java:658)
	at org.apache.tomcat.util.threads.TaskThread$WrappingRunnable.run(TaskThread.java:63)
	at java.base/java.lang.Thread.run(Thread.java:840)
05-Oct-2025 15:21:51.240 INFO [main] org.apache.catalina.core.StandardServer.await A valid shutdown command was received via the shutdown port. Stopping the Server instance.
05-Oct-2025 15:21:51.241 INFO [main] org.apache.coyote.AbstractProtocol.pause Pausing ProtocolHandler ["http-nio-8080"]
05-Oct-2025 15:21:51.243 INFO [main] org.apache.catalina.core.StandardService.stopInternal Stopping service [Catalina]
05-Oct-2025 15:21:51.259 INFO [main] org.apache.coyote.AbstractProtocol.stop Stopping ProtocolHandler ["http-nio-8080"]
05-Oct-2025 15:21:51.267 INFO [main] org.apache.coyote.AbstractProtocol.destroy Destroying ProtocolHandler ["http-nio-8080"]
