NOTE: Picked up JDK_JAVA_OPTIONS:  --add-opens=java.base/java.lang=ALL-UNNAMED --add-opens=java.base/java.lang.invoke=ALL-UNNAMED --add-opens=java.base/java.lang.reflect=ALL-UNNAMED --add-opens=java.base/java.io=ALL-UNNAMED --add-opens=java.base/java.util=ALL-UNNAMED --add-opens=java.base/java.util.concurrent=ALL-UNNAMED --add-opens=java.rmi/sun.rmi.transport=ALL-UNNAMED
14-Sep-2025 07:00:24.099 INFO [main] org.apache.catalina.startup.VersionLoggerListener.log Server version name:   Apache Tomcat/9.0.108
14-Sep-2025 07:00:24.101 INFO [main] org.apache.catalina.startup.VersionLoggerListener.log Server built:          Jul 31 2025 18:19:48 UTC
14-Sep-2025 07:00:24.101 INFO [main] org.apache.catalina.startup.VersionLoggerListener.log Server version number: 9.0.108.0
14-Sep-2025 07:00:24.101 INFO [main] org.apache.catalina.startup.VersionLoggerListener.log OS Name:               Mac OS X
14-Sep-2025 07:00:24.101 INFO [main] org.apache.catalina.startup.VersionLoggerListener.log OS Version:            15.6.1
14-Sep-2025 07:00:24.101 INFO [main] org.apache.catalina.startup.VersionLoggerListener.log Architecture:          aarch64
14-Sep-2025 07:00:24.101 INFO [main] org.apache.catalina.startup.VersionLoggerListener.log Java Home:             /opt/homebrew/Cellar/openjdk@17/17.0.15/libexec/openjdk.jdk/Contents/Home
14-Sep-2025 07:00:24.101 INFO [main] org.apache.catalina.startup.VersionLoggerListener.log JVM Version:           17.0.15+0
14-Sep-2025 07:00:24.101 INFO [main] org.apache.catalina.startup.VersionLoggerListener.log JVM Vendor:            Homebrew
14-Sep-2025 07:00:24.101 INFO [main] org.apache.catalina.startup.VersionLoggerListener.log CATALINA_BASE:         /Users/nguyendinhtanloc/Documents/Semester_1_2025/Web/Week4/tomCat
14-Sep-2025 07:00:24.102 INFO [main] org.apache.catalina.startup.VersionLoggerListener.log CATALINA_HOME:         /Users/nguyendinhtanloc/Documents/Semester_1_2025/Web/Week4/tomCat
14-Sep-2025 07:00:24.109 INFO [main] org.apache.catalina.startup.VersionLoggerListener.log Command line argument: --add-opens=java.base/java.lang=ALL-UNNAMED
14-Sep-2025 07:00:24.109 INFO [main] org.apache.catalina.startup.VersionLoggerListener.log Command line argument: --add-opens=java.base/java.lang.invoke=ALL-UNNAMED
14-Sep-2025 07:00:24.109 INFO [main] org.apache.catalina.startup.VersionLoggerListener.log Command line argument: --add-opens=java.base/java.lang.reflect=ALL-UNNAMED
14-Sep-2025 07:00:24.109 INFO [main] org.apache.catalina.startup.VersionLoggerListener.log Command line argument: --add-opens=java.base/java.io=ALL-UNNAMED
14-Sep-2025 07:00:24.109 INFO [main] org.apache.catalina.startup.VersionLoggerListener.log Command line argument: --add-opens=java.base/java.util=ALL-UNNAMED
14-Sep-2025 07:00:24.109 INFO [main] org.apache.catalina.startup.VersionLoggerListener.log Command line argument: --add-opens=java.base/java.util.concurrent=ALL-UNNAMED
14-Sep-2025 07:00:24.109 INFO [main] org.apache.catalina.startup.VersionLoggerListener.log Command line argument: --add-opens=java.rmi/sun.rmi.transport=ALL-UNNAMED
14-Sep-2025 07:00:24.109 INFO [main] org.apache.catalina.startup.VersionLoggerListener.log Command line argument: -Djava.util.logging.config.file=/Users/nguyendinhtanloc/Documents/Semester_1_2025/Web/Week4/tomCat/conf/logging.properties
14-Sep-2025 07:00:24.109 INFO [main] org.apache.catalina.startup.VersionLoggerListener.log Command line argument: -Djava.util.logging.manager=org.apache.juli.ClassLoaderLogManager
14-Sep-2025 07:00:24.109 INFO [main] org.apache.catalina.startup.VersionLoggerListener.log Command line argument: -Djdk.tls.ephemeralDHKeySize=2048
14-Sep-2025 07:00:24.109 INFO [main] org.apache.catalina.startup.VersionLoggerListener.log Command line argument: -Djava.protocol.handler.pkgs=org.apache.catalina.webresources
14-Sep-2025 07:00:24.109 INFO [main] org.apache.catalina.startup.VersionLoggerListener.log Command line argument: -Dsun.io.useCanonCaches=false
14-Sep-2025 07:00:24.109 INFO [main] org.apache.catalina.startup.VersionLoggerListener.log Command line argument: -Dorg.apache.catalina.security.SecurityListener.UMASK=0027
14-Sep-2025 07:00:24.110 INFO [main] org.apache.catalina.startup.VersionLoggerListener.log Command line argument: -Dignore.endorsed.dirs=
14-Sep-2025 07:00:24.110 INFO [main] org.apache.catalina.startup.VersionLoggerListener.log Command line argument: -Dcatalina.base=/Users/nguyendinhtanloc/Documents/Semester_1_2025/Web/Week4/tomCat
14-Sep-2025 07:00:24.110 INFO [main] org.apache.catalina.startup.VersionLoggerListener.log Command line argument: -Dcatalina.home=/Users/nguyendinhtanloc/Documents/Semester_1_2025/Web/Week4/tomCat
14-Sep-2025 07:00:24.110 INFO [main] org.apache.catalina.startup.VersionLoggerListener.log Command line argument: -Djava.io.tmpdir=/Users/nguyendinhtanloc/Documents/Semester_1_2025/Web/Week4/tomCat/temp
14-Sep-2025 07:00:24.115 INFO [main] org.apache.catalina.core.AprLifecycleListener.lifecycleEvent The Apache Tomcat Native library which allows using OpenSSL was not found on the java.library.path: [/Users/nguyendinhtanloc/Library/Java/Extensions:/Library/Java/Extensions:/Network/Library/Java/Extensions:/System/Library/Java/Extensions:/usr/lib/java:.]
14-Sep-2025 07:00:24.248 INFO [main] org.apache.coyote.AbstractProtocol.init Initializing ProtocolHandler ["http-nio-8080"]
14-Sep-2025 07:00:24.261 INFO [main] org.apache.catalina.startup.Catalina.load Server initialization in [256] milliseconds
14-Sep-2025 07:00:24.278 INFO [main] org.apache.catalina.core.StandardService.startInternal Starting service [Catalina]
14-Sep-2025 07:00:24.278 INFO [main] org.apache.catalina.core.StandardEngine.startInternal Starting Servlet engine: [Apache Tomcat/9.0.108]
14-Sep-2025 07:00:24.283 INFO [main] org.apache.catalina.startup.HostConfig.deployWAR Deploying web application archive [/Users/nguyendinhtanloc/Documents/Semester_1_2025/Web/Week4/tomCat/webapps/Week4.war]
14-Sep-2025 07:00:24.455 INFO [main] org.apache.catalina.startup.HostConfig.deployWAR Deployment of web application archive [/Users/nguyendinhtanloc/Documents/Semester_1_2025/Web/Week4/tomCat/webapps/Week4.war] has finished in [171] ms
14-Sep-2025 07:00:24.455 INFO [main] org.apache.catalina.startup.HostConfig.deployDirectory Deploying web application directory [/Users/nguyendinhtanloc/Documents/Semester_1_2025/Web/Week4/tomCat/webapps/docs]
14-Sep-2025 07:00:24.465 INFO [main] org.apache.catalina.startup.HostConfig.deployDirectory Deployment of web application directory [/Users/nguyendinhtanloc/Documents/Semester_1_2025/Web/Week4/tomCat/webapps/docs] has finished in [10] ms
14-Sep-2025 07:00:24.465 INFO [main] org.apache.catalina.startup.HostConfig.deployDirectory Deploying web application directory [/Users/nguyendinhtanloc/Documents/Semester_1_2025/Web/Week4/tomCat/webapps/manager]
14-Sep-2025 07:00:24.482 INFO [main] org.apache.catalina.startup.HostConfig.deployDirectory Deployment of web application directory [/Users/nguyendinhtanloc/Documents/Semester_1_2025/Web/Week4/tomCat/webapps/manager] has finished in [17] ms
14-Sep-2025 07:00:24.482 INFO [main] org.apache.catalina.startup.HostConfig.deployDirectory Deploying web application directory [/Users/nguyendinhtanloc/Documents/Semester_1_2025/Web/Week4/tomCat/webapps/examples]
14-Sep-2025 07:00:24.565 INFO [main] org.apache.catalina.startup.HostConfig.deployDirectory Deployment of web application directory [/Users/nguyendinhtanloc/Documents/Semester_1_2025/Web/Week4/tomCat/webapps/examples] has finished in [83] ms
14-Sep-2025 07:00:24.566 INFO [main] org.apache.catalina.startup.HostConfig.deployDirectory Deploying web application directory [/Users/nguyendinhtanloc/Documents/Semester_1_2025/Web/Week4/tomCat/webapps/ROOT]
14-Sep-2025 07:00:24.573 INFO [main] org.apache.catalina.startup.HostConfig.deployDirectory Deployment of web application directory [/Users/nguyendinhtanloc/Documents/Semester_1_2025/Web/Week4/tomCat/webapps/ROOT] has finished in [6] ms
14-Sep-2025 07:00:24.573 INFO [main] org.apache.catalina.startup.HostConfig.deployDirectory Deploying web application directory [/Users/nguyendinhtanloc/Documents/Semester_1_2025/Web/Week4/tomCat/webapps/host-manager]
14-Sep-2025 07:00:24.580 INFO [main] org.apache.catalina.startup.HostConfig.deployDirectory Deployment of web application directory [/Users/nguyendinhtanloc/Documents/Semester_1_2025/Web/Week4/tomCat/webapps/host-manager] has finished in [7] ms
14-Sep-2025 07:00:24.581 INFO [main] org.apache.coyote.AbstractProtocol.start Starting ProtocolHandler ["http-nio-8080"]
14-Sep-2025 07:00:24.585 INFO [main] org.apache.catalina.startup.Catalina.start Server startup in [324] milliseconds
14-Sep-2025 07:00:26.147 INFO [main] org.apache.catalina.core.StandardServer.await A valid shutdown command was received via the shutdown port. Stopping the Server instance.
14-Sep-2025 07:00:26.148 INFO [main] org.apache.coyote.AbstractProtocol.pause Pausing ProtocolHandler ["http-nio-8080"]
14-Sep-2025 07:00:26.149 INFO [main] org.apache.catalina.core.StandardService.stopInternal Stopping service [Catalina]
14-Sep-2025 07:00:26.162 INFO [main] org.apache.coyote.AbstractProtocol.stop Stopping ProtocolHandler ["http-nio-8080"]
14-Sep-2025 07:00:26.175 INFO [main] org.apache.coyote.AbstractProtocol.destroy Destroying ProtocolHandler ["http-nio-8080"]
NOTE: Picked up JDK_JAVA_OPTIONS:  --add-opens=java.base/java.lang=ALL-UNNAMED --add-opens=java.base/java.lang.invoke=ALL-UNNAMED --add-opens=java.base/java.lang.reflect=ALL-UNNAMED --add-opens=java.base/java.io=ALL-UNNAMED --add-opens=java.base/java.util=ALL-UNNAMED --add-opens=java.base/java.util.concurrent=ALL-UNNAMED --add-opens=java.rmi/sun.rmi.transport=ALL-UNNAMED
14-Sep-2025 07:00:27.519 INFO [main] org.apache.catalina.startup.VersionLoggerListener.log Server version name:   Apache Tomcat/9.0.108
14-Sep-2025 07:00:27.521 INFO [main] org.apache.catalina.startup.VersionLoggerListener.log Server built:          Jul 31 2025 18:19:48 UTC
14-Sep-2025 07:00:27.521 INFO [main] org.apache.catalina.startup.VersionLoggerListener.log Server version number: 9.0.108.0
14-Sep-2025 07:00:27.521 INFO [main] org.apache.catalina.startup.VersionLoggerListener.log OS Name:               Mac OS X
14-Sep-2025 07:00:27.521 INFO [main] org.apache.catalina.startup.VersionLoggerListener.log OS Version:            15.6.1
14-Sep-2025 07:00:27.521 INFO [main] org.apache.catalina.startup.VersionLoggerListener.log Architecture:          aarch64
14-Sep-2025 07:00:27.521 INFO [main] org.apache.catalina.startup.VersionLoggerListener.log Java Home:             /opt/homebrew/Cellar/openjdk@17/17.0.15/libexec/openjdk.jdk/Contents/Home
14-Sep-2025 07:00:27.521 INFO [main] org.apache.catalina.startup.VersionLoggerListener.log JVM Version:           17.0.15+0
14-Sep-2025 07:00:27.521 INFO [main] org.apache.catalina.startup.VersionLoggerListener.log JVM Vendor:            Homebrew
14-Sep-2025 07:00:27.521 INFO [main] org.apache.catalina.startup.VersionLoggerListener.log CATALINA_BASE:         /Users/nguyendinhtanloc/Documents/Semester_1_2025/Web/Week4/tomCat
14-Sep-2025 07:00:27.521 INFO [main] org.apache.catalina.startup.VersionLoggerListener.log CATALINA_HOME:         /Users/nguyendinhtanloc/Documents/Semester_1_2025/Web/Week4/tomCat
14-Sep-2025 07:00:27.525 INFO [main] org.apache.catalina.startup.VersionLoggerListener.log Command line argument: --add-opens=java.base/java.lang=ALL-UNNAMED
14-Sep-2025 07:00:27.525 INFO [main] org.apache.catalina.startup.VersionLoggerListener.log Command line argument: --add-opens=java.base/java.lang.invoke=ALL-UNNAMED
14-Sep-2025 07:00:27.525 INFO [main] org.apache.catalina.startup.VersionLoggerListener.log Command line argument: --add-opens=java.base/java.lang.reflect=ALL-UNNAMED
14-Sep-2025 07:00:27.525 INFO [main] org.apache.catalina.startup.VersionLoggerListener.log Command line argument: --add-opens=java.base/java.io=ALL-UNNAMED
14-Sep-2025 07:00:27.525 INFO [main] org.apache.catalina.startup.VersionLoggerListener.log Command line argument: --add-opens=java.base/java.util=ALL-UNNAMED
14-Sep-2025 07:00:27.525 INFO [main] org.apache.catalina.startup.VersionLoggerListener.log Command line argument: --add-opens=java.base/java.util.concurrent=ALL-UNNAMED
14-Sep-2025 07:00:27.525 INFO [main] org.apache.catalina.startup.VersionLoggerListener.log Command line argument: --add-opens=java.rmi/sun.rmi.transport=ALL-UNNAMED
14-Sep-2025 07:00:27.525 INFO [main] org.apache.catalina.startup.VersionLoggerListener.log Command line argument: -Djava.util.logging.config.file=/Users/nguyendinhtanloc/Documents/Semester_1_2025/Web/Week4/tomCat/conf/logging.properties
14-Sep-2025 07:00:27.525 INFO [main] org.apache.catalina.startup.VersionLoggerListener.log Command line argument: -Djava.util.logging.manager=org.apache.juli.ClassLoaderLogManager
14-Sep-2025 07:00:27.525 INFO [main] org.apache.catalina.startup.VersionLoggerListener.log Command line argument: -Djdk.tls.ephemeralDHKeySize=2048
14-Sep-2025 07:00:27.526 INFO [main] org.apache.catalina.startup.VersionLoggerListener.log Command line argument: -Djava.protocol.handler.pkgs=org.apache.catalina.webresources
14-Sep-2025 07:00:27.526 INFO [main] org.apache.catalina.startup.VersionLoggerListener.log Command line argument: -Dsun.io.useCanonCaches=false
14-Sep-2025 07:00:27.526 INFO [main] org.apache.catalina.startup.VersionLoggerListener.log Command line argument: -Dorg.apache.catalina.security.SecurityListener.UMASK=0027
14-Sep-2025 07:00:27.526 INFO [main] org.apache.catalina.startup.VersionLoggerListener.log Command line argument: -Dignore.endorsed.dirs=
14-Sep-2025 07:00:27.526 INFO [main] org.apache.catalina.startup.VersionLoggerListener.log Command line argument: -Dcatalina.base=/Users/nguyendinhtanloc/Documents/Semester_1_2025/Web/Week4/tomCat
14-Sep-2025 07:00:27.526 INFO [main] org.apache.catalina.startup.VersionLoggerListener.log Command line argument: -Dcatalina.home=/Users/nguyendinhtanloc/Documents/Semester_1_2025/Web/Week4/tomCat
14-Sep-2025 07:00:27.526 INFO [main] org.apache.catalina.startup.VersionLoggerListener.log Command line argument: -Djava.io.tmpdir=/Users/nguyendinhtanloc/Documents/Semester_1_2025/Web/Week4/tomCat/temp
14-Sep-2025 07:00:27.531 INFO [main] org.apache.catalina.core.AprLifecycleListener.lifecycleEvent The Apache Tomcat Native library which allows using OpenSSL was not found on the java.library.path: [/Users/nguyendinhtanloc/Library/Java/Extensions:/Library/Java/Extensions:/Network/Library/Java/Extensions:/System/Library/Java/Extensions:/usr/lib/java:.]
14-Sep-2025 07:00:27.656 INFO [main] org.apache.coyote.AbstractProtocol.init Initializing ProtocolHandler ["http-nio-8080"]
14-Sep-2025 07:00:27.667 INFO [main] org.apache.catalina.startup.Catalina.load Server initialization in [223] milliseconds
14-Sep-2025 07:00:27.680 INFO [main] org.apache.catalina.core.StandardService.startInternal Starting service [Catalina]
14-Sep-2025 07:00:27.680 INFO [main] org.apache.catalina.core.StandardEngine.startInternal Starting Servlet engine: [Apache Tomcat/9.0.108]
14-Sep-2025 07:00:27.685 INFO [main] org.apache.catalina.startup.HostConfig.deployWAR Deploying web application archive [/Users/nguyendinhtanloc/Documents/Semester_1_2025/Web/Week4/tomCat/webapps/Week4.war]
14-Sep-2025 07:00:27.839 INFO [main] org.apache.catalina.startup.HostConfig.deployWAR Deployment of web application archive [/Users/nguyendinhtanloc/Documents/Semester_1_2025/Web/Week4/tomCat/webapps/Week4.war] has finished in [155] ms
14-Sep-2025 07:00:27.840 INFO [main] org.apache.catalina.startup.HostConfig.deployDirectory Deploying web application directory [/Users/nguyendinhtanloc/Documents/Semester_1_2025/Web/Week4/tomCat/webapps/docs]
14-Sep-2025 07:00:27.850 INFO [main] org.apache.catalina.startup.HostConfig.deployDirectory Deployment of web application directory [/Users/nguyendinhtanloc/Documents/Semester_1_2025/Web/Week4/tomCat/webapps/docs] has finished in [10] ms
14-Sep-2025 07:00:27.851 INFO [main] org.apache.catalina.startup.HostConfig.deployDirectory Deploying web application directory [/Users/nguyendinhtanloc/Documents/Semester_1_2025/Web/Week4/tomCat/webapps/manager]
14-Sep-2025 07:00:27.868 INFO [main] org.apache.catalina.startup.HostConfig.deployDirectory Deployment of web application directory [/Users/nguyendinhtanloc/Documents/Semester_1_2025/Web/Week4/tomCat/webapps/manager] has finished in [17] ms
14-Sep-2025 07:00:27.868 INFO [main] org.apache.catalina.startup.HostConfig.deployDirectory Deploying web application directory [/Users/nguyendinhtanloc/Documents/Semester_1_2025/Web/Week4/tomCat/webapps/examples]
14-Sep-2025 07:00:27.934 INFO [main] org.apache.catalina.startup.HostConfig.deployDirectory Deployment of web application directory [/Users/nguyendinhtanloc/Documents/Semester_1_2025/Web/Week4/tomCat/webapps/examples] has finished in [66] ms
14-Sep-2025 07:00:27.934 INFO [main] org.apache.catalina.startup.HostConfig.deployDirectory Deploying web application directory [/Users/nguyendinhtanloc/Documents/Semester_1_2025/Web/Week4/tomCat/webapps/ROOT]
14-Sep-2025 07:00:27.940 INFO [main] org.apache.catalina.startup.HostConfig.deployDirectory Deployment of web application directory [/Users/nguyendinhtanloc/Documents/Semester_1_2025/Web/Week4/tomCat/webapps/ROOT] has finished in [6] ms
14-Sep-2025 07:00:27.941 INFO [main] org.apache.catalina.startup.HostConfig.deployDirectory Deploying web application directory [/Users/nguyendinhtanloc/Documents/Semester_1_2025/Web/Week4/tomCat/webapps/host-manager]
14-Sep-2025 07:00:27.947 INFO [main] org.apache.catalina.startup.HostConfig.deployDirectory Deployment of web application directory [/Users/nguyendinhtanloc/Documents/Semester_1_2025/Web/Week4/tomCat/webapps/host-manager] has finished in [6] ms
14-Sep-2025 07:00:27.949 INFO [main] org.apache.coyote.AbstractProtocol.start Starting ProtocolHandler ["http-nio-8080"]
14-Sep-2025 07:00:27.952 INFO [main] org.apache.catalina.startup.Catalina.start Server startup in [284] milliseconds
14-Sep-2025 07:00:52.157 INFO [main] org.apache.catalina.core.StandardServer.await A valid shutdown command was received via the shutdown port. Stopping the Server instance.
14-Sep-2025 07:00:52.157 INFO [main] org.apache.coyote.AbstractProtocol.pause Pausing ProtocolHandler ["http-nio-8080"]
14-Sep-2025 07:00:52.159 INFO [main] org.apache.catalina.core.StandardService.stopInternal Stopping service [Catalina]
14-Sep-2025 07:00:52.169 INFO [main] org.apache.coyote.AbstractProtocol.stop Stopping ProtocolHandler ["http-nio-8080"]
14-Sep-2025 07:00:52.171 INFO [main] org.apache.coyote.AbstractProtocol.destroy Destroying ProtocolHandler ["http-nio-8080"]
NOTE: Picked up JDK_JAVA_OPTIONS:  --add-opens=java.base/java.lang=ALL-UNNAMED --add-opens=java.base/java.lang.invoke=ALL-UNNAMED --add-opens=java.base/java.lang.reflect=ALL-UNNAMED --add-opens=java.base/java.io=ALL-UNNAMED --add-opens=java.base/java.util=ALL-UNNAMED --add-opens=java.base/java.util.concurrent=ALL-UNNAMED --add-opens=java.rmi/sun.rmi.transport=ALL-UNNAMED
14-Sep-2025 07:00:55.956 INFO [main] org.apache.catalina.startup.VersionLoggerListener.log Server version name:   Apache Tomcat/9.0.108
14-Sep-2025 07:00:55.958 INFO [main] org.apache.catalina.startup.VersionLoggerListener.log Server built:          Jul 31 2025 18:19:48 UTC
14-Sep-2025 07:00:55.958 INFO [main] org.apache.catalina.startup.VersionLoggerListener.log Server version number: 9.0.108.0
14-Sep-2025 07:00:55.958 INFO [main] org.apache.catalina.startup.VersionLoggerListener.log OS Name:               Mac OS X
14-Sep-2025 07:00:55.958 INFO [main] org.apache.catalina.startup.VersionLoggerListener.log OS Version:            15.6.1
14-Sep-2025 07:00:55.958 INFO [main] org.apache.catalina.startup.VersionLoggerListener.log Architecture:          aarch64
14-Sep-2025 07:00:55.958 INFO [main] org.apache.catalina.startup.VersionLoggerListener.log Java Home:             /opt/homebrew/Cellar/openjdk@17/17.0.15/libexec/openjdk.jdk/Contents/Home
14-Sep-2025 07:00:55.958 INFO [main] org.apache.catalina.startup.VersionLoggerListener.log JVM Version:           17.0.15+0
14-Sep-2025 07:00:55.958 INFO [main] org.apache.catalina.startup.VersionLoggerListener.log JVM Vendor:            Homebrew
14-Sep-2025 07:00:55.958 INFO [main] org.apache.catalina.startup.VersionLoggerListener.log CATALINA_BASE:         /Users/nguyendinhtanloc/Documents/Semester_1_2025/Web/Week4/tomCat
14-Sep-2025 07:00:55.958 INFO [main] org.apache.catalina.startup.VersionLoggerListener.log CATALINA_HOME:         /Users/nguyendinhtanloc/Documents/Semester_1_2025/Web/Week4/tomCat
14-Sep-2025 07:00:55.963 INFO [main] org.apache.catalina.startup.VersionLoggerListener.log Command line argument: --add-opens=java.base/java.lang=ALL-UNNAMED
14-Sep-2025 07:00:55.963 INFO [main] org.apache.catalina.startup.VersionLoggerListener.log Command line argument: --add-opens=java.base/java.lang.invoke=ALL-UNNAMED
14-Sep-2025 07:00:55.963 INFO [main] org.apache.catalina.startup.VersionLoggerListener.log Command line argument: --add-opens=java.base/java.lang.reflect=ALL-UNNAMED
14-Sep-2025 07:00:55.963 INFO [main] org.apache.catalina.startup.VersionLoggerListener.log Command line argument: --add-opens=java.base/java.io=ALL-UNNAMED
14-Sep-2025 07:00:55.963 INFO [main] org.apache.catalina.startup.VersionLoggerListener.log Command line argument: --add-opens=java.base/java.util=ALL-UNNAMED
14-Sep-2025 07:00:55.963 INFO [main] org.apache.catalina.startup.VersionLoggerListener.log Command line argument: --add-opens=java.base/java.util.concurrent=ALL-UNNAMED
14-Sep-2025 07:00:55.964 INFO [main] org.apache.catalina.startup.VersionLoggerListener.log Command line argument: --add-opens=java.rmi/sun.rmi.transport=ALL-UNNAMED
14-Sep-2025 07:00:55.964 INFO [main] org.apache.catalina.startup.VersionLoggerListener.log Command line argument: -Djava.util.logging.config.file=/Users/nguyendinhtanloc/Documents/Semester_1_2025/Web/Week4/tomCat/conf/logging.properties
14-Sep-2025 07:00:55.964 INFO [main] org.apache.catalina.startup.VersionLoggerListener.log Command line argument: -Djava.util.logging.manager=org.apache.juli.ClassLoaderLogManager
14-Sep-2025 07:00:55.964 INFO [main] org.apache.catalina.startup.VersionLoggerListener.log Command line argument: -Djdk.tls.ephemeralDHKeySize=2048
14-Sep-2025 07:00:55.964 INFO [main] org.apache.catalina.startup.VersionLoggerListener.log Command line argument: -Djava.protocol.handler.pkgs=org.apache.catalina.webresources
14-Sep-2025 07:00:55.964 INFO [main] org.apache.catalina.startup.VersionLoggerListener.log Command line argument: -Dsun.io.useCanonCaches=false
14-Sep-2025 07:00:55.964 INFO [main] org.apache.catalina.startup.VersionLoggerListener.log Command line argument: -Dorg.apache.catalina.security.SecurityListener.UMASK=0027
14-Sep-2025 07:00:55.964 INFO [main] org.apache.catalina.startup.VersionLoggerListener.log Command line argument: -Dignore.endorsed.dirs=
14-Sep-2025 07:00:55.964 INFO [main] org.apache.catalina.startup.VersionLoggerListener.log Command line argument: -Dcatalina.base=/Users/nguyendinhtanloc/Documents/Semester_1_2025/Web/Week4/tomCat
14-Sep-2025 07:00:55.964 INFO [main] org.apache.catalina.startup.VersionLoggerListener.log Command line argument: -Dcatalina.home=/Users/nguyendinhtanloc/Documents/Semester_1_2025/Web/Week4/tomCat
14-Sep-2025 07:00:55.964 INFO [main] org.apache.catalina.startup.VersionLoggerListener.log Command line argument: -Djava.io.tmpdir=/Users/nguyendinhtanloc/Documents/Semester_1_2025/Web/Week4/tomCat/temp
14-Sep-2025 07:00:55.969 INFO [main] org.apache.catalina.core.AprLifecycleListener.lifecycleEvent The Apache Tomcat Native library which allows using OpenSSL was not found on the java.library.path: [/Users/nguyendinhtanloc/Library/Java/Extensions:/Library/Java/Extensions:/Network/Library/Java/Extensions:/System/Library/Java/Extensions:/usr/lib/java:.]
14-Sep-2025 07:00:56.096 INFO [main] org.apache.coyote.AbstractProtocol.init Initializing ProtocolHandler ["http-nio-8080"]
14-Sep-2025 07:00:56.108 INFO [main] org.apache.catalina.startup.Catalina.load Server initialization in [230] milliseconds
14-Sep-2025 07:00:56.123 INFO [main] org.apache.catalina.core.StandardService.startInternal Starting service [Catalina]
14-Sep-2025 07:00:56.123 INFO [main] org.apache.catalina.core.StandardEngine.startInternal Starting Servlet engine: [Apache Tomcat/9.0.108]
14-Sep-2025 07:00:56.128 INFO [main] org.apache.catalina.startup.HostConfig.deployWAR Deploying web application archive [/Users/nguyendinhtanloc/Documents/Semester_1_2025/Web/Week4/tomCat/webapps/Week4.war]
14-Sep-2025 07:00:56.307 INFO [main] org.apache.catalina.startup.HostConfig.deployWAR Deployment of web application archive [/Users/nguyendinhtanloc/Documents/Semester_1_2025/Web/Week4/tomCat/webapps/Week4.war] has finished in [179] ms
14-Sep-2025 07:00:56.308 INFO [main] org.apache.catalina.startup.HostConfig.deployDirectory Deploying web application directory [/Users/nguyendinhtanloc/Documents/Semester_1_2025/Web/Week4/tomCat/webapps/docs]
14-Sep-2025 07:00:56.319 INFO [main] org.apache.catalina.startup.HostConfig.deployDirectory Deployment of web application directory [/Users/nguyendinhtanloc/Documents/Semester_1_2025/Web/Week4/tomCat/webapps/docs] has finished in [11] ms
14-Sep-2025 07:00:56.319 INFO [main] org.apache.catalina.startup.HostConfig.deployDirectory Deploying web application directory [/Users/nguyendinhtanloc/Documents/Semester_1_2025/Web/Week4/tomCat/webapps/manager]
14-Sep-2025 07:00:56.335 INFO [main] org.apache.catalina.startup.HostConfig.deployDirectory Deployment of web application directory [/Users/nguyendinhtanloc/Documents/Semester_1_2025/Web/Week4/tomCat/webapps/manager] has finished in [16] ms
14-Sep-2025 07:00:56.335 INFO [main] org.apache.catalina.startup.HostConfig.deployDirectory Deploying web application directory [/Users/nguyendinhtanloc/Documents/Semester_1_2025/Web/Week4/tomCat/webapps/examples]
14-Sep-2025 07:00:56.420 INFO [main] org.apache.catalina.startup.HostConfig.deployDirectory Deployment of web application directory [/Users/nguyendinhtanloc/Documents/Semester_1_2025/Web/Week4/tomCat/webapps/examples] has finished in [85] ms
14-Sep-2025 07:00:56.420 INFO [main] org.apache.catalina.startup.HostConfig.deployDirectory Deploying web application directory [/Users/nguyendinhtanloc/Documents/Semester_1_2025/Web/Week4/tomCat/webapps/ROOT]
14-Sep-2025 07:00:56.426 INFO [main] org.apache.catalina.startup.HostConfig.deployDirectory Deployment of web application directory [/Users/nguyendinhtanloc/Documents/Semester_1_2025/Web/Week4/tomCat/webapps/ROOT] has finished in [6] ms
14-Sep-2025 07:00:56.426 INFO [main] org.apache.catalina.startup.HostConfig.deployDirectory Deploying web application directory [/Users/nguyendinhtanloc/Documents/Semester_1_2025/Web/Week4/tomCat/webapps/host-manager]
14-Sep-2025 07:00:56.434 INFO [main] org.apache.catalina.startup.HostConfig.deployDirectory Deployment of web application directory [/Users/nguyendinhtanloc/Documents/Semester_1_2025/Web/Week4/tomCat/webapps/host-manager] has finished in [8] ms
14-Sep-2025 07:00:56.435 INFO [main] org.apache.coyote.AbstractProtocol.start Starting ProtocolHandler ["http-nio-8080"]
14-Sep-2025 07:00:56.439 INFO [main] org.apache.catalina.startup.Catalina.start Server startup in [330] milliseconds
14-Sep-2025 07:02:26.518 INFO [Catalina-utility-1] org.apache.catalina.startup.HostConfig.undeploy Undeploying context [/Week4]
14-Sep-2025 07:02:26.550 INFO [Catalina-utility-1] org.apache.catalina.startup.HostConfig.deployWAR Deploying web application archive [/Users/nguyendinhtanloc/Documents/Semester_1_2025/Web/Week4/tomCat/webapps/Week4.war]
14-Sep-2025 07:02:26.614 INFO [Catalina-utility-1] org.apache.catalina.startup.HostConfig.deployWAR Deployment of web application archive [/Users/nguyendinhtanloc/Documents/Semester_1_2025/Web/Week4/tomCat/webapps/Week4.war] has finished in [65] ms
NOTE: Picked up JDK_JAVA_OPTIONS:  --add-opens=java.base/java.lang=ALL-UNNAMED --add-opens=java.base/java.lang.invoke=ALL-UNNAMED --add-opens=java.base/java.lang.reflect=ALL-UNNAMED --add-opens=java.base/java.io=ALL-UNNAMED --add-opens=java.base/java.util=ALL-UNNAMED --add-opens=java.base/java.util.concurrent=ALL-UNNAMED --add-opens=java.rmi/sun.rmi.transport=ALL-UNNAMED
14-Sep-2025 07:02:33.376 INFO [main] org.apache.catalina.startup.VersionLoggerListener.log Server version name:   Apache Tomcat/9.0.108
14-Sep-2025 07:02:33.378 INFO [main] org.apache.catalina.startup.VersionLoggerListener.log Server built:          Jul 31 2025 18:19:48 UTC
14-Sep-2025 07:02:33.378 INFO [main] org.apache.catalina.startup.VersionLoggerListener.log Server version number: 9.0.108.0
14-Sep-2025 07:02:33.378 INFO [main] org.apache.catalina.startup.VersionLoggerListener.log OS Name:               Mac OS X
14-Sep-2025 07:02:33.378 INFO [main] org.apache.catalina.startup.VersionLoggerListener.log OS Version:            15.6.1
14-Sep-2025 07:02:33.378 INFO [main] org.apache.catalina.startup.VersionLoggerListener.log Architecture:          aarch64
14-Sep-2025 07:02:33.378 INFO [main] org.apache.catalina.startup.VersionLoggerListener.log Java Home:             /opt/homebrew/Cellar/openjdk@17/17.0.15/libexec/openjdk.jdk/Contents/Home
14-Sep-2025 07:02:33.378 INFO [main] org.apache.catalina.startup.VersionLoggerListener.log JVM Version:           17.0.15+0
14-Sep-2025 07:02:33.378 INFO [main] org.apache.catalina.startup.VersionLoggerListener.log JVM Vendor:            Homebrew
14-Sep-2025 07:02:33.378 INFO [main] org.apache.catalina.startup.VersionLoggerListener.log CATALINA_BASE:         /Users/nguyendinhtanloc/Documents/Semester_1_2025/Web/Week4/tomCat
14-Sep-2025 07:02:33.378 INFO [main] org.apache.catalina.startup.VersionLoggerListener.log CATALINA_HOME:         /Users/nguyendinhtanloc/Documents/Semester_1_2025/Web/Week4/tomCat
14-Sep-2025 07:02:33.383 INFO [main] org.apache.catalina.startup.VersionLoggerListener.log Command line argument: --add-opens=java.base/java.lang=ALL-UNNAMED
14-Sep-2025 07:02:33.383 INFO [main] org.apache.catalina.startup.VersionLoggerListener.log Command line argument: --add-opens=java.base/java.lang.invoke=ALL-UNNAMED
14-Sep-2025 07:02:33.383 INFO [main] org.apache.catalina.startup.VersionLoggerListener.log Command line argument: --add-opens=java.base/java.lang.reflect=ALL-UNNAMED
14-Sep-2025 07:02:33.383 INFO [main] org.apache.catalina.startup.VersionLoggerListener.log Command line argument: --add-opens=java.base/java.io=ALL-UNNAMED
14-Sep-2025 07:02:33.383 INFO [main] org.apache.catalina.startup.VersionLoggerListener.log Command line argument: --add-opens=java.base/java.util=ALL-UNNAMED
14-Sep-2025 07:02:33.383 INFO [main] org.apache.catalina.startup.VersionLoggerListener.log Command line argument: --add-opens=java.base/java.util.concurrent=ALL-UNNAMED
14-Sep-2025 07:02:33.383 INFO [main] org.apache.catalina.startup.VersionLoggerListener.log Command line argument: --add-opens=java.rmi/sun.rmi.transport=ALL-UNNAMED
14-Sep-2025 07:02:33.383 INFO [main] org.apache.catalina.startup.VersionLoggerListener.log Command line argument: -Djava.util.logging.config.file=/Users/nguyendinhtanloc/Documents/Semester_1_2025/Web/Week4/tomCat/conf/logging.properties
14-Sep-2025 07:02:33.384 INFO [main] org.apache.catalina.startup.VersionLoggerListener.log Command line argument: -Djava.util.logging.manager=org.apache.juli.ClassLoaderLogManager
14-Sep-2025 07:02:33.384 INFO [main] org.apache.catalina.startup.VersionLoggerListener.log Command line argument: -Djdk.tls.ephemeralDHKeySize=2048
14-Sep-2025 07:02:33.384 INFO [main] org.apache.catalina.startup.VersionLoggerListener.log Command line argument: -Djava.protocol.handler.pkgs=org.apache.catalina.webresources
14-Sep-2025 07:02:33.384 INFO [main] org.apache.catalina.startup.VersionLoggerListener.log Command line argument: -Dsun.io.useCanonCaches=false
14-Sep-2025 07:02:33.384 INFO [main] org.apache.catalina.startup.VersionLoggerListener.log Command line argument: -Dorg.apache.catalina.security.SecurityListener.UMASK=0027
14-Sep-2025 07:02:33.384 INFO [main] org.apache.catalina.startup.VersionLoggerListener.log Command line argument: -Dignore.endorsed.dirs=
14-Sep-2025 07:02:33.384 INFO [main] org.apache.catalina.startup.VersionLoggerListener.log Command line argument: -Dcatalina.base=/Users/nguyendinhtanloc/Documents/Semester_1_2025/Web/Week4/tomCat
14-Sep-2025 07:02:33.384 INFO [main] org.apache.catalina.startup.VersionLoggerListener.log Command line argument: -Dcatalina.home=/Users/nguyendinhtanloc/Documents/Semester_1_2025/Web/Week4/tomCat
14-Sep-2025 07:02:33.384 INFO [main] org.apache.catalina.startup.VersionLoggerListener.log Command line argument: -Djava.io.tmpdir=/Users/nguyendinhtanloc/Documents/Semester_1_2025/Web/Week4/tomCat/temp
14-Sep-2025 07:02:33.389 INFO [main] org.apache.catalina.core.AprLifecycleListener.lifecycleEvent The Apache Tomcat Native library which allows using OpenSSL was not found on the java.library.path: [/Users/nguyendinhtanloc/Library/Java/Extensions:/Library/Java/Extensions:/Network/Library/Java/Extensions:/System/Library/Java/Extensions:/usr/lib/java:.]
14-Sep-2025 07:02:33.512 INFO [main] org.apache.coyote.AbstractProtocol.init Initializing ProtocolHandler ["http-nio-8080"]
14-Sep-2025 07:02:33.522 SEVERE [main] org.apache.catalina.util.LifecycleBase.handleSubClassException Failed to initialize component [Connector["http-nio-8080"]]
	org.apache.catalina.LifecycleException: Protocol handler initialization failed
		at org.apache.catalina.connector.Connector.initInternal(Connector.java:1072)
		at org.apache.catalina.util.LifecycleBase.init(LifecycleBase.java:122)
		at org.apache.catalina.core.StandardService.initInternal(StandardService.java:522)
		at org.apache.catalina.util.LifecycleBase.init(LifecycleBase.java:122)
		at org.apache.catalina.core.StandardServer.initInternal(StandardServer.java:986)
		at org.apache.catalina.util.LifecycleBase.init(LifecycleBase.java:122)
		at org.apache.catalina.startup.Catalina.load(Catalina.java:690)
		at org.apache.catalina.startup.Catalina.load(Catalina.java:713)
		at java.base/jdk.internal.reflect.NativeMethodAccessorImpl.invoke0(Native Method)
		at java.base/jdk.internal.reflect.NativeMethodAccessorImpl.invoke(NativeMethodAccessorImpl.java:77)
		at java.base/jdk.internal.reflect.DelegatingMethodAccessorImpl.invoke(DelegatingMethodAccessorImpl.java:43)
		at java.base/java.lang.reflect.Method.invoke(Method.java:569)
		at org.apache.catalina.startup.Bootstrap.load(Bootstrap.java:302)
		at org.apache.catalina.startup.Bootstrap.main(Bootstrap.java:475)
	Caused by: java.net.BindException: Address already in use
		at java.base/sun.nio.ch.Net.bind0(Native Method)
		at java.base/sun.nio.ch.Net.bind(Net.java:555)
		at java.base/sun.nio.ch.ServerSocketChannelImpl.netBind(ServerSocketChannelImpl.java:337)
		at java.base/sun.nio.ch.ServerSocketChannelImpl.bind(ServerSocketChannelImpl.java:294)
		at org.apache.tomcat.util.net.NioEndpoint.initServerSocket(NioEndpoint.java:298)
		at org.apache.tomcat.util.net.NioEndpoint.bind(NioEndpoint.java:253)
		at org.apache.tomcat.util.net.AbstractEndpoint.bindWithCleanup(AbstractEndpoint.java:1465)
		at org.apache.tomcat.util.net.AbstractEndpoint.init(AbstractEndpoint.java:1478)
		at org.apache.coyote.AbstractProtocol.init(AbstractProtocol.java:663)
		at org.apache.coyote.http11.AbstractHttp11Protocol.init(AbstractHttp11Protocol.java:80)
		at org.apache.catalina.connector.Connector.initInternal(Connector.java:1070)
		... 13 more
14-Sep-2025 07:02:33.522 INFO [main] org.apache.catalina.startup.Catalina.load Server initialization in [223] milliseconds
14-Sep-2025 07:02:33.535 INFO [main] org.apache.catalina.core.StandardService.startInternal Starting service [Catalina]
14-Sep-2025 07:02:33.535 INFO [main] org.apache.catalina.core.StandardEngine.startInternal Starting Servlet engine: [Apache Tomcat/9.0.108]
14-Sep-2025 07:02:33.539 INFO [main] org.apache.catalina.startup.HostConfig.deployWAR Deploying web application archive [/Users/nguyendinhtanloc/Documents/Semester_1_2025/Web/Week4/tomCat/webapps/Week4.war]
14-Sep-2025 07:02:33.686 INFO [main] org.apache.catalina.startup.HostConfig.deployWAR Deployment of web application archive [/Users/nguyendinhtanloc/Documents/Semester_1_2025/Web/Week4/tomCat/webapps/Week4.war] has finished in [147] ms
14-Sep-2025 07:02:33.686 INFO [main] org.apache.catalina.startup.HostConfig.deployDirectory Deploying web application directory [/Users/nguyendinhtanloc/Documents/Semester_1_2025/Web/Week4/tomCat/webapps/docs]
14-Sep-2025 07:02:33.697 INFO [main] org.apache.catalina.startup.HostConfig.deployDirectory Deployment of web application directory [/Users/nguyendinhtanloc/Documents/Semester_1_2025/Web/Week4/tomCat/webapps/docs] has finished in [11] ms
14-Sep-2025 07:02:33.697 INFO [main] org.apache.catalina.startup.HostConfig.deployDirectory Deploying web application directory [/Users/nguyendinhtanloc/Documents/Semester_1_2025/Web/Week4/tomCat/webapps/manager]
14-Sep-2025 07:02:33.714 INFO [main] org.apache.catalina.startup.HostConfig.deployDirectory Deployment of web application directory [/Users/nguyendinhtanloc/Documents/Semester_1_2025/Web/Week4/tomCat/webapps/manager] has finished in [17] ms
14-Sep-2025 07:02:33.715 INFO [main] org.apache.catalina.startup.HostConfig.deployDirectory Deploying web application directory [/Users/nguyendinhtanloc/Documents/Semester_1_2025/Web/Week4/tomCat/webapps/examples]
14-Sep-2025 07:02:33.799 INFO [main] org.apache.catalina.startup.HostConfig.deployDirectory Deployment of web application directory [/Users/nguyendinhtanloc/Documents/Semester_1_2025/Web/Week4/tomCat/webapps/examples] has finished in [84] ms
14-Sep-2025 07:02:33.799 INFO [main] org.apache.catalina.startup.HostConfig.deployDirectory Deploying web application directory [/Users/nguyendinhtanloc/Documents/Semester_1_2025/Web/Week4/tomCat/webapps/ROOT]
14-Sep-2025 07:02:33.805 INFO [main] org.apache.catalina.startup.HostConfig.deployDirectory Deployment of web application directory [/Users/nguyendinhtanloc/Documents/Semester_1_2025/Web/Week4/tomCat/webapps/ROOT] has finished in [6] ms
14-Sep-2025 07:02:33.805 INFO [main] org.apache.catalina.startup.HostConfig.deployDirectory Deploying web application directory [/Users/nguyendinhtanloc/Documents/Semester_1_2025/Web/Week4/tomCat/webapps/host-manager]
14-Sep-2025 07:02:33.813 INFO [main] org.apache.catalina.startup.HostConfig.deployDirectory Deployment of web application directory [/Users/nguyendinhtanloc/Documents/Semester_1_2025/Web/Week4/tomCat/webapps/host-manager] has finished in [8] ms
14-Sep-2025 07:02:33.814 INFO [main] org.apache.catalina.startup.Catalina.start Server startup in [292] milliseconds
14-Sep-2025 07:02:33.816 SEVERE [main] org.apache.catalina.core.StandardServer.await Failed to create server shutdown socket on address [localhost] and port [8005] (base port [8005] and offset [0])
	java.net.BindException: Address already in use
		at java.base/sun.nio.ch.Net.bind0(Native Method)
		at java.base/sun.nio.ch.Net.bind(Net.java:555)
		at java.base/sun.nio.ch.Net.bind(Net.java:544)
		at java.base/sun.nio.ch.NioSocketImpl.bind(NioSocketImpl.java:648)
		at java.base/java.net.ServerSocket.bind(ServerSocket.java:388)
		at java.base/java.net.ServerSocket.<init>(ServerSocket.java:274)
		at org.apache.catalina.core.StandardServer.await(StandardServer.java:537)
		at org.apache.catalina.startup.Catalina.await(Catalina.java:829)
		at org.apache.catalina.startup.Catalina.start(Catalina.java:777)
		at java.base/jdk.internal.reflect.NativeMethodAccessorImpl.invoke0(Native Method)
		at java.base/jdk.internal.reflect.NativeMethodAccessorImpl.invoke(NativeMethodAccessorImpl.java:77)
		at java.base/jdk.internal.reflect.DelegatingMethodAccessorImpl.invoke(DelegatingMethodAccessorImpl.java:43)
		at java.base/java.lang.reflect.Method.invoke(Method.java:569)
		at org.apache.catalina.startup.Bootstrap.start(Bootstrap.java:345)
		at org.apache.catalina.startup.Bootstrap.main(Bootstrap.java:476)
14-Sep-2025 07:02:33.816 INFO [main] org.apache.coyote.AbstractProtocol.pause Pausing ProtocolHandler ["http-nio-8080"]
14-Sep-2025 07:02:33.816 INFO [main] org.apache.catalina.core.StandardService.stopInternal Stopping service [Catalina]
14-Sep-2025 07:02:33.823 INFO [main] org.apache.coyote.AbstractProtocol.stop Stopping ProtocolHandler ["http-nio-8080"]
14-Sep-2025 07:02:33.824 INFO [main] org.apache.coyote.AbstractProtocol.destroy Destroying ProtocolHandler ["http-nio-8080"]
14-Sep-2025 07:02:36.003 INFO [main] org.apache.catalina.core.StandardServer.await A valid shutdown command was received via the shutdown port. Stopping the Server instance.
14-Sep-2025 07:02:36.003 INFO [main] org.apache.coyote.AbstractProtocol.pause Pausing ProtocolHandler ["http-nio-8080"]
14-Sep-2025 07:02:36.005 INFO [main] org.apache.catalina.core.StandardService.stopInternal Stopping service [Catalina]
14-Sep-2025 07:02:36.013 INFO [main] org.apache.coyote.AbstractProtocol.stop Stopping ProtocolHandler ["http-nio-8080"]
14-Sep-2025 07:02:36.014 INFO [main] org.apache.coyote.AbstractProtocol.destroy Destroying ProtocolHandler ["http-nio-8080"]
NOTE: Picked up JDK_JAVA_OPTIONS:  --add-opens=java.base/java.lang=ALL-UNNAMED --add-opens=java.base/java.lang.invoke=ALL-UNNAMED --add-opens=java.base/java.lang.reflect=ALL-UNNAMED --add-opens=java.base/java.io=ALL-UNNAMED --add-opens=java.base/java.util=ALL-UNNAMED --add-opens=java.base/java.util.concurrent=ALL-UNNAMED --add-opens=java.rmi/sun.rmi.transport=ALL-UNNAMED
14-Sep-2025 07:02:38.058 INFO [main] org.apache.catalina.startup.VersionLoggerListener.log Server version name:   Apache Tomcat/9.0.108
14-Sep-2025 07:02:38.059 INFO [main] org.apache.catalina.startup.VersionLoggerListener.log Server built:          Jul 31 2025 18:19:48 UTC
14-Sep-2025 07:02:38.059 INFO [main] org.apache.catalina.startup.VersionLoggerListener.log Server version number: 9.0.108.0
14-Sep-2025 07:02:38.059 INFO [main] org.apache.catalina.startup.VersionLoggerListener.log OS Name:               Mac OS X
14-Sep-2025 07:02:38.059 INFO [main] org.apache.catalina.startup.VersionLoggerListener.log OS Version:            15.6.1
14-Sep-2025 07:02:38.059 INFO [main] org.apache.catalina.startup.VersionLoggerListener.log Architecture:          aarch64
14-Sep-2025 07:02:38.059 INFO [main] org.apache.catalina.startup.VersionLoggerListener.log Java Home:             /opt/homebrew/Cellar/openjdk@17/17.0.15/libexec/openjdk.jdk/Contents/Home
14-Sep-2025 07:02:38.059 INFO [main] org.apache.catalina.startup.VersionLoggerListener.log JVM Version:           17.0.15+0
14-Sep-2025 07:02:38.059 INFO [main] org.apache.catalina.startup.VersionLoggerListener.log JVM Vendor:            Homebrew
14-Sep-2025 07:02:38.059 INFO [main] org.apache.catalina.startup.VersionLoggerListener.log CATALINA_BASE:         /Users/nguyendinhtanloc/Documents/Semester_1_2025/Web/Week4/tomCat
14-Sep-2025 07:02:38.059 INFO [main] org.apache.catalina.startup.VersionLoggerListener.log CATALINA_HOME:         /Users/nguyendinhtanloc/Documents/Semester_1_2025/Web/Week4/tomCat
14-Sep-2025 07:02:38.064 INFO [main] org.apache.catalina.startup.VersionLoggerListener.log Command line argument: --add-opens=java.base/java.lang=ALL-UNNAMED
14-Sep-2025 07:02:38.064 INFO [main] org.apache.catalina.startup.VersionLoggerListener.log Command line argument: --add-opens=java.base/java.lang.invoke=ALL-UNNAMED
14-Sep-2025 07:02:38.064 INFO [main] org.apache.catalina.startup.VersionLoggerListener.log Command line argument: --add-opens=java.base/java.lang.reflect=ALL-UNNAMED
14-Sep-2025 07:02:38.064 INFO [main] org.apache.catalina.startup.VersionLoggerListener.log Command line argument: --add-opens=java.base/java.io=ALL-UNNAMED
14-Sep-2025 07:02:38.064 INFO [main] org.apache.catalina.startup.VersionLoggerListener.log Command line argument: --add-opens=java.base/java.util=ALL-UNNAMED
14-Sep-2025 07:02:38.064 INFO [main] org.apache.catalina.startup.VersionLoggerListener.log Command line argument: --add-opens=java.base/java.util.concurrent=ALL-UNNAMED
14-Sep-2025 07:02:38.064 INFO [main] org.apache.catalina.startup.VersionLoggerListener.log Command line argument: --add-opens=java.rmi/sun.rmi.transport=ALL-UNNAMED
14-Sep-2025 07:02:38.064 INFO [main] org.apache.catalina.startup.VersionLoggerListener.log Command line argument: -Djava.util.logging.config.file=/Users/nguyendinhtanloc/Documents/Semester_1_2025/Web/Week4/tomCat/conf/logging.properties
14-Sep-2025 07:02:38.064 INFO [main] org.apache.catalina.startup.VersionLoggerListener.log Command line argument: -Djava.util.logging.manager=org.apache.juli.ClassLoaderLogManager
14-Sep-2025 07:02:38.064 INFO [main] org.apache.catalina.startup.VersionLoggerListener.log Command line argument: -Djdk.tls.ephemeralDHKeySize=2048
14-Sep-2025 07:02:38.064 INFO [main] org.apache.catalina.startup.VersionLoggerListener.log Command line argument: -Djava.protocol.handler.pkgs=org.apache.catalina.webresources
14-Sep-2025 07:02:38.064 INFO [main] org.apache.catalina.startup.VersionLoggerListener.log Command line argument: -Dsun.io.useCanonCaches=false
14-Sep-2025 07:02:38.064 INFO [main] org.apache.catalina.startup.VersionLoggerListener.log Command line argument: -Dorg.apache.catalina.security.SecurityListener.UMASK=0027
14-Sep-2025 07:02:38.064 INFO [main] org.apache.catalina.startup.VersionLoggerListener.log Command line argument: -Dignore.endorsed.dirs=
14-Sep-2025 07:02:38.064 INFO [main] org.apache.catalina.startup.VersionLoggerListener.log Command line argument: -Dcatalina.base=/Users/nguyendinhtanloc/Documents/Semester_1_2025/Web/Week4/tomCat
14-Sep-2025 07:02:38.064 INFO [main] org.apache.catalina.startup.VersionLoggerListener.log Command line argument: -Dcatalina.home=/Users/nguyendinhtanloc/Documents/Semester_1_2025/Web/Week4/tomCat
14-Sep-2025 07:02:38.064 INFO [main] org.apache.catalina.startup.VersionLoggerListener.log Command line argument: -Djava.io.tmpdir=/Users/nguyendinhtanloc/Documents/Semester_1_2025/Web/Week4/tomCat/temp
14-Sep-2025 07:02:38.069 INFO [main] org.apache.catalina.core.AprLifecycleListener.lifecycleEvent The Apache Tomcat Native library which allows using OpenSSL was not found on the java.library.path: [/Users/nguyendinhtanloc/Library/Java/Extensions:/Library/Java/Extensions:/Network/Library/Java/Extensions:/System/Library/Java/Extensions:/usr/lib/java:.]
14-Sep-2025 07:02:38.197 INFO [main] org.apache.coyote.AbstractProtocol.init Initializing ProtocolHandler ["http-nio-8080"]
14-Sep-2025 07:02:38.208 INFO [main] org.apache.catalina.startup.Catalina.load Server initialization in [224] milliseconds
14-Sep-2025 07:02:38.220 INFO [main] org.apache.catalina.core.StandardService.startInternal Starting service [Catalina]
14-Sep-2025 07:02:38.220 INFO [main] org.apache.catalina.core.StandardEngine.startInternal Starting Servlet engine: [Apache Tomcat/9.0.108]
14-Sep-2025 07:02:38.225 INFO [main] org.apache.catalina.startup.HostConfig.deployWAR Deploying web application archive [/Users/nguyendinhtanloc/Documents/Semester_1_2025/Web/Week4/tomCat/webapps/Week4.war]
14-Sep-2025 07:02:38.361 INFO [main] org.apache.catalina.startup.HostConfig.deployWAR Deployment of web application archive [/Users/nguyendinhtanloc/Documents/Semester_1_2025/Web/Week4/tomCat/webapps/Week4.war] has finished in [136] ms
14-Sep-2025 07:02:38.361 INFO [main] org.apache.catalina.startup.HostConfig.deployDirectory Deploying web application directory [/Users/nguyendinhtanloc/Documents/Semester_1_2025/Web/Week4/tomCat/webapps/docs]
14-Sep-2025 07:02:38.372 INFO [main] org.apache.catalina.startup.HostConfig.deployDirectory Deployment of web application directory [/Users/nguyendinhtanloc/Documents/Semester_1_2025/Web/Week4/tomCat/webapps/docs] has finished in [11] ms
14-Sep-2025 07:02:38.372 INFO [main] org.apache.catalina.startup.HostConfig.deployDirectory Deploying web application directory [/Users/nguyendinhtanloc/Documents/Semester_1_2025/Web/Week4/tomCat/webapps/manager]
14-Sep-2025 07:02:38.422 INFO [main] org.apache.catalina.startup.HostConfig.deployDirectory Deployment of web application directory [/Users/nguyendinhtanloc/Documents/Semester_1_2025/Web/Week4/tomCat/webapps/manager] has finished in [50] ms
14-Sep-2025 07:02:38.422 INFO [main] org.apache.catalina.startup.HostConfig.deployDirectory Deploying web application directory [/Users/nguyendinhtanloc/Documents/Semester_1_2025/Web/Week4/tomCat/webapps/examples]
14-Sep-2025 07:02:38.505 INFO [main] org.apache.catalina.startup.HostConfig.deployDirectory Deployment of web application directory [/Users/nguyendinhtanloc/Documents/Semester_1_2025/Web/Week4/tomCat/webapps/examples] has finished in [82] ms
14-Sep-2025 07:02:38.505 INFO [main] org.apache.catalina.startup.HostConfig.deployDirectory Deploying web application directory [/Users/nguyendinhtanloc/Documents/Semester_1_2025/Web/Week4/tomCat/webapps/ROOT]
14-Sep-2025 07:02:38.511 INFO [main] org.apache.catalina.startup.HostConfig.deployDirectory Deployment of web application directory [/Users/nguyendinhtanloc/Documents/Semester_1_2025/Web/Week4/tomCat/webapps/ROOT] has finished in [6] ms
14-Sep-2025 07:02:38.511 INFO [main] org.apache.catalina.startup.HostConfig.deployDirectory Deploying web application directory [/Users/nguyendinhtanloc/Documents/Semester_1_2025/Web/Week4/tomCat/webapps/host-manager]
14-Sep-2025 07:02:38.519 INFO [main] org.apache.catalina.startup.HostConfig.deployDirectory Deployment of web application directory [/Users/nguyendinhtanloc/Documents/Semester_1_2025/Web/Week4/tomCat/webapps/host-manager] has finished in [8] ms
14-Sep-2025 07:02:38.520 INFO [main] org.apache.coyote.AbstractProtocol.start Starting ProtocolHandler ["http-nio-8080"]
14-Sep-2025 07:02:38.524 INFO [main] org.apache.catalina.startup.Catalina.start Server startup in [316] milliseconds
14-Sep-2025 07:07:38.819 INFO [Catalina-utility-1] org.apache.catalina.startup.HostConfig.undeploy Undeploying context [/Week4]
14-Sep-2025 07:07:38.854 INFO [Catalina-utility-1] org.apache.catalina.startup.HostConfig.deployWAR Deploying web application archive [/Users/nguyendinhtanloc/Documents/Semester_1_2025/Web/Week4/tomCat/webapps/Week4.war]
14-Sep-2025 07:07:38.913 INFO [Catalina-utility-1] org.apache.catalina.startup.HostConfig.deployWAR Deployment of web application archive [/Users/nguyendinhtanloc/Documents/Semester_1_2025/Web/Week4/tomCat/webapps/Week4.war] has finished in [59] ms
14-Sep-2025 07:07:48.918 INFO [Catalina-utility-2] org.apache.catalina.startup.HostConfig.undeploy Undeploying context [/Week4]
14-Sep-2025 07:07:48.926 INFO [Catalina-utility-2] org.apache.catalina.startup.HostConfig.deployWAR Deploying web application archive [/Users/nguyendinhtanloc/Documents/Semester_1_2025/Web/Week4/tomCat/webapps/Week4.war]
14-Sep-2025 07:07:48.982 INFO [Catalina-utility-2] org.apache.catalina.startup.HostConfig.deployWAR Deployment of web application archive [/Users/nguyendinhtanloc/Documents/Semester_1_2025/Web/Week4/tomCat/webapps/Week4.war] has finished in [56] ms
NOTE: Picked up JDK_JAVA_OPTIONS:  --add-opens=java.base/java.lang=ALL-UNNAMED --add-opens=java.base/java.lang.invoke=ALL-UNNAMED --add-opens=java.base/java.lang.reflect=ALL-UNNAMED --add-opens=java.base/java.io=ALL-UNNAMED --add-opens=java.base/java.util=ALL-UNNAMED --add-opens=java.base/java.util.concurrent=ALL-UNNAMED --add-opens=java.rmi/sun.rmi.transport=ALL-UNNAMED
14-Sep-2025 07:07:58.051 INFO [main] org.apache.catalina.startup.VersionLoggerListener.log Server version name:   Apache Tomcat/9.0.108
14-Sep-2025 07:07:58.052 INFO [main] org.apache.catalina.startup.VersionLoggerListener.log Server built:          Jul 31 2025 18:19:48 UTC
14-Sep-2025 07:07:58.053 INFO [main] org.apache.catalina.startup.VersionLoggerListener.log Server version number: 9.0.108.0
14-Sep-2025 07:07:58.053 INFO [main] org.apache.catalina.startup.VersionLoggerListener.log OS Name:               Mac OS X
14-Sep-2025 07:07:58.053 INFO [main] org.apache.catalina.startup.VersionLoggerListener.log OS Version:            15.6.1
14-Sep-2025 07:07:58.053 INFO [main] org.apache.catalina.startup.VersionLoggerListener.log Architecture:          aarch64
14-Sep-2025 07:07:58.053 INFO [main] org.apache.catalina.startup.VersionLoggerListener.log Java Home:             /opt/homebrew/Cellar/openjdk@17/17.0.15/libexec/openjdk.jdk/Contents/Home
14-Sep-2025 07:07:58.053 INFO [main] org.apache.catalina.startup.VersionLoggerListener.log JVM Version:           17.0.15+0
14-Sep-2025 07:07:58.053 INFO [main] org.apache.catalina.startup.VersionLoggerListener.log JVM Vendor:            Homebrew
14-Sep-2025 07:07:58.053 INFO [main] org.apache.catalina.startup.VersionLoggerListener.log CATALINA_BASE:         /Users/nguyendinhtanloc/Documents/Semester_1_2025/Web/Week4/tomCat
14-Sep-2025 07:07:58.053 INFO [main] org.apache.catalina.startup.VersionLoggerListener.log CATALINA_HOME:         /Users/nguyendinhtanloc/Documents/Semester_1_2025/Web/Week4/tomCat
14-Sep-2025 07:07:58.059 INFO [main] org.apache.catalina.startup.VersionLoggerListener.log Command line argument: --add-opens=java.base/java.lang=ALL-UNNAMED
14-Sep-2025 07:07:58.059 INFO [main] org.apache.catalina.startup.VersionLoggerListener.log Command line argument: --add-opens=java.base/java.lang.invoke=ALL-UNNAMED
14-Sep-2025 07:07:58.059 INFO [main] org.apache.catalina.startup.VersionLoggerListener.log Command line argument: --add-opens=java.base/java.lang.reflect=ALL-UNNAMED
14-Sep-2025 07:07:58.059 INFO [main] org.apache.catalina.startup.VersionLoggerListener.log Command line argument: --add-opens=java.base/java.io=ALL-UNNAMED
14-Sep-2025 07:07:58.059 INFO [main] org.apache.catalina.startup.VersionLoggerListener.log Command line argument: --add-opens=java.base/java.util=ALL-UNNAMED
14-Sep-2025 07:07:58.059 INFO [main] org.apache.catalina.startup.VersionLoggerListener.log Command line argument: --add-opens=java.base/java.util.concurrent=ALL-UNNAMED
14-Sep-2025 07:07:58.059 INFO [main] org.apache.catalina.startup.VersionLoggerListener.log Command line argument: --add-opens=java.rmi/sun.rmi.transport=ALL-UNNAMED
14-Sep-2025 07:07:58.059 INFO [main] org.apache.catalina.startup.VersionLoggerListener.log Command line argument: -Djava.util.logging.config.file=/Users/nguyendinhtanloc/Documents/Semester_1_2025/Web/Week4/tomCat/conf/logging.properties
14-Sep-2025 07:07:58.059 INFO [main] org.apache.catalina.startup.VersionLoggerListener.log Command line argument: -Djava.util.logging.manager=org.apache.juli.ClassLoaderLogManager
14-Sep-2025 07:07:58.059 INFO [main] org.apache.catalina.startup.VersionLoggerListener.log Command line argument: -Djdk.tls.ephemeralDHKeySize=2048
14-Sep-2025 07:07:58.059 INFO [main] org.apache.catalina.startup.VersionLoggerListener.log Command line argument: -Djava.protocol.handler.pkgs=org.apache.catalina.webresources
14-Sep-2025 07:07:58.059 INFO [main] org.apache.catalina.startup.VersionLoggerListener.log Command line argument: -Dsun.io.useCanonCaches=false
14-Sep-2025 07:07:58.060 INFO [main] org.apache.catalina.startup.VersionLoggerListener.log Command line argument: -Dorg.apache.catalina.security.SecurityListener.UMASK=0027
14-Sep-2025 07:07:58.060 INFO [main] org.apache.catalina.startup.VersionLoggerListener.log Command line argument: -Dignore.endorsed.dirs=
14-Sep-2025 07:07:58.060 INFO [main] org.apache.catalina.startup.VersionLoggerListener.log Command line argument: -Dcatalina.base=/Users/nguyendinhtanloc/Documents/Semester_1_2025/Web/Week4/tomCat
14-Sep-2025 07:07:58.060 INFO [main] org.apache.catalina.startup.VersionLoggerListener.log Command line argument: -Dcatalina.home=/Users/nguyendinhtanloc/Documents/Semester_1_2025/Web/Week4/tomCat
14-Sep-2025 07:07:58.060 INFO [main] org.apache.catalina.startup.VersionLoggerListener.log Command line argument: -Djava.io.tmpdir=/Users/nguyendinhtanloc/Documents/Semester_1_2025/Web/Week4/tomCat/temp
14-Sep-2025 07:07:58.064 INFO [main] org.apache.catalina.core.AprLifecycleListener.lifecycleEvent The Apache Tomcat Native library which allows using OpenSSL was not found on the java.library.path: [/Users/nguyendinhtanloc/Library/Java/Extensions:/Library/Java/Extensions:/Network/Library/Java/Extensions:/System/Library/Java/Extensions:/usr/lib/java:.]
14-Sep-2025 07:07:58.195 INFO [main] org.apache.coyote.AbstractProtocol.init Initializing ProtocolHandler ["http-nio-8080"]
14-Sep-2025 07:07:58.205 SEVERE [main] org.apache.catalina.util.LifecycleBase.handleSubClassException Failed to initialize component [Connector["http-nio-8080"]]
	org.apache.catalina.LifecycleException: Protocol handler initialization failed
		at org.apache.catalina.connector.Connector.initInternal(Connector.java:1072)
		at org.apache.catalina.util.LifecycleBase.init(LifecycleBase.java:122)
		at org.apache.catalina.core.StandardService.initInternal(StandardService.java:522)
		at org.apache.catalina.util.LifecycleBase.init(LifecycleBase.java:122)
		at org.apache.catalina.core.StandardServer.initInternal(StandardServer.java:986)
		at org.apache.catalina.util.LifecycleBase.init(LifecycleBase.java:122)
		at org.apache.catalina.startup.Catalina.load(Catalina.java:690)
		at org.apache.catalina.startup.Catalina.load(Catalina.java:713)
		at java.base/jdk.internal.reflect.NativeMethodAccessorImpl.invoke0(Native Method)
		at java.base/jdk.internal.reflect.NativeMethodAccessorImpl.invoke(NativeMethodAccessorImpl.java:77)
		at java.base/jdk.internal.reflect.DelegatingMethodAccessorImpl.invoke(DelegatingMethodAccessorImpl.java:43)
		at java.base/java.lang.reflect.Method.invoke(Method.java:569)
		at org.apache.catalina.startup.Bootstrap.load(Bootstrap.java:302)
		at org.apache.catalina.startup.Bootstrap.main(Bootstrap.java:475)
	Caused by: java.net.BindException: Address already in use
		at java.base/sun.nio.ch.Net.bind0(Native Method)
		at java.base/sun.nio.ch.Net.bind(Net.java:555)
		at java.base/sun.nio.ch.ServerSocketChannelImpl.netBind(ServerSocketChannelImpl.java:337)
		at java.base/sun.nio.ch.ServerSocketChannelImpl.bind(ServerSocketChannelImpl.java:294)
		at org.apache.tomcat.util.net.NioEndpoint.initServerSocket(NioEndpoint.java:298)
		at org.apache.tomcat.util.net.NioEndpoint.bind(NioEndpoint.java:253)
		at org.apache.tomcat.util.net.AbstractEndpoint.bindWithCleanup(AbstractEndpoint.java:1465)
		at org.apache.tomcat.util.net.AbstractEndpoint.init(AbstractEndpoint.java:1478)
		at org.apache.coyote.AbstractProtocol.init(AbstractProtocol.java:663)
		at org.apache.coyote.http11.AbstractHttp11Protocol.init(AbstractHttp11Protocol.java:80)
		at org.apache.catalina.connector.Connector.initInternal(Connector.java:1070)
		... 13 more
14-Sep-2025 07:07:58.206 INFO [main] org.apache.catalina.startup.Catalina.load Server initialization in [248] milliseconds
14-Sep-2025 07:07:58.222 INFO [main] org.apache.catalina.core.StandardService.startInternal Starting service [Catalina]
14-Sep-2025 07:07:58.222 INFO [main] org.apache.catalina.core.StandardEngine.startInternal Starting Servlet engine: [Apache Tomcat/9.0.108]
14-Sep-2025 07:07:58.227 INFO [main] org.apache.catalina.startup.HostConfig.deployWAR Deploying web application archive [/Users/nguyendinhtanloc/Documents/Semester_1_2025/Web/Week4/tomCat/webapps/Week4.war]
14-Sep-2025 07:07:58.381 INFO [main] org.apache.catalina.startup.HostConfig.deployWAR Deployment of web application archive [/Users/nguyendinhtanloc/Documents/Semester_1_2025/Web/Week4/tomCat/webapps/Week4.war] has finished in [154] ms
14-Sep-2025 07:07:58.382 INFO [main] org.apache.catalina.startup.HostConfig.deployDirectory Deploying web application directory [/Users/nguyendinhtanloc/Documents/Semester_1_2025/Web/Week4/tomCat/webapps/docs]
14-Sep-2025 07:07:58.391 INFO [main] org.apache.catalina.startup.HostConfig.deployDirectory Deployment of web application directory [/Users/nguyendinhtanloc/Documents/Semester_1_2025/Web/Week4/tomCat/webapps/docs] has finished in [10] ms
14-Sep-2025 07:07:58.391 INFO [main] org.apache.catalina.startup.HostConfig.deployDirectory Deploying web application directory [/Users/nguyendinhtanloc/Documents/Semester_1_2025/Web/Week4/tomCat/webapps/manager]
14-Sep-2025 07:07:58.408 INFO [main] org.apache.catalina.startup.HostConfig.deployDirectory Deployment of web application directory [/Users/nguyendinhtanloc/Documents/Semester_1_2025/Web/Week4/tomCat/webapps/manager] has finished in [17] ms
14-Sep-2025 07:07:58.409 INFO [main] org.apache.catalina.startup.HostConfig.deployDirectory Deploying web application directory [/Users/nguyendinhtanloc/Documents/Semester_1_2025/Web/Week4/tomCat/webapps/examples]
14-Sep-2025 07:07:58.492 INFO [main] org.apache.catalina.startup.HostConfig.deployDirectory Deployment of web application directory [/Users/nguyendinhtanloc/Documents/Semester_1_2025/Web/Week4/tomCat/webapps/examples] has finished in [83] ms
14-Sep-2025 07:07:58.492 INFO [main] org.apache.catalina.startup.HostConfig.deployDirectory Deploying web application directory [/Users/nguyendinhtanloc/Documents/Semester_1_2025/Web/Week4/tomCat/webapps/ROOT]
14-Sep-2025 07:07:58.498 INFO [main] org.apache.catalina.startup.HostConfig.deployDirectory Deployment of web application directory [/Users/nguyendinhtanloc/Documents/Semester_1_2025/Web/Week4/tomCat/webapps/ROOT] has finished in [6] ms
14-Sep-2025 07:07:58.498 INFO [main] org.apache.catalina.startup.HostConfig.deployDirectory Deploying web application directory [/Users/nguyendinhtanloc/Documents/Semester_1_2025/Web/Week4/tomCat/webapps/host-manager]
14-Sep-2025 07:07:58.506 INFO [main] org.apache.catalina.startup.HostConfig.deployDirectory Deployment of web application directory [/Users/nguyendinhtanloc/Documents/Semester_1_2025/Web/Week4/tomCat/webapps/host-manager] has finished in [8] ms
14-Sep-2025 07:07:58.507 INFO [main] org.apache.catalina.startup.Catalina.start Server startup in [301] milliseconds
14-Sep-2025 07:07:58.510 SEVERE [main] org.apache.catalina.core.StandardServer.await Failed to create server shutdown socket on address [localhost] and port [8005] (base port [8005] and offset [0])
	java.net.BindException: Address already in use
		at java.base/sun.nio.ch.Net.bind0(Native Method)
		at java.base/sun.nio.ch.Net.bind(Net.java:555)
		at java.base/sun.nio.ch.Net.bind(Net.java:544)
		at java.base/sun.nio.ch.NioSocketImpl.bind(NioSocketImpl.java:648)
		at java.base/java.net.ServerSocket.bind(ServerSocket.java:388)
		at java.base/java.net.ServerSocket.<init>(ServerSocket.java:274)
		at org.apache.catalina.core.StandardServer.await(StandardServer.java:537)
		at org.apache.catalina.startup.Catalina.await(Catalina.java:829)
		at org.apache.catalina.startup.Catalina.start(Catalina.java:777)
		at java.base/jdk.internal.reflect.NativeMethodAccessorImpl.invoke0(Native Method)
		at java.base/jdk.internal.reflect.NativeMethodAccessorImpl.invoke(NativeMethodAccessorImpl.java:77)
		at java.base/jdk.internal.reflect.DelegatingMethodAccessorImpl.invoke(DelegatingMethodAccessorImpl.java:43)
		at java.base/java.lang.reflect.Method.invoke(Method.java:569)
		at org.apache.catalina.startup.Bootstrap.start(Bootstrap.java:345)
		at org.apache.catalina.startup.Bootstrap.main(Bootstrap.java:476)
14-Sep-2025 07:07:58.510 INFO [main] org.apache.coyote.AbstractProtocol.pause Pausing ProtocolHandler ["http-nio-8080"]
14-Sep-2025 07:07:58.510 INFO [main] org.apache.catalina.core.StandardService.stopInternal Stopping service [Catalina]
14-Sep-2025 07:07:58.518 INFO [main] org.apache.coyote.AbstractProtocol.stop Stopping ProtocolHandler ["http-nio-8080"]
14-Sep-2025 07:07:58.518 INFO [main] org.apache.coyote.AbstractProtocol.destroy Destroying ProtocolHandler ["http-nio-8080"]
14-Sep-2025 07:07:59.768 INFO [main] org.apache.catalina.core.StandardServer.await A valid shutdown command was received via the shutdown port. Stopping the Server instance.
14-Sep-2025 07:07:59.769 INFO [main] org.apache.coyote.AbstractProtocol.pause Pausing ProtocolHandler ["http-nio-8080"]
14-Sep-2025 07:07:59.770 INFO [main] org.apache.catalina.core.StandardService.stopInternal Stopping service [Catalina]
14-Sep-2025 07:07:59.778 INFO [main] org.apache.coyote.AbstractProtocol.stop Stopping ProtocolHandler ["http-nio-8080"]
14-Sep-2025 07:07:59.780 INFO [main] org.apache.coyote.AbstractProtocol.destroy Destroying ProtocolHandler ["http-nio-8080"]
NOTE: Picked up JDK_JAVA_OPTIONS:  --add-opens=java.base/java.lang=ALL-UNNAMED --add-opens=java.base/java.lang.invoke=ALL-UNNAMED --add-opens=java.base/java.lang.reflect=ALL-UNNAMED --add-opens=java.base/java.io=ALL-UNNAMED --add-opens=java.base/java.util=ALL-UNNAMED --add-opens=java.base/java.util.concurrent=ALL-UNNAMED --add-opens=java.rmi/sun.rmi.transport=ALL-UNNAMED
14-Sep-2025 07:08:01.582 INFO [main] org.apache.catalina.startup.VersionLoggerListener.log Server version name:   Apache Tomcat/9.0.108
14-Sep-2025 07:08:01.584 INFO [main] org.apache.catalina.startup.VersionLoggerListener.log Server built:          Jul 31 2025 18:19:48 UTC
14-Sep-2025 07:08:01.584 INFO [main] org.apache.catalina.startup.VersionLoggerListener.log Server version number: 9.0.108.0
14-Sep-2025 07:08:01.584 INFO [main] org.apache.catalina.startup.VersionLoggerListener.log OS Name:               Mac OS X
14-Sep-2025 07:08:01.584 INFO [main] org.apache.catalina.startup.VersionLoggerListener.log OS Version:            15.6.1
14-Sep-2025 07:08:01.584 INFO [main] org.apache.catalina.startup.VersionLoggerListener.log Architecture:          aarch64
14-Sep-2025 07:08:01.584 INFO [main] org.apache.catalina.startup.VersionLoggerListener.log Java Home:             /opt/homebrew/Cellar/openjdk@17/17.0.15/libexec/openjdk.jdk/Contents/Home
14-Sep-2025 07:08:01.584 INFO [main] org.apache.catalina.startup.VersionLoggerListener.log JVM Version:           17.0.15+0
14-Sep-2025 07:08:01.584 INFO [main] org.apache.catalina.startup.VersionLoggerListener.log JVM Vendor:            Homebrew
14-Sep-2025 07:08:01.584 INFO [main] org.apache.catalina.startup.VersionLoggerListener.log CATALINA_BASE:         /Users/nguyendinhtanloc/Documents/Semester_1_2025/Web/Week4/tomCat
14-Sep-2025 07:08:01.584 INFO [main] org.apache.catalina.startup.VersionLoggerListener.log CATALINA_HOME:         /Users/nguyendinhtanloc/Documents/Semester_1_2025/Web/Week4/tomCat
14-Sep-2025 07:08:01.589 INFO [main] org.apache.catalina.startup.VersionLoggerListener.log Command line argument: --add-opens=java.base/java.lang=ALL-UNNAMED
14-Sep-2025 07:08:01.589 INFO [main] org.apache.catalina.startup.VersionLoggerListener.log Command line argument: --add-opens=java.base/java.lang.invoke=ALL-UNNAMED
14-Sep-2025 07:08:01.589 INFO [main] org.apache.catalina.startup.VersionLoggerListener.log Command line argument: --add-opens=java.base/java.lang.reflect=ALL-UNNAMED
14-Sep-2025 07:08:01.589 INFO [main] org.apache.catalina.startup.VersionLoggerListener.log Command line argument: --add-opens=java.base/java.io=ALL-UNNAMED
14-Sep-2025 07:08:01.589 INFO [main] org.apache.catalina.startup.VersionLoggerListener.log Command line argument: --add-opens=java.base/java.util=ALL-UNNAMED
14-Sep-2025 07:08:01.589 INFO [main] org.apache.catalina.startup.VersionLoggerListener.log Command line argument: --add-opens=java.base/java.util.concurrent=ALL-UNNAMED
14-Sep-2025 07:08:01.589 INFO [main] org.apache.catalina.startup.VersionLoggerListener.log Command line argument: --add-opens=java.rmi/sun.rmi.transport=ALL-UNNAMED
14-Sep-2025 07:08:01.589 INFO [main] org.apache.catalina.startup.VersionLoggerListener.log Command line argument: -Djava.util.logging.config.file=/Users/nguyendinhtanloc/Documents/Semester_1_2025/Web/Week4/tomCat/conf/logging.properties
14-Sep-2025 07:08:01.589 INFO [main] org.apache.catalina.startup.VersionLoggerListener.log Command line argument: -Djava.util.logging.manager=org.apache.juli.ClassLoaderLogManager
14-Sep-2025 07:08:01.589 INFO [main] org.apache.catalina.startup.VersionLoggerListener.log Command line argument: -Djdk.tls.ephemeralDHKeySize=2048
14-Sep-2025 07:08:01.589 INFO [main] org.apache.catalina.startup.VersionLoggerListener.log Command line argument: -Djava.protocol.handler.pkgs=org.apache.catalina.webresources
14-Sep-2025 07:08:01.589 INFO [main] org.apache.catalina.startup.VersionLoggerListener.log Command line argument: -Dsun.io.useCanonCaches=false
14-Sep-2025 07:08:01.589 INFO [main] org.apache.catalina.startup.VersionLoggerListener.log Command line argument: -Dorg.apache.catalina.security.SecurityListener.UMASK=0027
14-Sep-2025 07:08:01.589 INFO [main] org.apache.catalina.startup.VersionLoggerListener.log Command line argument: -Dignore.endorsed.dirs=
14-Sep-2025 07:08:01.589 INFO [main] org.apache.catalina.startup.VersionLoggerListener.log Command line argument: -Dcatalina.base=/Users/nguyendinhtanloc/Documents/Semester_1_2025/Web/Week4/tomCat
14-Sep-2025 07:08:01.589 INFO [main] org.apache.catalina.startup.VersionLoggerListener.log Command line argument: -Dcatalina.home=/Users/nguyendinhtanloc/Documents/Semester_1_2025/Web/Week4/tomCat
14-Sep-2025 07:08:01.589 INFO [main] org.apache.catalina.startup.VersionLoggerListener.log Command line argument: -Djava.io.tmpdir=/Users/nguyendinhtanloc/Documents/Semester_1_2025/Web/Week4/tomCat/temp
14-Sep-2025 07:08:01.594 INFO [main] org.apache.catalina.core.AprLifecycleListener.lifecycleEvent The Apache Tomcat Native library which allows using OpenSSL was not found on the java.library.path: [/Users/nguyendinhtanloc/Library/Java/Extensions:/Library/Java/Extensions:/Network/Library/Java/Extensions:/System/Library/Java/Extensions:/usr/lib/java:.]
14-Sep-2025 07:08:01.718 INFO [main] org.apache.coyote.AbstractProtocol.init Initializing ProtocolHandler ["http-nio-8080"]
14-Sep-2025 07:08:01.729 INFO [main] org.apache.catalina.startup.Catalina.load Server initialization in [222] milliseconds
14-Sep-2025 07:08:01.742 INFO [main] org.apache.catalina.core.StandardService.startInternal Starting service [Catalina]
14-Sep-2025 07:08:01.742 INFO [main] org.apache.catalina.core.StandardEngine.startInternal Starting Servlet engine: [Apache Tomcat/9.0.108]
14-Sep-2025 07:08:01.747 INFO [main] org.apache.catalina.startup.HostConfig.deployWAR Deploying web application archive [/Users/nguyendinhtanloc/Documents/Semester_1_2025/Web/Week4/tomCat/webapps/Week4.war]
14-Sep-2025 07:08:01.884 INFO [main] org.apache.catalina.startup.HostConfig.deployWAR Deployment of web application archive [/Users/nguyendinhtanloc/Documents/Semester_1_2025/Web/Week4/tomCat/webapps/Week4.war] has finished in [137] ms
14-Sep-2025 07:08:01.884 INFO [main] org.apache.catalina.startup.HostConfig.deployDirectory Deploying web application directory [/Users/nguyendinhtanloc/Documents/Semester_1_2025/Web/Week4/tomCat/webapps/docs]
14-Sep-2025 07:08:01.893 INFO [main] org.apache.catalina.startup.HostConfig.deployDirectory Deployment of web application directory [/Users/nguyendinhtanloc/Documents/Semester_1_2025/Web/Week4/tomCat/webapps/docs] has finished in [9] ms
14-Sep-2025 07:08:01.893 INFO [main] org.apache.catalina.startup.HostConfig.deployDirectory Deploying web application directory [/Users/nguyendinhtanloc/Documents/Semester_1_2025/Web/Week4/tomCat/webapps/manager]
14-Sep-2025 07:08:01.910 INFO [main] org.apache.catalina.startup.HostConfig.deployDirectory Deployment of web application directory [/Users/nguyendinhtanloc/Documents/Semester_1_2025/Web/Week4/tomCat/webapps/manager] has finished in [17] ms
14-Sep-2025 07:08:01.910 INFO [main] org.apache.catalina.startup.HostConfig.deployDirectory Deploying web application directory [/Users/nguyendinhtanloc/Documents/Semester_1_2025/Web/Week4/tomCat/webapps/examples]
14-Sep-2025 07:08:01.979 INFO [main] org.apache.catalina.startup.HostConfig.deployDirectory Deployment of web application directory [/Users/nguyendinhtanloc/Documents/Semester_1_2025/Web/Week4/tomCat/webapps/examples] has finished in [69] ms
14-Sep-2025 07:08:01.979 INFO [main] org.apache.catalina.startup.HostConfig.deployDirectory Deploying web application directory [/Users/nguyendinhtanloc/Documents/Semester_1_2025/Web/Week4/tomCat/webapps/ROOT]
14-Sep-2025 07:08:01.986 INFO [main] org.apache.catalina.startup.HostConfig.deployDirectory Deployment of web application directory [/Users/nguyendinhtanloc/Documents/Semester_1_2025/Web/Week4/tomCat/webapps/ROOT] has finished in [7] ms
14-Sep-2025 07:08:01.986 INFO [main] org.apache.catalina.startup.HostConfig.deployDirectory Deploying web application directory [/Users/nguyendinhtanloc/Documents/Semester_1_2025/Web/Week4/tomCat/webapps/host-manager]
14-Sep-2025 07:08:01.993 INFO [main] org.apache.catalina.startup.HostConfig.deployDirectory Deployment of web application directory [/Users/nguyendinhtanloc/Documents/Semester_1_2025/Web/Week4/tomCat/webapps/host-manager] has finished in [7] ms
14-Sep-2025 07:08:01.994 INFO [main] org.apache.coyote.AbstractProtocol.start Starting ProtocolHandler ["http-nio-8080"]
14-Sep-2025 07:08:01.999 INFO [main] org.apache.catalina.startup.Catalina.start Server startup in [269] milliseconds
14-Sep-2025 07:09:43.840 INFO [main] org.apache.catalina.core.StandardServer.await A valid shutdown command was received via the shutdown port. Stopping the Server instance.
14-Sep-2025 07:09:43.841 INFO [main] org.apache.coyote.AbstractProtocol.pause Pausing ProtocolHandler ["http-nio-8080"]
14-Sep-2025 07:09:43.844 INFO [main] org.apache.catalina.core.StandardService.stopInternal Stopping service [Catalina]
14-Sep-2025 07:09:43.866 INFO [main] org.apache.coyote.AbstractProtocol.stop Stopping ProtocolHandler ["http-nio-8080"]
14-Sep-2025 07:09:43.869 INFO [main] org.apache.coyote.AbstractProtocol.destroy Destroying ProtocolHandler ["http-nio-8080"]
NOTE: Picked up JDK_JAVA_OPTIONS:  --add-opens=java.base/java.lang=ALL-UNNAMED --add-opens=java.base/java.lang.invoke=ALL-UNNAMED --add-opens=java.base/java.lang.reflect=ALL-UNNAMED --add-opens=java.base/java.io=ALL-UNNAMED --add-opens=java.base/java.util=ALL-UNNAMED --add-opens=java.base/java.util.concurrent=ALL-UNNAMED --add-opens=java.rmi/sun.rmi.transport=ALL-UNNAMED
14-Sep-2025 07:10:16.479 INFO [main] org.apache.catalina.startup.VersionLoggerListener.log Server version name:   Apache Tomcat/9.0.108
14-Sep-2025 07:10:16.480 INFO [main] org.apache.catalina.startup.VersionLoggerListener.log Server built:          Jul 31 2025 18:19:48 UTC
14-Sep-2025 07:10:16.480 INFO [main] org.apache.catalina.startup.VersionLoggerListener.log Server version number: 9.0.108.0
14-Sep-2025 07:10:16.481 INFO [main] org.apache.catalina.startup.VersionLoggerListener.log OS Name:               Mac OS X
14-Sep-2025 07:10:16.481 INFO [main] org.apache.catalina.startup.VersionLoggerListener.log OS Version:            15.6.1
14-Sep-2025 07:10:16.481 INFO [main] org.apache.catalina.startup.VersionLoggerListener.log Architecture:          aarch64
14-Sep-2025 07:10:16.481 INFO [main] org.apache.catalina.startup.VersionLoggerListener.log Java Home:             /opt/homebrew/Cellar/openjdk@17/17.0.15/libexec/openjdk.jdk/Contents/Home
14-Sep-2025 07:10:16.481 INFO [main] org.apache.catalina.startup.VersionLoggerListener.log JVM Version:           17.0.15+0
14-Sep-2025 07:10:16.481 INFO [main] org.apache.catalina.startup.VersionLoggerListener.log JVM Vendor:            Homebrew
14-Sep-2025 07:10:16.481 INFO [main] org.apache.catalina.startup.VersionLoggerListener.log CATALINA_BASE:         /Users/nguyendinhtanloc/Documents/Semester_1_2025/Web/Week4/tomCat
14-Sep-2025 07:10:16.481 INFO [main] org.apache.catalina.startup.VersionLoggerListener.log CATALINA_HOME:         /Users/nguyendinhtanloc/Documents/Semester_1_2025/Web/Week4/tomCat
14-Sep-2025 07:10:16.488 INFO [main] org.apache.catalina.startup.VersionLoggerListener.log Command line argument: --add-opens=java.base/java.lang=ALL-UNNAMED
14-Sep-2025 07:10:16.488 INFO [main] org.apache.catalina.startup.VersionLoggerListener.log Command line argument: --add-opens=java.base/java.lang.invoke=ALL-UNNAMED
14-Sep-2025 07:10:16.488 INFO [main] org.apache.catalina.startup.VersionLoggerListener.log Command line argument: --add-opens=java.base/java.lang.reflect=ALL-UNNAMED
14-Sep-2025 07:10:16.488 INFO [main] org.apache.catalina.startup.VersionLoggerListener.log Command line argument: --add-opens=java.base/java.io=ALL-UNNAMED
14-Sep-2025 07:10:16.488 INFO [main] org.apache.catalina.startup.VersionLoggerListener.log Command line argument: --add-opens=java.base/java.util=ALL-UNNAMED
14-Sep-2025 07:10:16.488 INFO [main] org.apache.catalina.startup.VersionLoggerListener.log Command line argument: --add-opens=java.base/java.util.concurrent=ALL-UNNAMED
14-Sep-2025 07:10:16.488 INFO [main] org.apache.catalina.startup.VersionLoggerListener.log Command line argument: --add-opens=java.rmi/sun.rmi.transport=ALL-UNNAMED
14-Sep-2025 07:10:16.488 INFO [main] org.apache.catalina.startup.VersionLoggerListener.log Command line argument: -Djava.util.logging.config.file=/Users/nguyendinhtanloc/Documents/Semester_1_2025/Web/Week4/tomCat/conf/logging.properties
14-Sep-2025 07:10:16.488 INFO [main] org.apache.catalina.startup.VersionLoggerListener.log Command line argument: -Djava.util.logging.manager=org.apache.juli.ClassLoaderLogManager
14-Sep-2025 07:10:16.488 INFO [main] org.apache.catalina.startup.VersionLoggerListener.log Command line argument: -Djdk.tls.ephemeralDHKeySize=2048
14-Sep-2025 07:10:16.488 INFO [main] org.apache.catalina.startup.VersionLoggerListener.log Command line argument: -Djava.protocol.handler.pkgs=org.apache.catalina.webresources
14-Sep-2025 07:10:16.488 INFO [main] org.apache.catalina.startup.VersionLoggerListener.log Command line argument: -Dsun.io.useCanonCaches=false
14-Sep-2025 07:10:16.488 INFO [main] org.apache.catalina.startup.VersionLoggerListener.log Command line argument: -Dorg.apache.catalina.security.SecurityListener.UMASK=0027
14-Sep-2025 07:10:16.489 INFO [main] org.apache.catalina.startup.VersionLoggerListener.log Command line argument: -Dignore.endorsed.dirs=
14-Sep-2025 07:10:16.489 INFO [main] org.apache.catalina.startup.VersionLoggerListener.log Command line argument: -Dcatalina.base=/Users/nguyendinhtanloc/Documents/Semester_1_2025/Web/Week4/tomCat
14-Sep-2025 07:10:16.489 INFO [main] org.apache.catalina.startup.VersionLoggerListener.log Command line argument: -Dcatalina.home=/Users/nguyendinhtanloc/Documents/Semester_1_2025/Web/Week4/tomCat
14-Sep-2025 07:10:16.489 INFO [main] org.apache.catalina.startup.VersionLoggerListener.log Command line argument: -Djava.io.tmpdir=/Users/nguyendinhtanloc/Documents/Semester_1_2025/Web/Week4/tomCat/temp
14-Sep-2025 07:10:16.493 INFO [main] org.apache.catalina.core.AprLifecycleListener.lifecycleEvent The Apache Tomcat Native library which allows using OpenSSL was not found on the java.library.path: [/Users/nguyendinhtanloc/Library/Java/Extensions:/Library/Java/Extensions:/Network/Library/Java/Extensions:/System/Library/Java/Extensions:/usr/lib/java:.]
14-Sep-2025 07:10:16.630 INFO [main] org.apache.coyote.AbstractProtocol.init Initializing ProtocolHandler ["http-nio-8080"]
14-Sep-2025 07:10:16.642 INFO [main] org.apache.catalina.startup.Catalina.load Server initialization in [249] milliseconds
14-Sep-2025 07:10:16.659 INFO [main] org.apache.catalina.core.StandardService.startInternal Starting service [Catalina]
14-Sep-2025 07:10:16.659 INFO [main] org.apache.catalina.core.StandardEngine.startInternal Starting Servlet engine: [Apache Tomcat/9.0.108]
14-Sep-2025 07:10:16.663 INFO [main] org.apache.catalina.startup.HostConfig.deployWAR Deploying web application archive [/Users/nguyendinhtanloc/Documents/Semester_1_2025/Web/Week4/tomCat/webapps/Week4.war]
14-Sep-2025 07:10:16.830 INFO [main] org.apache.catalina.startup.HostConfig.deployWAR Deployment of web application archive [/Users/nguyendinhtanloc/Documents/Semester_1_2025/Web/Week4/tomCat/webapps/Week4.war] has finished in [167] ms
14-Sep-2025 07:10:16.831 INFO [main] org.apache.catalina.startup.HostConfig.deployDirectory Deploying web application directory [/Users/nguyendinhtanloc/Documents/Semester_1_2025/Web/Week4/tomCat/webapps/docs]
14-Sep-2025 07:10:16.843 INFO [main] org.apache.catalina.startup.HostConfig.deployDirectory Deployment of web application directory [/Users/nguyendinhtanloc/Documents/Semester_1_2025/Web/Week4/tomCat/webapps/docs] has finished in [12] ms
14-Sep-2025 07:10:16.843 INFO [main] org.apache.catalina.startup.HostConfig.deployDirectory Deploying web application directory [/Users/nguyendinhtanloc/Documents/Semester_1_2025/Web/Week4/tomCat/webapps/manager]
14-Sep-2025 07:10:16.861 INFO [main] org.apache.catalina.startup.HostConfig.deployDirectory Deployment of web application directory [/Users/nguyendinhtanloc/Documents/Semester_1_2025/Web/Week4/tomCat/webapps/manager] has finished in [18] ms
14-Sep-2025 07:10:16.861 INFO [main] org.apache.catalina.startup.HostConfig.deployDirectory Deploying web application directory [/Users/nguyendinhtanloc/Documents/Semester_1_2025/Web/Week4/tomCat/webapps/examples]
14-Sep-2025 07:10:16.944 INFO [main] org.apache.catalina.startup.HostConfig.deployDirectory Deployment of web application directory [/Users/nguyendinhtanloc/Documents/Semester_1_2025/Web/Week4/tomCat/webapps/examples] has finished in [83] ms
14-Sep-2025 07:10:16.944 INFO [main] org.apache.catalina.startup.HostConfig.deployDirectory Deploying web application directory [/Users/nguyendinhtanloc/Documents/Semester_1_2025/Web/Week4/tomCat/webapps/ROOT]
14-Sep-2025 07:10:16.953 INFO [main] org.apache.catalina.startup.HostConfig.deployDirectory Deployment of web application directory [/Users/nguyendinhtanloc/Documents/Semester_1_2025/Web/Week4/tomCat/webapps/ROOT] has finished in [9] ms
14-Sep-2025 07:10:16.953 INFO [main] org.apache.catalina.startup.HostConfig.deployDirectory Deploying web application directory [/Users/nguyendinhtanloc/Documents/Semester_1_2025/Web/Week4/tomCat/webapps/host-manager]
14-Sep-2025 07:10:16.961 INFO [main] org.apache.catalina.startup.HostConfig.deployDirectory Deployment of web application directory [/Users/nguyendinhtanloc/Documents/Semester_1_2025/Web/Week4/tomCat/webapps/host-manager] has finished in [8] ms
14-Sep-2025 07:10:16.962 INFO [main] org.apache.coyote.AbstractProtocol.start Starting ProtocolHandler ["http-nio-8080"]
14-Sep-2025 07:10:16.971 INFO [main] org.apache.catalina.startup.Catalina.start Server startup in [328] milliseconds
14-Sep-2025 07:10:17.839 INFO [main] org.apache.catalina.core.StandardServer.await A valid shutdown command was received via the shutdown port. Stopping the Server instance.
14-Sep-2025 07:10:17.840 INFO [main] org.apache.coyote.AbstractProtocol.pause Pausing ProtocolHandler ["http-nio-8080"]
14-Sep-2025 07:10:17.841 INFO [main] org.apache.catalina.core.StandardService.stopInternal Stopping service [Catalina]
14-Sep-2025 07:10:17.851 INFO [main] org.apache.coyote.AbstractProtocol.stop Stopping ProtocolHandler ["http-nio-8080"]
14-Sep-2025 07:10:17.852 INFO [main] org.apache.coyote.AbstractProtocol.destroy Destroying ProtocolHandler ["http-nio-8080"]
NOTE: Picked up JDK_JAVA_OPTIONS:  --add-opens=java.base/java.lang=ALL-UNNAMED --add-opens=java.base/java.lang.invoke=ALL-UNNAMED --add-opens=java.base/java.lang.reflect=ALL-UNNAMED --add-opens=java.base/java.io=ALL-UNNAMED --add-opens=java.base/java.util=ALL-UNNAMED --add-opens=java.base/java.util.concurrent=ALL-UNNAMED --add-opens=java.rmi/sun.rmi.transport=ALL-UNNAMED
14-Sep-2025 07:10:22.441 INFO [main] org.apache.catalina.startup.VersionLoggerListener.log Server version name:   Apache Tomcat/9.0.108
14-Sep-2025 07:10:22.443 INFO [main] org.apache.catalina.startup.VersionLoggerListener.log Server built:          Jul 31 2025 18:19:48 UTC
14-Sep-2025 07:10:22.443 INFO [main] org.apache.catalina.startup.VersionLoggerListener.log Server version number: 9.0.108.0
14-Sep-2025 07:10:22.443 INFO [main] org.apache.catalina.startup.VersionLoggerListener.log OS Name:               Mac OS X
14-Sep-2025 07:10:22.443 INFO [main] org.apache.catalina.startup.VersionLoggerListener.log OS Version:            15.6.1
14-Sep-2025 07:10:22.443 INFO [main] org.apache.catalina.startup.VersionLoggerListener.log Architecture:          aarch64
14-Sep-2025 07:10:22.443 INFO [main] org.apache.catalina.startup.VersionLoggerListener.log Java Home:             /opt/homebrew/Cellar/openjdk@17/17.0.15/libexec/openjdk.jdk/Contents/Home
14-Sep-2025 07:10:22.443 INFO [main] org.apache.catalina.startup.VersionLoggerListener.log JVM Version:           17.0.15+0
14-Sep-2025 07:10:22.444 INFO [main] org.apache.catalina.startup.VersionLoggerListener.log JVM Vendor:            Homebrew
14-Sep-2025 07:10:22.444 INFO [main] org.apache.catalina.startup.VersionLoggerListener.log CATALINA_BASE:         /Users/nguyendinhtanloc/Documents/Semester_1_2025/Web/Week4/tomCat
14-Sep-2025 07:10:22.444 INFO [main] org.apache.catalina.startup.VersionLoggerListener.log CATALINA_HOME:         /Users/nguyendinhtanloc/Documents/Semester_1_2025/Web/Week4/tomCat
14-Sep-2025 07:10:22.448 INFO [main] org.apache.catalina.startup.VersionLoggerListener.log Command line argument: --add-opens=java.base/java.lang=ALL-UNNAMED
14-Sep-2025 07:10:22.448 INFO [main] org.apache.catalina.startup.VersionLoggerListener.log Command line argument: --add-opens=java.base/java.lang.invoke=ALL-UNNAMED
14-Sep-2025 07:10:22.448 INFO [main] org.apache.catalina.startup.VersionLoggerListener.log Command line argument: --add-opens=java.base/java.lang.reflect=ALL-UNNAMED
14-Sep-2025 07:10:22.448 INFO [main] org.apache.catalina.startup.VersionLoggerListener.log Command line argument: --add-opens=java.base/java.io=ALL-UNNAMED
14-Sep-2025 07:10:22.448 INFO [main] org.apache.catalina.startup.VersionLoggerListener.log Command line argument: --add-opens=java.base/java.util=ALL-UNNAMED
14-Sep-2025 07:10:22.448 INFO [main] org.apache.catalina.startup.VersionLoggerListener.log Command line argument: --add-opens=java.base/java.util.concurrent=ALL-UNNAMED
14-Sep-2025 07:10:22.448 INFO [main] org.apache.catalina.startup.VersionLoggerListener.log Command line argument: --add-opens=java.rmi/sun.rmi.transport=ALL-UNNAMED
14-Sep-2025 07:10:22.448 INFO [main] org.apache.catalina.startup.VersionLoggerListener.log Command line argument: -Djava.util.logging.config.file=/Users/nguyendinhtanloc/Documents/Semester_1_2025/Web/Week4/tomCat/conf/logging.properties
14-Sep-2025 07:10:22.448 INFO [main] org.apache.catalina.startup.VersionLoggerListener.log Command line argument: -Djava.util.logging.manager=org.apache.juli.ClassLoaderLogManager
14-Sep-2025 07:10:22.448 INFO [main] org.apache.catalina.startup.VersionLoggerListener.log Command line argument: -Djdk.tls.ephemeralDHKeySize=2048
14-Sep-2025 07:10:22.448 INFO [main] org.apache.catalina.startup.VersionLoggerListener.log Command line argument: -Djava.protocol.handler.pkgs=org.apache.catalina.webresources
14-Sep-2025 07:10:22.448 INFO [main] org.apache.catalina.startup.VersionLoggerListener.log Command line argument: -Dsun.io.useCanonCaches=false
14-Sep-2025 07:10:22.449 INFO [main] org.apache.catalina.startup.VersionLoggerListener.log Command line argument: -Dorg.apache.catalina.security.SecurityListener.UMASK=0027
14-Sep-2025 07:10:22.449 INFO [main] org.apache.catalina.startup.VersionLoggerListener.log Command line argument: -Dignore.endorsed.dirs=
14-Sep-2025 07:10:22.449 INFO [main] org.apache.catalina.startup.VersionLoggerListener.log Command line argument: -Dcatalina.base=/Users/nguyendinhtanloc/Documents/Semester_1_2025/Web/Week4/tomCat
14-Sep-2025 07:10:22.449 INFO [main] org.apache.catalina.startup.VersionLoggerListener.log Command line argument: -Dcatalina.home=/Users/nguyendinhtanloc/Documents/Semester_1_2025/Web/Week4/tomCat
14-Sep-2025 07:10:22.449 INFO [main] org.apache.catalina.startup.VersionLoggerListener.log Command line argument: -Djava.io.tmpdir=/Users/nguyendinhtanloc/Documents/Semester_1_2025/Web/Week4/tomCat/temp
14-Sep-2025 07:10:22.453 INFO [main] org.apache.catalina.core.AprLifecycleListener.lifecycleEvent The Apache Tomcat Native library which allows using OpenSSL was not found on the java.library.path: [/Users/nguyendinhtanloc/Library/Java/Extensions:/Library/Java/Extensions:/Network/Library/Java/Extensions:/System/Library/Java/Extensions:/usr/lib/java:.]
14-Sep-2025 07:10:22.580 INFO [main] org.apache.coyote.AbstractProtocol.init Initializing ProtocolHandler ["http-nio-8080"]
14-Sep-2025 07:10:22.591 INFO [main] org.apache.catalina.startup.Catalina.load Server initialization in [229] milliseconds
14-Sep-2025 07:10:22.604 INFO [main] org.apache.catalina.core.StandardService.startInternal Starting service [Catalina]
14-Sep-2025 07:10:22.604 INFO [main] org.apache.catalina.core.StandardEngine.startInternal Starting Servlet engine: [Apache Tomcat/9.0.108]
14-Sep-2025 07:10:22.608 INFO [main] org.apache.catalina.startup.HostConfig.deployWAR Deploying web application archive [/Users/nguyendinhtanloc/Documents/Semester_1_2025/Web/Week4/tomCat/webapps/Week4.war]
14-Sep-2025 07:10:22.752 INFO [main] org.apache.catalina.startup.HostConfig.deployWAR Deployment of web application archive [/Users/nguyendinhtanloc/Documents/Semester_1_2025/Web/Week4/tomCat/webapps/Week4.war] has finished in [144] ms
14-Sep-2025 07:10:22.752 INFO [main] org.apache.catalina.startup.HostConfig.deployDirectory Deploying web application directory [/Users/nguyendinhtanloc/Documents/Semester_1_2025/Web/Week4/tomCat/webapps/docs]
14-Sep-2025 07:10:22.762 INFO [main] org.apache.catalina.startup.HostConfig.deployDirectory Deployment of web application directory [/Users/nguyendinhtanloc/Documents/Semester_1_2025/Web/Week4/tomCat/webapps/docs] has finished in [10] ms
14-Sep-2025 07:10:22.762 INFO [main] org.apache.catalina.startup.HostConfig.deployDirectory Deploying web application directory [/Users/nguyendinhtanloc/Documents/Semester_1_2025/Web/Week4/tomCat/webapps/manager]
14-Sep-2025 07:10:22.779 INFO [main] org.apache.catalina.startup.HostConfig.deployDirectory Deployment of web application directory [/Users/nguyendinhtanloc/Documents/Semester_1_2025/Web/Week4/tomCat/webapps/manager] has finished in [17] ms
14-Sep-2025 07:10:22.779 INFO [main] org.apache.catalina.startup.HostConfig.deployDirectory Deploying web application directory [/Users/nguyendinhtanloc/Documents/Semester_1_2025/Web/Week4/tomCat/webapps/examples]
14-Sep-2025 07:10:22.860 INFO [main] org.apache.catalina.startup.HostConfig.deployDirectory Deployment of web application directory [/Users/nguyendinhtanloc/Documents/Semester_1_2025/Web/Week4/tomCat/webapps/examples] has finished in [81] ms
14-Sep-2025 07:10:22.860 INFO [main] org.apache.catalina.startup.HostConfig.deployDirectory Deploying web application directory [/Users/nguyendinhtanloc/Documents/Semester_1_2025/Web/Week4/tomCat/webapps/ROOT]
14-Sep-2025 07:10:22.866 INFO [main] org.apache.catalina.startup.HostConfig.deployDirectory Deployment of web application directory [/Users/nguyendinhtanloc/Documents/Semester_1_2025/Web/Week4/tomCat/webapps/ROOT] has finished in [6] ms
14-Sep-2025 07:10:22.866 INFO [main] org.apache.catalina.startup.HostConfig.deployDirectory Deploying web application directory [/Users/nguyendinhtanloc/Documents/Semester_1_2025/Web/Week4/tomCat/webapps/host-manager]
14-Sep-2025 07:10:22.873 INFO [main] org.apache.catalina.startup.HostConfig.deployDirectory Deployment of web application directory [/Users/nguyendinhtanloc/Documents/Semester_1_2025/Web/Week4/tomCat/webapps/host-manager] has finished in [7] ms
14-Sep-2025 07:10:22.874 INFO [main] org.apache.coyote.AbstractProtocol.start Starting ProtocolHandler ["http-nio-8080"]
14-Sep-2025 07:10:22.878 INFO [main] org.apache.catalina.startup.Catalina.start Server startup in [287] milliseconds
14-Sep-2025 07:11:09.053 INFO [main] org.apache.catalina.core.StandardServer.await A valid shutdown command was received via the shutdown port. Stopping the Server instance.
14-Sep-2025 07:11:09.054 INFO [main] org.apache.coyote.AbstractProtocol.pause Pausing ProtocolHandler ["http-nio-8080"]
14-Sep-2025 07:11:09.056 INFO [main] org.apache.catalina.core.StandardService.stopInternal Stopping service [Catalina]
14-Sep-2025 07:11:09.081 INFO [main] org.apache.coyote.AbstractProtocol.stop Stopping ProtocolHandler ["http-nio-8080"]
14-Sep-2025 07:11:09.091 INFO [main] org.apache.coyote.AbstractProtocol.destroy Destroying ProtocolHandler ["http-nio-8080"]
NOTE: Picked up JDK_JAVA_OPTIONS:  --add-opens=java.base/java.lang=ALL-UNNAMED --add-opens=java.base/java.lang.invoke=ALL-UNNAMED --add-opens=java.base/java.lang.reflect=ALL-UNNAMED --add-opens=java.base/java.io=ALL-UNNAMED --add-opens=java.base/java.util=ALL-UNNAMED --add-opens=java.base/java.util.concurrent=ALL-UNNAMED --add-opens=java.rmi/sun.rmi.transport=ALL-UNNAMED
14-Sep-2025 16:01:28.381 INFO [main] org.apache.catalina.startup.VersionLoggerListener.log Server version name:   Apache Tomcat/9.0.108
14-Sep-2025 16:01:28.383 INFO [main] org.apache.catalina.startup.VersionLoggerListener.log Server built:          Jul 31 2025 18:19:48 UTC
14-Sep-2025 16:01:28.383 INFO [main] org.apache.catalina.startup.VersionLoggerListener.log Server version number: 9.0.108.0
14-Sep-2025 16:01:28.383 INFO [main] org.apache.catalina.startup.VersionLoggerListener.log OS Name:               Mac OS X
14-Sep-2025 16:01:28.383 INFO [main] org.apache.catalina.startup.VersionLoggerListener.log OS Version:            15.6.1
14-Sep-2025 16:01:28.383 INFO [main] org.apache.catalina.startup.VersionLoggerListener.log Architecture:          aarch64
14-Sep-2025 16:01:28.383 INFO [main] org.apache.catalina.startup.VersionLoggerListener.log Java Home:             /opt/homebrew/Cellar/openjdk@17/17.0.15/libexec/openjdk.jdk/Contents/Home
14-Sep-2025 16:01:28.383 INFO [main] org.apache.catalina.startup.VersionLoggerListener.log JVM Version:           17.0.15+0
14-Sep-2025 16:01:28.383 INFO [main] org.apache.catalina.startup.VersionLoggerListener.log JVM Vendor:            Homebrew
14-Sep-2025 16:01:28.383 INFO [main] org.apache.catalina.startup.VersionLoggerListener.log CATALINA_BASE:         /Users/nguyendinhtanloc/Documents/Semester_1_2025/Web/Week41/tomCat
14-Sep-2025 16:01:28.383 INFO [main] org.apache.catalina.startup.VersionLoggerListener.log CATALINA_HOME:         /Users/nguyendinhtanloc/Documents/Semester_1_2025/Web/Week41/tomCat
14-Sep-2025 16:01:28.391 INFO [main] org.apache.catalina.startup.VersionLoggerListener.log Command line argument: --add-opens=java.base/java.lang=ALL-UNNAMED
14-Sep-2025 16:01:28.391 INFO [main] org.apache.catalina.startup.VersionLoggerListener.log Command line argument: --add-opens=java.base/java.lang.invoke=ALL-UNNAMED
14-Sep-2025 16:01:28.391 INFO [main] org.apache.catalina.startup.VersionLoggerListener.log Command line argument: --add-opens=java.base/java.lang.reflect=ALL-UNNAMED
14-Sep-2025 16:01:28.391 INFO [main] org.apache.catalina.startup.VersionLoggerListener.log Command line argument: --add-opens=java.base/java.io=ALL-UNNAMED
14-Sep-2025 16:01:28.391 INFO [main] org.apache.catalina.startup.VersionLoggerListener.log Command line argument: --add-opens=java.base/java.util=ALL-UNNAMED
14-Sep-2025 16:01:28.392 INFO [main] org.apache.catalina.startup.VersionLoggerListener.log Command line argument: --add-opens=java.base/java.util.concurrent=ALL-UNNAMED
14-Sep-2025 16:01:28.392 INFO [main] org.apache.catalina.startup.VersionLoggerListener.log Command line argument: --add-opens=java.rmi/sun.rmi.transport=ALL-UNNAMED
14-Sep-2025 16:01:28.392 INFO [main] org.apache.catalina.startup.VersionLoggerListener.log Command line argument: -Djava.util.logging.config.file=/Users/nguyendinhtanloc/Documents/Semester_1_2025/Web/Week41/tomCat/conf/logging.properties
14-Sep-2025 16:01:28.392 INFO [main] org.apache.catalina.startup.VersionLoggerListener.log Command line argument: -Djava.util.logging.manager=org.apache.juli.ClassLoaderLogManager
14-Sep-2025 16:01:28.392 INFO [main] org.apache.catalina.startup.VersionLoggerListener.log Command line argument: -Djdk.tls.ephemeralDHKeySize=2048
14-Sep-2025 16:01:28.392 INFO [main] org.apache.catalina.startup.VersionLoggerListener.log Command line argument: -Djava.protocol.handler.pkgs=org.apache.catalina.webresources
14-Sep-2025 16:01:28.392 INFO [main] org.apache.catalina.startup.VersionLoggerListener.log Command line argument: -Dsun.io.useCanonCaches=false
14-Sep-2025 16:01:28.392 INFO [main] org.apache.catalina.startup.VersionLoggerListener.log Command line argument: -Dorg.apache.catalina.security.SecurityListener.UMASK=0027
14-Sep-2025 16:01:28.392 INFO [main] org.apache.catalina.startup.VersionLoggerListener.log Command line argument: -Dignore.endorsed.dirs=
14-Sep-2025 16:01:28.392 INFO [main] org.apache.catalina.startup.VersionLoggerListener.log Command line argument: -Dcatalina.base=/Users/nguyendinhtanloc/Documents/Semester_1_2025/Web/Week41/tomCat
14-Sep-2025 16:01:28.392 INFO [main] org.apache.catalina.startup.VersionLoggerListener.log Command line argument: -Dcatalina.home=/Users/nguyendinhtanloc/Documents/Semester_1_2025/Web/Week41/tomCat
14-Sep-2025 16:01:28.392 INFO [main] org.apache.catalina.startup.VersionLoggerListener.log Command line argument: -Djava.io.tmpdir=/Users/nguyendinhtanloc/Documents/Semester_1_2025/Web/Week41/tomCat/temp
14-Sep-2025 16:01:28.397 INFO [main] org.apache.catalina.core.AprLifecycleListener.lifecycleEvent The Apache Tomcat Native library which allows using OpenSSL was not found on the java.library.path: [/Users/nguyendinhtanloc/Library/Java/Extensions:/Library/Java/Extensions:/Network/Library/Java/Extensions:/System/Library/Java/Extensions:/usr/lib/java:.]
14-Sep-2025 16:01:28.535 INFO [main] org.apache.coyote.AbstractProtocol.init Initializing ProtocolHandler ["http-nio-8080"]
14-Sep-2025 16:01:28.544 SEVERE [main] org.apache.catalina.util.LifecycleBase.handleSubClassException Failed to initialize component [Connector["http-nio-8080"]]
	org.apache.catalina.LifecycleException: Protocol handler initialization failed
		at org.apache.catalina.connector.Connector.initInternal(Connector.java:1072)
		at org.apache.catalina.util.LifecycleBase.init(LifecycleBase.java:122)
		at org.apache.catalina.core.StandardService.initInternal(StandardService.java:522)
		at org.apache.catalina.util.LifecycleBase.init(LifecycleBase.java:122)
		at org.apache.catalina.core.StandardServer.initInternal(StandardServer.java:986)
		at org.apache.catalina.util.LifecycleBase.init(LifecycleBase.java:122)
		at org.apache.catalina.startup.Catalina.load(Catalina.java:690)
		at org.apache.catalina.startup.Catalina.load(Catalina.java:713)
		at java.base/jdk.internal.reflect.NativeMethodAccessorImpl.invoke0(Native Method)
		at java.base/jdk.internal.reflect.NativeMethodAccessorImpl.invoke(NativeMethodAccessorImpl.java:77)
		at java.base/jdk.internal.reflect.DelegatingMethodAccessorImpl.invoke(DelegatingMethodAccessorImpl.java:43)
		at java.base/java.lang.reflect.Method.invoke(Method.java:569)
		at org.apache.catalina.startup.Bootstrap.load(Bootstrap.java:302)
		at org.apache.catalina.startup.Bootstrap.main(Bootstrap.java:475)
	Caused by: java.net.BindException: Address already in use
		at java.base/sun.nio.ch.Net.bind0(Native Method)
		at java.base/sun.nio.ch.Net.bind(Net.java:555)
		at java.base/sun.nio.ch.ServerSocketChannelImpl.netBind(ServerSocketChannelImpl.java:337)
		at java.base/sun.nio.ch.ServerSocketChannelImpl.bind(ServerSocketChannelImpl.java:294)
		at org.apache.tomcat.util.net.NioEndpoint.initServerSocket(NioEndpoint.java:298)
		at org.apache.tomcat.util.net.NioEndpoint.bind(NioEndpoint.java:253)
		at org.apache.tomcat.util.net.AbstractEndpoint.bindWithCleanup(AbstractEndpoint.java:1465)
		at org.apache.tomcat.util.net.AbstractEndpoint.init(AbstractEndpoint.java:1478)
		at org.apache.coyote.AbstractProtocol.init(AbstractProtocol.java:663)
		at org.apache.coyote.http11.AbstractHttp11Protocol.init(AbstractHttp11Protocol.java:80)
		at org.apache.catalina.connector.Connector.initInternal(Connector.java:1070)
		... 13 more
14-Sep-2025 16:01:28.544 INFO [main] org.apache.catalina.startup.Catalina.load Server initialization in [264] milliseconds
14-Sep-2025 16:01:28.561 INFO [main] org.apache.catalina.core.StandardService.startInternal Starting service [Catalina]
14-Sep-2025 16:01:28.561 INFO [main] org.apache.catalina.core.StandardEngine.startInternal Starting Servlet engine: [Apache Tomcat/9.0.108]
14-Sep-2025 16:01:28.566 INFO [main] org.apache.catalina.startup.HostConfig.deployWAR Deploying web application archive [/Users/nguyendinhtanloc/Documents/Semester_1_2025/Web/Week41/tomCat/webapps/Lesson.war]
14-Sep-2025 16:01:28.749 INFO [main] org.apache.catalina.startup.HostConfig.deployWAR Deployment of web application archive [/Users/nguyendinhtanloc/Documents/Semester_1_2025/Web/Week41/tomCat/webapps/Lesson.war] has finished in [183] ms
14-Sep-2025 16:01:28.749 INFO [main] org.apache.catalina.startup.HostConfig.deployDirectory Deploying web application directory [/Users/nguyendinhtanloc/Documents/Semester_1_2025/Web/Week41/tomCat/webapps/docs]
14-Sep-2025 16:01:28.759 INFO [main] org.apache.catalina.startup.HostConfig.deployDirectory Deployment of web application directory [/Users/nguyendinhtanloc/Documents/Semester_1_2025/Web/Week41/tomCat/webapps/docs] has finished in [10] ms
14-Sep-2025 16:01:28.759 INFO [main] org.apache.catalina.startup.HostConfig.deployDirectory Deploying web application directory [/Users/nguyendinhtanloc/Documents/Semester_1_2025/Web/Week41/tomCat/webapps/manager]
14-Sep-2025 16:01:28.776 INFO [main] org.apache.catalina.startup.HostConfig.deployDirectory Deployment of web application directory [/Users/nguyendinhtanloc/Documents/Semester_1_2025/Web/Week41/tomCat/webapps/manager] has finished in [17] ms
14-Sep-2025 16:01:28.776 INFO [main] org.apache.catalina.startup.HostConfig.deployDirectory Deploying web application directory [/Users/nguyendinhtanloc/Documents/Semester_1_2025/Web/Week41/tomCat/webapps/examples]
14-Sep-2025 16:01:28.865 INFO [main] org.apache.catalina.startup.HostConfig.deployDirectory Deployment of web application directory [/Users/nguyendinhtanloc/Documents/Semester_1_2025/Web/Week41/tomCat/webapps/examples] has finished in [89] ms
14-Sep-2025 16:01:28.865 INFO [main] org.apache.catalina.startup.HostConfig.deployDirectory Deploying web application directory [/Users/nguyendinhtanloc/Documents/Semester_1_2025/Web/Week41/tomCat/webapps/ROOT]
14-Sep-2025 16:01:28.871 INFO [main] org.apache.catalina.startup.HostConfig.deployDirectory Deployment of web application directory [/Users/nguyendinhtanloc/Documents/Semester_1_2025/Web/Week41/tomCat/webapps/ROOT] has finished in [6] ms
14-Sep-2025 16:01:28.871 INFO [main] org.apache.catalina.startup.HostConfig.deployDirectory Deploying web application directory [/Users/nguyendinhtanloc/Documents/Semester_1_2025/Web/Week41/tomCat/webapps/host-manager]
14-Sep-2025 16:01:28.878 INFO [main] org.apache.catalina.startup.HostConfig.deployDirectory Deployment of web application directory [/Users/nguyendinhtanloc/Documents/Semester_1_2025/Web/Week41/tomCat/webapps/host-manager] has finished in [7] ms
14-Sep-2025 16:01:28.879 INFO [main] org.apache.catalina.startup.Catalina.start Server startup in [335] milliseconds
14-Sep-2025 16:01:28.882 SEVERE [main] org.apache.catalina.core.StandardServer.await Failed to create server shutdown socket on address [localhost] and port [8005] (base port [8005] and offset [0])
	java.net.BindException: Address already in use
		at java.base/sun.nio.ch.Net.bind0(Native Method)
		at java.base/sun.nio.ch.Net.bind(Net.java:555)
		at java.base/sun.nio.ch.Net.bind(Net.java:544)
		at java.base/sun.nio.ch.NioSocketImpl.bind(NioSocketImpl.java:648)
		at java.base/java.net.ServerSocket.bind(ServerSocket.java:388)
		at java.base/java.net.ServerSocket.<init>(ServerSocket.java:274)
		at org.apache.catalina.core.StandardServer.await(StandardServer.java:537)
		at org.apache.catalina.startup.Catalina.await(Catalina.java:829)
		at org.apache.catalina.startup.Catalina.start(Catalina.java:777)
		at java.base/jdk.internal.reflect.NativeMethodAccessorImpl.invoke0(Native Method)
		at java.base/jdk.internal.reflect.NativeMethodAccessorImpl.invoke(NativeMethodAccessorImpl.java:77)
		at java.base/jdk.internal.reflect.DelegatingMethodAccessorImpl.invoke(DelegatingMethodAccessorImpl.java:43)
		at java.base/java.lang.reflect.Method.invoke(Method.java:569)
		at org.apache.catalina.startup.Bootstrap.start(Bootstrap.java:345)
		at org.apache.catalina.startup.Bootstrap.main(Bootstrap.java:476)
14-Sep-2025 16:01:28.882 INFO [main] org.apache.coyote.AbstractProtocol.pause Pausing ProtocolHandler ["http-nio-8080"]
14-Sep-2025 16:01:28.882 INFO [main] org.apache.catalina.core.StandardService.stopInternal Stopping service [Catalina]
14-Sep-2025 16:01:28.892 INFO [main] org.apache.coyote.AbstractProtocol.stop Stopping ProtocolHandler ["http-nio-8080"]
14-Sep-2025 16:01:28.892 INFO [main] org.apache.coyote.AbstractProtocol.destroy Destroying ProtocolHandler ["http-nio-8080"]
