15-Sep-2025 00:04:57.189 INFO [Catalina-utility-2] org.apache.catalina.startup.HostConfig.undeploy Undeploying context [/Lesson]
15-Sep-2025 00:04:57.218 INFO [Catalina-utility-2] org.apache.catalina.startup.HostConfig.deployWAR Deploying web application archive [/Users/nguyendinhtanloc/Documents/Semester_1_2025/Web/Week5/tomCat/webapps/Lesson.war]
15-Sep-2025 00:04:57.279 INFO [Catalina-utility-2] org.apache.catalina.startup.HostConfig.deployWAR Deployment of web application archive [/Users/nguyendinhtanloc/Documents/Semester_1_2025/Web/Week5/tomCat/webapps/Lesson.war] has finished in [60] ms
15-Sep-2025 00:05:07.306 INFO [Catalina-utility-1] org.apache.catalina.startup.HostConfig.undeploy Undeploying context [/Lesson]
15-Sep-2025 00:05:07.318 INFO [Catalina-utility-1] org.apache.catalina.startup.HostConfig.deployWAR Deploying web application archive [/Users/nguyendinhtanloc/Documents/Semester_1_2025/Web/Week5/tomCat/webapps/Lesson.war]
15-Sep-2025 00:05:07.389 INFO [Catalina-utility-1] org.apache.catalina.startup.HostConfig.deployWAR Deployment of web application archive [/Users/nguyendinhtanloc/Documents/Semester_1_2025/Web/Week5/tomCat/webapps/Lesson.war] has finished in [71] ms
15-Sep-2025 00:05:10.844 INFO [main] org.apache.catalina.startup.VersionLoggerListener.log Server version name:   Apache Tomcat/9.0.108
15-Sep-2025 00:05:10.846 INFO [main] org.apache.catalina.startup.VersionLoggerListener.log Server built:          Jul 31 2025 18:19:48 UTC
15-Sep-2025 00:05:10.846 INFO [main] org.apache.catalina.startup.VersionLoggerListener.log Server version number: 9.0.108.0
15-Sep-2025 00:05:10.846 INFO [main] org.apache.catalina.startup.VersionLoggerListener.log OS Name:               Mac OS X
15-Sep-2025 00:05:10.846 INFO [main] org.apache.catalina.startup.VersionLoggerListener.log OS Version:            15.6.1
15-Sep-2025 00:05:10.846 INFO [main] org.apache.catalina.startup.VersionLoggerListener.log Architecture:          aarch64
15-Sep-2025 00:05:10.846 INFO [main] org.apache.catalina.startup.VersionLoggerListener.log Java Home:             /opt/homebrew/Cellar/openjdk@17/17.0.15/libexec/openjdk.jdk/Contents/Home
15-Sep-2025 00:05:10.846 INFO [main] org.apache.catalina.startup.VersionLoggerListener.log JVM Version:           17.0.15+0
15-Sep-2025 00:05:10.847 INFO [main] org.apache.catalina.startup.VersionLoggerListener.log JVM Vendor:            Homebrew
15-Sep-2025 00:05:10.847 INFO [main] org.apache.catalina.startup.VersionLoggerListener.log CATALINA_BASE:         /Users/nguyendinhtanloc/Documents/Semester_1_2025/Web/Week5/tomCat
15-Sep-2025 00:05:10.847 INFO [main] org.apache.catalina.startup.VersionLoggerListener.log CATALINA_HOME:         /Users/nguyendinhtanloc/Documents/Semester_1_2025/Web/Week5/tomCat
15-Sep-2025 00:05:10.855 INFO [main] org.apache.catalina.startup.VersionLoggerListener.log Command line argument: --add-opens=java.base/java.lang=ALL-UNNAMED
15-Sep-2025 00:05:10.855 INFO [main] org.apache.catalina.startup.VersionLoggerListener.log Command line argument: --add-opens=java.base/java.lang.invoke=ALL-UNNAMED
15-Sep-2025 00:05:10.855 INFO [main] org.apache.catalina.startup.VersionLoggerListener.log Command line argument: --add-opens=java.base/java.lang.reflect=ALL-UNNAMED
15-Sep-2025 00:05:10.855 INFO [main] org.apache.catalina.startup.VersionLoggerListener.log Command line argument: --add-opens=java.base/java.io=ALL-UNNAMED
15-Sep-2025 00:05:10.855 INFO [main] org.apache.catalina.startup.VersionLoggerListener.log Command line argument: --add-opens=java.base/java.util=ALL-UNNAMED
15-Sep-2025 00:05:10.855 INFO [main] org.apache.catalina.startup.VersionLoggerListener.log Command line argument: --add-opens=java.base/java.util.concurrent=ALL-UNNAMED
15-Sep-2025 00:05:10.855 INFO [main] org.apache.catalina.startup.VersionLoggerListener.log Command line argument: --add-opens=java.rmi/sun.rmi.transport=ALL-UNNAMED
15-Sep-2025 00:05:10.855 INFO [main] org.apache.catalina.startup.VersionLoggerListener.log Command line argument: -Djava.util.logging.config.file=/Users/nguyendinhtanloc/Documents/Semester_1_2025/Web/Week5/tomCat/conf/logging.properties
15-Sep-2025 00:05:10.855 INFO [main] org.apache.catalina.startup.VersionLoggerListener.log Command line argument: -Djava.util.logging.manager=org.apache.juli.ClassLoaderLogManager
15-Sep-2025 00:05:10.855 INFO [main] org.apache.catalina.startup.VersionLoggerListener.log Command line argument: -Djdk.tls.ephemeralDHKeySize=2048
15-Sep-2025 00:05:10.855 INFO [main] org.apache.catalina.startup.VersionLoggerListener.log Command line argument: -Djava.protocol.handler.pkgs=org.apache.catalina.webresources
15-Sep-2025 00:05:10.855 INFO [main] org.apache.catalina.startup.VersionLoggerListener.log Command line argument: -Dsun.io.useCanonCaches=false
15-Sep-2025 00:05:10.855 INFO [main] org.apache.catalina.startup.VersionLoggerListener.log Command line argument: -Dorg.apache.catalina.security.SecurityListener.UMASK=0027
15-Sep-2025 00:05:10.855 INFO [main] org.apache.catalina.startup.VersionLoggerListener.log Command line argument: -Dignore.endorsed.dirs=
15-Sep-2025 00:05:10.855 INFO [main] org.apache.catalina.startup.VersionLoggerListener.log Command line argument: -Dcatalina.base=/Users/nguyendinhtanloc/Documents/Semester_1_2025/Web/Week5/tomCat
15-Sep-2025 00:05:10.855 INFO [main] org.apache.catalina.startup.VersionLoggerListener.log Command line argument: -Dcatalina.home=/Users/nguyendinhtanloc/Documents/Semester_1_2025/Web/Week5/tomCat
15-Sep-2025 00:05:10.855 INFO [main] org.apache.catalina.startup.VersionLoggerListener.log Command line argument: -Djava.io.tmpdir=/Users/nguyendinhtanloc/Documents/Semester_1_2025/Web/Week5/tomCat/temp
15-Sep-2025 00:05:10.860 INFO [main] org.apache.catalina.core.AprLifecycleListener.lifecycleEvent The Apache Tomcat Native library which allows using OpenSSL was not found on the java.library.path: [/Users/nguyendinhtanloc/Library/Java/Extensions:/Library/Java/Extensions:/Network/Library/Java/Extensions:/System/Library/Java/Extensions:/usr/lib/java:.]
15-Sep-2025 00:05:10.996 INFO [main] org.apache.coyote.AbstractProtocol.init Initializing ProtocolHandler ["http-nio-8080"]
15-Sep-2025 00:05:11.005 SEVERE [main] org.apache.catalina.util.LifecycleBase.handleSubClassException Failed to initialize component [Connector["http-nio-8080"]]
	org.apache.catalina.LifecycleException: Protocol handler initialization failed
		at org.apache.catalina.connector.Connector.initInternal(Connector.java:1072)
		at org.apache.catalina.util.LifecycleBase.init(LifecycleBase.java:122)
		at org.apache.catalina.core.StandardService.initInternal(StandardService.java:522)
		at org.apache.catalina.util.LifecycleBase.init(LifecycleBase.java:122)
		at org.apache.catalina.core.StandardServer.initInternal(StandardServer.java:986)
		at org.apache.catalina.util.LifecycleBase.init(LifecycleBase.java:122)
		at org.apache.catalina.startup.Catalina.load(Catalina.java:690)
		at org.apache.catalina.startup.Catalina.load(Catalina.java:713)
		at java.base/jdk.internal.reflect.NativeMethodAccessorImpl.invoke0(Native Method)
		at java.base/jdk.internal.reflect.NativeMethodAccessorImpl.invoke(NativeMethodAccessorImpl.java:77)
		at java.base/jdk.internal.reflect.DelegatingMethodAccessorImpl.invoke(DelegatingMethodAccessorImpl.java:43)
		at java.base/java.lang.reflect.Method.invoke(Method.java:569)
		at org.apache.catalina.startup.Bootstrap.load(Bootstrap.java:302)
		at org.apache.catalina.startup.Bootstrap.main(Bootstrap.java:475)
	Caused by: java.net.BindException: Address already in use
		at java.base/sun.nio.ch.Net.bind0(Native Method)
		at java.base/sun.nio.ch.Net.bind(Net.java:555)
		at java.base/sun.nio.ch.ServerSocketChannelImpl.netBind(ServerSocketChannelImpl.java:337)
		at java.base/sun.nio.ch.ServerSocketChannelImpl.bind(ServerSocketChannelImpl.java:294)
		at org.apache.tomcat.util.net.NioEndpoint.initServerSocket(NioEndpoint.java:298)
		at org.apache.tomcat.util.net.NioEndpoint.bind(NioEndpoint.java:253)
		at org.apache.tomcat.util.net.AbstractEndpoint.bindWithCleanup(AbstractEndpoint.java:1465)
		at org.apache.tomcat.util.net.AbstractEndpoint.init(AbstractEndpoint.java:1478)
		at org.apache.coyote.AbstractProtocol.init(AbstractProtocol.java:663)
		at org.apache.coyote.http11.AbstractHttp11Protocol.init(AbstractHttp11Protocol.java:80)
		at org.apache.catalina.connector.Connector.initInternal(Connector.java:1070)
		... 13 more
15-Sep-2025 00:05:11.006 INFO [main] org.apache.catalina.startup.Catalina.load Server initialization in [259] milliseconds
15-Sep-2025 00:05:11.022 INFO [main] org.apache.catalina.core.StandardService.startInternal Starting service [Catalina]
15-Sep-2025 00:05:11.022 INFO [main] org.apache.catalina.core.StandardEngine.startInternal Starting Servlet engine: [Apache Tomcat/9.0.108]
15-Sep-2025 00:05:11.027 INFO [main] org.apache.catalina.startup.HostConfig.deployWAR Deploying web application archive [/Users/nguyendinhtanloc/Documents/Semester_1_2025/Web/Week5/tomCat/webapps/Lesson.war]
15-Sep-2025 00:05:11.199 INFO [main] org.apache.catalina.startup.HostConfig.deployWAR Deployment of web application archive [/Users/nguyendinhtanloc/Documents/Semester_1_2025/Web/Week5/tomCat/webapps/Lesson.war] has finished in [172] ms
15-Sep-2025 00:05:11.200 INFO [main] org.apache.catalina.startup.HostConfig.deployDirectory Deploying web application directory [/Users/nguyendinhtanloc/Documents/Semester_1_2025/Web/Week5/tomCat/webapps/docs]
15-Sep-2025 00:05:11.211 INFO [main] org.apache.catalina.startup.HostConfig.deployDirectory Deployment of web application directory [/Users/nguyendinhtanloc/Documents/Semester_1_2025/Web/Week5/tomCat/webapps/docs] has finished in [11] ms
15-Sep-2025 00:05:11.211 INFO [main] org.apache.catalina.startup.HostConfig.deployDirectory Deploying web application directory [/Users/nguyendinhtanloc/Documents/Semester_1_2025/Web/Week5/tomCat/webapps/manager]
15-Sep-2025 00:05:11.231 INFO [main] org.apache.catalina.startup.HostConfig.deployDirectory Deployment of web application directory [/Users/nguyendinhtanloc/Documents/Semester_1_2025/Web/Week5/tomCat/webapps/manager] has finished in [20] ms
15-Sep-2025 00:05:11.232 INFO [main] org.apache.catalina.startup.HostConfig.deployDirectory Deploying web application directory [/Users/nguyendinhtanloc/Documents/Semester_1_2025/Web/Week5/tomCat/webapps/examples]
15-Sep-2025 00:05:11.314 INFO [main] org.apache.catalina.startup.HostConfig.deployDirectory Deployment of web application directory [/Users/nguyendinhtanloc/Documents/Semester_1_2025/Web/Week5/tomCat/webapps/examples] has finished in [82] ms
15-Sep-2025 00:05:11.315 INFO [main] org.apache.catalina.startup.HostConfig.deployDirectory Deploying web application directory [/Users/nguyendinhtanloc/Documents/Semester_1_2025/Web/Week5/tomCat/webapps/ROOT]
15-Sep-2025 00:05:11.321 INFO [main] org.apache.catalina.startup.HostConfig.deployDirectory Deployment of web application directory [/Users/nguyendinhtanloc/Documents/Semester_1_2025/Web/Week5/tomCat/webapps/ROOT] has finished in [6] ms
15-Sep-2025 00:05:11.321 INFO [main] org.apache.catalina.startup.HostConfig.deployDirectory Deploying web application directory [/Users/nguyendinhtanloc/Documents/Semester_1_2025/Web/Week5/tomCat/webapps/host-manager]
15-Sep-2025 00:05:11.329 INFO [main] org.apache.catalina.startup.HostConfig.deployDirectory Deployment of web application directory [/Users/nguyendinhtanloc/Documents/Semester_1_2025/Web/Week5/tomCat/webapps/host-manager] has finished in [8] ms
15-Sep-2025 00:05:11.330 INFO [main] org.apache.catalina.startup.Catalina.start Server startup in [324] milliseconds
15-Sep-2025 00:05:11.336 SEVERE [main] org.apache.catalina.core.StandardServer.await Failed to create server shutdown socket on address [localhost] and port [8005] (base port [8005] and offset [0])
	java.net.BindException: Address already in use
		at java.base/sun.nio.ch.Net.bind0(Native Method)
		at java.base/sun.nio.ch.Net.bind(Net.java:555)
		at java.base/sun.nio.ch.Net.bind(Net.java:544)
		at java.base/sun.nio.ch.NioSocketImpl.bind(NioSocketImpl.java:648)
		at java.base/java.net.ServerSocket.bind(ServerSocket.java:388)
		at java.base/java.net.ServerSocket.<init>(ServerSocket.java:274)
		at org.apache.catalina.core.StandardServer.await(StandardServer.java:537)
		at org.apache.catalina.startup.Catalina.await(Catalina.java:829)
		at org.apache.catalina.startup.Catalina.start(Catalina.java:777)
		at java.base/jdk.internal.reflect.NativeMethodAccessorImpl.invoke0(Native Method)
		at java.base/jdk.internal.reflect.NativeMethodAccessorImpl.invoke(NativeMethodAccessorImpl.java:77)
		at java.base/jdk.internal.reflect.DelegatingMethodAccessorImpl.invoke(DelegatingMethodAccessorImpl.java:43)
		at java.base/java.lang.reflect.Method.invoke(Method.java:569)
		at org.apache.catalina.startup.Bootstrap.start(Bootstrap.java:345)
		at org.apache.catalina.startup.Bootstrap.main(Bootstrap.java:476)
15-Sep-2025 00:05:11.336 INFO [main] org.apache.coyote.AbstractProtocol.pause Pausing ProtocolHandler ["http-nio-8080"]
15-Sep-2025 00:05:11.336 INFO [main] org.apache.catalina.core.StandardService.stopInternal Stopping service [Catalina]
15-Sep-2025 00:05:11.345 INFO [main] org.apache.coyote.AbstractProtocol.stop Stopping ProtocolHandler ["http-nio-8080"]
15-Sep-2025 00:05:11.345 INFO [main] org.apache.coyote.AbstractProtocol.destroy Destroying ProtocolHandler ["http-nio-8080"]
15-Sep-2025 00:05:11.998 INFO [main] org.apache.catalina.core.StandardServer.await A valid shutdown command was received via the shutdown port. Stopping the Server instance.
15-Sep-2025 00:05:11.999 INFO [main] org.apache.coyote.AbstractProtocol.pause Pausing ProtocolHandler ["http-nio-8080"]
15-Sep-2025 00:05:12.000 INFO [main] org.apache.catalina.core.StandardService.stopInternal Stopping service [Catalina]
15-Sep-2025 00:05:12.007 INFO [main] org.apache.coyote.AbstractProtocol.stop Stopping ProtocolHandler ["http-nio-8080"]
15-Sep-2025 00:05:12.009 INFO [main] org.apache.coyote.AbstractProtocol.destroy Destroying ProtocolHandler ["http-nio-8080"]
15-Sep-2025 00:05:13.039 INFO [main] org.apache.catalina.startup.VersionLoggerListener.log Server version name:   Apache Tomcat/9.0.108
15-Sep-2025 00:05:13.041 INFO [main] org.apache.catalina.startup.VersionLoggerListener.log Server built:          Jul 31 2025 18:19:48 UTC
15-Sep-2025 00:05:13.041 INFO [main] org.apache.catalina.startup.VersionLoggerListener.log Server version number: 9.0.108.0
15-Sep-2025 00:05:13.041 INFO [main] org.apache.catalina.startup.VersionLoggerListener.log OS Name:               Mac OS X
15-Sep-2025 00:05:13.041 INFO [main] org.apache.catalina.startup.VersionLoggerListener.log OS Version:            15.6.1
15-Sep-2025 00:05:13.041 INFO [main] org.apache.catalina.startup.VersionLoggerListener.log Architecture:          aarch64
15-Sep-2025 00:05:13.041 INFO [main] org.apache.catalina.startup.VersionLoggerListener.log Java Home:             /opt/homebrew/Cellar/openjdk@17/17.0.15/libexec/openjdk.jdk/Contents/Home
15-Sep-2025 00:05:13.041 INFO [main] org.apache.catalina.startup.VersionLoggerListener.log JVM Version:           17.0.15+0
15-Sep-2025 00:05:13.041 INFO [main] org.apache.catalina.startup.VersionLoggerListener.log JVM Vendor:            Homebrew
15-Sep-2025 00:05:13.041 INFO [main] org.apache.catalina.startup.VersionLoggerListener.log CATALINA_BASE:         /Users/nguyendinhtanloc/Documents/Semester_1_2025/Web/Week5/tomCat
15-Sep-2025 00:05:13.041 INFO [main] org.apache.catalina.startup.VersionLoggerListener.log CATALINA_HOME:         /Users/nguyendinhtanloc/Documents/Semester_1_2025/Web/Week5/tomCat
15-Sep-2025 00:05:13.045 INFO [main] org.apache.catalina.startup.VersionLoggerListener.log Command line argument: --add-opens=java.base/java.lang=ALL-UNNAMED
15-Sep-2025 00:05:13.046 INFO [main] org.apache.catalina.startup.VersionLoggerListener.log Command line argument: --add-opens=java.base/java.lang.invoke=ALL-UNNAMED
15-Sep-2025 00:05:13.046 INFO [main] org.apache.catalina.startup.VersionLoggerListener.log Command line argument: --add-opens=java.base/java.lang.reflect=ALL-UNNAMED
15-Sep-2025 00:05:13.046 INFO [main] org.apache.catalina.startup.VersionLoggerListener.log Command line argument: --add-opens=java.base/java.io=ALL-UNNAMED
15-Sep-2025 00:05:13.046 INFO [main] org.apache.catalina.startup.VersionLoggerListener.log Command line argument: --add-opens=java.base/java.util=ALL-UNNAMED
15-Sep-2025 00:05:13.046 INFO [main] org.apache.catalina.startup.VersionLoggerListener.log Command line argument: --add-opens=java.base/java.util.concurrent=ALL-UNNAMED
15-Sep-2025 00:05:13.046 INFO [main] org.apache.catalina.startup.VersionLoggerListener.log Command line argument: --add-opens=java.rmi/sun.rmi.transport=ALL-UNNAMED
15-Sep-2025 00:05:13.046 INFO [main] org.apache.catalina.startup.VersionLoggerListener.log Command line argument: -Djava.util.logging.config.file=/Users/nguyendinhtanloc/Documents/Semester_1_2025/Web/Week5/tomCat/conf/logging.properties
15-Sep-2025 00:05:13.046 INFO [main] org.apache.catalina.startup.VersionLoggerListener.log Command line argument: -Djava.util.logging.manager=org.apache.juli.ClassLoaderLogManager
15-Sep-2025 00:05:13.046 INFO [main] org.apache.catalina.startup.VersionLoggerListener.log Command line argument: -Djdk.tls.ephemeralDHKeySize=2048
15-Sep-2025 00:05:13.046 INFO [main] org.apache.catalina.startup.VersionLoggerListener.log Command line argument: -Djava.protocol.handler.pkgs=org.apache.catalina.webresources
15-Sep-2025 00:05:13.046 INFO [main] org.apache.catalina.startup.VersionLoggerListener.log Command line argument: -Dsun.io.useCanonCaches=false
15-Sep-2025 00:05:13.046 INFO [main] org.apache.catalina.startup.VersionLoggerListener.log Command line argument: -Dorg.apache.catalina.security.SecurityListener.UMASK=0027
15-Sep-2025 00:05:13.046 INFO [main] org.apache.catalina.startup.VersionLoggerListener.log Command line argument: -Dignore.endorsed.dirs=
15-Sep-2025 00:05:13.046 INFO [main] org.apache.catalina.startup.VersionLoggerListener.log Command line argument: -Dcatalina.base=/Users/nguyendinhtanloc/Documents/Semester_1_2025/Web/Week5/tomCat
15-Sep-2025 00:05:13.046 INFO [main] org.apache.catalina.startup.VersionLoggerListener.log Command line argument: -Dcatalina.home=/Users/nguyendinhtanloc/Documents/Semester_1_2025/Web/Week5/tomCat
15-Sep-2025 00:05:13.046 INFO [main] org.apache.catalina.startup.VersionLoggerListener.log Command line argument: -Djava.io.tmpdir=/Users/nguyendinhtanloc/Documents/Semester_1_2025/Web/Week5/tomCat/temp
15-Sep-2025 00:05:13.051 INFO [main] org.apache.catalina.core.AprLifecycleListener.lifecycleEvent The Apache Tomcat Native library which allows using OpenSSL was not found on the java.library.path: [/Users/nguyendinhtanloc/Library/Java/Extensions:/Library/Java/Extensions:/Network/Library/Java/Extensions:/System/Library/Java/Extensions:/usr/lib/java:.]
15-Sep-2025 00:05:13.172 INFO [main] org.apache.coyote.AbstractProtocol.init Initializing ProtocolHandler ["http-nio-8080"]
15-Sep-2025 00:05:13.183 INFO [main] org.apache.catalina.startup.Catalina.load Server initialization in [218] milliseconds
15-Sep-2025 00:05:13.195 INFO [main] org.apache.catalina.core.StandardService.startInternal Starting service [Catalina]
15-Sep-2025 00:05:13.195 INFO [main] org.apache.catalina.core.StandardEngine.startInternal Starting Servlet engine: [Apache Tomcat/9.0.108]
15-Sep-2025 00:05:13.200 INFO [main] org.apache.catalina.startup.HostConfig.deployWAR Deploying web application archive [/Users/nguyendinhtanloc/Documents/Semester_1_2025/Web/Week5/tomCat/webapps/Lesson.war]
15-Sep-2025 00:05:13.350 INFO [main] org.apache.catalina.startup.HostConfig.deployWAR Deployment of web application archive [/Users/nguyendinhtanloc/Documents/Semester_1_2025/Web/Week5/tomCat/webapps/Lesson.war] has finished in [150] ms
15-Sep-2025 00:05:13.350 INFO [main] org.apache.catalina.startup.HostConfig.deployDirectory Deploying web application directory [/Users/nguyendinhtanloc/Documents/Semester_1_2025/Web/Week5/tomCat/webapps/docs]
15-Sep-2025 00:05:13.360 INFO [main] org.apache.catalina.startup.HostConfig.deployDirectory Deployment of web application directory [/Users/nguyendinhtanloc/Documents/Semester_1_2025/Web/Week5/tomCat/webapps/docs] has finished in [10] ms
15-Sep-2025 00:05:13.360 INFO [main] org.apache.catalina.startup.HostConfig.deployDirectory Deploying web application directory [/Users/nguyendinhtanloc/Documents/Semester_1_2025/Web/Week5/tomCat/webapps/manager]
15-Sep-2025 00:05:13.376 INFO [main] org.apache.catalina.startup.HostConfig.deployDirectory Deployment of web application directory [/Users/nguyendinhtanloc/Documents/Semester_1_2025/Web/Week5/tomCat/webapps/manager] has finished in [16] ms
15-Sep-2025 00:05:13.377 INFO [main] org.apache.catalina.startup.HostConfig.deployDirectory Deploying web application directory [/Users/nguyendinhtanloc/Documents/Semester_1_2025/Web/Week5/tomCat/webapps/examples]
15-Sep-2025 00:05:13.442 INFO [main] org.apache.catalina.startup.HostConfig.deployDirectory Deployment of web application directory [/Users/nguyendinhtanloc/Documents/Semester_1_2025/Web/Week5/tomCat/webapps/examples] has finished in [65] ms
15-Sep-2025 00:05:13.442 INFO [main] org.apache.catalina.startup.HostConfig.deployDirectory Deploying web application directory [/Users/nguyendinhtanloc/Documents/Semester_1_2025/Web/Week5/tomCat/webapps/ROOT]
15-Sep-2025 00:05:13.448 INFO [main] org.apache.catalina.startup.HostConfig.deployDirectory Deployment of web application directory [/Users/nguyendinhtanloc/Documents/Semester_1_2025/Web/Week5/tomCat/webapps/ROOT] has finished in [6] ms
15-Sep-2025 00:05:13.448 INFO [main] org.apache.catalina.startup.HostConfig.deployDirectory Deploying web application directory [/Users/nguyendinhtanloc/Documents/Semester_1_2025/Web/Week5/tomCat/webapps/host-manager]
15-Sep-2025 00:05:13.456 INFO [main] org.apache.catalina.startup.HostConfig.deployDirectory Deployment of web application directory [/Users/nguyendinhtanloc/Documents/Semester_1_2025/Web/Week5/tomCat/webapps/host-manager] has finished in [8] ms
15-Sep-2025 00:05:13.457 INFO [main] org.apache.coyote.AbstractProtocol.start Starting ProtocolHandler ["http-nio-8080"]
15-Sep-2025 00:05:13.464 INFO [main] org.apache.catalina.startup.Catalina.start Server startup in [281] milliseconds
15-Sep-2025 00:06:59.410 INFO [main] org.apache.catalina.core.StandardServer.await A valid shutdown command was received via the shutdown port. Stopping the Server instance.
15-Sep-2025 00:06:59.413 INFO [main] org.apache.coyote.AbstractProtocol.pause Pausing ProtocolHandler ["http-nio-8080"]
15-Sep-2025 00:06:59.419 INFO [main] org.apache.catalina.core.StandardService.stopInternal Stopping service [Catalina]
15-Sep-2025 00:06:59.440 INFO [main] org.apache.coyote.AbstractProtocol.stop Stopping ProtocolHandler ["http-nio-8080"]
15-Sep-2025 00:06:59.452 INFO [main] org.apache.coyote.AbstractProtocol.destroy Destroying ProtocolHandler ["http-nio-8080"]
15-Sep-2025 00:08:32.730 INFO [main] org.apache.catalina.startup.VersionLoggerListener.log Server version name:   Apache Tomcat/9.0.108
15-Sep-2025 00:08:32.732 INFO [main] org.apache.catalina.startup.VersionLoggerListener.log Server built:          Jul 31 2025 18:19:48 UTC
15-Sep-2025 00:08:32.732 INFO [main] org.apache.catalina.startup.VersionLoggerListener.log Server version number: 9.0.108.0
15-Sep-2025 00:08:32.732 INFO [main] org.apache.catalina.startup.VersionLoggerListener.log OS Name:               Mac OS X
15-Sep-2025 00:08:32.732 INFO [main] org.apache.catalina.startup.VersionLoggerListener.log OS Version:            15.6.1
15-Sep-2025 00:08:32.733 INFO [main] org.apache.catalina.startup.VersionLoggerListener.log Architecture:          aarch64
15-Sep-2025 00:08:32.733 INFO [main] org.apache.catalina.startup.VersionLoggerListener.log Java Home:             /opt/homebrew/Cellar/openjdk@17/17.0.15/libexec/openjdk.jdk/Contents/Home
15-Sep-2025 00:08:32.733 INFO [main] org.apache.catalina.startup.VersionLoggerListener.log JVM Version:           17.0.15+0
15-Sep-2025 00:08:32.733 INFO [main] org.apache.catalina.startup.VersionLoggerListener.log JVM Vendor:            Homebrew
15-Sep-2025 00:08:32.733 INFO [main] org.apache.catalina.startup.VersionLoggerListener.log CATALINA_BASE:         /Users/nguyendinhtanloc/Documents/Semester_1_2025/Web/Week5/tomCat
15-Sep-2025 00:08:32.733 INFO [main] org.apache.catalina.startup.VersionLoggerListener.log CATALINA_HOME:         /Users/nguyendinhtanloc/Documents/Semester_1_2025/Web/Week5/tomCat
15-Sep-2025 00:08:32.739 INFO [main] org.apache.catalina.startup.VersionLoggerListener.log Command line argument: --add-opens=java.base/java.lang=ALL-UNNAMED
15-Sep-2025 00:08:32.739 INFO [main] org.apache.catalina.startup.VersionLoggerListener.log Command line argument: --add-opens=java.base/java.lang.invoke=ALL-UNNAMED
15-Sep-2025 00:08:32.739 INFO [main] org.apache.catalina.startup.VersionLoggerListener.log Command line argument: --add-opens=java.base/java.lang.reflect=ALL-UNNAMED
15-Sep-2025 00:08:32.739 INFO [main] org.apache.catalina.startup.VersionLoggerListener.log Command line argument: --add-opens=java.base/java.io=ALL-UNNAMED
15-Sep-2025 00:08:32.739 INFO [main] org.apache.catalina.startup.VersionLoggerListener.log Command line argument: --add-opens=java.base/java.util=ALL-UNNAMED
15-Sep-2025 00:08:32.739 INFO [main] org.apache.catalina.startup.VersionLoggerListener.log Command line argument: --add-opens=java.base/java.util.concurrent=ALL-UNNAMED
15-Sep-2025 00:08:32.739 INFO [main] org.apache.catalina.startup.VersionLoggerListener.log Command line argument: --add-opens=java.rmi/sun.rmi.transport=ALL-UNNAMED
15-Sep-2025 00:08:32.739 INFO [main] org.apache.catalina.startup.VersionLoggerListener.log Command line argument: -Djava.util.logging.config.file=/Users/nguyendinhtanloc/Documents/Semester_1_2025/Web/Week5/tomCat/conf/logging.properties
15-Sep-2025 00:08:32.740 INFO [main] org.apache.catalina.startup.VersionLoggerListener.log Command line argument: -Djava.util.logging.manager=org.apache.juli.ClassLoaderLogManager
15-Sep-2025 00:08:32.740 INFO [main] org.apache.catalina.startup.VersionLoggerListener.log Command line argument: -Djdk.tls.ephemeralDHKeySize=2048
15-Sep-2025 00:08:32.740 INFO [main] org.apache.catalina.startup.VersionLoggerListener.log Command line argument: -Djava.protocol.handler.pkgs=org.apache.catalina.webresources
15-Sep-2025 00:08:32.740 INFO [main] org.apache.catalina.startup.VersionLoggerListener.log Command line argument: -Dsun.io.useCanonCaches=false
15-Sep-2025 00:08:32.740 INFO [main] org.apache.catalina.startup.VersionLoggerListener.log Command line argument: -Dorg.apache.catalina.security.SecurityListener.UMASK=0027
15-Sep-2025 00:08:32.740 INFO [main] org.apache.catalina.startup.VersionLoggerListener.log Command line argument: -Dignore.endorsed.dirs=
15-Sep-2025 00:08:32.740 INFO [main] org.apache.catalina.startup.VersionLoggerListener.log Command line argument: -Dcatalina.base=/Users/nguyendinhtanloc/Documents/Semester_1_2025/Web/Week5/tomCat
15-Sep-2025 00:08:32.740 INFO [main] org.apache.catalina.startup.VersionLoggerListener.log Command line argument: -Dcatalina.home=/Users/nguyendinhtanloc/Documents/Semester_1_2025/Web/Week5/tomCat
15-Sep-2025 00:08:32.740 INFO [main] org.apache.catalina.startup.VersionLoggerListener.log Command line argument: -Djava.io.tmpdir=/Users/nguyendinhtanloc/Documents/Semester_1_2025/Web/Week5/tomCat/temp
15-Sep-2025 00:08:32.745 INFO [main] org.apache.catalina.core.AprLifecycleListener.lifecycleEvent The Apache Tomcat Native library which allows using OpenSSL was not found on the java.library.path: [/Users/nguyendinhtanloc/Library/Java/Extensions:/Library/Java/Extensions:/Network/Library/Java/Extensions:/System/Library/Java/Extensions:/usr/lib/java:.]
15-Sep-2025 00:08:32.871 INFO [main] org.apache.coyote.AbstractProtocol.init Initializing ProtocolHandler ["http-nio-8080"]
15-Sep-2025 00:08:32.883 INFO [main] org.apache.catalina.startup.Catalina.load Server initialization in [235] milliseconds
15-Sep-2025 00:08:32.896 INFO [main] org.apache.catalina.core.StandardService.startInternal Starting service [Catalina]
15-Sep-2025 00:08:32.896 INFO [main] org.apache.catalina.core.StandardEngine.startInternal Starting Servlet engine: [Apache Tomcat/9.0.108]
15-Sep-2025 00:08:32.901 INFO [main] org.apache.catalina.startup.HostConfig.deployWAR Deploying web application archive [/Users/nguyendinhtanloc/Documents/Semester_1_2025/Web/Week5/tomCat/webapps/Lesson.war]
15-Sep-2025 00:08:33.096 INFO [main] org.apache.catalina.startup.HostConfig.deployWAR Deployment of web application archive [/Users/nguyendinhtanloc/Documents/Semester_1_2025/Web/Week5/tomCat/webapps/Lesson.war] has finished in [195] ms
15-Sep-2025 00:08:33.097 INFO [main] org.apache.catalina.startup.HostConfig.deployDirectory Deploying web application directory [/Users/nguyendinhtanloc/Documents/Semester_1_2025/Web/Week5/tomCat/webapps/docs]
15-Sep-2025 00:08:33.108 INFO [main] org.apache.catalina.startup.HostConfig.deployDirectory Deployment of web application directory [/Users/nguyendinhtanloc/Documents/Semester_1_2025/Web/Week5/tomCat/webapps/docs] has finished in [11] ms
15-Sep-2025 00:08:33.108 INFO [main] org.apache.catalina.startup.HostConfig.deployDirectory Deploying web application directory [/Users/nguyendinhtanloc/Documents/Semester_1_2025/Web/Week5/tomCat/webapps/manager]
15-Sep-2025 00:08:33.129 INFO [main] org.apache.catalina.startup.HostConfig.deployDirectory Deployment of web application directory [/Users/nguyendinhtanloc/Documents/Semester_1_2025/Web/Week5/tomCat/webapps/manager] has finished in [21] ms
15-Sep-2025 00:08:33.129 INFO [main] org.apache.catalina.startup.HostConfig.deployDirectory Deploying web application directory [/Users/nguyendinhtanloc/Documents/Semester_1_2025/Web/Week5/tomCat/webapps/examples]
15-Sep-2025 00:08:33.211 INFO [main] org.apache.catalina.startup.HostConfig.deployDirectory Deployment of web application directory [/Users/nguyendinhtanloc/Documents/Semester_1_2025/Web/Week5/tomCat/webapps/examples] has finished in [82] ms
15-Sep-2025 00:08:33.211 INFO [main] org.apache.catalina.startup.HostConfig.deployDirectory Deploying web application directory [/Users/nguyendinhtanloc/Documents/Semester_1_2025/Web/Week5/tomCat/webapps/ROOT]
15-Sep-2025 00:08:33.217 INFO [main] org.apache.catalina.startup.HostConfig.deployDirectory Deployment of web application directory [/Users/nguyendinhtanloc/Documents/Semester_1_2025/Web/Week5/tomCat/webapps/ROOT] has finished in [6] ms
15-Sep-2025 00:08:33.217 INFO [main] org.apache.catalina.startup.HostConfig.deployDirectory Deploying web application directory [/Users/nguyendinhtanloc/Documents/Semester_1_2025/Web/Week5/tomCat/webapps/host-manager]
15-Sep-2025 00:08:33.224 INFO [main] org.apache.catalina.startup.HostConfig.deployDirectory Deployment of web application directory [/Users/nguyendinhtanloc/Documents/Semester_1_2025/Web/Week5/tomCat/webapps/host-manager] has finished in [7] ms
15-Sep-2025 00:08:33.225 INFO [main] org.apache.coyote.AbstractProtocol.start Starting ProtocolHandler ["http-nio-8080"]
15-Sep-2025 00:08:33.229 INFO [main] org.apache.catalina.startup.Catalina.start Server startup in [346] milliseconds
15-Sep-2025 00:08:34.600 INFO [main] org.apache.catalina.core.StandardServer.await A valid shutdown command was received via the shutdown port. Stopping the Server instance.
15-Sep-2025 00:08:34.600 INFO [main] org.apache.coyote.AbstractProtocol.pause Pausing ProtocolHandler ["http-nio-8080"]
15-Sep-2025 00:08:34.602 INFO [main] org.apache.catalina.core.StandardService.stopInternal Stopping service [Catalina]
15-Sep-2025 00:08:34.628 INFO [main] org.apache.coyote.AbstractProtocol.stop Stopping ProtocolHandler ["http-nio-8080"]
15-Sep-2025 00:08:34.635 INFO [main] org.apache.coyote.AbstractProtocol.destroy Destroying ProtocolHandler ["http-nio-8080"]
15-Sep-2025 00:08:36.094 INFO [main] org.apache.catalina.startup.VersionLoggerListener.log Server version name:   Apache Tomcat/9.0.108
15-Sep-2025 00:08:36.096 INFO [main] org.apache.catalina.startup.VersionLoggerListener.log Server built:          Jul 31 2025 18:19:48 UTC
15-Sep-2025 00:08:36.096 INFO [main] org.apache.catalina.startup.VersionLoggerListener.log Server version number: 9.0.108.0
15-Sep-2025 00:08:36.096 INFO [main] org.apache.catalina.startup.VersionLoggerListener.log OS Name:               Mac OS X
15-Sep-2025 00:08:36.096 INFO [main] org.apache.catalina.startup.VersionLoggerListener.log OS Version:            15.6.1
15-Sep-2025 00:08:36.096 INFO [main] org.apache.catalina.startup.VersionLoggerListener.log Architecture:          aarch64
15-Sep-2025 00:08:36.096 INFO [main] org.apache.catalina.startup.VersionLoggerListener.log Java Home:             /opt/homebrew/Cellar/openjdk@17/17.0.15/libexec/openjdk.jdk/Contents/Home
15-Sep-2025 00:08:36.096 INFO [main] org.apache.catalina.startup.VersionLoggerListener.log JVM Version:           17.0.15+0
15-Sep-2025 00:08:36.096 INFO [main] org.apache.catalina.startup.VersionLoggerListener.log JVM Vendor:            Homebrew
15-Sep-2025 00:08:36.096 INFO [main] org.apache.catalina.startup.VersionLoggerListener.log CATALINA_BASE:         /Users/nguyendinhtanloc/Documents/Semester_1_2025/Web/Week5/tomCat
15-Sep-2025 00:08:36.097 INFO [main] org.apache.catalina.startup.VersionLoggerListener.log CATALINA_HOME:         /Users/nguyendinhtanloc/Documents/Semester_1_2025/Web/Week5/tomCat
15-Sep-2025 00:08:36.101 INFO [main] org.apache.catalina.startup.VersionLoggerListener.log Command line argument: --add-opens=java.base/java.lang=ALL-UNNAMED
15-Sep-2025 00:08:36.101 INFO [main] org.apache.catalina.startup.VersionLoggerListener.log Command line argument: --add-opens=java.base/java.lang.invoke=ALL-UNNAMED
15-Sep-2025 00:08:36.101 INFO [main] org.apache.catalina.startup.VersionLoggerListener.log Command line argument: --add-opens=java.base/java.lang.reflect=ALL-UNNAMED
15-Sep-2025 00:08:36.101 INFO [main] org.apache.catalina.startup.VersionLoggerListener.log Command line argument: --add-opens=java.base/java.io=ALL-UNNAMED
15-Sep-2025 00:08:36.101 INFO [main] org.apache.catalina.startup.VersionLoggerListener.log Command line argument: --add-opens=java.base/java.util=ALL-UNNAMED
15-Sep-2025 00:08:36.101 INFO [main] org.apache.catalina.startup.VersionLoggerListener.log Command line argument: --add-opens=java.base/java.util.concurrent=ALL-UNNAMED
15-Sep-2025 00:08:36.101 INFO [main] org.apache.catalina.startup.VersionLoggerListener.log Command line argument: --add-opens=java.rmi/sun.rmi.transport=ALL-UNNAMED
15-Sep-2025 00:08:36.101 INFO [main] org.apache.catalina.startup.VersionLoggerListener.log Command line argument: -Djava.util.logging.config.file=/Users/nguyendinhtanloc/Documents/Semester_1_2025/Web/Week5/tomCat/conf/logging.properties
15-Sep-2025 00:08:36.101 INFO [main] org.apache.catalina.startup.VersionLoggerListener.log Command line argument: -Djava.util.logging.manager=org.apache.juli.ClassLoaderLogManager
15-Sep-2025 00:08:36.101 INFO [main] org.apache.catalina.startup.VersionLoggerListener.log Command line argument: -Djdk.tls.ephemeralDHKeySize=2048
15-Sep-2025 00:08:36.101 INFO [main] org.apache.catalina.startup.VersionLoggerListener.log Command line argument: -Djava.protocol.handler.pkgs=org.apache.catalina.webresources
15-Sep-2025 00:08:36.101 INFO [main] org.apache.catalina.startup.VersionLoggerListener.log Command line argument: -Dsun.io.useCanonCaches=false
15-Sep-2025 00:08:36.101 INFO [main] org.apache.catalina.startup.VersionLoggerListener.log Command line argument: -Dorg.apache.catalina.security.SecurityListener.UMASK=0027
15-Sep-2025 00:08:36.102 INFO [main] org.apache.catalina.startup.VersionLoggerListener.log Command line argument: -Dignore.endorsed.dirs=
15-Sep-2025 00:08:36.102 INFO [main] org.apache.catalina.startup.VersionLoggerListener.log Command line argument: -Dcatalina.base=/Users/nguyendinhtanloc/Documents/Semester_1_2025/Web/Week5/tomCat
15-Sep-2025 00:08:36.102 INFO [main] org.apache.catalina.startup.VersionLoggerListener.log Command line argument: -Dcatalina.home=/Users/nguyendinhtanloc/Documents/Semester_1_2025/Web/Week5/tomCat
15-Sep-2025 00:08:36.102 INFO [main] org.apache.catalina.startup.VersionLoggerListener.log Command line argument: -Djava.io.tmpdir=/Users/nguyendinhtanloc/Documents/Semester_1_2025/Web/Week5/tomCat/temp
15-Sep-2025 00:08:36.107 INFO [main] org.apache.catalina.core.AprLifecycleListener.lifecycleEvent The Apache Tomcat Native library which allows using OpenSSL was not found on the java.library.path: [/Users/nguyendinhtanloc/Library/Java/Extensions:/Library/Java/Extensions:/Network/Library/Java/Extensions:/System/Library/Java/Extensions:/usr/lib/java:.]
15-Sep-2025 00:08:36.235 INFO [main] org.apache.coyote.AbstractProtocol.init Initializing ProtocolHandler ["http-nio-8080"]
15-Sep-2025 00:08:36.245 INFO [main] org.apache.catalina.startup.Catalina.load Server initialization in [226] milliseconds
15-Sep-2025 00:08:36.258 INFO [main] org.apache.catalina.core.StandardService.startInternal Starting service [Catalina]
15-Sep-2025 00:08:36.258 INFO [main] org.apache.catalina.core.StandardEngine.startInternal Starting Servlet engine: [Apache Tomcat/9.0.108]
15-Sep-2025 00:08:36.262 INFO [main] org.apache.catalina.startup.HostConfig.deployWAR Deploying web application archive [/Users/nguyendinhtanloc/Documents/Semester_1_2025/Web/Week5/tomCat/webapps/Lesson.war]
15-Sep-2025 00:08:36.403 INFO [main] org.apache.catalina.startup.HostConfig.deployWAR Deployment of web application archive [/Users/nguyendinhtanloc/Documents/Semester_1_2025/Web/Week5/tomCat/webapps/Lesson.war] has finished in [141] ms
15-Sep-2025 00:08:36.403 INFO [main] org.apache.catalina.startup.HostConfig.deployDirectory Deploying web application directory [/Users/nguyendinhtanloc/Documents/Semester_1_2025/Web/Week5/tomCat/webapps/docs]
15-Sep-2025 00:08:36.412 INFO [main] org.apache.catalina.startup.HostConfig.deployDirectory Deployment of web application directory [/Users/nguyendinhtanloc/Documents/Semester_1_2025/Web/Week5/tomCat/webapps/docs] has finished in [9] ms
15-Sep-2025 00:08:36.416 INFO [main] org.apache.catalina.startup.HostConfig.deployDirectory Deploying web application directory [/Users/nguyendinhtanloc/Documents/Semester_1_2025/Web/Week5/tomCat/webapps/manager]
15-Sep-2025 00:08:36.432 INFO [main] org.apache.catalina.startup.HostConfig.deployDirectory Deployment of web application directory [/Users/nguyendinhtanloc/Documents/Semester_1_2025/Web/Week5/tomCat/webapps/manager] has finished in [16] ms
15-Sep-2025 00:08:36.432 INFO [main] org.apache.catalina.startup.HostConfig.deployDirectory Deploying web application directory [/Users/nguyendinhtanloc/Documents/Semester_1_2025/Web/Week5/tomCat/webapps/examples]
15-Sep-2025 00:08:36.495 INFO [main] org.apache.catalina.startup.HostConfig.deployDirectory Deployment of web application directory [/Users/nguyendinhtanloc/Documents/Semester_1_2025/Web/Week5/tomCat/webapps/examples] has finished in [63] ms
15-Sep-2025 00:08:36.495 INFO [main] org.apache.catalina.startup.HostConfig.deployDirectory Deploying web application directory [/Users/nguyendinhtanloc/Documents/Semester_1_2025/Web/Week5/tomCat/webapps/ROOT]
15-Sep-2025 00:08:36.501 INFO [main] org.apache.catalina.startup.HostConfig.deployDirectory Deployment of web application directory [/Users/nguyendinhtanloc/Documents/Semester_1_2025/Web/Week5/tomCat/webapps/ROOT] has finished in [6] ms
15-Sep-2025 00:08:36.501 INFO [main] org.apache.catalina.startup.HostConfig.deployDirectory Deploying web application directory [/Users/nguyendinhtanloc/Documents/Semester_1_2025/Web/Week5/tomCat/webapps/host-manager]
15-Sep-2025 00:08:36.508 INFO [main] org.apache.catalina.startup.HostConfig.deployDirectory Deployment of web application directory [/Users/nguyendinhtanloc/Documents/Semester_1_2025/Web/Week5/tomCat/webapps/host-manager] has finished in [7] ms
15-Sep-2025 00:08:36.509 INFO [main] org.apache.coyote.AbstractProtocol.start Starting ProtocolHandler ["http-nio-8080"]
15-Sep-2025 00:08:36.512 INFO [main] org.apache.catalina.startup.Catalina.start Server startup in [267] milliseconds
15-Sep-2025 00:29:06.923 INFO [main] org.apache.catalina.core.StandardServer.await A valid shutdown command was received via the shutdown port. Stopping the Server instance.
15-Sep-2025 00:29:06.926 INFO [main] org.apache.coyote.AbstractProtocol.pause Pausing ProtocolHandler ["http-nio-8080"]
15-Sep-2025 00:29:06.928 INFO [main] org.apache.catalina.core.StandardService.stopInternal Stopping service [Catalina]
15-Sep-2025 00:29:06.949 INFO [main] org.apache.coyote.AbstractProtocol.stop Stopping ProtocolHandler ["http-nio-8080"]
15-Sep-2025 00:29:06.953 INFO [main] org.apache.coyote.AbstractProtocol.destroy Destroying ProtocolHandler ["http-nio-8080"]
15-Sep-2025 00:29:48.915 INFO [main] org.apache.catalina.startup.VersionLoggerListener.log Server version name:   Apache Tomcat/9.0.108
15-Sep-2025 00:29:48.917 INFO [main] org.apache.catalina.startup.VersionLoggerListener.log Server built:          Jul 31 2025 18:19:48 UTC
15-Sep-2025 00:29:48.917 INFO [main] org.apache.catalina.startup.VersionLoggerListener.log Server version number: 9.0.108.0
15-Sep-2025 00:29:48.918 INFO [main] org.apache.catalina.startup.VersionLoggerListener.log OS Name:               Mac OS X
15-Sep-2025 00:29:48.918 INFO [main] org.apache.catalina.startup.VersionLoggerListener.log OS Version:            15.6.1
15-Sep-2025 00:29:48.918 INFO [main] org.apache.catalina.startup.VersionLoggerListener.log Architecture:          aarch64
15-Sep-2025 00:29:48.918 INFO [main] org.apache.catalina.startup.VersionLoggerListener.log Java Home:             /opt/homebrew/Cellar/openjdk@17/17.0.15/libexec/openjdk.jdk/Contents/Home
15-Sep-2025 00:29:48.918 INFO [main] org.apache.catalina.startup.VersionLoggerListener.log JVM Version:           17.0.15+0
15-Sep-2025 00:29:48.918 INFO [main] org.apache.catalina.startup.VersionLoggerListener.log JVM Vendor:            Homebrew
15-Sep-2025 00:29:48.918 INFO [main] org.apache.catalina.startup.VersionLoggerListener.log CATALINA_BASE:         /Users/nguyendinhtanloc/Documents/Semester_1_2025/Web/Week5/tomCat
15-Sep-2025 00:29:48.918 INFO [main] org.apache.catalina.startup.VersionLoggerListener.log CATALINA_HOME:         /Users/nguyendinhtanloc/Documents/Semester_1_2025/Web/Week5/tomCat
15-Sep-2025 00:29:48.925 INFO [main] org.apache.catalina.startup.VersionLoggerListener.log Command line argument: --add-opens=java.base/java.lang=ALL-UNNAMED
15-Sep-2025 00:29:48.925 INFO [main] org.apache.catalina.startup.VersionLoggerListener.log Command line argument: --add-opens=java.base/java.lang.invoke=ALL-UNNAMED
15-Sep-2025 00:29:48.925 INFO [main] org.apache.catalina.startup.VersionLoggerListener.log Command line argument: --add-opens=java.base/java.lang.reflect=ALL-UNNAMED
15-Sep-2025 00:29:48.925 INFO [main] org.apache.catalina.startup.VersionLoggerListener.log Command line argument: --add-opens=java.base/java.io=ALL-UNNAMED
15-Sep-2025 00:29:48.925 INFO [main] org.apache.catalina.startup.VersionLoggerListener.log Command line argument: --add-opens=java.base/java.util=ALL-UNNAMED
15-Sep-2025 00:29:48.925 INFO [main] org.apache.catalina.startup.VersionLoggerListener.log Command line argument: --add-opens=java.base/java.util.concurrent=ALL-UNNAMED
15-Sep-2025 00:29:48.925 INFO [main] org.apache.catalina.startup.VersionLoggerListener.log Command line argument: --add-opens=java.rmi/sun.rmi.transport=ALL-UNNAMED
15-Sep-2025 00:29:48.925 INFO [main] org.apache.catalina.startup.VersionLoggerListener.log Command line argument: -Djava.util.logging.config.file=/Users/nguyendinhtanloc/Documents/Semester_1_2025/Web/Week5/tomCat/conf/logging.properties
15-Sep-2025 00:29:48.925 INFO [main] org.apache.catalina.startup.VersionLoggerListener.log Command line argument: -Djava.util.logging.manager=org.apache.juli.ClassLoaderLogManager
15-Sep-2025 00:29:48.926 INFO [main] org.apache.catalina.startup.VersionLoggerListener.log Command line argument: -Djdk.tls.ephemeralDHKeySize=2048
15-Sep-2025 00:29:48.926 INFO [main] org.apache.catalina.startup.VersionLoggerListener.log Command line argument: -Djava.protocol.handler.pkgs=org.apache.catalina.webresources
15-Sep-2025 00:29:48.926 INFO [main] org.apache.catalina.startup.VersionLoggerListener.log Command line argument: -Dsun.io.useCanonCaches=false
15-Sep-2025 00:29:48.926 INFO [main] org.apache.catalina.startup.VersionLoggerListener.log Command line argument: -Dorg.apache.catalina.security.SecurityListener.UMASK=0027
15-Sep-2025 00:29:48.926 INFO [main] org.apache.catalina.startup.VersionLoggerListener.log Command line argument: -Dignore.endorsed.dirs=
15-Sep-2025 00:29:48.926 INFO [main] org.apache.catalina.startup.VersionLoggerListener.log Command line argument: -Dcatalina.base=/Users/nguyendinhtanloc/Documents/Semester_1_2025/Web/Week5/tomCat
15-Sep-2025 00:29:48.926 INFO [main] org.apache.catalina.startup.VersionLoggerListener.log Command line argument: -Dcatalina.home=/Users/nguyendinhtanloc/Documents/Semester_1_2025/Web/Week5/tomCat
15-Sep-2025 00:29:48.926 INFO [main] org.apache.catalina.startup.VersionLoggerListener.log Command line argument: -Djava.io.tmpdir=/Users/nguyendinhtanloc/Documents/Semester_1_2025/Web/Week5/tomCat/temp
15-Sep-2025 00:29:48.930 INFO [main] org.apache.catalina.core.AprLifecycleListener.lifecycleEvent The Apache Tomcat Native library which allows using OpenSSL was not found on the java.library.path: [/Users/nguyendinhtanloc/Library/Java/Extensions:/Library/Java/Extensions:/Network/Library/Java/Extensions:/System/Library/Java/Extensions:/usr/lib/java:.]
15-Sep-2025 00:29:49.063 INFO [main] org.apache.coyote.AbstractProtocol.init Initializing ProtocolHandler ["http-nio-8080"]
15-Sep-2025 00:29:49.077 INFO [main] org.apache.catalina.startup.Catalina.load Server initialization in [256] milliseconds
15-Sep-2025 00:29:49.125 INFO [main] org.apache.catalina.core.StandardService.startInternal Starting service [Catalina]
15-Sep-2025 00:29:49.125 INFO [main] org.apache.catalina.core.StandardEngine.startInternal Starting Servlet engine: [Apache Tomcat/9.0.108]
15-Sep-2025 00:29:49.134 INFO [main] org.apache.catalina.startup.HostConfig.deployWAR Deploying web application archive [/Users/nguyendinhtanloc/Documents/Semester_1_2025/Web/Week5/tomCat/webapps/Lesson.war]
15-Sep-2025 00:29:49.323 INFO [main] org.apache.catalina.startup.HostConfig.deployWAR Deployment of web application archive [/Users/nguyendinhtanloc/Documents/Semester_1_2025/Web/Week5/tomCat/webapps/Lesson.war] has finished in [189] ms
15-Sep-2025 00:29:49.323 INFO [main] org.apache.catalina.startup.HostConfig.deployDirectory Deploying web application directory [/Users/nguyendinhtanloc/Documents/Semester_1_2025/Web/Week5/tomCat/webapps/docs]
15-Sep-2025 00:29:49.333 INFO [main] org.apache.catalina.startup.HostConfig.deployDirectory Deployment of web application directory [/Users/nguyendinhtanloc/Documents/Semester_1_2025/Web/Week5/tomCat/webapps/docs] has finished in [10] ms
15-Sep-2025 00:29:49.333 INFO [main] org.apache.catalina.startup.HostConfig.deployDirectory Deploying web application directory [/Users/nguyendinhtanloc/Documents/Semester_1_2025/Web/Week5/tomCat/webapps/manager]
15-Sep-2025 00:29:49.349 INFO [main] org.apache.catalina.startup.HostConfig.deployDirectory Deployment of web application directory [/Users/nguyendinhtanloc/Documents/Semester_1_2025/Web/Week5/tomCat/webapps/manager] has finished in [16] ms
15-Sep-2025 00:29:49.350 INFO [main] org.apache.catalina.startup.HostConfig.deployDirectory Deploying web application directory [/Users/nguyendinhtanloc/Documents/Semester_1_2025/Web/Week5/tomCat/webapps/examples]
15-Sep-2025 00:29:49.436 INFO [main] org.apache.catalina.startup.HostConfig.deployDirectory Deployment of web application directory [/Users/nguyendinhtanloc/Documents/Semester_1_2025/Web/Week5/tomCat/webapps/examples] has finished in [86] ms
15-Sep-2025 00:29:49.436 INFO [main] org.apache.catalina.startup.HostConfig.deployDirectory Deploying web application directory [/Users/nguyendinhtanloc/Documents/Semester_1_2025/Web/Week5/tomCat/webapps/ROOT]
15-Sep-2025 00:29:49.442 INFO [main] org.apache.catalina.startup.HostConfig.deployDirectory Deployment of web application directory [/Users/nguyendinhtanloc/Documents/Semester_1_2025/Web/Week5/tomCat/webapps/ROOT] has finished in [6] ms
15-Sep-2025 00:29:49.442 INFO [main] org.apache.catalina.startup.HostConfig.deployDirectory Deploying web application directory [/Users/nguyendinhtanloc/Documents/Semester_1_2025/Web/Week5/tomCat/webapps/host-manager]
15-Sep-2025 00:29:49.449 INFO [main] org.apache.catalina.startup.HostConfig.deployDirectory Deployment of web application directory [/Users/nguyendinhtanloc/Documents/Semester_1_2025/Web/Week5/tomCat/webapps/host-manager] has finished in [7] ms
15-Sep-2025 00:29:49.450 INFO [main] org.apache.coyote.AbstractProtocol.start Starting ProtocolHandler ["http-nio-8080"]
15-Sep-2025 00:29:49.455 INFO [main] org.apache.catalina.startup.Catalina.start Server startup in [377] milliseconds
15-Sep-2025 00:29:50.242 INFO [main] org.apache.catalina.core.StandardServer.await A valid shutdown command was received via the shutdown port. Stopping the Server instance.
15-Sep-2025 00:29:50.242 INFO [main] org.apache.coyote.AbstractProtocol.pause Pausing ProtocolHandler ["http-nio-8080"]
15-Sep-2025 00:29:50.244 INFO [main] org.apache.catalina.core.StandardService.stopInternal Stopping service [Catalina]
15-Sep-2025 00:29:50.256 INFO [main] org.apache.coyote.AbstractProtocol.stop Stopping ProtocolHandler ["http-nio-8080"]
15-Sep-2025 00:29:50.269 INFO [main] org.apache.coyote.AbstractProtocol.destroy Destroying ProtocolHandler ["http-nio-8080"]
15-Sep-2025 00:29:51.691 INFO [main] org.apache.catalina.startup.VersionLoggerListener.log Server version name:   Apache Tomcat/9.0.108
15-Sep-2025 00:29:51.693 INFO [main] org.apache.catalina.startup.VersionLoggerListener.log Server built:          Jul 31 2025 18:19:48 UTC
15-Sep-2025 00:29:51.693 INFO [main] org.apache.catalina.startup.VersionLoggerListener.log Server version number: 9.0.108.0
15-Sep-2025 00:29:51.693 INFO [main] org.apache.catalina.startup.VersionLoggerListener.log OS Name:               Mac OS X
15-Sep-2025 00:29:51.693 INFO [main] org.apache.catalina.startup.VersionLoggerListener.log OS Version:            15.6.1
15-Sep-2025 00:29:51.694 INFO [main] org.apache.catalina.startup.VersionLoggerListener.log Architecture:          aarch64
15-Sep-2025 00:29:51.694 INFO [main] org.apache.catalina.startup.VersionLoggerListener.log Java Home:             /opt/homebrew/Cellar/openjdk@17/17.0.15/libexec/openjdk.jdk/Contents/Home
15-Sep-2025 00:29:51.694 INFO [main] org.apache.catalina.startup.VersionLoggerListener.log JVM Version:           17.0.15+0
15-Sep-2025 00:29:51.694 INFO [main] org.apache.catalina.startup.VersionLoggerListener.log JVM Vendor:            Homebrew
15-Sep-2025 00:29:51.694 INFO [main] org.apache.catalina.startup.VersionLoggerListener.log CATALINA_BASE:         /Users/nguyendinhtanloc/Documents/Semester_1_2025/Web/Week5/tomCat
15-Sep-2025 00:29:51.694 INFO [main] org.apache.catalina.startup.VersionLoggerListener.log CATALINA_HOME:         /Users/nguyendinhtanloc/Documents/Semester_1_2025/Web/Week5/tomCat
15-Sep-2025 00:29:51.698 INFO [main] org.apache.catalina.startup.VersionLoggerListener.log Command line argument: --add-opens=java.base/java.lang=ALL-UNNAMED
15-Sep-2025 00:29:51.698 INFO [main] org.apache.catalina.startup.VersionLoggerListener.log Command line argument: --add-opens=java.base/java.lang.invoke=ALL-UNNAMED
15-Sep-2025 00:29:51.698 INFO [main] org.apache.catalina.startup.VersionLoggerListener.log Command line argument: --add-opens=java.base/java.lang.reflect=ALL-UNNAMED
15-Sep-2025 00:29:51.698 INFO [main] org.apache.catalina.startup.VersionLoggerListener.log Command line argument: --add-opens=java.base/java.io=ALL-UNNAMED
15-Sep-2025 00:29:51.698 INFO [main] org.apache.catalina.startup.VersionLoggerListener.log Command line argument: --add-opens=java.base/java.util=ALL-UNNAMED
15-Sep-2025 00:29:51.698 INFO [main] org.apache.catalina.startup.VersionLoggerListener.log Command line argument: --add-opens=java.base/java.util.concurrent=ALL-UNNAMED
15-Sep-2025 00:29:51.698 INFO [main] org.apache.catalina.startup.VersionLoggerListener.log Command line argument: --add-opens=java.rmi/sun.rmi.transport=ALL-UNNAMED
15-Sep-2025 00:29:51.698 INFO [main] org.apache.catalina.startup.VersionLoggerListener.log Command line argument: -Djava.util.logging.config.file=/Users/nguyendinhtanloc/Documents/Semester_1_2025/Web/Week5/tomCat/conf/logging.properties
15-Sep-2025 00:29:51.698 INFO [main] org.apache.catalina.startup.VersionLoggerListener.log Command line argument: -Djava.util.logging.manager=org.apache.juli.ClassLoaderLogManager
15-Sep-2025 00:29:51.698 INFO [main] org.apache.catalina.startup.VersionLoggerListener.log Command line argument: -Djdk.tls.ephemeralDHKeySize=2048
15-Sep-2025 00:29:51.698 INFO [main] org.apache.catalina.startup.VersionLoggerListener.log Command line argument: -Djava.protocol.handler.pkgs=org.apache.catalina.webresources
15-Sep-2025 00:29:51.698 INFO [main] org.apache.catalina.startup.VersionLoggerListener.log Command line argument: -Dsun.io.useCanonCaches=false
15-Sep-2025 00:29:51.699 INFO [main] org.apache.catalina.startup.VersionLoggerListener.log Command line argument: -Dorg.apache.catalina.security.SecurityListener.UMASK=0027
15-Sep-2025 00:29:51.699 INFO [main] org.apache.catalina.startup.VersionLoggerListener.log Command line argument: -Dignore.endorsed.dirs=
15-Sep-2025 00:29:51.699 INFO [main] org.apache.catalina.startup.VersionLoggerListener.log Command line argument: -Dcatalina.base=/Users/nguyendinhtanloc/Documents/Semester_1_2025/Web/Week5/tomCat
15-Sep-2025 00:29:51.699 INFO [main] org.apache.catalina.startup.VersionLoggerListener.log Command line argument: -Dcatalina.home=/Users/nguyendinhtanloc/Documents/Semester_1_2025/Web/Week5/tomCat
15-Sep-2025 00:29:51.699 INFO [main] org.apache.catalina.startup.VersionLoggerListener.log Command line argument: -Djava.io.tmpdir=/Users/nguyendinhtanloc/Documents/Semester_1_2025/Web/Week5/tomCat/temp
15-Sep-2025 00:29:51.703 INFO [main] org.apache.catalina.core.AprLifecycleListener.lifecycleEvent The Apache Tomcat Native library which allows using OpenSSL was not found on the java.library.path: [/Users/nguyendinhtanloc/Library/Java/Extensions:/Library/Java/Extensions:/Network/Library/Java/Extensions:/System/Library/Java/Extensions:/usr/lib/java:.]
15-Sep-2025 00:29:51.830 INFO [main] org.apache.coyote.AbstractProtocol.init Initializing ProtocolHandler ["http-nio-8080"]
15-Sep-2025 00:29:51.840 INFO [main] org.apache.catalina.startup.Catalina.load Server initialization in [230] milliseconds
15-Sep-2025 00:29:51.853 INFO [main] org.apache.catalina.core.StandardService.startInternal Starting service [Catalina]
15-Sep-2025 00:29:51.853 INFO [main] org.apache.catalina.core.StandardEngine.startInternal Starting Servlet engine: [Apache Tomcat/9.0.108]
15-Sep-2025 00:29:51.857 INFO [main] org.apache.catalina.startup.HostConfig.deployWAR Deploying web application archive [/Users/nguyendinhtanloc/Documents/Semester_1_2025/Web/Week5/tomCat/webapps/Lesson.war]
15-Sep-2025 00:29:51.998 INFO [main] org.apache.catalina.startup.HostConfig.deployWAR Deployment of web application archive [/Users/nguyendinhtanloc/Documents/Semester_1_2025/Web/Week5/tomCat/webapps/Lesson.war] has finished in [141] ms
15-Sep-2025 00:29:51.999 INFO [main] org.apache.catalina.startup.HostConfig.deployDirectory Deploying web application directory [/Users/nguyendinhtanloc/Documents/Semester_1_2025/Web/Week5/tomCat/webapps/docs]
15-Sep-2025 00:29:52.008 INFO [main] org.apache.catalina.startup.HostConfig.deployDirectory Deployment of web application directory [/Users/nguyendinhtanloc/Documents/Semester_1_2025/Web/Week5/tomCat/webapps/docs] has finished in [9] ms
15-Sep-2025 00:29:52.008 INFO [main] org.apache.catalina.startup.HostConfig.deployDirectory Deploying web application directory [/Users/nguyendinhtanloc/Documents/Semester_1_2025/Web/Week5/tomCat/webapps/manager]
15-Sep-2025 00:29:52.026 INFO [main] org.apache.catalina.startup.HostConfig.deployDirectory Deployment of web application directory [/Users/nguyendinhtanloc/Documents/Semester_1_2025/Web/Week5/tomCat/webapps/manager] has finished in [18] ms
15-Sep-2025 00:29:52.026 INFO [main] org.apache.catalina.startup.HostConfig.deployDirectory Deploying web application directory [/Users/nguyendinhtanloc/Documents/Semester_1_2025/Web/Week5/tomCat/webapps/examples]
15-Sep-2025 00:29:52.089 INFO [main] org.apache.catalina.startup.HostConfig.deployDirectory Deployment of web application directory [/Users/nguyendinhtanloc/Documents/Semester_1_2025/Web/Week5/tomCat/webapps/examples] has finished in [63] ms
15-Sep-2025 00:29:52.089 INFO [main] org.apache.catalina.startup.HostConfig.deployDirectory Deploying web application directory [/Users/nguyendinhtanloc/Documents/Semester_1_2025/Web/Week5/tomCat/webapps/ROOT]
15-Sep-2025 00:29:52.095 INFO [main] org.apache.catalina.startup.HostConfig.deployDirectory Deployment of web application directory [/Users/nguyendinhtanloc/Documents/Semester_1_2025/Web/Week5/tomCat/webapps/ROOT] has finished in [6] ms
15-Sep-2025 00:29:52.095 INFO [main] org.apache.catalina.startup.HostConfig.deployDirectory Deploying web application directory [/Users/nguyendinhtanloc/Documents/Semester_1_2025/Web/Week5/tomCat/webapps/host-manager]
15-Sep-2025 00:29:52.102 INFO [main] org.apache.catalina.startup.HostConfig.deployDirectory Deployment of web application directory [/Users/nguyendinhtanloc/Documents/Semester_1_2025/Web/Week5/tomCat/webapps/host-manager] has finished in [7] ms
15-Sep-2025 00:29:52.103 INFO [main] org.apache.coyote.AbstractProtocol.start Starting ProtocolHandler ["http-nio-8080"]
15-Sep-2025 00:29:52.106 INFO [main] org.apache.catalina.startup.Catalina.start Server startup in [266] milliseconds
15-Sep-2025 00:31:04.047 INFO [main] org.apache.catalina.core.StandardServer.await A valid shutdown command was received via the shutdown port. Stopping the Server instance.
15-Sep-2025 00:31:04.048 INFO [main] org.apache.coyote.AbstractProtocol.pause Pausing ProtocolHandler ["http-nio-8080"]
15-Sep-2025 00:31:04.051 INFO [main] org.apache.catalina.core.StandardService.stopInternal Stopping service [Catalina]
15-Sep-2025 00:31:04.069 INFO [main] org.apache.coyote.AbstractProtocol.stop Stopping ProtocolHandler ["http-nio-8080"]
15-Sep-2025 00:31:04.076 INFO [main] org.apache.coyote.AbstractProtocol.destroy Destroying ProtocolHandler ["http-nio-8080"]
15-Sep-2025 00:51:41.249 INFO [main] org.apache.catalina.startup.VersionLoggerListener.log Server version name:   Apache Tomcat/9.0.108
15-Sep-2025 00:51:41.251 INFO [main] org.apache.catalina.startup.VersionLoggerListener.log Server built:          Jul 31 2025 18:19:48 UTC
15-Sep-2025 00:51:41.251 INFO [main] org.apache.catalina.startup.VersionLoggerListener.log Server version number: 9.0.108.0
15-Sep-2025 00:51:41.251 INFO [main] org.apache.catalina.startup.VersionLoggerListener.log OS Name:               Mac OS X
15-Sep-2025 00:51:41.251 INFO [main] org.apache.catalina.startup.VersionLoggerListener.log OS Version:            15.6.1
15-Sep-2025 00:51:41.251 INFO [main] org.apache.catalina.startup.VersionLoggerListener.log Architecture:          aarch64
15-Sep-2025 00:51:41.251 INFO [main] org.apache.catalina.startup.VersionLoggerListener.log Java Home:             /opt/homebrew/Cellar/openjdk@17/17.0.15/libexec/openjdk.jdk/Contents/Home
15-Sep-2025 00:51:41.251 INFO [main] org.apache.catalina.startup.VersionLoggerListener.log JVM Version:           17.0.15+0
15-Sep-2025 00:51:41.251 INFO [main] org.apache.catalina.startup.VersionLoggerListener.log JVM Vendor:            Homebrew
15-Sep-2025 00:51:41.251 INFO [main] org.apache.catalina.startup.VersionLoggerListener.log CATALINA_BASE:         /Users/nguyendinhtanloc/Documents/Semester_1_2025/Web/Week5/tomCat
15-Sep-2025 00:51:41.251 INFO [main] org.apache.catalina.startup.VersionLoggerListener.log CATALINA_HOME:         /Users/nguyendinhtanloc/Documents/Semester_1_2025/Web/Week5/tomCat
15-Sep-2025 00:51:41.259 INFO [main] org.apache.catalina.startup.VersionLoggerListener.log Command line argument: --add-opens=java.base/java.lang=ALL-UNNAMED
15-Sep-2025 00:51:41.259 INFO [main] org.apache.catalina.startup.VersionLoggerListener.log Command line argument: --add-opens=java.base/java.lang.invoke=ALL-UNNAMED
15-Sep-2025 00:51:41.259 INFO [main] org.apache.catalina.startup.VersionLoggerListener.log Command line argument: --add-opens=java.base/java.lang.reflect=ALL-UNNAMED
15-Sep-2025 00:51:41.259 INFO [main] org.apache.catalina.startup.VersionLoggerListener.log Command line argument: --add-opens=java.base/java.io=ALL-UNNAMED
15-Sep-2025 00:51:41.259 INFO [main] org.apache.catalina.startup.VersionLoggerListener.log Command line argument: --add-opens=java.base/java.util=ALL-UNNAMED
15-Sep-2025 00:51:41.259 INFO [main] org.apache.catalina.startup.VersionLoggerListener.log Command line argument: --add-opens=java.base/java.util.concurrent=ALL-UNNAMED
15-Sep-2025 00:51:41.259 INFO [main] org.apache.catalina.startup.VersionLoggerListener.log Command line argument: --add-opens=java.rmi/sun.rmi.transport=ALL-UNNAMED
15-Sep-2025 00:51:41.259 INFO [main] org.apache.catalina.startup.VersionLoggerListener.log Command line argument: -Djava.util.logging.config.file=/Users/nguyendinhtanloc/Documents/Semester_1_2025/Web/Week5/tomCat/conf/logging.properties
15-Sep-2025 00:51:41.259 INFO [main] org.apache.catalina.startup.VersionLoggerListener.log Command line argument: -Djava.util.logging.manager=org.apache.juli.ClassLoaderLogManager
15-Sep-2025 00:51:41.259 INFO [main] org.apache.catalina.startup.VersionLoggerListener.log Command line argument: -Djdk.tls.ephemeralDHKeySize=2048
15-Sep-2025 00:51:41.259 INFO [main] org.apache.catalina.startup.VersionLoggerListener.log Command line argument: -Djava.protocol.handler.pkgs=org.apache.catalina.webresources
15-Sep-2025 00:51:41.259 INFO [main] org.apache.catalina.startup.VersionLoggerListener.log Command line argument: -Dsun.io.useCanonCaches=false
15-Sep-2025 00:51:41.259 INFO [main] org.apache.catalina.startup.VersionLoggerListener.log Command line argument: -Dorg.apache.catalina.security.SecurityListener.UMASK=0027
15-Sep-2025 00:51:41.259 INFO [main] org.apache.catalina.startup.VersionLoggerListener.log Command line argument: -Dignore.endorsed.dirs=
15-Sep-2025 00:51:41.259 INFO [main] org.apache.catalina.startup.VersionLoggerListener.log Command line argument: -Dcatalina.base=/Users/nguyendinhtanloc/Documents/Semester_1_2025/Web/Week5/tomCat
15-Sep-2025 00:51:41.259 INFO [main] org.apache.catalina.startup.VersionLoggerListener.log Command line argument: -Dcatalina.home=/Users/nguyendinhtanloc/Documents/Semester_1_2025/Web/Week5/tomCat
15-Sep-2025 00:51:41.259 INFO [main] org.apache.catalina.startup.VersionLoggerListener.log Command line argument: -Djava.io.tmpdir=/Users/nguyendinhtanloc/Documents/Semester_1_2025/Web/Week5/tomCat/temp
15-Sep-2025 00:51:41.264 INFO [main] org.apache.catalina.core.AprLifecycleListener.lifecycleEvent The Apache Tomcat Native library which allows using OpenSSL was not found on the java.library.path: [/Users/nguyendinhtanloc/Library/Java/Extensions:/Library/Java/Extensions:/Network/Library/Java/Extensions:/System/Library/Java/Extensions:/usr/lib/java:.]
15-Sep-2025 00:51:41.403 INFO [main] org.apache.coyote.AbstractProtocol.init Initializing ProtocolHandler ["http-nio-8080"]
15-Sep-2025 00:51:41.418 INFO [main] org.apache.catalina.startup.Catalina.load Server initialization in [268] milliseconds
15-Sep-2025 00:51:41.438 INFO [main] org.apache.catalina.core.StandardService.startInternal Starting service [Catalina]
15-Sep-2025 00:51:41.438 INFO [main] org.apache.catalina.core.StandardEngine.startInternal Starting Servlet engine: [Apache Tomcat/9.0.108]
15-Sep-2025 00:51:41.444 INFO [main] org.apache.catalina.startup.HostConfig.deployWAR Deploying web application archive [/Users/nguyendinhtanloc/Documents/Semester_1_2025/Web/Week5/tomCat/webapps/Lesson.war]
15-Sep-2025 00:51:41.640 INFO [main] org.apache.catalina.startup.HostConfig.deployWAR Deployment of web application archive [/Users/nguyendinhtanloc/Documents/Semester_1_2025/Web/Week5/tomCat/webapps/Lesson.war] has finished in [196] ms
15-Sep-2025 00:51:41.641 INFO [main] org.apache.catalina.startup.HostConfig.deployDirectory Deploying web application directory [/Users/nguyendinhtanloc/Documents/Semester_1_2025/Web/Week5/tomCat/webapps/docs]
15-Sep-2025 00:51:41.651 INFO [main] org.apache.catalina.startup.HostConfig.deployDirectory Deployment of web application directory [/Users/nguyendinhtanloc/Documents/Semester_1_2025/Web/Week5/tomCat/webapps/docs] has finished in [11] ms
15-Sep-2025 00:51:41.651 INFO [main] org.apache.catalina.startup.HostConfig.deployDirectory Deploying web application directory [/Users/nguyendinhtanloc/Documents/Semester_1_2025/Web/Week5/tomCat/webapps/manager]
15-Sep-2025 00:51:41.671 INFO [main] org.apache.catalina.startup.HostConfig.deployDirectory Deployment of web application directory [/Users/nguyendinhtanloc/Documents/Semester_1_2025/Web/Week5/tomCat/webapps/manager] has finished in [20] ms
15-Sep-2025 00:51:41.671 INFO [main] org.apache.catalina.startup.HostConfig.deployDirectory Deploying web application directory [/Users/nguyendinhtanloc/Documents/Semester_1_2025/Web/Week5/tomCat/webapps/examples]
15-Sep-2025 00:51:41.754 INFO [main] org.apache.catalina.startup.HostConfig.deployDirectory Deployment of web application directory [/Users/nguyendinhtanloc/Documents/Semester_1_2025/Web/Week5/tomCat/webapps/examples] has finished in [83] ms
15-Sep-2025 00:51:41.754 INFO [main] org.apache.catalina.startup.HostConfig.deployDirectory Deploying web application directory [/Users/nguyendinhtanloc/Documents/Semester_1_2025/Web/Week5/tomCat/webapps/ROOT]
15-Sep-2025 00:51:41.761 INFO [main] org.apache.catalina.startup.HostConfig.deployDirectory Deployment of web application directory [/Users/nguyendinhtanloc/Documents/Semester_1_2025/Web/Week5/tomCat/webapps/ROOT] has finished in [7] ms
15-Sep-2025 00:51:41.761 INFO [main] org.apache.catalina.startup.HostConfig.deployDirectory Deploying web application directory [/Users/nguyendinhtanloc/Documents/Semester_1_2025/Web/Week5/tomCat/webapps/host-manager]
15-Sep-2025 00:51:41.768 INFO [main] org.apache.catalina.startup.HostConfig.deployDirectory Deployment of web application directory [/Users/nguyendinhtanloc/Documents/Semester_1_2025/Web/Week5/tomCat/webapps/host-manager] has finished in [7] ms
15-Sep-2025 00:51:41.769 INFO [main] org.apache.coyote.AbstractProtocol.start Starting ProtocolHandler ["http-nio-8080"]
15-Sep-2025 00:51:41.773 INFO [main] org.apache.catalina.startup.Catalina.start Server startup in [355] milliseconds
15-Sep-2025 00:51:43.151 INFO [main] org.apache.catalina.core.StandardServer.await A valid shutdown command was received via the shutdown port. Stopping the Server instance.
15-Sep-2025 00:51:43.151 INFO [main] org.apache.coyote.AbstractProtocol.pause Pausing ProtocolHandler ["http-nio-8080"]
15-Sep-2025 00:51:43.153 INFO [main] org.apache.catalina.core.StandardService.stopInternal Stopping service [Catalina]
15-Sep-2025 00:51:43.166 INFO [main] org.apache.coyote.AbstractProtocol.stop Stopping ProtocolHandler ["http-nio-8080"]
15-Sep-2025 00:51:43.178 INFO [main] org.apache.coyote.AbstractProtocol.destroy Destroying ProtocolHandler ["http-nio-8080"]
15-Sep-2025 00:51:44.730 INFO [main] org.apache.catalina.startup.VersionLoggerListener.log Server version name:   Apache Tomcat/9.0.108
15-Sep-2025 00:51:44.732 INFO [main] org.apache.catalina.startup.VersionLoggerListener.log Server built:          Jul 31 2025 18:19:48 UTC
15-Sep-2025 00:51:44.732 INFO [main] org.apache.catalina.startup.VersionLoggerListener.log Server version number: 9.0.108.0
15-Sep-2025 00:51:44.732 INFO [main] org.apache.catalina.startup.VersionLoggerListener.log OS Name:               Mac OS X
15-Sep-2025 00:51:44.732 INFO [main] org.apache.catalina.startup.VersionLoggerListener.log OS Version:            15.6.1
15-Sep-2025 00:51:44.732 INFO [main] org.apache.catalina.startup.VersionLoggerListener.log Architecture:          aarch64
15-Sep-2025 00:51:44.732 INFO [main] org.apache.catalina.startup.VersionLoggerListener.log Java Home:             /opt/homebrew/Cellar/openjdk@17/17.0.15/libexec/openjdk.jdk/Contents/Home
15-Sep-2025 00:51:44.732 INFO [main] org.apache.catalina.startup.VersionLoggerListener.log JVM Version:           17.0.15+0
15-Sep-2025 00:51:44.732 INFO [main] org.apache.catalina.startup.VersionLoggerListener.log JVM Vendor:            Homebrew
15-Sep-2025 00:51:44.732 INFO [main] org.apache.catalina.startup.VersionLoggerListener.log CATALINA_BASE:         /Users/nguyendinhtanloc/Documents/Semester_1_2025/Web/Week5/tomCat
15-Sep-2025 00:51:44.732 INFO [main] org.apache.catalina.startup.VersionLoggerListener.log CATALINA_HOME:         /Users/nguyendinhtanloc/Documents/Semester_1_2025/Web/Week5/tomCat
15-Sep-2025 00:51:44.736 INFO [main] org.apache.catalina.startup.VersionLoggerListener.log Command line argument: --add-opens=java.base/java.lang=ALL-UNNAMED
15-Sep-2025 00:51:44.736 INFO [main] org.apache.catalina.startup.VersionLoggerListener.log Command line argument: --add-opens=java.base/java.lang.invoke=ALL-UNNAMED
15-Sep-2025 00:51:44.737 INFO [main] org.apache.catalina.startup.VersionLoggerListener.log Command line argument: --add-opens=java.base/java.lang.reflect=ALL-UNNAMED
15-Sep-2025 00:51:44.737 INFO [main] org.apache.catalina.startup.VersionLoggerListener.log Command line argument: --add-opens=java.base/java.io=ALL-UNNAMED
15-Sep-2025 00:51:44.737 INFO [main] org.apache.catalina.startup.VersionLoggerListener.log Command line argument: --add-opens=java.base/java.util=ALL-UNNAMED
15-Sep-2025 00:51:44.737 INFO [main] org.apache.catalina.startup.VersionLoggerListener.log Command line argument: --add-opens=java.base/java.util.concurrent=ALL-UNNAMED
15-Sep-2025 00:51:44.737 INFO [main] org.apache.catalina.startup.VersionLoggerListener.log Command line argument: --add-opens=java.rmi/sun.rmi.transport=ALL-UNNAMED
15-Sep-2025 00:51:44.737 INFO [main] org.apache.catalina.startup.VersionLoggerListener.log Command line argument: -Djava.util.logging.config.file=/Users/nguyendinhtanloc/Documents/Semester_1_2025/Web/Week5/tomCat/conf/logging.properties
15-Sep-2025 00:51:44.737 INFO [main] org.apache.catalina.startup.VersionLoggerListener.log Command line argument: -Djava.util.logging.manager=org.apache.juli.ClassLoaderLogManager
15-Sep-2025 00:51:44.737 INFO [main] org.apache.catalina.startup.VersionLoggerListener.log Command line argument: -Djdk.tls.ephemeralDHKeySize=2048
15-Sep-2025 00:51:44.737 INFO [main] org.apache.catalina.startup.VersionLoggerListener.log Command line argument: -Djava.protocol.handler.pkgs=org.apache.catalina.webresources
15-Sep-2025 00:51:44.737 INFO [main] org.apache.catalina.startup.VersionLoggerListener.log Command line argument: -Dsun.io.useCanonCaches=false
15-Sep-2025 00:51:44.737 INFO [main] org.apache.catalina.startup.VersionLoggerListener.log Command line argument: -Dorg.apache.catalina.security.SecurityListener.UMASK=0027
15-Sep-2025 00:51:44.737 INFO [main] org.apache.catalina.startup.VersionLoggerListener.log Command line argument: -Dignore.endorsed.dirs=
15-Sep-2025 00:51:44.737 INFO [main] org.apache.catalina.startup.VersionLoggerListener.log Command line argument: -Dcatalina.base=/Users/nguyendinhtanloc/Documents/Semester_1_2025/Web/Week5/tomCat
15-Sep-2025 00:51:44.737 INFO [main] org.apache.catalina.startup.VersionLoggerListener.log Command line argument: -Dcatalina.home=/Users/nguyendinhtanloc/Documents/Semester_1_2025/Web/Week5/tomCat
15-Sep-2025 00:51:44.737 INFO [main] org.apache.catalina.startup.VersionLoggerListener.log Command line argument: -Djava.io.tmpdir=/Users/nguyendinhtanloc/Documents/Semester_1_2025/Web/Week5/tomCat/temp
15-Sep-2025 00:51:44.742 INFO [main] org.apache.catalina.core.AprLifecycleListener.lifecycleEvent The Apache Tomcat Native library which allows using OpenSSL was not found on the java.library.path: [/Users/nguyendinhtanloc/Library/Java/Extensions:/Library/Java/Extensions:/Network/Library/Java/Extensions:/System/Library/Java/Extensions:/usr/lib/java:.]
15-Sep-2025 00:51:44.867 INFO [main] org.apache.coyote.AbstractProtocol.init Initializing ProtocolHandler ["http-nio-8080"]
15-Sep-2025 00:51:44.878 INFO [main] org.apache.catalina.startup.Catalina.load Server initialization in [227] milliseconds
15-Sep-2025 00:51:44.892 INFO [main] org.apache.catalina.core.StandardService.startInternal Starting service [Catalina]
15-Sep-2025 00:51:44.892 INFO [main] org.apache.catalina.core.StandardEngine.startInternal Starting Servlet engine: [Apache Tomcat/9.0.108]
15-Sep-2025 00:51:44.897 INFO [main] org.apache.catalina.startup.HostConfig.deployWAR Deploying web application archive [/Users/nguyendinhtanloc/Documents/Semester_1_2025/Web/Week5/tomCat/webapps/Lesson.war]
15-Sep-2025 00:51:45.047 INFO [main] org.apache.catalina.startup.HostConfig.deployWAR Deployment of web application archive [/Users/nguyendinhtanloc/Documents/Semester_1_2025/Web/Week5/tomCat/webapps/Lesson.war] has finished in [150] ms
15-Sep-2025 00:51:45.047 INFO [main] org.apache.catalina.startup.HostConfig.deployDirectory Deploying web application directory [/Users/nguyendinhtanloc/Documents/Semester_1_2025/Web/Week5/tomCat/webapps/docs]
15-Sep-2025 00:51:45.059 INFO [main] org.apache.catalina.startup.HostConfig.deployDirectory Deployment of web application directory [/Users/nguyendinhtanloc/Documents/Semester_1_2025/Web/Week5/tomCat/webapps/docs] has finished in [12] ms
15-Sep-2025 00:51:45.059 INFO [main] org.apache.catalina.startup.HostConfig.deployDirectory Deploying web application directory [/Users/nguyendinhtanloc/Documents/Semester_1_2025/Web/Week5/tomCat/webapps/manager]
15-Sep-2025 00:51:45.233 INFO [main] org.apache.catalina.startup.HostConfig.deployDirectory Deployment of web application directory [/Users/nguyendinhtanloc/Documents/Semester_1_2025/Web/Week5/tomCat/webapps/manager] has finished in [174] ms
15-Sep-2025 00:51:45.233 INFO [main] org.apache.catalina.startup.HostConfig.deployDirectory Deploying web application directory [/Users/nguyendinhtanloc/Documents/Semester_1_2025/Web/Week5/tomCat/webapps/examples]
15-Sep-2025 00:51:45.308 INFO [main] org.apache.catalina.startup.HostConfig.deployDirectory Deployment of web application directory [/Users/nguyendinhtanloc/Documents/Semester_1_2025/Web/Week5/tomCat/webapps/examples] has finished in [75] ms
15-Sep-2025 00:51:45.308 INFO [main] org.apache.catalina.startup.HostConfig.deployDirectory Deploying web application directory [/Users/nguyendinhtanloc/Documents/Semester_1_2025/Web/Week5/tomCat/webapps/ROOT]
15-Sep-2025 00:51:45.315 INFO [main] org.apache.catalina.startup.HostConfig.deployDirectory Deployment of web application directory [/Users/nguyendinhtanloc/Documents/Semester_1_2025/Web/Week5/tomCat/webapps/ROOT] has finished in [7] ms
15-Sep-2025 00:51:45.315 INFO [main] org.apache.catalina.startup.HostConfig.deployDirectory Deploying web application directory [/Users/nguyendinhtanloc/Documents/Semester_1_2025/Web/Week5/tomCat/webapps/host-manager]
15-Sep-2025 00:51:45.322 INFO [main] org.apache.catalina.startup.HostConfig.deployDirectory Deployment of web application directory [/Users/nguyendinhtanloc/Documents/Semester_1_2025/Web/Week5/tomCat/webapps/host-manager] has finished in [7] ms
15-Sep-2025 00:51:45.324 INFO [main] org.apache.coyote.AbstractProtocol.start Starting ProtocolHandler ["http-nio-8080"]
15-Sep-2025 00:51:45.328 INFO [main] org.apache.catalina.startup.Catalina.start Server startup in [450] milliseconds
15-Sep-2025 01:09:23.338 INFO [main] org.apache.catalina.core.StandardServer.await A valid shutdown command was received via the shutdown port. Stopping the Server instance.
15-Sep-2025 01:09:23.346 INFO [main] org.apache.coyote.AbstractProtocol.pause Pausing ProtocolHandler ["http-nio-8080"]
15-Sep-2025 01:09:23.348 INFO [main] org.apache.catalina.core.StandardService.stopInternal Stopping service [Catalina]
15-Sep-2025 01:09:23.372 INFO [main] org.apache.coyote.AbstractProtocol.stop Stopping ProtocolHandler ["http-nio-8080"]
15-Sep-2025 01:09:23.374 INFO [main] org.apache.coyote.AbstractProtocol.destroy Destroying ProtocolHandler ["http-nio-8080"]
15-Sep-2025 01:18:01.074 INFO [main] org.apache.catalina.startup.VersionLoggerListener.log Server version name:   Apache Tomcat/9.0.108
15-Sep-2025 01:18:01.076 INFO [main] org.apache.catalina.startup.VersionLoggerListener.log Server built:          Jul 31 2025 18:19:48 UTC
15-Sep-2025 01:18:01.076 INFO [main] org.apache.catalina.startup.VersionLoggerListener.log Server version number: 9.0.108.0
15-Sep-2025 01:18:01.076 INFO [main] org.apache.catalina.startup.VersionLoggerListener.log OS Name:               Mac OS X
15-Sep-2025 01:18:01.076 INFO [main] org.apache.catalina.startup.VersionLoggerListener.log OS Version:            15.6.1
15-Sep-2025 01:18:01.076 INFO [main] org.apache.catalina.startup.VersionLoggerListener.log Architecture:          aarch64
15-Sep-2025 01:18:01.076 INFO [main] org.apache.catalina.startup.VersionLoggerListener.log Java Home:             /opt/homebrew/Cellar/openjdk@17/17.0.15/libexec/openjdk.jdk/Contents/Home
15-Sep-2025 01:18:01.076 INFO [main] org.apache.catalina.startup.VersionLoggerListener.log JVM Version:           17.0.15+0
15-Sep-2025 01:18:01.076 INFO [main] org.apache.catalina.startup.VersionLoggerListener.log JVM Vendor:            Homebrew
15-Sep-2025 01:18:01.076 INFO [main] org.apache.catalina.startup.VersionLoggerListener.log CATALINA_BASE:         /Users/nguyendinhtanloc/Documents/Semester_1_2025/Web/Week5/tomCat
15-Sep-2025 01:18:01.076 INFO [main] org.apache.catalina.startup.VersionLoggerListener.log CATALINA_HOME:         /Users/nguyendinhtanloc/Documents/Semester_1_2025/Web/Week5/tomCat
15-Sep-2025 01:18:01.083 INFO [main] org.apache.catalina.startup.VersionLoggerListener.log Command line argument: --add-opens=java.base/java.lang=ALL-UNNAMED
15-Sep-2025 01:18:01.083 INFO [main] org.apache.catalina.startup.VersionLoggerListener.log Command line argument: --add-opens=java.base/java.lang.invoke=ALL-UNNAMED
15-Sep-2025 01:18:01.083 INFO [main] org.apache.catalina.startup.VersionLoggerListener.log Command line argument: --add-opens=java.base/java.lang.reflect=ALL-UNNAMED
15-Sep-2025 01:18:01.083 INFO [main] org.apache.catalina.startup.VersionLoggerListener.log Command line argument: --add-opens=java.base/java.io=ALL-UNNAMED
15-Sep-2025 01:18:01.083 INFO [main] org.apache.catalina.startup.VersionLoggerListener.log Command line argument: --add-opens=java.base/java.util=ALL-UNNAMED
15-Sep-2025 01:18:01.083 INFO [main] org.apache.catalina.startup.VersionLoggerListener.log Command line argument: --add-opens=java.base/java.util.concurrent=ALL-UNNAMED
15-Sep-2025 01:18:01.083 INFO [main] org.apache.catalina.startup.VersionLoggerListener.log Command line argument: --add-opens=java.rmi/sun.rmi.transport=ALL-UNNAMED
15-Sep-2025 01:18:01.083 INFO [main] org.apache.catalina.startup.VersionLoggerListener.log Command line argument: -Djava.util.logging.config.file=/Users/nguyendinhtanloc/Documents/Semester_1_2025/Web/Week5/tomCat/conf/logging.properties
15-Sep-2025 01:18:01.083 INFO [main] org.apache.catalina.startup.VersionLoggerListener.log Command line argument: -Djava.util.logging.manager=org.apache.juli.ClassLoaderLogManager
15-Sep-2025 01:18:01.083 INFO [main] org.apache.catalina.startup.VersionLoggerListener.log Command line argument: -Djdk.tls.ephemeralDHKeySize=2048
15-Sep-2025 01:18:01.083 INFO [main] org.apache.catalina.startup.VersionLoggerListener.log Command line argument: -Djava.protocol.handler.pkgs=org.apache.catalina.webresources
15-Sep-2025 01:18:01.083 INFO [main] org.apache.catalina.startup.VersionLoggerListener.log Command line argument: -Dsun.io.useCanonCaches=false
15-Sep-2025 01:18:01.083 INFO [main] org.apache.catalina.startup.VersionLoggerListener.log Command line argument: -Dorg.apache.catalina.security.SecurityListener.UMASK=0027
15-Sep-2025 01:18:01.083 INFO [main] org.apache.catalina.startup.VersionLoggerListener.log Command line argument: -Dignore.endorsed.dirs=
15-Sep-2025 01:18:01.083 INFO [main] org.apache.catalina.startup.VersionLoggerListener.log Command line argument: -Dcatalina.base=/Users/nguyendinhtanloc/Documents/Semester_1_2025/Web/Week5/tomCat
15-Sep-2025 01:18:01.084 INFO [main] org.apache.catalina.startup.VersionLoggerListener.log Command line argument: -Dcatalina.home=/Users/nguyendinhtanloc/Documents/Semester_1_2025/Web/Week5/tomCat
15-Sep-2025 01:18:01.084 INFO [main] org.apache.catalina.startup.VersionLoggerListener.log Command line argument: -Djava.io.tmpdir=/Users/nguyendinhtanloc/Documents/Semester_1_2025/Web/Week5/tomCat/temp
15-Sep-2025 01:18:01.088 INFO [main] org.apache.catalina.core.AprLifecycleListener.lifecycleEvent The Apache Tomcat Native library which allows using OpenSSL was not found on the java.library.path: [/Users/nguyendinhtanloc/Library/Java/Extensions:/Library/Java/Extensions:/Network/Library/Java/Extensions:/System/Library/Java/Extensions:/usr/lib/java:.]
15-Sep-2025 01:18:01.225 INFO [main] org.apache.coyote.AbstractProtocol.init Initializing ProtocolHandler ["http-nio-8080"]
15-Sep-2025 01:18:01.238 INFO [main] org.apache.catalina.startup.Catalina.load Server initialization in [252] milliseconds
15-Sep-2025 01:18:01.255 INFO [main] org.apache.catalina.core.StandardService.startInternal Starting service [Catalina]
15-Sep-2025 01:18:01.255 INFO [main] org.apache.catalina.core.StandardEngine.startInternal Starting Servlet engine: [Apache Tomcat/9.0.108]
15-Sep-2025 01:18:01.260 INFO [main] org.apache.catalina.startup.HostConfig.deployWAR Deploying web application archive [/Users/nguyendinhtanloc/Documents/Semester_1_2025/Web/Week5/tomCat/webapps/Lesson.war]
15-Sep-2025 01:18:01.443 INFO [main] org.apache.catalina.startup.HostConfig.deployWAR Deployment of web application archive [/Users/nguyendinhtanloc/Documents/Semester_1_2025/Web/Week5/tomCat/webapps/Lesson.war] has finished in [183] ms
15-Sep-2025 01:18:01.443 INFO [main] org.apache.catalina.startup.HostConfig.deployDirectory Deploying web application directory [/Users/nguyendinhtanloc/Documents/Semester_1_2025/Web/Week5/tomCat/webapps/docs]
15-Sep-2025 01:18:01.453 INFO [main] org.apache.catalina.startup.HostConfig.deployDirectory Deployment of web application directory [/Users/nguyendinhtanloc/Documents/Semester_1_2025/Web/Week5/tomCat/webapps/docs] has finished in [9] ms
15-Sep-2025 01:18:01.453 INFO [main] org.apache.catalina.startup.HostConfig.deployDirectory Deploying web application directory [/Users/nguyendinhtanloc/Documents/Semester_1_2025/Web/Week5/tomCat/webapps/manager]
15-Sep-2025 01:18:01.469 INFO [main] org.apache.catalina.startup.HostConfig.deployDirectory Deployment of web application directory [/Users/nguyendinhtanloc/Documents/Semester_1_2025/Web/Week5/tomCat/webapps/manager] has finished in [16] ms
15-Sep-2025 01:18:01.469 INFO [main] org.apache.catalina.startup.HostConfig.deployDirectory Deploying web application directory [/Users/nguyendinhtanloc/Documents/Semester_1_2025/Web/Week5/tomCat/webapps/examples]
15-Sep-2025 01:18:01.548 INFO [main] org.apache.catalina.startup.HostConfig.deployDirectory Deployment of web application directory [/Users/nguyendinhtanloc/Documents/Semester_1_2025/Web/Week5/tomCat/webapps/examples] has finished in [78] ms
15-Sep-2025 01:18:01.548 INFO [main] org.apache.catalina.startup.HostConfig.deployDirectory Deploying web application directory [/Users/nguyendinhtanloc/Documents/Semester_1_2025/Web/Week5/tomCat/webapps/ROOT]
15-Sep-2025 01:18:01.554 INFO [main] org.apache.catalina.startup.HostConfig.deployDirectory Deployment of web application directory [/Users/nguyendinhtanloc/Documents/Semester_1_2025/Web/Week5/tomCat/webapps/ROOT] has finished in [6] ms
15-Sep-2025 01:18:01.554 INFO [main] org.apache.catalina.startup.HostConfig.deployDirectory Deploying web application directory [/Users/nguyendinhtanloc/Documents/Semester_1_2025/Web/Week5/tomCat/webapps/host-manager]
15-Sep-2025 01:18:01.561 INFO [main] org.apache.catalina.startup.HostConfig.deployDirectory Deployment of web application directory [/Users/nguyendinhtanloc/Documents/Semester_1_2025/Web/Week5/tomCat/webapps/host-manager] has finished in [7] ms
15-Sep-2025 01:18:01.562 INFO [main] org.apache.coyote.AbstractProtocol.start Starting ProtocolHandler ["http-nio-8080"]
15-Sep-2025 01:18:01.566 INFO [main] org.apache.catalina.startup.Catalina.start Server startup in [328] milliseconds
15-Sep-2025 01:18:03.044 INFO [main] org.apache.catalina.core.StandardServer.await A valid shutdown command was received via the shutdown port. Stopping the Server instance.
15-Sep-2025 01:18:03.044 INFO [main] org.apache.coyote.AbstractProtocol.pause Pausing ProtocolHandler ["http-nio-8080"]
15-Sep-2025 01:18:03.046 INFO [main] org.apache.catalina.core.StandardService.stopInternal Stopping service [Catalina]
15-Sep-2025 01:18:03.057 INFO [main] org.apache.coyote.AbstractProtocol.stop Stopping ProtocolHandler ["http-nio-8080"]
15-Sep-2025 01:18:03.061 INFO [main] org.apache.coyote.AbstractProtocol.destroy Destroying ProtocolHandler ["http-nio-8080"]
15-Sep-2025 01:18:04.509 INFO [main] org.apache.catalina.startup.VersionLoggerListener.log Server version name:   Apache Tomcat/9.0.108
15-Sep-2025 01:18:04.511 INFO [main] org.apache.catalina.startup.VersionLoggerListener.log Server built:          Jul 31 2025 18:19:48 UTC
15-Sep-2025 01:18:04.511 INFO [main] org.apache.catalina.startup.VersionLoggerListener.log Server version number: 9.0.108.0
15-Sep-2025 01:18:04.511 INFO [main] org.apache.catalina.startup.VersionLoggerListener.log OS Name:               Mac OS X
15-Sep-2025 01:18:04.512 INFO [main] org.apache.catalina.startup.VersionLoggerListener.log OS Version:            15.6.1
15-Sep-2025 01:18:04.512 INFO [main] org.apache.catalina.startup.VersionLoggerListener.log Architecture:          aarch64
15-Sep-2025 01:18:04.512 INFO [main] org.apache.catalina.startup.VersionLoggerListener.log Java Home:             /opt/homebrew/Cellar/openjdk@17/17.0.15/libexec/openjdk.jdk/Contents/Home
15-Sep-2025 01:18:04.512 INFO [main] org.apache.catalina.startup.VersionLoggerListener.log JVM Version:           17.0.15+0
15-Sep-2025 01:18:04.512 INFO [main] org.apache.catalina.startup.VersionLoggerListener.log JVM Vendor:            Homebrew
15-Sep-2025 01:18:04.512 INFO [main] org.apache.catalina.startup.VersionLoggerListener.log CATALINA_BASE:         /Users/nguyendinhtanloc/Documents/Semester_1_2025/Web/Week5/tomCat
15-Sep-2025 01:18:04.512 INFO [main] org.apache.catalina.startup.VersionLoggerListener.log CATALINA_HOME:         /Users/nguyendinhtanloc/Documents/Semester_1_2025/Web/Week5/tomCat
15-Sep-2025 01:18:04.517 INFO [main] org.apache.catalina.startup.VersionLoggerListener.log Command line argument: --add-opens=java.base/java.lang=ALL-UNNAMED
15-Sep-2025 01:18:04.517 INFO [main] org.apache.catalina.startup.VersionLoggerListener.log Command line argument: --add-opens=java.base/java.lang.invoke=ALL-UNNAMED
15-Sep-2025 01:18:04.517 INFO [main] org.apache.catalina.startup.VersionLoggerListener.log Command line argument: --add-opens=java.base/java.lang.reflect=ALL-UNNAMED
15-Sep-2025 01:18:04.517 INFO [main] org.apache.catalina.startup.VersionLoggerListener.log Command line argument: --add-opens=java.base/java.io=ALL-UNNAMED
15-Sep-2025 01:18:04.517 INFO [main] org.apache.catalina.startup.VersionLoggerListener.log Command line argument: --add-opens=java.base/java.util=ALL-UNNAMED
15-Sep-2025 01:18:04.517 INFO [main] org.apache.catalina.startup.VersionLoggerListener.log Command line argument: --add-opens=java.base/java.util.concurrent=ALL-UNNAMED
15-Sep-2025 01:18:04.517 INFO [main] org.apache.catalina.startup.VersionLoggerListener.log Command line argument: --add-opens=java.rmi/sun.rmi.transport=ALL-UNNAMED
15-Sep-2025 01:18:04.517 INFO [main] org.apache.catalina.startup.VersionLoggerListener.log Command line argument: -Djava.util.logging.config.file=/Users/nguyendinhtanloc/Documents/Semester_1_2025/Web/Week5/tomCat/conf/logging.properties
15-Sep-2025 01:18:04.517 INFO [main] org.apache.catalina.startup.VersionLoggerListener.log Command line argument: -Djava.util.logging.manager=org.apache.juli.ClassLoaderLogManager
15-Sep-2025 01:18:04.517 INFO [main] org.apache.catalina.startup.VersionLoggerListener.log Command line argument: -Djdk.tls.ephemeralDHKeySize=2048
15-Sep-2025 01:18:04.517 INFO [main] org.apache.catalina.startup.VersionLoggerListener.log Command line argument: -Djava.protocol.handler.pkgs=org.apache.catalina.webresources
15-Sep-2025 01:18:04.517 INFO [main] org.apache.catalina.startup.VersionLoggerListener.log Command line argument: -Dsun.io.useCanonCaches=false
15-Sep-2025 01:18:04.517 INFO [main] org.apache.catalina.startup.VersionLoggerListener.log Command line argument: -Dorg.apache.catalina.security.SecurityListener.UMASK=0027
15-Sep-2025 01:18:04.517 INFO [main] org.apache.catalina.startup.VersionLoggerListener.log Command line argument: -Dignore.endorsed.dirs=
15-Sep-2025 01:18:04.517 INFO [main] org.apache.catalina.startup.VersionLoggerListener.log Command line argument: -Dcatalina.base=/Users/nguyendinhtanloc/Documents/Semester_1_2025/Web/Week5/tomCat
15-Sep-2025 01:18:04.517 INFO [main] org.apache.catalina.startup.VersionLoggerListener.log Command line argument: -Dcatalina.home=/Users/nguyendinhtanloc/Documents/Semester_1_2025/Web/Week5/tomCat
15-Sep-2025 01:18:04.517 INFO [main] org.apache.catalina.startup.VersionLoggerListener.log Command line argument: -Djava.io.tmpdir=/Users/nguyendinhtanloc/Documents/Semester_1_2025/Web/Week5/tomCat/temp
15-Sep-2025 01:18:04.522 INFO [main] org.apache.catalina.core.AprLifecycleListener.lifecycleEvent The Apache Tomcat Native library which allows using OpenSSL was not found on the java.library.path: [/Users/nguyendinhtanloc/Library/Java/Extensions:/Library/Java/Extensions:/Network/Library/Java/Extensions:/System/Library/Java/Extensions:/usr/lib/java:.]
15-Sep-2025 01:18:04.665 INFO [main] org.apache.coyote.AbstractProtocol.init Initializing ProtocolHandler ["http-nio-8080"]
15-Sep-2025 01:18:04.675 INFO [main] org.apache.catalina.startup.Catalina.load Server initialization in [248] milliseconds
15-Sep-2025 01:18:04.689 INFO [main] org.apache.catalina.core.StandardService.startInternal Starting service [Catalina]
15-Sep-2025 01:18:04.689 INFO [main] org.apache.catalina.core.StandardEngine.startInternal Starting Servlet engine: [Apache Tomcat/9.0.108]
15-Sep-2025 01:18:04.693 INFO [main] org.apache.catalina.startup.HostConfig.deployWAR Deploying web application archive [/Users/nguyendinhtanloc/Documents/Semester_1_2025/Web/Week5/tomCat/webapps/Lesson.war]
15-Sep-2025 01:18:04.840 INFO [main] org.apache.catalina.startup.HostConfig.deployWAR Deployment of web application archive [/Users/nguyendinhtanloc/Documents/Semester_1_2025/Web/Week5/tomCat/webapps/Lesson.war] has finished in [147] ms
15-Sep-2025 01:18:04.840 INFO [main] org.apache.catalina.startup.HostConfig.deployDirectory Deploying web application directory [/Users/nguyendinhtanloc/Documents/Semester_1_2025/Web/Week5/tomCat/webapps/docs]
15-Sep-2025 01:18:04.851 INFO [main] org.apache.catalina.startup.HostConfig.deployDirectory Deployment of web application directory [/Users/nguyendinhtanloc/Documents/Semester_1_2025/Web/Week5/tomCat/webapps/docs] has finished in [11] ms
15-Sep-2025 01:18:04.851 INFO [main] org.apache.catalina.startup.HostConfig.deployDirectory Deploying web application directory [/Users/nguyendinhtanloc/Documents/Semester_1_2025/Web/Week5/tomCat/webapps/manager]
15-Sep-2025 01:18:04.869 INFO [main] org.apache.catalina.startup.HostConfig.deployDirectory Deployment of web application directory [/Users/nguyendinhtanloc/Documents/Semester_1_2025/Web/Week5/tomCat/webapps/manager] has finished in [18] ms
15-Sep-2025 01:18:04.869 INFO [main] org.apache.catalina.startup.HostConfig.deployDirectory Deploying web application directory [/Users/nguyendinhtanloc/Documents/Semester_1_2025/Web/Week5/tomCat/webapps/examples]
15-Sep-2025 01:18:04.933 INFO [main] org.apache.catalina.startup.HostConfig.deployDirectory Deployment of web application directory [/Users/nguyendinhtanloc/Documents/Semester_1_2025/Web/Week5/tomCat/webapps/examples] has finished in [64] ms
15-Sep-2025 01:18:04.934 INFO [main] org.apache.catalina.startup.HostConfig.deployDirectory Deploying web application directory [/Users/nguyendinhtanloc/Documents/Semester_1_2025/Web/Week5/tomCat/webapps/ROOT]
15-Sep-2025 01:18:04.940 INFO [main] org.apache.catalina.startup.HostConfig.deployDirectory Deployment of web application directory [/Users/nguyendinhtanloc/Documents/Semester_1_2025/Web/Week5/tomCat/webapps/ROOT] has finished in [6] ms
15-Sep-2025 01:18:04.940 INFO [main] org.apache.catalina.startup.HostConfig.deployDirectory Deploying web application directory [/Users/nguyendinhtanloc/Documents/Semester_1_2025/Web/Week5/tomCat/webapps/host-manager]
15-Sep-2025 01:18:04.946 INFO [main] org.apache.catalina.startup.HostConfig.deployDirectory Deployment of web application directory [/Users/nguyendinhtanloc/Documents/Semester_1_2025/Web/Week5/tomCat/webapps/host-manager] has finished in [6] ms
15-Sep-2025 01:18:04.948 INFO [main] org.apache.coyote.AbstractProtocol.start Starting ProtocolHandler ["http-nio-8080"]
15-Sep-2025 01:18:04.951 INFO [main] org.apache.catalina.startup.Catalina.start Server startup in [276] milliseconds
15-Sep-2025 01:18:42.466 INFO [main] org.apache.catalina.core.StandardServer.await A valid shutdown command was received via the shutdown port. Stopping the Server instance.
15-Sep-2025 01:18:42.466 INFO [main] org.apache.coyote.AbstractProtocol.pause Pausing ProtocolHandler ["http-nio-8080"]
15-Sep-2025 01:18:42.468 INFO [main] org.apache.catalina.core.StandardService.stopInternal Stopping service [Catalina]
15-Sep-2025 01:18:42.485 INFO [main] org.apache.coyote.AbstractProtocol.stop Stopping ProtocolHandler ["http-nio-8080"]
15-Sep-2025 01:18:42.493 INFO [main] org.apache.coyote.AbstractProtocol.destroy Destroying ProtocolHandler ["http-nio-8080"]
15-Sep-2025 01:23:26.138 INFO [main] org.apache.catalina.startup.VersionLoggerListener.log Server version name:   Apache Tomcat/9.0.108
15-Sep-2025 01:23:26.140 INFO [main] org.apache.catalina.startup.VersionLoggerListener.log Server built:          Jul 31 2025 18:19:48 UTC
15-Sep-2025 01:23:26.140 INFO [main] org.apache.catalina.startup.VersionLoggerListener.log Server version number: 9.0.108.0
15-Sep-2025 01:23:26.140 INFO [main] org.apache.catalina.startup.VersionLoggerListener.log OS Name:               Mac OS X
15-Sep-2025 01:23:26.140 INFO [main] org.apache.catalina.startup.VersionLoggerListener.log OS Version:            15.6.1
15-Sep-2025 01:23:26.140 INFO [main] org.apache.catalina.startup.VersionLoggerListener.log Architecture:          aarch64
15-Sep-2025 01:23:26.140 INFO [main] org.apache.catalina.startup.VersionLoggerListener.log Java Home:             /opt/homebrew/Cellar/openjdk@17/17.0.15/libexec/openjdk.jdk/Contents/Home
15-Sep-2025 01:23:26.140 INFO [main] org.apache.catalina.startup.VersionLoggerListener.log JVM Version:           17.0.15+0
15-Sep-2025 01:23:26.140 INFO [main] org.apache.catalina.startup.VersionLoggerListener.log JVM Vendor:            Homebrew
15-Sep-2025 01:23:26.140 INFO [main] org.apache.catalina.startup.VersionLoggerListener.log CATALINA_BASE:         /Users/nguyendinhtanloc/Documents/Semester_1_2025/Web/Week5/tomCat
15-Sep-2025 01:23:26.140 INFO [main] org.apache.catalina.startup.VersionLoggerListener.log CATALINA_HOME:         /Users/nguyendinhtanloc/Documents/Semester_1_2025/Web/Week5/tomCat
15-Sep-2025 01:23:26.145 INFO [main] org.apache.catalina.startup.VersionLoggerListener.log Command line argument: --add-opens=java.base/java.lang=ALL-UNNAMED
15-Sep-2025 01:23:26.145 INFO [main] org.apache.catalina.startup.VersionLoggerListener.log Command line argument: --add-opens=java.base/java.lang.invoke=ALL-UNNAMED
15-Sep-2025 01:23:26.145 INFO [main] org.apache.catalina.startup.VersionLoggerListener.log Command line argument: --add-opens=java.base/java.lang.reflect=ALL-UNNAMED
15-Sep-2025 01:23:26.145 INFO [main] org.apache.catalina.startup.VersionLoggerListener.log Command line argument: --add-opens=java.base/java.io=ALL-UNNAMED
15-Sep-2025 01:23:26.145 INFO [main] org.apache.catalina.startup.VersionLoggerListener.log Command line argument: --add-opens=java.base/java.util=ALL-UNNAMED
15-Sep-2025 01:23:26.145 INFO [main] org.apache.catalina.startup.VersionLoggerListener.log Command line argument: --add-opens=java.base/java.util.concurrent=ALL-UNNAMED
15-Sep-2025 01:23:26.145 INFO [main] org.apache.catalina.startup.VersionLoggerListener.log Command line argument: --add-opens=java.rmi/sun.rmi.transport=ALL-UNNAMED
15-Sep-2025 01:23:26.145 INFO [main] org.apache.catalina.startup.VersionLoggerListener.log Command line argument: -Djava.util.logging.config.file=/Users/nguyendinhtanloc/Documents/Semester_1_2025/Web/Week5/tomCat/conf/logging.properties
15-Sep-2025 01:23:26.145 INFO [main] org.apache.catalina.startup.VersionLoggerListener.log Command line argument: -Djava.util.logging.manager=org.apache.juli.ClassLoaderLogManager
15-Sep-2025 01:23:26.145 INFO [main] org.apache.catalina.startup.VersionLoggerListener.log Command line argument: -Djdk.tls.ephemeralDHKeySize=2048
15-Sep-2025 01:23:26.145 INFO [main] org.apache.catalina.startup.VersionLoggerListener.log Command line argument: -Djava.protocol.handler.pkgs=org.apache.catalina.webresources
15-Sep-2025 01:23:26.145 INFO [main] org.apache.catalina.startup.VersionLoggerListener.log Command line argument: -Dsun.io.useCanonCaches=false
15-Sep-2025 01:23:26.145 INFO [main] org.apache.catalina.startup.VersionLoggerListener.log Command line argument: -Dorg.apache.catalina.security.SecurityListener.UMASK=0027
15-Sep-2025 01:23:26.145 INFO [main] org.apache.catalina.startup.VersionLoggerListener.log Command line argument: -Dignore.endorsed.dirs=
15-Sep-2025 01:23:26.145 INFO [main] org.apache.catalina.startup.VersionLoggerListener.log Command line argument: -Dcatalina.base=/Users/nguyendinhtanloc/Documents/Semester_1_2025/Web/Week5/tomCat
15-Sep-2025 01:23:26.145 INFO [main] org.apache.catalina.startup.VersionLoggerListener.log Command line argument: -Dcatalina.home=/Users/nguyendinhtanloc/Documents/Semester_1_2025/Web/Week5/tomCat
15-Sep-2025 01:23:26.145 INFO [main] org.apache.catalina.startup.VersionLoggerListener.log Command line argument: -Djava.io.tmpdir=/Users/nguyendinhtanloc/Documents/Semester_1_2025/Web/Week5/tomCat/temp
15-Sep-2025 01:23:26.150 INFO [main] org.apache.catalina.core.AprLifecycleListener.lifecycleEvent The Apache Tomcat Native library which allows using OpenSSL was not found on the java.library.path: [/Users/nguyendinhtanloc/Library/Java/Extensions:/Library/Java/Extensions:/Network/Library/Java/Extensions:/System/Library/Java/Extensions:/usr/lib/java:.]
15-Sep-2025 01:23:26.279 INFO [main] org.apache.coyote.AbstractProtocol.init Initializing ProtocolHandler ["http-nio-8080"]
15-Sep-2025 01:23:26.290 INFO [main] org.apache.catalina.startup.Catalina.load Server initialization in [235] milliseconds
15-Sep-2025 01:23:26.304 INFO [main] org.apache.catalina.core.StandardService.startInternal Starting service [Catalina]
15-Sep-2025 01:23:26.304 INFO [main] org.apache.catalina.core.StandardEngine.startInternal Starting Servlet engine: [Apache Tomcat/9.0.108]
15-Sep-2025 01:23:26.309 INFO [main] org.apache.catalina.startup.HostConfig.deployWAR Deploying web application archive [/Users/nguyendinhtanloc/Documents/Semester_1_2025/Web/Week5/tomCat/webapps/Lesson.war]
15-Sep-2025 01:23:26.462 INFO [main] org.apache.catalina.startup.HostConfig.deployWAR Deployment of web application archive [/Users/nguyendinhtanloc/Documents/Semester_1_2025/Web/Week5/tomCat/webapps/Lesson.war] has finished in [153] ms
15-Sep-2025 01:23:26.462 INFO [main] org.apache.catalina.startup.HostConfig.deployDirectory Deploying web application directory [/Users/nguyendinhtanloc/Documents/Semester_1_2025/Web/Week5/tomCat/webapps/docs]
15-Sep-2025 01:23:26.481 INFO [main] org.apache.catalina.startup.HostConfig.deployDirectory Deployment of web application directory [/Users/nguyendinhtanloc/Documents/Semester_1_2025/Web/Week5/tomCat/webapps/docs] has finished in [19] ms
15-Sep-2025 01:23:26.482 INFO [main] org.apache.catalina.startup.HostConfig.deployDirectory Deploying web application directory [/Users/nguyendinhtanloc/Documents/Semester_1_2025/Web/Week5/tomCat/webapps/manager]
15-Sep-2025 01:23:26.497 INFO [main] org.apache.catalina.startup.HostConfig.deployDirectory Deployment of web application directory [/Users/nguyendinhtanloc/Documents/Semester_1_2025/Web/Week5/tomCat/webapps/manager] has finished in [14] ms
15-Sep-2025 01:23:26.497 INFO [main] org.apache.catalina.startup.HostConfig.deployDirectory Deploying web application directory [/Users/nguyendinhtanloc/Documents/Semester_1_2025/Web/Week5/tomCat/webapps/examples]
15-Sep-2025 01:23:26.581 INFO [main] org.apache.catalina.startup.HostConfig.deployDirectory Deployment of web application directory [/Users/nguyendinhtanloc/Documents/Semester_1_2025/Web/Week5/tomCat/webapps/examples] has finished in [84] ms
15-Sep-2025 01:23:26.581 INFO [main] org.apache.catalina.startup.HostConfig.deployDirectory Deploying web application directory [/Users/nguyendinhtanloc/Documents/Semester_1_2025/Web/Week5/tomCat/webapps/ROOT]
15-Sep-2025 01:23:26.587 INFO [main] org.apache.catalina.startup.HostConfig.deployDirectory Deployment of web application directory [/Users/nguyendinhtanloc/Documents/Semester_1_2025/Web/Week5/tomCat/webapps/ROOT] has finished in [6] ms
15-Sep-2025 01:23:26.587 INFO [main] org.apache.catalina.startup.HostConfig.deployDirectory Deploying web application directory [/Users/nguyendinhtanloc/Documents/Semester_1_2025/Web/Week5/tomCat/webapps/host-manager]
15-Sep-2025 01:23:26.594 INFO [main] org.apache.catalina.startup.HostConfig.deployDirectory Deployment of web application directory [/Users/nguyendinhtanloc/Documents/Semester_1_2025/Web/Week5/tomCat/webapps/host-manager] has finished in [7] ms
15-Sep-2025 01:23:26.595 INFO [main] org.apache.coyote.AbstractProtocol.start Starting ProtocolHandler ["http-nio-8080"]
15-Sep-2025 01:23:26.599 INFO [main] org.apache.catalina.startup.Catalina.start Server startup in [309] milliseconds
15-Sep-2025 01:23:28.276 INFO [main] org.apache.catalina.core.StandardServer.await A valid shutdown command was received via the shutdown port. Stopping the Server instance.
15-Sep-2025 01:23:28.277 INFO [main] org.apache.coyote.AbstractProtocol.pause Pausing ProtocolHandler ["http-nio-8080"]
15-Sep-2025 01:23:28.280 INFO [main] org.apache.catalina.core.StandardService.stopInternal Stopping service [Catalina]
15-Sep-2025 01:23:28.289 INFO [main] org.apache.coyote.AbstractProtocol.stop Stopping ProtocolHandler ["http-nio-8080"]
15-Sep-2025 01:23:28.290 INFO [main] org.apache.coyote.AbstractProtocol.destroy Destroying ProtocolHandler ["http-nio-8080"]
15-Sep-2025 01:23:30.017 INFO [main] org.apache.catalina.startup.VersionLoggerListener.log Server version name:   Apache Tomcat/9.0.108
15-Sep-2025 01:23:30.019 INFO [main] org.apache.catalina.startup.VersionLoggerListener.log Server built:          Jul 31 2025 18:19:48 UTC
15-Sep-2025 01:23:30.019 INFO [main] org.apache.catalina.startup.VersionLoggerListener.log Server version number: 9.0.108.0
15-Sep-2025 01:23:30.019 INFO [main] org.apache.catalina.startup.VersionLoggerListener.log OS Name:               Mac OS X
15-Sep-2025 01:23:30.020 INFO [main] org.apache.catalina.startup.VersionLoggerListener.log OS Version:            15.6.1
15-Sep-2025 01:23:30.020 INFO [main] org.apache.catalina.startup.VersionLoggerListener.log Architecture:          aarch64
15-Sep-2025 01:23:30.020 INFO [main] org.apache.catalina.startup.VersionLoggerListener.log Java Home:             /opt/homebrew/Cellar/openjdk@17/17.0.15/libexec/openjdk.jdk/Contents/Home
15-Sep-2025 01:23:30.020 INFO [main] org.apache.catalina.startup.VersionLoggerListener.log JVM Version:           17.0.15+0
15-Sep-2025 01:23:30.020 INFO [main] org.apache.catalina.startup.VersionLoggerListener.log JVM Vendor:            Homebrew
15-Sep-2025 01:23:30.020 INFO [main] org.apache.catalina.startup.VersionLoggerListener.log CATALINA_BASE:         /Users/nguyendinhtanloc/Documents/Semester_1_2025/Web/Week5/tomCat
15-Sep-2025 01:23:30.020 INFO [main] org.apache.catalina.startup.VersionLoggerListener.log CATALINA_HOME:         /Users/nguyendinhtanloc/Documents/Semester_1_2025/Web/Week5/tomCat
15-Sep-2025 01:23:30.024 INFO [main] org.apache.catalina.startup.VersionLoggerListener.log Command line argument: --add-opens=java.base/java.lang=ALL-UNNAMED
15-Sep-2025 01:23:30.024 INFO [main] org.apache.catalina.startup.VersionLoggerListener.log Command line argument: --add-opens=java.base/java.lang.invoke=ALL-UNNAMED
15-Sep-2025 01:23:30.024 INFO [main] org.apache.catalina.startup.VersionLoggerListener.log Command line argument: --add-opens=java.base/java.lang.reflect=ALL-UNNAMED
15-Sep-2025 01:23:30.024 INFO [main] org.apache.catalina.startup.VersionLoggerListener.log Command line argument: --add-opens=java.base/java.io=ALL-UNNAMED
15-Sep-2025 01:23:30.024 INFO [main] org.apache.catalina.startup.VersionLoggerListener.log Command line argument: --add-opens=java.base/java.util=ALL-UNNAMED
15-Sep-2025 01:23:30.024 INFO [main] org.apache.catalina.startup.VersionLoggerListener.log Command line argument: --add-opens=java.base/java.util.concurrent=ALL-UNNAMED
15-Sep-2025 01:23:30.024 INFO [main] org.apache.catalina.startup.VersionLoggerListener.log Command line argument: --add-opens=java.rmi/sun.rmi.transport=ALL-UNNAMED
15-Sep-2025 01:23:30.024 INFO [main] org.apache.catalina.startup.VersionLoggerListener.log Command line argument: -Djava.util.logging.config.file=/Users/nguyendinhtanloc/Documents/Semester_1_2025/Web/Week5/tomCat/conf/logging.properties
15-Sep-2025 01:23:30.024 INFO [main] org.apache.catalina.startup.VersionLoggerListener.log Command line argument: -Djava.util.logging.manager=org.apache.juli.ClassLoaderLogManager
15-Sep-2025 01:23:30.024 INFO [main] org.apache.catalina.startup.VersionLoggerListener.log Command line argument: -Djdk.tls.ephemeralDHKeySize=2048
15-Sep-2025 01:23:30.024 INFO [main] org.apache.catalina.startup.VersionLoggerListener.log Command line argument: -Djava.protocol.handler.pkgs=org.apache.catalina.webresources
15-Sep-2025 01:23:30.024 INFO [main] org.apache.catalina.startup.VersionLoggerListener.log Command line argument: -Dsun.io.useCanonCaches=false
15-Sep-2025 01:23:30.024 INFO [main] org.apache.catalina.startup.VersionLoggerListener.log Command line argument: -Dorg.apache.catalina.security.SecurityListener.UMASK=0027
15-Sep-2025 01:23:30.025 INFO [main] org.apache.catalina.startup.VersionLoggerListener.log Command line argument: -Dignore.endorsed.dirs=
15-Sep-2025 01:23:30.025 INFO [main] org.apache.catalina.startup.VersionLoggerListener.log Command line argument: -Dcatalina.base=/Users/nguyendinhtanloc/Documents/Semester_1_2025/Web/Week5/tomCat
15-Sep-2025 01:23:30.025 INFO [main] org.apache.catalina.startup.VersionLoggerListener.log Command line argument: -Dcatalina.home=/Users/nguyendinhtanloc/Documents/Semester_1_2025/Web/Week5/tomCat
15-Sep-2025 01:23:30.025 INFO [main] org.apache.catalina.startup.VersionLoggerListener.log Command line argument: -Djava.io.tmpdir=/Users/nguyendinhtanloc/Documents/Semester_1_2025/Web/Week5/tomCat/temp
15-Sep-2025 01:23:30.030 INFO [main] org.apache.catalina.core.AprLifecycleListener.lifecycleEvent The Apache Tomcat Native library which allows using OpenSSL was not found on the java.library.path: [/Users/nguyendinhtanloc/Library/Java/Extensions:/Library/Java/Extensions:/Network/Library/Java/Extensions:/System/Library/Java/Extensions:/usr/lib/java:.]
15-Sep-2025 01:23:30.156 INFO [main] org.apache.coyote.AbstractProtocol.init Initializing ProtocolHandler ["http-nio-8080"]
15-Sep-2025 01:23:30.167 INFO [main] org.apache.catalina.startup.Catalina.load Server initialization in [224] milliseconds
15-Sep-2025 01:23:30.179 INFO [main] org.apache.catalina.core.StandardService.startInternal Starting service [Catalina]
15-Sep-2025 01:23:30.179 INFO [main] org.apache.catalina.core.StandardEngine.startInternal Starting Servlet engine: [Apache Tomcat/9.0.108]
15-Sep-2025 01:23:30.184 INFO [main] org.apache.catalina.startup.HostConfig.deployWAR Deploying web application archive [/Users/nguyendinhtanloc/Documents/Semester_1_2025/Web/Week5/tomCat/webapps/Lesson.war]
15-Sep-2025 01:23:30.329 INFO [main] org.apache.catalina.startup.HostConfig.deployWAR Deployment of web application archive [/Users/nguyendinhtanloc/Documents/Semester_1_2025/Web/Week5/tomCat/webapps/Lesson.war] has finished in [145] ms
15-Sep-2025 01:23:30.330 INFO [main] org.apache.catalina.startup.HostConfig.deployDirectory Deploying web application directory [/Users/nguyendinhtanloc/Documents/Semester_1_2025/Web/Week5/tomCat/webapps/docs]
15-Sep-2025 01:23:30.341 INFO [main] org.apache.catalina.startup.HostConfig.deployDirectory Deployment of web application directory [/Users/nguyendinhtanloc/Documents/Semester_1_2025/Web/Week5/tomCat/webapps/docs] has finished in [12] ms
15-Sep-2025 01:23:30.341 INFO [main] org.apache.catalina.startup.HostConfig.deployDirectory Deploying web application directory [/Users/nguyendinhtanloc/Documents/Semester_1_2025/Web/Week5/tomCat/webapps/manager]
15-Sep-2025 01:23:30.358 INFO [main] org.apache.catalina.startup.HostConfig.deployDirectory Deployment of web application directory [/Users/nguyendinhtanloc/Documents/Semester_1_2025/Web/Week5/tomCat/webapps/manager] has finished in [16] ms
15-Sep-2025 01:23:30.358 INFO [main] org.apache.catalina.startup.HostConfig.deployDirectory Deploying web application directory [/Users/nguyendinhtanloc/Documents/Semester_1_2025/Web/Week5/tomCat/webapps/examples]
15-Sep-2025 01:23:30.422 INFO [main] org.apache.catalina.startup.HostConfig.deployDirectory Deployment of web application directory [/Users/nguyendinhtanloc/Documents/Semester_1_2025/Web/Week5/tomCat/webapps/examples] has finished in [64] ms
15-Sep-2025 01:23:30.422 INFO [main] org.apache.catalina.startup.HostConfig.deployDirectory Deploying web application directory [/Users/nguyendinhtanloc/Documents/Semester_1_2025/Web/Week5/tomCat/webapps/ROOT]
15-Sep-2025 01:23:30.429 INFO [main] org.apache.catalina.startup.HostConfig.deployDirectory Deployment of web application directory [/Users/nguyendinhtanloc/Documents/Semester_1_2025/Web/Week5/tomCat/webapps/ROOT] has finished in [7] ms
15-Sep-2025 01:23:30.429 INFO [main] org.apache.catalina.startup.HostConfig.deployDirectory Deploying web application directory [/Users/nguyendinhtanloc/Documents/Semester_1_2025/Web/Week5/tomCat/webapps/host-manager]
15-Sep-2025 01:23:30.438 INFO [main] org.apache.catalina.startup.HostConfig.deployDirectory Deployment of web application directory [/Users/nguyendinhtanloc/Documents/Semester_1_2025/Web/Week5/tomCat/webapps/host-manager] has finished in [9] ms
15-Sep-2025 01:23:30.439 INFO [main] org.apache.coyote.AbstractProtocol.start Starting ProtocolHandler ["http-nio-8080"]
15-Sep-2025 01:23:30.443 INFO [main] org.apache.catalina.startup.Catalina.start Server startup in [275] milliseconds
15-Sep-2025 01:38:49.228 INFO [main] org.apache.catalina.core.StandardServer.await A valid shutdown command was received via the shutdown port. Stopping the Server instance.
15-Sep-2025 01:38:49.231 INFO [main] org.apache.coyote.AbstractProtocol.pause Pausing ProtocolHandler ["http-nio-8080"]
15-Sep-2025 01:38:49.233 INFO [main] org.apache.catalina.core.StandardService.stopInternal Stopping service [Catalina]
15-Sep-2025 01:38:49.253 INFO [main] org.apache.coyote.AbstractProtocol.stop Stopping ProtocolHandler ["http-nio-8080"]
15-Sep-2025 01:38:49.258 INFO [main] org.apache.coyote.AbstractProtocol.destroy Destroying ProtocolHandler ["http-nio-8080"]
15-Sep-2025 01:38:52.005 INFO [main] org.apache.catalina.startup.VersionLoggerListener.log Server version name:   Apache Tomcat/9.0.108
15-Sep-2025 01:38:52.007 INFO [main] org.apache.catalina.startup.VersionLoggerListener.log Server built:          Jul 31 2025 18:19:48 UTC
15-Sep-2025 01:38:52.007 INFO [main] org.apache.catalina.startup.VersionLoggerListener.log Server version number: 9.0.108.0
15-Sep-2025 01:38:52.008 INFO [main] org.apache.catalina.startup.VersionLoggerListener.log OS Name:               Mac OS X
15-Sep-2025 01:38:52.008 INFO [main] org.apache.catalina.startup.VersionLoggerListener.log OS Version:            15.6.1
15-Sep-2025 01:38:52.008 INFO [main] org.apache.catalina.startup.VersionLoggerListener.log Architecture:          aarch64
15-Sep-2025 01:38:52.008 INFO [main] org.apache.catalina.startup.VersionLoggerListener.log Java Home:             /opt/homebrew/Cellar/openjdk@17/17.0.15/libexec/openjdk.jdk/Contents/Home
15-Sep-2025 01:38:52.008 INFO [main] org.apache.catalina.startup.VersionLoggerListener.log JVM Version:           17.0.15+0
15-Sep-2025 01:38:52.008 INFO [main] org.apache.catalina.startup.VersionLoggerListener.log JVM Vendor:            Homebrew
15-Sep-2025 01:38:52.008 INFO [main] org.apache.catalina.startup.VersionLoggerListener.log CATALINA_BASE:         /Users/nguyendinhtanloc/Documents/Semester_1_2025/Web/Week5/tomCat
15-Sep-2025 01:38:52.008 INFO [main] org.apache.catalina.startup.VersionLoggerListener.log CATALINA_HOME:         /Users/nguyendinhtanloc/Documents/Semester_1_2025/Web/Week5/tomCat
15-Sep-2025 01:38:52.015 INFO [main] org.apache.catalina.startup.VersionLoggerListener.log Command line argument: --add-opens=java.base/java.lang=ALL-UNNAMED
15-Sep-2025 01:38:52.015 INFO [main] org.apache.catalina.startup.VersionLoggerListener.log Command line argument: --add-opens=java.base/java.lang.invoke=ALL-UNNAMED
15-Sep-2025 01:38:52.015 INFO [main] org.apache.catalina.startup.VersionLoggerListener.log Command line argument: --add-opens=java.base/java.lang.reflect=ALL-UNNAMED
15-Sep-2025 01:38:52.015 INFO [main] org.apache.catalina.startup.VersionLoggerListener.log Command line argument: --add-opens=java.base/java.io=ALL-UNNAMED
15-Sep-2025 01:38:52.015 INFO [main] org.apache.catalina.startup.VersionLoggerListener.log Command line argument: --add-opens=java.base/java.util=ALL-UNNAMED
15-Sep-2025 01:38:52.015 INFO [main] org.apache.catalina.startup.VersionLoggerListener.log Command line argument: --add-opens=java.base/java.util.concurrent=ALL-UNNAMED
15-Sep-2025 01:38:52.016 INFO [main] org.apache.catalina.startup.VersionLoggerListener.log Command line argument: --add-opens=java.rmi/sun.rmi.transport=ALL-UNNAMED
15-Sep-2025 01:38:52.016 INFO [main] org.apache.catalina.startup.VersionLoggerListener.log Command line argument: -Djava.util.logging.config.file=/Users/nguyendinhtanloc/Documents/Semester_1_2025/Web/Week5/tomCat/conf/logging.properties
15-Sep-2025 01:38:52.016 INFO [main] org.apache.catalina.startup.VersionLoggerListener.log Command line argument: -Djava.util.logging.manager=org.apache.juli.ClassLoaderLogManager
15-Sep-2025 01:38:52.016 INFO [main] org.apache.catalina.startup.VersionLoggerListener.log Command line argument: -Djdk.tls.ephemeralDHKeySize=2048
15-Sep-2025 01:38:52.016 INFO [main] org.apache.catalina.startup.VersionLoggerListener.log Command line argument: -Djava.protocol.handler.pkgs=org.apache.catalina.webresources
15-Sep-2025 01:38:52.016 INFO [main] org.apache.catalina.startup.VersionLoggerListener.log Command line argument: -Dsun.io.useCanonCaches=false
15-Sep-2025 01:38:52.016 INFO [main] org.apache.catalina.startup.VersionLoggerListener.log Command line argument: -Dorg.apache.catalina.security.SecurityListener.UMASK=0027
15-Sep-2025 01:38:52.016 INFO [main] org.apache.catalina.startup.VersionLoggerListener.log Command line argument: -Dignore.endorsed.dirs=
15-Sep-2025 01:38:52.016 INFO [main] org.apache.catalina.startup.VersionLoggerListener.log Command line argument: -Dcatalina.base=/Users/nguyendinhtanloc/Documents/Semester_1_2025/Web/Week5/tomCat
15-Sep-2025 01:38:52.016 INFO [main] org.apache.catalina.startup.VersionLoggerListener.log Command line argument: -Dcatalina.home=/Users/nguyendinhtanloc/Documents/Semester_1_2025/Web/Week5/tomCat
15-Sep-2025 01:38:52.016 INFO [main] org.apache.catalina.startup.VersionLoggerListener.log Command line argument: -Djava.io.tmpdir=/Users/nguyendinhtanloc/Documents/Semester_1_2025/Web/Week5/tomCat/temp
15-Sep-2025 01:38:52.021 INFO [main] org.apache.catalina.core.AprLifecycleListener.lifecycleEvent The Apache Tomcat Native library which allows using OpenSSL was not found on the java.library.path: [/Users/nguyendinhtanloc/Library/Java/Extensions:/Library/Java/Extensions:/Network/Library/Java/Extensions:/System/Library/Java/Extensions:/usr/lib/java:.]
15-Sep-2025 01:38:52.157 INFO [main] org.apache.coyote.AbstractProtocol.init Initializing ProtocolHandler ["http-nio-8080"]
15-Sep-2025 01:38:52.169 INFO [main] org.apache.catalina.startup.Catalina.load Server initialization in [253] milliseconds
15-Sep-2025 01:38:52.186 INFO [main] org.apache.catalina.core.StandardService.startInternal Starting service [Catalina]
15-Sep-2025 01:38:52.186 INFO [main] org.apache.catalina.core.StandardEngine.startInternal Starting Servlet engine: [Apache Tomcat/9.0.108]
15-Sep-2025 01:38:52.191 INFO [main] org.apache.catalina.startup.HostConfig.deployWAR Deploying web application archive [/Users/nguyendinhtanloc/Documents/Semester_1_2025/Web/Week5/tomCat/webapps/Lesson.war]
15-Sep-2025 01:38:52.375 INFO [main] org.apache.catalina.startup.HostConfig.deployWAR Deployment of web application archive [/Users/nguyendinhtanloc/Documents/Semester_1_2025/Web/Week5/tomCat/webapps/Lesson.war] has finished in [184] ms
15-Sep-2025 01:38:52.376 INFO [main] org.apache.catalina.startup.HostConfig.deployDirectory Deploying web application directory [/Users/nguyendinhtanloc/Documents/Semester_1_2025/Web/Week5/tomCat/webapps/docs]
15-Sep-2025 01:38:52.385 INFO [main] org.apache.catalina.startup.HostConfig.deployDirectory Deployment of web application directory [/Users/nguyendinhtanloc/Documents/Semester_1_2025/Web/Week5/tomCat/webapps/docs] has finished in [9] ms
15-Sep-2025 01:38:52.386 INFO [main] org.apache.catalina.startup.HostConfig.deployDirectory Deploying web application directory [/Users/nguyendinhtanloc/Documents/Semester_1_2025/Web/Week5/tomCat/webapps/manager]
15-Sep-2025 01:38:52.401 INFO [main] org.apache.catalina.startup.HostConfig.deployDirectory Deployment of web application directory [/Users/nguyendinhtanloc/Documents/Semester_1_2025/Web/Week5/tomCat/webapps/manager] has finished in [15] ms
15-Sep-2025 01:38:52.401 INFO [main] org.apache.catalina.startup.HostConfig.deployDirectory Deploying web application directory [/Users/nguyendinhtanloc/Documents/Semester_1_2025/Web/Week5/tomCat/webapps/examples]
15-Sep-2025 01:38:52.519 INFO [main] org.apache.catalina.startup.HostConfig.deployDirectory Deployment of web application directory [/Users/nguyendinhtanloc/Documents/Semester_1_2025/Web/Week5/tomCat/webapps/examples] has finished in [117] ms
15-Sep-2025 01:38:52.519 INFO [main] org.apache.catalina.startup.HostConfig.deployDirectory Deploying web application directory [/Users/nguyendinhtanloc/Documents/Semester_1_2025/Web/Week5/tomCat/webapps/ROOT]
15-Sep-2025 01:38:52.525 INFO [main] org.apache.catalina.startup.HostConfig.deployDirectory Deployment of web application directory [/Users/nguyendinhtanloc/Documents/Semester_1_2025/Web/Week5/tomCat/webapps/ROOT] has finished in [6] ms
15-Sep-2025 01:38:52.525 INFO [main] org.apache.catalina.startup.HostConfig.deployDirectory Deploying web application directory [/Users/nguyendinhtanloc/Documents/Semester_1_2025/Web/Week5/tomCat/webapps/host-manager]
15-Sep-2025 01:38:52.532 INFO [main] org.apache.catalina.startup.HostConfig.deployDirectory Deployment of web application directory [/Users/nguyendinhtanloc/Documents/Semester_1_2025/Web/Week5/tomCat/webapps/host-manager] has finished in [7] ms
15-Sep-2025 01:38:52.533 INFO [main] org.apache.coyote.AbstractProtocol.start Starting ProtocolHandler ["http-nio-8080"]
15-Sep-2025 01:38:52.538 INFO [main] org.apache.catalina.startup.Catalina.start Server startup in [368] milliseconds
15-Sep-2025 01:41:49.628 INFO [main] org.apache.catalina.core.StandardServer.await A valid shutdown command was received via the shutdown port. Stopping the Server instance.
15-Sep-2025 01:41:49.629 INFO [main] org.apache.coyote.AbstractProtocol.pause Pausing ProtocolHandler ["http-nio-8080"]
15-Sep-2025 01:41:49.632 INFO [main] org.apache.catalina.core.StandardService.stopInternal Stopping service [Catalina]
15-Sep-2025 01:41:49.654 INFO [main] org.apache.coyote.AbstractProtocol.stop Stopping ProtocolHandler ["http-nio-8080"]
15-Sep-2025 01:41:49.657 INFO [main] org.apache.coyote.AbstractProtocol.destroy Destroying ProtocolHandler ["http-nio-8080"]
15-Sep-2025 01:41:53.626 INFO [main] org.apache.catalina.startup.VersionLoggerListener.log Server version name:   Apache Tomcat/9.0.108
15-Sep-2025 01:41:53.628 INFO [main] org.apache.catalina.startup.VersionLoggerListener.log Server built:          Jul 31 2025 18:19:48 UTC
15-Sep-2025 01:41:53.628 INFO [main] org.apache.catalina.startup.VersionLoggerListener.log Server version number: 9.0.108.0
15-Sep-2025 01:41:53.628 INFO [main] org.apache.catalina.startup.VersionLoggerListener.log OS Name:               Mac OS X
15-Sep-2025 01:41:53.628 INFO [main] org.apache.catalina.startup.VersionLoggerListener.log OS Version:            15.6.1
15-Sep-2025 01:41:53.629 INFO [main] org.apache.catalina.startup.VersionLoggerListener.log Architecture:          aarch64
15-Sep-2025 01:41:53.629 INFO [main] org.apache.catalina.startup.VersionLoggerListener.log Java Home:             /opt/homebrew/Cellar/openjdk@17/17.0.15/libexec/openjdk.jdk/Contents/Home
15-Sep-2025 01:41:53.629 INFO [main] org.apache.catalina.startup.VersionLoggerListener.log JVM Version:           17.0.15+0
15-Sep-2025 01:41:53.629 INFO [main] org.apache.catalina.startup.VersionLoggerListener.log JVM Vendor:            Homebrew
15-Sep-2025 01:41:53.629 INFO [main] org.apache.catalina.startup.VersionLoggerListener.log CATALINA_BASE:         /Users/nguyendinhtanloc/Documents/Semester_1_2025/Web/Week5/tomCat
15-Sep-2025 01:41:53.629 INFO [main] org.apache.catalina.startup.VersionLoggerListener.log CATALINA_HOME:         /Users/nguyendinhtanloc/Documents/Semester_1_2025/Web/Week5/tomCat
15-Sep-2025 01:41:53.637 INFO [main] org.apache.catalina.startup.VersionLoggerListener.log Command line argument: --add-opens=java.base/java.lang=ALL-UNNAMED
15-Sep-2025 01:41:53.637 INFO [main] org.apache.catalina.startup.VersionLoggerListener.log Command line argument: --add-opens=java.base/java.lang.invoke=ALL-UNNAMED
15-Sep-2025 01:41:53.637 INFO [main] org.apache.catalina.startup.VersionLoggerListener.log Command line argument: --add-opens=java.base/java.lang.reflect=ALL-UNNAMED
15-Sep-2025 01:41:53.637 INFO [main] org.apache.catalina.startup.VersionLoggerListener.log Command line argument: --add-opens=java.base/java.io=ALL-UNNAMED
15-Sep-2025 01:41:53.637 INFO [main] org.apache.catalina.startup.VersionLoggerListener.log Command line argument: --add-opens=java.base/java.util=ALL-UNNAMED
15-Sep-2025 01:41:53.637 INFO [main] org.apache.catalina.startup.VersionLoggerListener.log Command line argument: --add-opens=java.base/java.util.concurrent=ALL-UNNAMED
15-Sep-2025 01:41:53.637 INFO [main] org.apache.catalina.startup.VersionLoggerListener.log Command line argument: --add-opens=java.rmi/sun.rmi.transport=ALL-UNNAMED
15-Sep-2025 01:41:53.637 INFO [main] org.apache.catalina.startup.VersionLoggerListener.log Command line argument: -Djava.util.logging.config.file=/Users/nguyendinhtanloc/Documents/Semester_1_2025/Web/Week5/tomCat/conf/logging.properties
15-Sep-2025 01:41:53.637 INFO [main] org.apache.catalina.startup.VersionLoggerListener.log Command line argument: -Djava.util.logging.manager=org.apache.juli.ClassLoaderLogManager
15-Sep-2025 01:41:53.637 INFO [main] org.apache.catalina.startup.VersionLoggerListener.log Command line argument: -Djdk.tls.ephemeralDHKeySize=2048
15-Sep-2025 01:41:53.637 INFO [main] org.apache.catalina.startup.VersionLoggerListener.log Command line argument: -Djava.protocol.handler.pkgs=org.apache.catalina.webresources
15-Sep-2025 01:41:53.637 INFO [main] org.apache.catalina.startup.VersionLoggerListener.log Command line argument: -Dsun.io.useCanonCaches=false
15-Sep-2025 01:41:53.637 INFO [main] org.apache.catalina.startup.VersionLoggerListener.log Command line argument: -Dorg.apache.catalina.security.SecurityListener.UMASK=0027
15-Sep-2025 01:41:53.637 INFO [main] org.apache.catalina.startup.VersionLoggerListener.log Command line argument: -Dignore.endorsed.dirs=
15-Sep-2025 01:41:53.637 INFO [main] org.apache.catalina.startup.VersionLoggerListener.log Command line argument: -Dcatalina.base=/Users/nguyendinhtanloc/Documents/Semester_1_2025/Web/Week5/tomCat
15-Sep-2025 01:41:53.637 INFO [main] org.apache.catalina.startup.VersionLoggerListener.log Command line argument: -Dcatalina.home=/Users/nguyendinhtanloc/Documents/Semester_1_2025/Web/Week5/tomCat
15-Sep-2025 01:41:53.637 INFO [main] org.apache.catalina.startup.VersionLoggerListener.log Command line argument: -Djava.io.tmpdir=/Users/nguyendinhtanloc/Documents/Semester_1_2025/Web/Week5/tomCat/temp
15-Sep-2025 01:41:53.642 INFO [main] org.apache.catalina.core.AprLifecycleListener.lifecycleEvent The Apache Tomcat Native library which allows using OpenSSL was not found on the java.library.path: [/Users/nguyendinhtanloc/Library/Java/Extensions:/Library/Java/Extensions:/Network/Library/Java/Extensions:/System/Library/Java/Extensions:/usr/lib/java:.]
15-Sep-2025 01:41:53.781 INFO [main] org.apache.coyote.AbstractProtocol.init Initializing ProtocolHandler ["http-nio-8080"]
15-Sep-2025 01:41:53.792 INFO [main] org.apache.catalina.startup.Catalina.load Server initialization in [253] milliseconds
15-Sep-2025 01:41:53.809 INFO [main] org.apache.catalina.core.StandardService.startInternal Starting service [Catalina]
15-Sep-2025 01:41:53.809 INFO [main] org.apache.catalina.core.StandardEngine.startInternal Starting Servlet engine: [Apache Tomcat/9.0.108]
15-Sep-2025 01:41:53.814 INFO [main] org.apache.catalina.startup.HostConfig.deployWAR Deploying web application archive [/Users/nguyendinhtanloc/Documents/Semester_1_2025/Web/Week5/tomCat/webapps/Lesson.war]
15-Sep-2025 01:41:53.983 INFO [main] org.apache.catalina.startup.HostConfig.deployWAR Deployment of web application archive [/Users/nguyendinhtanloc/Documents/Semester_1_2025/Web/Week5/tomCat/webapps/Lesson.war] has finished in [168] ms
15-Sep-2025 01:41:53.983 INFO [main] org.apache.catalina.startup.HostConfig.deployDirectory Deploying web application directory [/Users/nguyendinhtanloc/Documents/Semester_1_2025/Web/Week5/tomCat/webapps/docs]
15-Sep-2025 01:41:53.993 INFO [main] org.apache.catalina.startup.HostConfig.deployDirectory Deployment of web application directory [/Users/nguyendinhtanloc/Documents/Semester_1_2025/Web/Week5/tomCat/webapps/docs] has finished in [10] ms
15-Sep-2025 01:41:53.993 INFO [main] org.apache.catalina.startup.HostConfig.deployDirectory Deploying web application directory [/Users/nguyendinhtanloc/Documents/Semester_1_2025/Web/Week5/tomCat/webapps/manager]
15-Sep-2025 01:41:54.009 INFO [main] org.apache.catalina.startup.HostConfig.deployDirectory Deployment of web application directory [/Users/nguyendinhtanloc/Documents/Semester_1_2025/Web/Week5/tomCat/webapps/manager] has finished in [15] ms
15-Sep-2025 01:41:54.009 INFO [main] org.apache.catalina.startup.HostConfig.deployDirectory Deploying web application directory [/Users/nguyendinhtanloc/Documents/Semester_1_2025/Web/Week5/tomCat/webapps/examples]
15-Sep-2025 01:41:54.093 INFO [main] org.apache.catalina.startup.HostConfig.deployDirectory Deployment of web application directory [/Users/nguyendinhtanloc/Documents/Semester_1_2025/Web/Week5/tomCat/webapps/examples] has finished in [84] ms
15-Sep-2025 01:41:54.094 INFO [main] org.apache.catalina.startup.HostConfig.deployDirectory Deploying web application directory [/Users/nguyendinhtanloc/Documents/Semester_1_2025/Web/Week5/tomCat/webapps/ROOT]
15-Sep-2025 01:41:54.100 INFO [main] org.apache.catalina.startup.HostConfig.deployDirectory Deployment of web application directory [/Users/nguyendinhtanloc/Documents/Semester_1_2025/Web/Week5/tomCat/webapps/ROOT] has finished in [5] ms
15-Sep-2025 01:41:54.100 INFO [main] org.apache.catalina.startup.HostConfig.deployDirectory Deploying web application directory [/Users/nguyendinhtanloc/Documents/Semester_1_2025/Web/Week5/tomCat/webapps/host-manager]
15-Sep-2025 01:41:54.106 INFO [main] org.apache.catalina.startup.HostConfig.deployDirectory Deployment of web application directory [/Users/nguyendinhtanloc/Documents/Semester_1_2025/Web/Week5/tomCat/webapps/host-manager] has finished in [6] ms
15-Sep-2025 01:41:54.108 INFO [main] org.apache.coyote.AbstractProtocol.start Starting ProtocolHandler ["http-nio-8080"]
15-Sep-2025 01:41:54.112 INFO [main] org.apache.catalina.startup.Catalina.start Server startup in [319] milliseconds
15-Sep-2025 01:42:39.445 INFO [main] org.apache.catalina.core.StandardServer.await A valid shutdown command was received via the shutdown port. Stopping the Server instance.
15-Sep-2025 01:42:39.446 INFO [main] org.apache.coyote.AbstractProtocol.pause Pausing ProtocolHandler ["http-nio-8080"]
15-Sep-2025 01:42:39.448 INFO [main] org.apache.catalina.core.StandardService.stopInternal Stopping service [Catalina]
15-Sep-2025 01:42:39.465 INFO [main] org.apache.coyote.AbstractProtocol.stop Stopping ProtocolHandler ["http-nio-8080"]
15-Sep-2025 01:42:39.473 INFO [main] org.apache.coyote.AbstractProtocol.destroy Destroying ProtocolHandler ["http-nio-8080"]
15-Sep-2025 01:43:13.122 INFO [main] org.apache.catalina.startup.VersionLoggerListener.log Server version name:   Apache Tomcat/9.0.108
15-Sep-2025 01:43:13.124 INFO [main] org.apache.catalina.startup.VersionLoggerListener.log Server built:          Jul 31 2025 18:19:48 UTC
15-Sep-2025 01:43:13.125 INFO [main] org.apache.catalina.startup.VersionLoggerListener.log Server version number: 9.0.108.0
15-Sep-2025 01:43:13.125 INFO [main] org.apache.catalina.startup.VersionLoggerListener.log OS Name:               Mac OS X
15-Sep-2025 01:43:13.125 INFO [main] org.apache.catalina.startup.VersionLoggerListener.log OS Version:            15.6.1
15-Sep-2025 01:43:13.125 INFO [main] org.apache.catalina.startup.VersionLoggerListener.log Architecture:          aarch64
15-Sep-2025 01:43:13.125 INFO [main] org.apache.catalina.startup.VersionLoggerListener.log Java Home:             /opt/homebrew/Cellar/openjdk@17/17.0.15/libexec/openjdk.jdk/Contents/Home
15-Sep-2025 01:43:13.125 INFO [main] org.apache.catalina.startup.VersionLoggerListener.log JVM Version:           17.0.15+0
15-Sep-2025 01:43:13.125 INFO [main] org.apache.catalina.startup.VersionLoggerListener.log JVM Vendor:            Homebrew
15-Sep-2025 01:43:13.125 INFO [main] org.apache.catalina.startup.VersionLoggerListener.log CATALINA_BASE:         /Users/nguyendinhtanloc/Documents/Semester_1_2025/Web/Week5/tomCat
15-Sep-2025 01:43:13.125 INFO [main] org.apache.catalina.startup.VersionLoggerListener.log CATALINA_HOME:         /Users/nguyendinhtanloc/Documents/Semester_1_2025/Web/Week5/tomCat
15-Sep-2025 01:43:13.130 INFO [main] org.apache.catalina.startup.VersionLoggerListener.log Command line argument: --add-opens=java.base/java.lang=ALL-UNNAMED
15-Sep-2025 01:43:13.130 INFO [main] org.apache.catalina.startup.VersionLoggerListener.log Command line argument: --add-opens=java.base/java.lang.invoke=ALL-UNNAMED
15-Sep-2025 01:43:13.130 INFO [main] org.apache.catalina.startup.VersionLoggerListener.log Command line argument: --add-opens=java.base/java.lang.reflect=ALL-UNNAMED
15-Sep-2025 01:43:13.130 INFO [main] org.apache.catalina.startup.VersionLoggerListener.log Command line argument: --add-opens=java.base/java.io=ALL-UNNAMED
15-Sep-2025 01:43:13.130 INFO [main] org.apache.catalina.startup.VersionLoggerListener.log Command line argument: --add-opens=java.base/java.util=ALL-UNNAMED
15-Sep-2025 01:43:13.130 INFO [main] org.apache.catalina.startup.VersionLoggerListener.log Command line argument: --add-opens=java.base/java.util.concurrent=ALL-UNNAMED
15-Sep-2025 01:43:13.130 INFO [main] org.apache.catalina.startup.VersionLoggerListener.log Command line argument: --add-opens=java.rmi/sun.rmi.transport=ALL-UNNAMED
15-Sep-2025 01:43:13.130 INFO [main] org.apache.catalina.startup.VersionLoggerListener.log Command line argument: -Djava.util.logging.config.file=/Users/nguyendinhtanloc/Documents/Semester_1_2025/Web/Week5/tomCat/conf/logging.properties
15-Sep-2025 01:43:13.131 INFO [main] org.apache.catalina.startup.VersionLoggerListener.log Command line argument: -Djava.util.logging.manager=org.apache.juli.ClassLoaderLogManager
15-Sep-2025 01:43:13.131 INFO [main] org.apache.catalina.startup.VersionLoggerListener.log Command line argument: -Djdk.tls.ephemeralDHKeySize=2048
15-Sep-2025 01:43:13.131 INFO [main] org.apache.catalina.startup.VersionLoggerListener.log Command line argument: -Djava.protocol.handler.pkgs=org.apache.catalina.webresources
15-Sep-2025 01:43:13.131 INFO [main] org.apache.catalina.startup.VersionLoggerListener.log Command line argument: -Dsun.io.useCanonCaches=false
15-Sep-2025 01:43:13.131 INFO [main] org.apache.catalina.startup.VersionLoggerListener.log Command line argument: -Dorg.apache.catalina.security.SecurityListener.UMASK=0027
15-Sep-2025 01:43:13.131 INFO [main] org.apache.catalina.startup.VersionLoggerListener.log Command line argument: -Dignore.endorsed.dirs=
15-Sep-2025 01:43:13.131 INFO [main] org.apache.catalina.startup.VersionLoggerListener.log Command line argument: -Dcatalina.base=/Users/nguyendinhtanloc/Documents/Semester_1_2025/Web/Week5/tomCat
15-Sep-2025 01:43:13.131 INFO [main] org.apache.catalina.startup.VersionLoggerListener.log Command line argument: -Dcatalina.home=/Users/nguyendinhtanloc/Documents/Semester_1_2025/Web/Week5/tomCat
15-Sep-2025 01:43:13.131 INFO [main] org.apache.catalina.startup.VersionLoggerListener.log Command line argument: -Djava.io.tmpdir=/Users/nguyendinhtanloc/Documents/Semester_1_2025/Web/Week5/tomCat/temp
15-Sep-2025 01:43:13.136 INFO [main] org.apache.catalina.core.AprLifecycleListener.lifecycleEvent The Apache Tomcat Native library which allows using OpenSSL was not found on the java.library.path: [/Users/nguyendinhtanloc/Library/Java/Extensions:/Library/Java/Extensions:/Network/Library/Java/Extensions:/System/Library/Java/Extensions:/usr/lib/java:.]
15-Sep-2025 01:43:13.264 INFO [main] org.apache.coyote.AbstractProtocol.init Initializing ProtocolHandler ["http-nio-8080"]
15-Sep-2025 01:43:13.277 INFO [main] org.apache.catalina.startup.Catalina.load Server initialization in [237] milliseconds
15-Sep-2025 01:43:13.291 INFO [main] org.apache.catalina.core.StandardService.startInternal Starting service [Catalina]
15-Sep-2025 01:43:13.291 INFO [main] org.apache.catalina.core.StandardEngine.startInternal Starting Servlet engine: [Apache Tomcat/9.0.108]
15-Sep-2025 01:43:13.296 INFO [main] org.apache.catalina.startup.HostConfig.deployWAR Deploying web application archive [/Users/nguyendinhtanloc/Documents/Semester_1_2025/Web/Week5/tomCat/webapps/Lesson.war]
15-Sep-2025 01:43:13.496 INFO [main] org.apache.catalina.startup.HostConfig.deployWAR Deployment of web application archive [/Users/nguyendinhtanloc/Documents/Semester_1_2025/Web/Week5/tomCat/webapps/Lesson.war] has finished in [199] ms
15-Sep-2025 01:43:13.496 INFO [main] org.apache.catalina.startup.HostConfig.deployDirectory Deploying web application directory [/Users/nguyendinhtanloc/Documents/Semester_1_2025/Web/Week5/tomCat/webapps/docs]
15-Sep-2025 01:43:13.511 INFO [main] org.apache.catalina.startup.HostConfig.deployDirectory Deployment of web application directory [/Users/nguyendinhtanloc/Documents/Semester_1_2025/Web/Week5/tomCat/webapps/docs] has finished in [15] ms
15-Sep-2025 01:43:13.511 INFO [main] org.apache.catalina.startup.HostConfig.deployDirectory Deploying web application directory [/Users/nguyendinhtanloc/Documents/Semester_1_2025/Web/Week5/tomCat/webapps/manager]
15-Sep-2025 01:43:13.527 INFO [main] org.apache.catalina.startup.HostConfig.deployDirectory Deployment of web application directory [/Users/nguyendinhtanloc/Documents/Semester_1_2025/Web/Week5/tomCat/webapps/manager] has finished in [16] ms
15-Sep-2025 01:43:13.527 INFO [main] org.apache.catalina.startup.HostConfig.deployDirectory Deploying web application directory [/Users/nguyendinhtanloc/Documents/Semester_1_2025/Web/Week5/tomCat/webapps/examples]
15-Sep-2025 01:43:13.607 INFO [main] org.apache.catalina.startup.HostConfig.deployDirectory Deployment of web application directory [/Users/nguyendinhtanloc/Documents/Semester_1_2025/Web/Week5/tomCat/webapps/examples] has finished in [80] ms
15-Sep-2025 01:43:13.607 INFO [main] org.apache.catalina.startup.HostConfig.deployDirectory Deploying web application directory [/Users/nguyendinhtanloc/Documents/Semester_1_2025/Web/Week5/tomCat/webapps/ROOT]
15-Sep-2025 01:43:13.613 INFO [main] org.apache.catalina.startup.HostConfig.deployDirectory Deployment of web application directory [/Users/nguyendinhtanloc/Documents/Semester_1_2025/Web/Week5/tomCat/webapps/ROOT] has finished in [6] ms
15-Sep-2025 01:43:13.614 INFO [main] org.apache.catalina.startup.HostConfig.deployDirectory Deploying web application directory [/Users/nguyendinhtanloc/Documents/Semester_1_2025/Web/Week5/tomCat/webapps/host-manager]
15-Sep-2025 01:43:13.621 INFO [main] org.apache.catalina.startup.HostConfig.deployDirectory Deployment of web application directory [/Users/nguyendinhtanloc/Documents/Semester_1_2025/Web/Week5/tomCat/webapps/host-manager] has finished in [7] ms
15-Sep-2025 01:43:13.622 INFO [main] org.apache.coyote.AbstractProtocol.start Starting ProtocolHandler ["http-nio-8080"]
15-Sep-2025 01:43:13.626 INFO [main] org.apache.catalina.startup.Catalina.start Server startup in [349] milliseconds
15-Sep-2025 01:46:51.516 INFO [main] org.apache.catalina.core.StandardServer.await A valid shutdown command was received via the shutdown port. Stopping the Server instance.
15-Sep-2025 01:46:51.518 INFO [main] org.apache.coyote.AbstractProtocol.pause Pausing ProtocolHandler ["http-nio-8080"]
15-Sep-2025 01:46:51.521 INFO [main] org.apache.catalina.core.StandardService.stopInternal Stopping service [Catalina]
15-Sep-2025 01:46:51.535 INFO [main] org.apache.coyote.AbstractProtocol.stop Stopping ProtocolHandler ["http-nio-8080"]
15-Sep-2025 01:46:51.546 INFO [main] org.apache.coyote.AbstractProtocol.destroy Destroying ProtocolHandler ["http-nio-8080"]
15-Sep-2025 02:19:35.760 INFO [main] org.apache.catalina.startup.VersionLoggerListener.log Server version name:   Apache Tomcat/9.0.108
15-Sep-2025 02:19:35.762 INFO [main] org.apache.catalina.startup.VersionLoggerListener.log Server built:          Jul 31 2025 18:19:48 UTC
15-Sep-2025 02:19:35.762 INFO [main] org.apache.catalina.startup.VersionLoggerListener.log Server version number: 9.0.108.0
15-Sep-2025 02:19:35.762 INFO [main] org.apache.catalina.startup.VersionLoggerListener.log OS Name:               Mac OS X
15-Sep-2025 02:19:35.762 INFO [main] org.apache.catalina.startup.VersionLoggerListener.log OS Version:            15.6.1
15-Sep-2025 02:19:35.762 INFO [main] org.apache.catalina.startup.VersionLoggerListener.log Architecture:          aarch64
15-Sep-2025 02:19:35.762 INFO [main] org.apache.catalina.startup.VersionLoggerListener.log Java Home:             /opt/homebrew/Cellar/openjdk@17/17.0.15/libexec/openjdk.jdk/Contents/Home
15-Sep-2025 02:19:35.762 INFO [main] org.apache.catalina.startup.VersionLoggerListener.log JVM Version:           17.0.15+0
15-Sep-2025 02:19:35.762 INFO [main] org.apache.catalina.startup.VersionLoggerListener.log JVM Vendor:            Homebrew
15-Sep-2025 02:19:35.762 INFO [main] org.apache.catalina.startup.VersionLoggerListener.log CATALINA_BASE:         /Users/nguyendinhtanloc/Documents/Semester_1_2025/Web/Week5/tomCat
15-Sep-2025 02:19:35.762 INFO [main] org.apache.catalina.startup.VersionLoggerListener.log CATALINA_HOME:         /Users/nguyendinhtanloc/Documents/Semester_1_2025/Web/Week5/tomCat
15-Sep-2025 02:19:35.770 INFO [main] org.apache.catalina.startup.VersionLoggerListener.log Command line argument: --add-opens=java.base/java.lang=ALL-UNNAMED
15-Sep-2025 02:19:35.770 INFO [main] org.apache.catalina.startup.VersionLoggerListener.log Command line argument: --add-opens=java.base/java.lang.invoke=ALL-UNNAMED
15-Sep-2025 02:19:35.770 INFO [main] org.apache.catalina.startup.VersionLoggerListener.log Command line argument: --add-opens=java.base/java.lang.reflect=ALL-UNNAMED
15-Sep-2025 02:19:35.770 INFO [main] org.apache.catalina.startup.VersionLoggerListener.log Command line argument: --add-opens=java.base/java.io=ALL-UNNAMED
15-Sep-2025 02:19:35.770 INFO [main] org.apache.catalina.startup.VersionLoggerListener.log Command line argument: --add-opens=java.base/java.util=ALL-UNNAMED
15-Sep-2025 02:19:35.770 INFO [main] org.apache.catalina.startup.VersionLoggerListener.log Command line argument: --add-opens=java.base/java.util.concurrent=ALL-UNNAMED
15-Sep-2025 02:19:35.770 INFO [main] org.apache.catalina.startup.VersionLoggerListener.log Command line argument: --add-opens=java.rmi/sun.rmi.transport=ALL-UNNAMED
15-Sep-2025 02:19:35.770 INFO [main] org.apache.catalina.startup.VersionLoggerListener.log Command line argument: -Djava.util.logging.config.file=/Users/nguyendinhtanloc/Documents/Semester_1_2025/Web/Week5/tomCat/conf/logging.properties
15-Sep-2025 02:19:35.770 INFO [main] org.apache.catalina.startup.VersionLoggerListener.log Command line argument: -Djava.util.logging.manager=org.apache.juli.ClassLoaderLogManager
15-Sep-2025 02:19:35.770 INFO [main] org.apache.catalina.startup.VersionLoggerListener.log Command line argument: -Djdk.tls.ephemeralDHKeySize=2048
15-Sep-2025 02:19:35.770 INFO [main] org.apache.catalina.startup.VersionLoggerListener.log Command line argument: -Djava.protocol.handler.pkgs=org.apache.catalina.webresources
15-Sep-2025 02:19:35.770 INFO [main] org.apache.catalina.startup.VersionLoggerListener.log Command line argument: -Dsun.io.useCanonCaches=false
15-Sep-2025 02:19:35.770 INFO [main] org.apache.catalina.startup.VersionLoggerListener.log Command line argument: -Dorg.apache.catalina.security.SecurityListener.UMASK=0027
15-Sep-2025 02:19:35.770 INFO [main] org.apache.catalina.startup.VersionLoggerListener.log Command line argument: -Dignore.endorsed.dirs=
15-Sep-2025 02:19:35.770 INFO [main] org.apache.catalina.startup.VersionLoggerListener.log Command line argument: -Dcatalina.base=/Users/nguyendinhtanloc/Documents/Semester_1_2025/Web/Week5/tomCat
15-Sep-2025 02:19:35.770 INFO [main] org.apache.catalina.startup.VersionLoggerListener.log Command line argument: -Dcatalina.home=/Users/nguyendinhtanloc/Documents/Semester_1_2025/Web/Week5/tomCat
15-Sep-2025 02:19:35.770 INFO [main] org.apache.catalina.startup.VersionLoggerListener.log Command line argument: -Djava.io.tmpdir=/Users/nguyendinhtanloc/Documents/Semester_1_2025/Web/Week5/tomCat/temp
15-Sep-2025 02:19:35.775 INFO [main] org.apache.catalina.core.AprLifecycleListener.lifecycleEvent The Apache Tomcat Native library which allows using OpenSSL was not found on the java.library.path: [/Users/nguyendinhtanloc/Library/Java/Extensions:/Library/Java/Extensions:/Network/Library/Java/Extensions:/System/Library/Java/Extensions:/usr/lib/java:.]
15-Sep-2025 02:19:35.911 INFO [main] org.apache.coyote.AbstractProtocol.init Initializing ProtocolHandler ["http-nio-8080"]
15-Sep-2025 02:19:35.925 INFO [main] org.apache.catalina.startup.Catalina.load Server initialization in [266] milliseconds
15-Sep-2025 02:19:35.941 INFO [main] org.apache.catalina.core.StandardService.startInternal Starting service [Catalina]
15-Sep-2025 02:19:35.941 INFO [main] org.apache.catalina.core.StandardEngine.startInternal Starting Servlet engine: [Apache Tomcat/9.0.108]
15-Sep-2025 02:19:35.947 INFO [main] org.apache.catalina.startup.HostConfig.deployWAR Deploying web application archive [/Users/nguyendinhtanloc/Documents/Semester_1_2025/Web/Week5/tomCat/webapps/Lesson.war]
15-Sep-2025 02:19:36.131 INFO [main] org.apache.catalina.startup.HostConfig.deployWAR Deployment of web application archive [/Users/nguyendinhtanloc/Documents/Semester_1_2025/Web/Week5/tomCat/webapps/Lesson.war] has finished in [184] ms
15-Sep-2025 02:19:36.132 INFO [main] org.apache.catalina.startup.HostConfig.deployDirectory Deploying web application directory [/Users/nguyendinhtanloc/Documents/Semester_1_2025/Web/Week5/tomCat/webapps/docs]
15-Sep-2025 02:19:36.141 INFO [main] org.apache.catalina.startup.HostConfig.deployDirectory Deployment of web application directory [/Users/nguyendinhtanloc/Documents/Semester_1_2025/Web/Week5/tomCat/webapps/docs] has finished in [9] ms
15-Sep-2025 02:19:36.141 INFO [main] org.apache.catalina.startup.HostConfig.deployDirectory Deploying web application directory [/Users/nguyendinhtanloc/Documents/Semester_1_2025/Web/Week5/tomCat/webapps/manager]
15-Sep-2025 02:19:36.157 INFO [main] org.apache.catalina.startup.HostConfig.deployDirectory Deployment of web application directory [/Users/nguyendinhtanloc/Documents/Semester_1_2025/Web/Week5/tomCat/webapps/manager] has finished in [16] ms
15-Sep-2025 02:19:36.157 INFO [main] org.apache.catalina.startup.HostConfig.deployDirectory Deploying web application directory [/Users/nguyendinhtanloc/Documents/Semester_1_2025/Web/Week5/tomCat/webapps/examples]
15-Sep-2025 02:19:36.246 INFO [main] org.apache.catalina.startup.HostConfig.deployDirectory Deployment of web application directory [/Users/nguyendinhtanloc/Documents/Semester_1_2025/Web/Week5/tomCat/webapps/examples] has finished in [89] ms
15-Sep-2025 02:19:36.246 INFO [main] org.apache.catalina.startup.HostConfig.deployDirectory Deploying web application directory [/Users/nguyendinhtanloc/Documents/Semester_1_2025/Web/Week5/tomCat/webapps/ROOT]
15-Sep-2025 02:19:36.253 INFO [main] org.apache.catalina.startup.HostConfig.deployDirectory Deployment of web application directory [/Users/nguyendinhtanloc/Documents/Semester_1_2025/Web/Week5/tomCat/webapps/ROOT] has finished in [7] ms
15-Sep-2025 02:19:36.253 INFO [main] org.apache.catalina.startup.HostConfig.deployDirectory Deploying web application directory [/Users/nguyendinhtanloc/Documents/Semester_1_2025/Web/Week5/tomCat/webapps/host-manager]
15-Sep-2025 02:19:36.260 INFO [main] org.apache.catalina.startup.HostConfig.deployDirectory Deployment of web application directory [/Users/nguyendinhtanloc/Documents/Semester_1_2025/Web/Week5/tomCat/webapps/host-manager] has finished in [7] ms
15-Sep-2025 02:19:36.261 INFO [main] org.apache.coyote.AbstractProtocol.start Starting ProtocolHandler ["http-nio-8080"]
15-Sep-2025 02:19:36.266 INFO [main] org.apache.catalina.startup.Catalina.start Server startup in [341] milliseconds
